form_name,field_name,page
Visit Date,Visit Date,19
Informed Consent,ICF Version Date,20
Informed Consent,Consent Obtained?,20
Informed Consent,Date of Consent,20
Informed Consent,Time of Consent,20
Informed Consent,Was a signed copy of the Informed Consent given to the subject for his/her records?,20
Informed Consent,Was Informed Consent signed prior to any study procedures being performed?,20
Informed Consent,ICF was reviewed and verified and the original ICF has been filed in with subject's source documents,21
Informed Consent,Signed by,21
Informed Consent,Clinician Consent Sign Date,21
Informed Consent,Clinician Consent Sign Time,21
Informed Consent,Subject Consent Sign Date UTC,21
Informed Consent,Clinician Consent Sign Date UTC,21
FBR Consent,Consent Obtained?,22
FBR Consent,Date of Consent,22
FBR Consent,Time of Consent,22
FBR Consent,Was a signed copy of the FBR consent given to the subject for his/her records?,22
FBR Consent,Signed by,22
Demography,Date of Birth,24
Demography,Age (Derived),24
Demography,Address,24
Demography,What is the sex of the subject at the time of birth?,24
Demography,"If None of the above, Specify",24
Demography,Other,25
Demography,Specify other race,25
Demography,Ethnicity,25
Demography,Specify other ethnicity,25
Demography,Was the subject re-screened?,25
Demography,Prior screened number,25
Reproductive Status - Female,Date of Last Menstrual Cycle (All Females),26
Reproductive Status - Female,Years Since Last Cycle,26
Reproductive Status - Female,"Is this subject of childbearing potential? Note: Women of non-childbearing potential are defined as women who are documented as sterile (eg, have had a bilateral oophorectomy, or hysterectomy, or who have been postmenopausal for at least 12 months confirmed by FSH).",26
Reproductive Status - Female,Post Menopausal? (for at least 12 months (1 year) prior to screening),26
Reproductive Status - Female,Surgically Sterile? (please add to Surgeries and Medical Procedures log),26
Reproductive Status - Female,Abstinence (must remain abstinent from the time of screening until at least 90 days after the last dose of study drug),26
Reproductive Status - Female,Sexually Active?,27
Reproductive Status - Female,If sexually active does the subject commit to utilizing 2 different approved methods of birth control during the trial and for 30 days after the last dose of IMP?- mark the selected methods below,27
Reproductive Status - Female,Vasectomy,27
Reproductive Status - Female,Tubal ligation,27
Reproductive Status - Female,Nonhormonal intrauterine device,27
Reproductive Status - Female,Condom with spermicide,27
Reproductive Status - Female,Sponge with spermicide,27
Reproductive Status - Female,Occlusive cap (vaginal diaphragm or cervical/vault cap) with spermicide,27
Reproductive Status - Female,Has any applicable reproductive status and/or medications been transcribed to the Medical History Page and/or Con Med Page?,27
Reproductive Status - Female,"If no, reason not transcribed to medical history",27
Reproductive Status - Male,Surgically Sterile(bilateral orchidectomy)? (please add to Surgeries and Medical Procedures log),29
Reproductive Status - Male,Abstinence (must remain abstinent from the time of screening until at least 180 days after the last dose of study drug),29
Reproductive Status - Male,Sexually Active?,29
Reproductive Status - Male,**If sexually active does the subject commit to utilizing 2 different approved methods of birth control during the trial and for 90 days after the last dose of IMP?- mark the selected methods below **,29
Reproductive Status - Male,Vasectomy,29
Reproductive Status - Male,Tubal ligation,29
Reproductive Status - Male,Intrauterine device,29
Reproductive Status - Male,Birth control pills,29
Reproductive Status - Male,Birth control implant,30
Reproductive Status - Male,Birth control depot injection,30
Reproductive Status - Male,Condom with spermicide,30
Reproductive Status - Male,Sponge with spermicide,30
Reproductive Status - Male,Occlusive cap (vaginal diaphragm or cervical/vault cap) with spermicide,30
Reproductive Status - Male,Does the subject agree to refrain from sperm donation from the screening visit through 30 days after the last dose of IMP?,30
Reproductive Status - Male,Has any applicable reproductive status and/or medications been transcribed to the Medical History Page and/or Con Med Page?,30
Reproductive Status - Male,"If no, reason not transcribed to medical history",30
Medical/Psychiatric History,Has the subject experienced any past and/or concomitant diseases?,31
Medical/Psychiatric History,Record,31
Medical/Psychiatric History,Medical or Psychiatric History Term,31
Medical/Psychiatric History,Category of Medical or Psychiatric History Term,31
Medical/Psychiatric History,Start Date,31
Medical/Psychiatric History,Is the Medical or Psychiatric History Disease/Condition or Event Still Ongoing?,31
Medical/Psychiatric History,End Date,31
Medical/Psychiatric History,Medication Taken?,31
Body Temperature and Respiratory Rate,Were Vital Signs Collected?,32
Body Temperature and Respiratory Rate,"If not collected, reason:",32
Body Temperature and Respiratory Rate,Collection Date,32
Body Temperature and Respiratory Rate,Respiratory Rate (breaths/min),32
Body Temperature and Respiratory Rate,Body Temperature (celsius),32
Triplicate Orthostatic BP and HR - Central,Were Vital Signs Collected?,33
Triplicate Orthostatic BP and HR - Central,"If not collected, reason:",33
Triplicate Orthostatic BP and HR - Central,Collection Date,33
Triplicate Orthostatic BP and HR - Central,Time Placed in Position,33
Standing,Time Placed in Position,34
Standing,Time of Vitals Measurement #3,34
Height and Weight,Were Body Measurements Collected?,35
Height and Weight,"If not collected, reason:",35
Height and Weight,Collection Date,35
Height and Weight,Weight,35
Height and Weight,Weight Unit,35
Height and Weight,Height,35
Height and Weight,Height Unit,35
Height and Weight,BMI,35
Height and Weight,BMI Unit,35
Physical Exam,Was the physical examination performed?,36
Physical Exam,Planned Timepoint,36
Physical Exam,Examination Date,36
Physical Exam,Examination Time,36
Physical Exam,Evaluator,36
Physical Exam,Clinically Significant,36
Physical Exam,Region/Body System,36
Physical Exam,Abnormal Findings,36
Physical Exam,Result,36
Physical Exam,Normal Abnormal Not Done,36
Physical Exam,Skin and Mucosae,37
Physical Exam,Neurological,37
Physical Exam,Extremities,37
Physical Exam,Abnormal,37
Triplicate ECG Assessments,Were ECG measurements performed?,38
Triplicate ECG Assessments,"If no, Reason not done",38
Triplicate ECG Assessments,Date of ECG,38
Triplicate ECG Assessments,Timepoint,38
Triplicate ECG Assessments,Time subject became supine:,38
Triplicate ECG Assessments,Time of ECG assessment # 1:,38
Triplicate ECG Assessments,Time of ECG assessment # 2:,38
Triplicate ECG Assessments,Time of ECG assessment # 3:,38
Triplicate ECG Assessments,Overall ECG interpretation,39
Triplicate ECG Assessments,Abnormal Findings,39
Triplicate ECG Assessments,Was the ECG abnormality clinically significant?,39
Triplicate ECG Assessments,Are additional ECG assessments required?,39
Serology,Timepoint,40
Serology,Comments,40
Serology,Sample,40
Serology,done,40
Serology,Date of Collection,40
Serology,Collection,40
Serology,Number,40
Serology,Status,40
Glycated Hemoglobin,Sample Glycated Hemoglobin,42
Glycated Hemoglobin,Reason not done,42
Glycated Hemoglobin,Y: site,42
Clinical Laboratory Assessments,Timepoint,43
Clinical Laboratory Assessments,Comments,43
Clinical Laboratory Assessments,Was subject in fasting state?,43
Clinical Laboratory Assessments,Sample,43
Clinical Laboratory Assessments,done,43
Clinical Laboratory Assessments,Date of Collection,43
Clinical Laboratory Assessments,Collection,43
Clinical Laboratory Assessments,Number,43
Clinical Laboratory Assessments,Status,43
Laboratory results review,Laboratory collection date,45
Laboratory results review,Laboratory results review date,45
Laboratory results review,Has the investigator reviewed all laboratory results from this visit and assessed abnormal results clinical significance?,45
Laboratory results review,Were there any clinically significant abnormal results?,45
Laboratory results review,Were there any clinically significant abnormal chemistry results?,45
Laboratory results review,Chemistry abnormal assay # 1 Investigator comment,46
Laboratory results review,Chemistry abnormal assay # 2 Investigator comment,47
Laboratory results review,Chemistry abnormal assay # 3 Investigator comment,48
Laboratory results review,Chemistry abnormal assay # 4 Investigator comment,49
Laboratory results review,Chemistry abnormal assay # 5 Investigator comment,50
Laboratory results review,Are there any additional clinically significant abnormal chemistry results to be entered?,50
Laboratory results review,Were there any clinically significant abnormal hematology results?,51
Laboratory results review,Hematology abnormal assay # 1 Investigator comment,51
Laboratory results review,Hematology abnormal assay # 2 Investigator comment,51
Laboratory results review,Hematology abnormal assay # 3 Investigator comment,52
Laboratory results review,Hematology abnormal assay # 4 Investigator comment,52
Laboratory results review,Hematology abnormal assay # 5 Investigator comment,53
Laboratory results review,Are there any clinically significant abnormal hematology results to be entered?,53
Laboratory results review,Were there any clinically significant abnormal urinalysis results?,53
Laboratory results review,Microscopic analysis if indicated,54
Laboratory results review,Urinalysis abnormal assay # 1 Investigator comment,54
Laboratory results review,Microscopic analysis if indicated,55
Laboratory results review,Urinalysis abnormal assay # 2 Investigator comment,55
Laboratory results review,Microscopic analysis if indicated,56
Laboratory results review,Urinalysis abnormal assay # 3 Investigator comment,56
Laboratory results review,Microscopic analysis if indicated,57
Laboratory results review,Urinalysis abnormal assay # 4 Investigator comment,57
Laboratory results review,Microscopic analysis if indicated,58
Laboratory results review,Urinalysis abnormal assay # 5 Investigator comment,58
Laboratory results review,Are there additional urinalysis clinically significant abnormal results to be entered?,58
Laboratory results review,Investigator`s signature for Local Laboratory Results Review,58
FSH Blood Sample,Timepoint,59
FSH Blood Sample,Comments,59
FSH Blood Sample,Sample,59
FSH Blood Sample,done,59
FSH Blood Sample,Date of Collection,59
FSH Blood Sample,Collection,59
FSH Blood Sample,Number,59
FSH Blood Sample,Status,59
Pregnancy test,Was a Pregnancy Test Performed?,60
Pregnancy test,If not done reason,60
Pregnancy test,Type of pregnancy test,60
Pregnancy test,Barcode Number,60
Pregnancy test,Kit Expiration Date,60
Pregnancy test,Kit Batch Number,60
Pregnancy test,Date of Sample,60
Pregnancy test,Time of Sample,60
Pregnancy test,Result,60
Tobacco Use,Substance Use Category,61
Tobacco Use,Substance Type,61
Tobacco Use,Usage Start Date,61
Tobacco Use,Usage Stop Date,61
Tobacco Use,Amount,61
Tobacco Use,Per Week,61
Tobacco Use,Never,61
Tobacco Use,Cartridge None,61
Alcohol Use,Substance Use Category,63
Alcohol Use,Substance Type,63
Alcohol Use,Usage Start Date,63
Alcohol Use,Usage Stop Date,63
Alcohol Use,Amount,63
Alcohol Use,Per Week,63
Alcohol Use,Never,63
Alcohol Use,Cup,63
Alcohol Screen - Urine or Breath,Was Test Performed?,64
Alcohol Screen - Urine or Breath,Sample Type,64
Alcohol Screen - Urine or Breath,"If no, Reason Not Done",64
Alcohol Screen - Urine or Breath,Date of Test,64
Alcohol Screen - Urine or Breath,Time of Test,64
Alcohol Screen - Urine or Breath,Result,64
Alcohol Screen - Urine or Breath,Was a Repeat test performed?,64
Alcohol Screen - Urine or Breath,Time of Repeat Test,64
Alcohol Screen - Urine or Breath,Result of Repeat Test,65
Urine Drug Screen,Amphetamines,66
Urine Drug Screen,Was Urine Drug Screen Performed?,66
Urine Drug Screen,If not done reason,66
Urine Drug Screen,Manufacturer,66
Urine Drug Screen,Item #,66
Urine Drug Screen,Lot,66
Urine Drug Screen,Expiration Date,66
Urine Drug Screen,Date of Sample,66
Urine Drug Screen,Time of Sample,66
Cotinine Screen,Was Cotinine Screen Performed?,68
Cotinine Screen,If not done reason,68
Cotinine Screen,Sample Type,68
Cotinine Screen,Manufacturer,68
Cotinine Screen,Item #,68
Cotinine Screen,Lot,68
Cotinine Screen,Expiration Date,68
Cotinine Screen,Date of Sample,68
Cotinine Screen,Time of Sample,68
C-SSRS - Screening/Baseline - Page 1,Have you wished you were dead or wished you could go to sleep and not wake,71
C-SSRS - Screening/Baseline - Page 1,"methods,intent or plan during the assessment period.",71
C-SSRS - Screening/Baseline - Page 1,Was the Questionnaire Administered?,71
C-SSRS - Screening/Baseline - Page 1,Date of completion,71
C-SSRS - Screening/Baseline - Page 1,Rater's initials,71
C-SSRS - Screening/Baseline - Page 1,"If Yes, describe",71
C-SSRS - Screening/Baseline - Page 1,Have you actually had any thoughts of killing yourself?,72
C-SSRS - Screening/Baseline - Page 1,3. Active suicidal ideation with any methods (not plan) without intent to act,72
C-SSRS - Screening/Baseline - Page 1,Have you been thinking about how you might do this?,72
C-SSRS - Screening/Baseline - Page 1,"4. Active suicidal ideation with some intent to act, without specific plan",72
C-SSRS - Screening/Baseline - Page 1,Have you had these thoughts and had some intention of acting on them?,72
C-SSRS - Screening/Baseline - Page 1,5. Active suicidal ideation with specific plan and intent,72
enumeration,Row 15,73
C-SSRS - Screening/Baseline - Page 2,Lifetime,74
C-SSRS - Screening/Baseline - Page 2,Past 3 Month,74
C-SSRS - Screening/Baseline - Page 2,Row 2 - Lifetime,74
C-SSRS - Screening/Baseline - Page 2,Row 2 - Past 3 Month,74
C-SSRS - Screening/Baseline - Page 2,to control thoughts,75
C-SSRS - Screening/Baseline - Page 2,(0) Does not apply,76
C-SSRS - Screening/Baseline - Page 2,(0) Does not apply,77
C-SSRS - Screening/Baseline - Page 2,with the pain or how you were feeling) (0) Does not apply,77
C-SSRS - Screening/Baseline - Page 3,act. Behaviour was in part thought of as method to kill oneself. Intent does not have to,78
C-SSRS - Screening/Baseline - Page 3,Yes No,78
C-SSRS - Screening/Baseline - Page 3,"If Yes, describe",78
C-SSRS - Screening/Baseline - Page 3,"potentially self-injurious act (if not for that, actual attempt would have occurred).",79
C-SSRS - Screening/Baseline - Page 3,themselves before they actually have engaged in any self destructive behaviour.,79
C-SSRS - Screening/Baseline - Page 3,"If Yes, Total number of aborted attempts",79
C-SSRS - Screening/Baseline - Page 3,"If Yes, describe",79
C-SSRS - Screening/Baseline - Page 3,anything beyond a verbalization or thought such as assembling a specific method,80
C-SSRS - Screening/Baseline - Page 3,Yes No,80
C-SSRS - Screening/Baseline - Page 3,"If Yes, describe",80
C-SSRS - Screening/Baseline - Page 4,Row 1 - Most Recent Attempt,81
C-SSRS - Screening/Baseline - Page 4,Row 1 - Most Lethal Attempt,81
C-SSRS - Screening/Baseline - Page 4,Row 1 - Initial/First Attempt,81
C-SSRS - Screening/Baseline - Page 4,Row 2 - Most Recent Attempt,81
C-SSRS - Screening/Baseline - Page 4,Row 2 - Most Lethal Attempt,81
C-SSRS - Screening/Baseline - Page 4,Row 2 - Initial/First Attempt,81
C-SSRS - Screening/Baseline - Page 4,Row 3 - Most Recent Attempt,81
C-SSRS - Screening/Baseline - Page 4,Row 3 - Most Lethal Attempt,81
C-SSRS - Screening/Baseline - Page 4,Row 3 - Initial/First Attempt,81
AE and CM prompt,Has the subject had any changes to their health since previous visit?,82
AE and CM prompt,Are there any changes in concomitant medications including dose changes to be reported?,82
Inclusion criteria,"\1.\ Diagnosis of MDD, as determined by the Diagnostic and Statistical Manual of Mental Disorders, Fifth Edition (DSM-5) criteria, and are considered clinically stable per investigator’s judgment while currently receiving sertraline for at least 90 days and maintained on stable sertraline doses of ≥ 100 mg/day for at least 30 days at the time of screening visit 1 and stable sertraline doses of ≥ 150 mg/day for at least 5 days at the time of screening visit 2.",83
Inclusion criteria,\2.\ Male or female subjects between 18 and 65 years of age (inclusive).,83
Inclusion criteria,\3.\ Body mass index (BMI) between 19.0 to 35.0 kg/m2 (inclusive).,83
Inclusion criteria,"\4.\ In good health as determined by: a) Medical history b) Physical examination c) Vital signs d) Electrocardiogram (ECG) e) Serum/urine chemistry, hematology, and serology tests",83
Inclusion criteria,"\5.\ Ability to provide written, informed consent prior to initiation of any trial-related procedures, and ability, in the opinion of the investigator, to comply with all the requirements of the trial.",83
Exclusion criteria,\1.\Females who are breast-feeding and/or who have a positive pregnancy test result prior to receiving IMP.,84
Exclusion criteria,"\2.\ Heterosexually active males or females of childbearing potential (FOCBP), or their partners, who do not agree to practice 2 different approved methods of birth control or remain fully abstinent (periodic abstinence or withdrawal are not acceptable methods of contraception) during the trial and for 30 days after the last dose of IMP. If employing birth control, 2 of the following methods must be used: vasectomy, bilateral tubal ligation, nonhormonal intrauterine device, condom with spermicide, sponge with spermicide, or occlusive cap (vaginal diaphragm or cervical/vault cap) with spermicide.",84
Exclusion criteria,\3.\ Male subjects who do not agree to not donate sperm from trial screening through 30 days after the last dose of IMP.,84
Exclusion criteria,"\4.\ Clinically significant abnormality in past medical history, or at the screening physical examination, that in the investigator’s or sponsor’s opinion may place the subject at risk or interfere with outcome variables including absorption, distribution, metabolism, and excretion of the IMP. This includes, but is not limited to, history of or concurrent cardiac, hepatic, renal, neurologic, endocrine, gastrointestinal, respiratory, hematologic, and immunologic disease.",84
Exclusion criteria,"\5.\ Subjects with abnormal clinical laboratory assessment results, vital signs results, or ECG findings, unless, based on the investigator’s judgment, the findings are not medically significant and would not impact the safety of the subject or the interpretation of the trial results. The medical monitor should be contacted to discuss individual cases, as needed. In addition, subjects with any of the following clinical laboratory assessments or ECG results at screening must be excluded from the trial: - Platelets <= 75000/mm3 - Hemoglobin <= 9 g/dL - Neutrophils, absolute <= 1000/mm3 - Aspartate aminotransferase (AST) > 2 × upper limit or normal (ULN) - Alanine aminotransferase (ALT) > 2 × ULN",84
Exclusion criteria,"\6.\ Subjects with diagnosed hypertension (including treated or untreated hypertension), or orthostatic hypotension which is defined as a decrease of = 20 mmHg decrease in SBP and a >= 25 bpm increase in HR from supine to standing, OR",84
Exclusion criteria,"\7.\ Supine HR, after resting for at least 5 minutes, outside the range of 40 to 90 beats per minute (bpm). The sponsor may allow exceptions if the results are not considered to be clinically significant.",85
Exclusion criteria,"\8.\ Subjects with epilepsy or a history of seizures, except for a single seizure episode; for instance childhood febrile seizure, a post-traumatic seizure episode, or an alcohol withdrawal seizure.",85
Exclusion criteria,\9.\ Subjects with a history of neuroleptic malignant syndrome or serotonin syndrome.,85
Exclusion criteria,"\10.\ Subjects with a primary DSM-5 diagnosis of: - Schizophrenia spectrum and other psychotic disorders - Bipolar and related disorders - Feeding and eating disorders (including anorexia nervosa or bulimia) - Neurocognitive disorders (including but not limited to delirium, major or mild neurocognitive disorder due to Alzheimer’s, Parkinson’s, or traumatic brain injury)",85
Exclusion criteria,"\11.\ Subjects who have a significant risk of committing suicide based on history, routine psychiatric status examination, investigator’s judgment, or who have an answer of “yes” on suicidal ideation questions 4 or 5 (current or over the last 3 months) on the Baseline/Screening Version of the Columbia-Suicide Severity Rating Scale (C-SSRS) or subjects with any suicidal behavior during the 6 months prior to the screening visit.",85
Exclusion criteria,"\12.\ History of serious mental disorders that, in the opinion of the investigator, renders the subject a poor fit for the trial..",85
Exclusion criteria,\13.\ History of diabetes mellitus (type 1 or type 2) OR subjects without a history of diabetes mellitus but screening glycated hemoglobin >= 6.5% and glucose > 125 mg/dL (fasting) or > 200 mg/dL (nonfasting). Nonfasting screening glucose may be repeated once in the fasted state and the retest value must be < 125 mg/dL for inclusion in the trial.,85
Exclusion criteria,"\14.\ History of or current hepatitis or acquired immunodeficiency syndrome or carriers of hepatitis B surface antigen (HBsAg), hepatitis C antibodies (anti-HCV), and/or human immunodeficiency virus (HIV) antibodies. Exceptions are permitted for subjects with a prior history of infection with hepatitis A who have fully recovered and are experiencing no liver sequelae.",85
Exclusion criteria,\15.\ Any history of difficulty in donating blood.,86
Exclusion criteria,\16.\ History of drug and/or alcohol abuse within 2 years prior to the screening visit based on investigator judgment.,86
Exclusion criteria,"\17.\ Subjects who have a positive urine alcohol or drug screen that, in the judgment of the investigator with concurrence of the medical monitor, indicates substance abuse that could compromise the subject’s safety or ability to comply with the trial procedures that could interfere with the interpretation of trial results.",86
Exclusion criteria,"\18.\ Use of tobacco products within 2 months prior to the screening visit, or urine cotinine concentrations > 200 ng/mL or serum cotinine concentrations > 20 ng/mL at the screening visit or at check-in to the trial site.",86
Exclusion criteria,\19.\ Subjects having taken an investigational drug within 30 days prior to the screening visit.,86
Exclusion criteria,\20.\ Subjects who would be likely to require prohibited concomitant therapy during the trial. The sponsor may allow exceptions only if the medication’s administration is deemed unlikely to impact the results of the trial.,86
Exclusion criteria,"\21.\ Consumption of food and beverages containing caffeine and methylxanthines (eg, coffee, chocolate, tea) within 48 hours prior to Day -1 or grapefruit, grapefruit juice, Seville oranges, or Seville orange juice within 7 days prior to Day -14.",86
Exclusion criteria,"\22.\ History of any medically significant drug allergy or known or suspected hypersensitivity to antipsychotics or adrenergic antagonists, in particular brexpiprazole, prazosin, or propranolol.",86
Exclusion criteria,"\23.\ Exposure to any substances known to stimulate hepatic microsomal enzymes within 30 days prior to the screening visit (eg, occupational exposure to pesticides, organic solvents).",87
Exclusion criteria,"\24.\ Subjects with any previous exposure to brexpiprazole, or subjects with chronic use of prazosin or propranolol in the 90 days prior to the screening visit or any use in the 21 days (3 weeks) prior to the screening visit.",87
Exclusion criteria,\25.\ Subjects who fail to capture daily dosing of sertraline during the sertraline steady-state assurance period on Days -14 to -2.,87
Exclusion criteria,\26.\ Subjects without a permanent physical residence.,87
Exclusion criteria,"\27.\ Any subject who, in the opinion of the investigator, should not participate in the trial.",87
Sertraline Titration,Is the Subject required to be Titrated ?,88
End of Screening,Does the Subject Remain Eligible to Continue participation in the Study?,89
End of Screening,Date of Screen Failure,89
End of Screening,"Specify if: Adverse Event, Physician Decision, Protocol Deviation, Other",89
Visit Date,Visit Date,90
Visit Date,Skip to next visit,90
Drug dispensation- Titration period,Was sertraline dispensed for Titration period?,91
Drug dispensation- Titration period,"If no, Reason",91
Drug dispensation- Titration period,Date of dispensation,91
Visit Date,Visit Date,92
Triplicate Orthostatic BP and HR - Central,Were Vital Signs Collected?,93
Triplicate Orthostatic BP and HR - Central,"If not collected, reason:",93
Triplicate Orthostatic BP and HR - Central,Collection Date,93
Triplicate Orthostatic BP and HR - Central,Time Placed in Position,93
Standing,Time Placed in Position,94
Standing,Time of Vitals Measurement #3,94
PK Blood Draw - Sertraline,Was PK Collection Performed?,95
PK Blood Draw - Sertraline,"If not performed, Reason:",95
PK Blood Draw - Sertraline,Date of Collection,95
PK Blood Draw - Sertraline,Row 1 - Timepoint,95
PK Blood Draw - Sertraline,Row 1 - Collection,95
PK Blood Draw - Sertraline,Row 1 - Number,95
PK Blood Draw - Sertraline,Row 1 - Barcode Number,95
PK Blood Draw - Sertraline,Row 1 - Status,95
PK Blood Draw - Sertraline,Row 1 - Propranolol PK Prazosin PK,95
Aicure Device - Distribution,Has the Aicure device been distributed?,96
Aicure Device - Distribution,Date of distribution,96
Drug administration- Titration Period,"Confirm, if the drug was taken as specified in last five days",97
Drug administration- Titration Period,"If No, Reason",97
IMP Administration - Sertraline,Has subject been fasting (no food) for a minimum of 10 hours prior to the scheduled dosing?,98
IMP Administration - Sertraline,Was Sertraline administered?,98
IMP Administration - Sertraline,"If no, reason",98
IMP Administration - Sertraline,Treatment,98
IMP Administration - Sertraline,Dose Unit,98
IMP Administration - Sertraline,Dose Form,98
IMP Administration - Sertraline,Date of Administration,98
IMP Administration - Sertraline,Time of Administration,98
IMP Administration - Sertraline,Dose amount administered,98
IMP Administration - Sertraline,Dose Strength,99
IMP Administration - Sertraline,Number of Tablets,99
IMP Administration - Sertraline,Dosing Comments (optional),99
AE and CM prompt,Has the subject had any changes to their health since previous visit?,100
AE and CM prompt,Are there any changes in concomitant medications including dose changes to be reported?,100
End of Screening,Does the Subject Remain Eligible to Continue participation in the Study?,101
End of Screening,Date of Screen Failure,101
End of Screening,"Specify if: Adverse Event, Physician Decision, Protocol Deviation, Other",101
Visit Date,Visit Date,102
Triplicate Orthostatic BP and HR - Central,Were Vital Signs Collected?,103
Triplicate Orthostatic BP and HR - Central,"If not collected, reason:",103
Triplicate Orthostatic BP and HR - Central,Collection Date,103
Triplicate Orthostatic BP and HR - Central,Time Placed in Position,103
Standing,Time Placed in Position,104
Standing,Time of Vitals Measurement #3,104
Physical Exam,Was the physical examination performed?,105
Physical Exam,Planned Timepoint,105
Physical Exam,Examination Date,105
Physical Exam,Examination Time,105
Physical Exam,Evaluator,105
Physical Exam,Clinically Significant,105
Physical Exam,Region/Body System,105
Physical Exam,Abnormal Findings,105
Physical Exam,Result,105
Physical Exam,Normal Abnormal Not Done,105
Physical Exam,Skin and Mucosae,106
Physical Exam,Neurological,106
Physical Exam,Extremities,106
Physical Exam,Abnormal,106
Clinical Laboratory Assessments,Timepoint,107
Clinical Laboratory Assessments,Comments,107
Clinical Laboratory Assessments,Was subject in fasting state?,107
Clinical Laboratory Assessments,Sample,107
Clinical Laboratory Assessments,done,107
Clinical Laboratory Assessments,Date of Collection,107
Clinical Laboratory Assessments,Collection,107
Clinical Laboratory Assessments,Number,107
Clinical Laboratory Assessments,Status,107
Laboratory results review,Laboratory collection date,109
Laboratory results review,Laboratory results review date,109
Laboratory results review,Has the investigator reviewed all laboratory results from this visit and assessed abnormal results clinical significance?,109
Laboratory results review,Were there any clinically significant abnormal results?,109
Laboratory results review,Were there any clinically significant abnormal chemistry results?,109
Laboratory results review,Chemistry abnormal assay # 1 Investigator comment,110
Laboratory results review,Chemistry abnormal assay # 2 Investigator comment,111
Laboratory results review,Chemistry abnormal assay # 3 Investigator comment,112
Laboratory results review,Chemistry abnormal assay # 4 Investigator comment,113
Laboratory results review,Chemistry abnormal assay # 5 Investigator comment,114
Laboratory results review,Are there any additional clinically significant abnormal chemistry results to be entered?,114
Laboratory results review,Were there any clinically significant abnormal hematology results?,115
Laboratory results review,Hematology abnormal assay # 1 Investigator comment,115
Laboratory results review,Hematology abnormal assay # 2 Investigator comment,115
Laboratory results review,Hematology abnormal assay # 3 Investigator comment,116
Laboratory results review,Hematology abnormal assay # 4 Investigator comment,116
Laboratory results review,Hematology abnormal assay # 5 Investigator comment,117
Laboratory results review,Are there any clinically significant abnormal hematology results to be entered?,117
Laboratory results review,Were there any clinically significant abnormal urinalysis results?,117
Laboratory results review,Microscopic analysis if indicated,118
Laboratory results review,Urinalysis abnormal assay # 1 Investigator comment,118
Laboratory results review,Microscopic analysis if indicated,119
Laboratory results review,Urinalysis abnormal assay # 2 Investigator comment,119
Laboratory results review,Microscopic analysis if indicated,120
Laboratory results review,Urinalysis abnormal assay # 3 Investigator comment,120
Laboratory results review,Microscopic analysis if indicated,121
Laboratory results review,Urinalysis abnormal assay # 4 Investigator comment,121
Laboratory results review,Microscopic analysis if indicated,122
Laboratory results review,Urinalysis abnormal assay # 5 Investigator comment,122
Laboratory results review,Are there additional urinalysis clinically significant abnormal results to be entered?,122
Laboratory results review,Investigator`s signature for Local Laboratory Results Review,122
Pregnancy test,Was a Pregnancy Test Performed?,123
Pregnancy test,If not done reason,123
Pregnancy test,Type of pregnancy test,123
Pregnancy test,Barcode Number,123
Pregnancy test,Kit Expiration Date,123
Pregnancy test,Kit Batch Number,123
Pregnancy test,Date of Sample,123
Pregnancy test,Time of Sample,123
Pregnancy test,Result,123
Alcohol Screen - Urine or Breath,Was Test Performed?,124
Alcohol Screen - Urine or Breath,Sample Type,124
Alcohol Screen - Urine or Breath,"If no, Reason Not Done",124
Alcohol Screen - Urine or Breath,Date of Test,124
Alcohol Screen - Urine or Breath,Time of Test,124
Alcohol Screen - Urine or Breath,Result,124
Alcohol Screen - Urine or Breath,Was a Repeat test performed?,124
Alcohol Screen - Urine or Breath,Time of Repeat Test,124
Alcohol Screen - Urine or Breath,Result of Repeat Test,125
Urine Drug Screen,Amphetamines,126
Urine Drug Screen,Was Urine Drug Screen Performed?,126
Urine Drug Screen,If not done reason,126
Urine Drug Screen,Manufacturer,126
Urine Drug Screen,Item #,126
Urine Drug Screen,Lot,126
Urine Drug Screen,Expiration Date,126
Urine Drug Screen,Date of Sample,126
Urine Drug Screen,Time of Sample,126
Cotinine Screen,Was Cotinine Screen Performed?,128
Cotinine Screen,If not done reason,128
Cotinine Screen,Sample Type,128
Cotinine Screen,Manufacturer,128
Cotinine Screen,Item #,128
Cotinine Screen,Lot,128
Cotinine Screen,Expiration Date,128
Cotinine Screen,Date of Sample,128
Cotinine Screen,Time of Sample,128
PK Blood Draw - Sertraline,Was PK Collection Performed?,130
PK Blood Draw - Sertraline,"If not performed, Reason:",130
PK Blood Draw - Sertraline,Date of Collection,130
PK Blood Draw - Sertraline,Row 1 - Timepoint,130
PK Blood Draw - Sertraline,Row 1 - Collection,130
PK Blood Draw - Sertraline,Row 1 - Number,130
PK Blood Draw - Sertraline,Row 1 - Barcode Number,130
PK Blood Draw - Sertraline,Row 1 - Status,130
PK Blood Draw - Sertraline,Row 1 - Propranolol PK Prazosin PK,130
PGx Blood Sample,Was PGx Blood Collection Performed?,131
PGx Blood Sample,"If not performed, Reason:",131
PGx Blood Sample,Date of Collection,131
PGx Blood Sample,Sample,131
PGx Blood Sample,Timepoint,131
PGx Blood Sample,Collection,131
PGx Blood Sample,Barcode Number,131
PGx Blood Sample,Collected Not Collected,131
FBR Blood Sample,Was FBR Blood Collection Performed?,132
FBR Blood Sample,"If not performed, Reason:",132
FBR Blood Sample,Date of Collection,132
FBR Blood Sample,Sample,132
FBR Blood Sample,Timepoint,132
FBR Blood Sample,Collection,132
FBR Blood Sample,Barcode Number,132
FBR Blood Sample,Collected Not Collected,132
C-SSRS since last visit - Page 1,Was the questionnaire administered?,134
C-SSRS since last visit - Page 1,Date of completion,134
C-SSRS since last visit - Page 1,Rater's initials,134
C-SSRS since last visit - Page 1,Since Last Visit,134
C-SSRS since last visit - Page 1,No,134
C-SSRS since last visit - Page 1,3. Active suicidal ideation with any methods (not plan) without intent to act,135
C-SSRS since last visit - Page 1,Have you been thinking about how you might do this?,135
C-SSRS since last visit - Page 1,"4. Active suicidal ideation with some intent to act, without specific plan",135
C-SSRS since last visit - Page 1,Have you had these thoughts and had some intention of acting on them?,135
C-SSRS since last visit - Page 1,5. Active suicidal ideation with specific plan and intent,135
C-SSRS since last visit - Page 1,Do you intend to carry out this plan?,135
C-SSRS since last visit - Page 2,intent,136
C-SSRS since last visit - Page 2,Description of Ideation,136
C-SSRS since last visit - Page 2,(2) Once a week,136
C-SSRS since last visit - Page 2,(5) More than 8 hours/persistent or continuous,136
C-SSRS since last visit - Page 2,(0) Does not attempt to control thoughts,137
C-SSRS since last visit - Page 2,(0) Does not apply,137
C-SSRS since last visit - Page 3,"Actual attempt: A potentially self-injurious act committed with at least some wish to die, as a result of act. Behaviour was in part thought of as method to kill oneself. Intent does not have to be 100%. If there is any intent/desire to die associated with the act, then it can be considered an actual suicide attempt. There does not have to be any injury or harm, just the potential for injury or harm. If a person pulls the trigger while gun is in mouth but gun is broken so no injury results, this is considered an attempt. Inferring Intent: even if an individual denies intent/wish to die, it may be inferred clinically from the behaviour or circumstances. For example, a highly lethal act that is clearly not an accident so no other intent but suicide can be inferred (e.g. gunshot to the head, jumping from window of a high",139
C-SSRS since last visit - Page 3,"If Yes, Total number of attempts",139
C-SSRS since last visit - Page 3,"If Yes, describe",139
C-SSRS since last visit - Page 3,Has subject engaged in Non-Suicidal self-injurious behavior?,139
C-SSRS since last visit - Page 3,"Interrupted attempt: When the person is interrupted (by an outside circumstance) from starting the potentially self- injurious act (if not for that, actual attempt would have occurred).",139
C-SSRS since last visit - Page 3,"If Yes, Total number of interrupted attempts",140
C-SSRS since last visit - Page 3,"If Yes, describe",140
C-SSRS since last visit - Page 3,"Aborted attempt: When person begins to take steps toward making a suicide attempt, but stops themselves before they actually have engaged in any self destructive behaviour. Examples are similar to interrupted attempts, except that the individual stops him/herself, instead of being stopped by something else. Has there been a time when you started to do something to try to end your life but you stopped yourself before you actually did anything?",140
C-SSRS since last visit - Page 3,"If Yes, Total number of aborted attempts",140
C-SSRS since last visit - Page 3,"Preparatory acts or behavior: Acts or preparation towards imminently making a suicide attempt. This can include anything beyond a verbalization or thought such as assembling a specific method (e.g., buying pills, purchasing a gun) or preparing for one's death by suicide (e.g., giving things away, writing a suicide note) Have you taken any step towards making a suicide attempt or preparing to kill yourself (such as collecting pills, getting a gun, giving valuables away or writing a suicide note?)",140
C-SSRS since last visit - Page 3,Suicidal behavior: Suicidal behavior was present during the assessment period?,141
C-SSRS since last visit - Page 3,Suicide:,141
C-SSRS since last visit - Page 4,Date of Attempt,142
C-SSRS since last visit - Page 4,Actual Lethality/Medical Damage:,142
C-SSRS since last visit - Page 4,tracks with oncoming train but pulled away before run over).,142
C-SSRS since last visit - Page 4,Potential Lethality: Only answer if Actual Lethality=0,142
IMP Administration - Sertraline,Has subject been fasting (no food) for a minimum of 10 hours prior to the scheduled dosing?,143
IMP Administration - Sertraline,Was Sertraline administered?,143
IMP Administration - Sertraline,"If no, reason",143
IMP Administration - Sertraline,Treatment,143
IMP Administration - Sertraline,Dose Unit,143
IMP Administration - Sertraline,Dose Form,143
IMP Administration - Sertraline,Date of Administration,143
IMP Administration - Sertraline,Time of Administration,143
IMP Administration - Sertraline,Dosing Comments (optional),144
AE and CM prompt,Has the subject had any changes to their health since previous visit?,145
AE and CM prompt,Are there any changes in concomitant medications including dose changes to be reported?,145
Inclusion criteria,"\1.\ Diagnosis of MDD, as determined by the Diagnostic and Statistical Manual of Mental Disorders, Fifth Edition (DSM-5) criteria, and are considered clinically stable per investigator’s judgment while currently receiving sertraline for at least 90 days and maintained on stable sertraline doses of ≥ 100 mg/day for at least 30 days at the time of screening visit 1 and stable sertraline doses of ≥ 150 mg/day for at least 5 days at the time of screening visit 2.",146
Inclusion criteria,\2.\ Male or female subjects between 18 and 65 years of age (inclusive).,146
Inclusion criteria,\3.\ Body mass index (BMI) between 19.0 to 35.0 kg/m2 (inclusive).,146
Inclusion criteria,"\4.\ In good health as determined by: a) Medical history b) Physical examination c) Vital signs d) Electrocardiogram (ECG) e) Serum/urine chemistry, hematology, and serology tests",146
Inclusion criteria,"\5.\ Ability to provide written, informed consent prior to initiation of any trial-related procedures, and ability, in the opinion of the investigator, to comply with all the requirements of the trial.",146
Exclusion criteria,\1.\Females who are breast-feeding and/or who have a positive pregnancy test result prior to receiving IMP.,147
Exclusion criteria,"\2.\ Heterosexually active males or females of childbearing potential (FOCBP), or their partners, who do not agree to practice 2 different approved methods of birth control or remain fully abstinent (periodic abstinence or withdrawal are not acceptable methods of contraception) during the trial and for 30 days after the last dose of IMP. If employing birth control, 2 of the following methods must be used: vasectomy, bilateral tubal ligation, nonhormonal intrauterine device, condom with spermicide, sponge with spermicide, or occlusive cap (vaginal diaphragm or cervical/vault cap) with spermicide.",147
Exclusion criteria,\3.\ Male subjects who do not agree to not donate sperm from trial screening through 30 days after the last dose of IMP.,147
Exclusion criteria,"\4.\ Clinically significant abnormality in past medical history, or at the screening physical examination, that in the investigator’s or sponsor’s opinion may place the subject at risk or interfere with outcome variables including absorption, distribution, metabolism, and excretion of the IMP. This includes, but is not limited to, history of or concurrent cardiac, hepatic, renal, neurologic, endocrine, gastrointestinal, respiratory, hematologic, and immunologic disease.",147
Exclusion criteria,"\5.\ Subjects with abnormal clinical laboratory assessment results, vital signs results, or ECG findings, unless, based on the investigator’s judgment, the findings are not medically significant and would not impact the safety of the subject or the interpretation of the trial results. The medical monitor should be contacted to discuss individual cases, as needed. In addition, subjects with any of the following clinical laboratory assessments or ECG results at screening must be excluded from the trial: - Platelets <= 75000/mm3 - Hemoglobin <= 9 g/dL - Neutrophils, absolute <= 1000/mm3 - Aspartate aminotransferase (AST) > 2 × upper limit or normal (ULN) - Alanine aminotransferase (ALT) > 2 × ULN",147
Exclusion criteria,"\6.\ Subjects with diagnosed hypertension (including treated or untreated hypertension), or orthostatic hypotension which is defined as a decrease of = 20 mmHg decrease in SBP and a >= 25 bpm increase in HR from supine to standing, OR",147
Exclusion criteria,"\7.\ Supine HR, after resting for at least 5 minutes, outside the range of 40 to 90 beats per minute (bpm). The sponsor may allow exceptions if the results are not considered to be clinically significant.",148
Exclusion criteria,"\8.\ Subjects with epilepsy or a history of seizures, except for a single seizure episode; for instance childhood febrile seizure, a post-traumatic seizure episode, or an alcohol withdrawal seizure.",148
Exclusion criteria,\9.\ Subjects with a history of neuroleptic malignant syndrome or serotonin syndrome.,148
Exclusion criteria,"\10.\ Subjects with a primary DSM-5 diagnosis of: - Schizophrenia spectrum and other psychotic disorders - Bipolar and related disorders - Feeding and eating disorders (including anorexia nervosa or bulimia) - Neurocognitive disorders (including but not limited to delirium, major or mild neurocognitive disorder due to Alzheimer’s, Parkinson’s, or traumatic brain injury)",148
Exclusion criteria,"\11.\ Subjects who have a significant risk of committing suicide based on history, routine psychiatric status examination, investigator’s judgment, or who have an answer of “yes” on suicidal ideation questions 4 or 5 (current or over the last 3 months) on the Baseline/Screening Version of the Columbia-Suicide Severity Rating Scale (C-SSRS) or subjects with any suicidal behavior during the 6 months prior to the screening visit.",148
Exclusion criteria,"\12.\ History of serious mental disorders that, in the opinion of the investigator, renders the subject a poor fit for the trial..",148
Exclusion criteria,\13.\ History of diabetes mellitus (type 1 or type 2) OR subjects without a history of diabetes mellitus but screening glycated hemoglobin >= 6.5% and glucose > 125 mg/dL (fasting) or > 200 mg/dL (nonfasting). Nonfasting screening glucose may be repeated once in the fasted state and the retest value must be < 125 mg/dL for inclusion in the trial.,148
Exclusion criteria,"\14.\ History of or current hepatitis or acquired immunodeficiency syndrome or carriers of hepatitis B surface antigen (HBsAg), hepatitis C antibodies (anti-HCV), and/or human immunodeficiency virus (HIV) antibodies. Exceptions are permitted for subjects with a prior history of infection with hepatitis A who have fully recovered and are experiencing no liver sequelae.",148
Exclusion criteria,\15.\ Any history of difficulty in donating blood.,149
Exclusion criteria,\16.\ History of drug and/or alcohol abuse within 2 years prior to the screening visit based on investigator judgment.,149
Exclusion criteria,"\17.\ Subjects who have a positive urine alcohol or drug screen that, in the judgment of the investigator with concurrence of the medical monitor, indicates substance abuse that could compromise the subject’s safety or ability to comply with the trial procedures that could interfere with the interpretation of trial results.",149
Exclusion criteria,"\18.\ Use of tobacco products within 2 months prior to the screening visit, or urine cotinine concentrations > 200 ng/mL or serum cotinine concentrations > 20 ng/mL at the screening visit or at check-in to the trial site.",149
Exclusion criteria,\19.\ Subjects having taken an investigational drug within 30 days prior to the screening visit.,149
Exclusion criteria,\20.\ Subjects who would be likely to require prohibited concomitant therapy during the trial. The sponsor may allow exceptions only if the medication’s administration is deemed unlikely to impact the results of the trial.,149
Exclusion criteria,"\21.\ Consumption of food and beverages containing caffeine and methylxanthines (eg, coffee, chocolate, tea) within 48 hours prior to Day -1 or grapefruit, grapefruit juice, Seville oranges, or Seville orange juice within 7 days prior to Day -14.",149
Exclusion criteria,"\22.\ History of any medically significant drug allergy or known or suspected hypersensitivity to antipsychotics or adrenergic antagonists, in particular brexpiprazole, prazosin, or propranolol.",149
Exclusion criteria,"\23.\ Exposure to any substances known to stimulate hepatic microsomal enzymes within 30 days prior to the screening visit (eg, occupational exposure to pesticides, organic solvents).",150
Exclusion criteria,"\24.\ Subjects with any previous exposure to brexpiprazole, or subjects with chronic use of prazosin or propranolol in the 90 days prior to the screening visit or any use in the 21 days (3 weeks) prior to the screening visit.",150
Exclusion criteria,\25.\ Subjects who fail to capture daily dosing of sertraline during the sertraline steady-state assurance period on Days -14 to -2.,150
Exclusion criteria,\26.\ Subjects without a permanent physical residence.,150
Exclusion criteria,"\27.\ Any subject who, in the opinion of the investigator, should not participate in the trial.",150
End of Screening,Does the Subject Remain Eligible to Continue participation in the Study?,151
End of Screening,Date of Screen Failure,151
End of Screening,"Specify if: Adverse Event, Physician Decision, Protocol Deviation, Other",151
Visit Date,Visit Date,152
AE and CM prompt,Has the subject had any changes to their health since previous visit?,153
AE and CM prompt,Are there any changes in concomitant medications including dose changes to be reported?,153
Body Temperature and Respiratory Rate - Predose,Were Vital Signs Collected?,154
Body Temperature and Respiratory Rate - Predose,"If not collected, reason:",154
Body Temperature and Respiratory Rate - Predose,Collection Date,154
Body Temperature and Respiratory Rate - Predose,Respiratory Rate (breaths/min),154
Body Temperature and Respiratory Rate - Predose,Body Temperature (celsius),154
Triplicate Orthostatic BP and HR - Predose,Were Vital Signs Collected?,155
Triplicate Orthostatic BP and HR - Predose,"If not collected, reason:",155
Triplicate Orthostatic BP and HR - Predose,Collection Date,155
Triplicate Orthostatic BP and HR - Predose,Time Placed in Position,155
Standing,Time Placed in Position,156
Standing,Time of Vitals Measurement #3,156
Triplicate ECG Assessments - Predose,Were ECG measurements performed?,157
Triplicate ECG Assessments - Predose,"If no, Reason not done",157
Triplicate ECG Assessments - Predose,Date of ECG,157
Triplicate ECG Assessments - Predose,Timepoint,157
Triplicate ECG Assessments - Predose,Time subject became supine:,157
Triplicate ECG Assessments - Predose,Time of ECG assessment # 1:,157
Triplicate ECG Assessments - Predose,Time of ECG assessment # 2:,157
Triplicate ECG Assessments - Predose,Time of ECG assessment # 3:,157
Triplicate ECG Assessments - Predose,Overall ECG interpretation,158
Triplicate ECG Assessments - Predose,Abnormal Findings,158
Triplicate ECG Assessments - Predose,Was the ECG abnormality clinically significant?,158
Triplicate ECG Assessments - Predose,Are additional ECG assessments required?,158
C-SSRS since last visit - Page 1,Was the questionnaire administered?,160
C-SSRS since last visit - Page 1,Date of completion,160
C-SSRS since last visit - Page 1,Rater's initials,160
C-SSRS since last visit - Page 1,Since Last Visit,160
C-SSRS since last visit - Page 1,No,160
C-SSRS since last visit - Page 1,3. Active suicidal ideation with any methods (not plan) without intent to act,161
C-SSRS since last visit - Page 1,Have you been thinking about how you might do this?,161
C-SSRS since last visit - Page 1,"4. Active suicidal ideation with some intent to act, without specific plan",161
C-SSRS since last visit - Page 1,Have you had these thoughts and had some intention of acting on them?,161
C-SSRS since last visit - Page 1,5. Active suicidal ideation with specific plan and intent,161
C-SSRS since last visit - Page 1,Do you intend to carry out this plan?,161
C-SSRS since last visit - Page 2,intent,162
C-SSRS since last visit - Page 2,Description of Ideation,162
C-SSRS since last visit - Page 2,(2) Once a week,162
C-SSRS since last visit - Page 2,(5) More than 8 hours/persistent or continuous,162
C-SSRS since last visit - Page 2,(0) Does not attempt to control thoughts,163
C-SSRS since last visit - Page 2,(0) Does not apply,163
C-SSRS since last visit - Page 3,"Actual attempt: A potentially self-injurious act committed with at least some wish to die, as a result of act. Behaviour was in part thought of as method to kill oneself. Intent does not have to be 100%. If there is any intent/desire to die associated with the act, then it can be considered an actual suicide attempt. There does not have to be any injury or harm, just the potential for injury or harm. If a person pulls the trigger while gun is in mouth but gun is broken so no injury results, this is considered an attempt. Inferring Intent: even if an individual denies intent/wish to die, it may be inferred clinically from the behaviour or circumstances. For example, a highly lethal act that is clearly not an accident so no other intent but suicide can be inferred (e.g. gunshot to the head, jumping from window of a high",165
C-SSRS since last visit - Page 3,"If Yes, Total number of attempts",165
C-SSRS since last visit - Page 3,"If Yes, describe",165
C-SSRS since last visit - Page 3,Has subject engaged in Non-Suicidal self-injurious behavior?,165
C-SSRS since last visit - Page 3,"Interrupted attempt: When the person is interrupted (by an outside circumstance) from starting the potentially self- injurious act (if not for that, actual attempt would have occurred).",165
C-SSRS since last visit - Page 3,"If Yes, Total number of interrupted attempts",166
C-SSRS since last visit - Page 3,"If Yes, describe",166
C-SSRS since last visit - Page 3,"Aborted attempt: When person begins to take steps toward making a suicide attempt, but stops themselves before they actually have engaged in any self destructive behaviour. Examples are similar to interrupted attempts, except that the individual stops him/herself, instead of being stopped by something else. Has there been a time when you started to do something to try to end your life but you stopped yourself before you actually did anything?",166
C-SSRS since last visit - Page 3,"If Yes, Total number of aborted attempts",166
C-SSRS since last visit - Page 3,"Preparatory acts or behavior: Acts or preparation towards imminently making a suicide attempt. This can include anything beyond a verbalization or thought such as assembling a specific method (e.g., buying pills, purchasing a gun) or preparing for one's death by suicide (e.g., giving things away, writing a suicide note) Have you taken any step towards making a suicide attempt or preparing to kill yourself (such as collecting pills, getting a gun, giving valuables away or writing a suicide note?)",166
C-SSRS since last visit - Page 3,Suicidal behavior: Suicidal behavior was present during the assessment period?,167
C-SSRS since last visit - Page 3,Suicide:,167
C-SSRS since last visit - Page 4,Date of Attempt,168
C-SSRS since last visit - Page 4,Actual Lethality/Medical Damage:,168
C-SSRS since last visit - Page 4,tracks with oncoming train but pulled away before run over).,168
C-SSRS since last visit - Page 4,Potential Lethality: Only answer if Actual Lethality=0,168
IMP Administration - Sertraline,Has subject been fasting (no food) for a minimum of 10 hours prior to the scheduled dosing?,169
IMP Administration - Sertraline,Was Sertraline administered?,169
IMP Administration - Sertraline,"If no, reason",169
IMP Administration - Sertraline,Treatment,169
IMP Administration - Sertraline,Dose Unit,169
IMP Administration - Sertraline,Dose Form,169
IMP Administration - Sertraline,Date of Administration,169
IMP Administration - Sertraline,Time of Administration,169
IMP Administration - Sertraline,Dosing Comments (optional),170
PK Blood Draw - Sertraline,Was PK Collection Performed?,171
PK Blood Draw - Sertraline,"If not performed, Reason:",171
PK Blood Draw - Sertraline,Date of Collection,171
PK Blood Draw - Sertraline,Row 1 - Timepoint,171
PK Blood Draw - Sertraline,Row 1 - Collection,171
PK Blood Draw - Sertraline,Row 1 - Number,171
PK Blood Draw - Sertraline,Row 1 - Barcode Number,171
PK Blood Draw - Sertraline,Row 1 - Status,171
PK Blood Draw - Sertraline,Row 1 - Sample,171
PK Blood Draw - Sertraline,Row 2 - Timepoint,171
PK Blood Draw - Sertraline,Row 2 - Collection,171
PK Blood Draw - Sertraline,Row 2 - Number,171
PK Blood Draw - Sertraline,Row 2 - Barcode Number,171
PK Blood Draw - Sertraline,Row 2 - Status,171
PK Blood Draw - Sertraline,Row 2 - Sample,171
PK Blood Draw - Sertraline,Row 3 - Collected,172
PK Blood Draw - Sertraline,Row 3 - Propranolol PK Prazosin PK,172
PK Blood Draw - Sertraline,Row 4 - Propranolol PK Prazosin PK,172
PK Blood Draw - Sertraline,Row 4 - Collected,172
PK Blood Draw - Sertraline,Row 5 - Propranolol PK Prazosin PK,172
PK Blood Draw - Sertraline,Row 5 - Collected,172
Triplicate Orthostatic BP and HR - 1h Postdose,Were Vital Signs Collected?,173
Triplicate Orthostatic BP and HR - 1h Postdose,"If not collected, reason:",173
Triplicate Orthostatic BP and HR - 1h Postdose,Collection Date,173
Triplicate Orthostatic BP and HR - 1h Postdose,Time Placed in Position,173
Standing,Time Placed in Position,174
Standing,Time of Vitals Measurement #3,174
Triplicate Orthostatic BP and HR - 1.5h Postdose,Were Vital Signs Collected?,175
Triplicate Orthostatic BP and HR - 1.5h Postdose,"If not collected, reason:",175
Triplicate Orthostatic BP and HR - 1.5h Postdose,Collection Date,175
Triplicate Orthostatic BP and HR - 1.5h Postdose,Time Placed in Position,175
Standing,Time Placed in Position,176
Standing,Time of Vitals Measurement #3,176
Triplicate Orthostatic BP and HR - 2h Postdose,Were Vital Signs Collected?,177
Triplicate Orthostatic BP and HR - 2h Postdose,"If not collected, reason:",177
Triplicate Orthostatic BP and HR - 2h Postdose,Collection Date,177
Triplicate Orthostatic BP and HR - 2h Postdose,Time Placed in Position,177
Standing,Time Placed in Position,178
Standing,Time of Vitals Measurement #3,178
Triplicate Orthostatic BP and HR - 2.5h Postdose,Were Vital Signs Collected?,179
Triplicate Orthostatic BP and HR - 2.5h Postdose,"If not collected, reason:",179
Triplicate Orthostatic BP and HR - 2.5h Postdose,Collection Date,179
Triplicate Orthostatic BP and HR - 2.5h Postdose,Time Placed in Position,179
Standing,Time Placed in Position,180
Standing,Time of Vitals Measurement #3,180
Triplicate Orthostatic BP and HR - 3h Postdose,Were Vital Signs Collected?,181
Triplicate Orthostatic BP and HR - 3h Postdose,"If not collected, reason:",181
Triplicate Orthostatic BP and HR - 3h Postdose,Collection Date,181
Triplicate Orthostatic BP and HR - 3h Postdose,Time Placed in Position,181
Standing,Time Placed in Position,182
Standing,Time of Vitals Measurement #3,182
Triplicate Orthostatic BP and HR - 4h Postdose,Were Vital Signs Collected?,183
Triplicate Orthostatic BP and HR - 4h Postdose,"If not collected, reason:",183
Triplicate Orthostatic BP and HR - 4h Postdose,Collection Date,183
Triplicate Orthostatic BP and HR - 4h Postdose,Time Placed in Position,183
Standing,Time Placed in Position,184
Standing,Time of Vitals Measurement #3,184
Triplicate Orthostatic BP and HR - 6h Postdose,Were Vital Signs Collected?,185
Triplicate Orthostatic BP and HR - 6h Postdose,"If not collected, reason:",185
Triplicate Orthostatic BP and HR - 6h Postdose,Collection Date,185
Triplicate Orthostatic BP and HR - 6h Postdose,Time Placed in Position,185
Standing,Time Placed in Position,186
Standing,Time of Vitals Measurement #3,186
Triplicate Orthostatic BP and HR - 8h Postdose,Were Vital Signs Collected?,187
Triplicate Orthostatic BP and HR - 8h Postdose,"If not collected, reason:",187
Triplicate Orthostatic BP and HR - 8h Postdose,Collection Date,187
Triplicate Orthostatic BP and HR - 8h Postdose,Time Placed in Position,187
Standing,Time Placed in Position,188
Standing,Time of Vitals Measurement #3,188
Visit Date,Visit Date,189
Visit Date,Skip to next visit,189
Visit Date,Skip to Early Termination visit,189
AE and CM prompt,Has the subject had any changes to their health since previous visit?,190
AE and CM prompt,Are there any changes in concomitant medications including dose changes to be reported?,190
Body Temperature and Respiratory Rate,Were Vital Signs Collected?,191
Body Temperature and Respiratory Rate,"If not collected, reason:",191
Body Temperature and Respiratory Rate,Collection Date,191
Body Temperature and Respiratory Rate,Respiratory Rate (breaths/min),191
Body Temperature and Respiratory Rate,Body Temperature (celsius),191
Triplicate Orthostatic BP and HR - Predose,Were Vital Signs Collected?,192
Triplicate Orthostatic BP and HR - Predose,"If not collected, reason:",192
Triplicate Orthostatic BP and HR - Predose,Collection Date,192
Triplicate Orthostatic BP and HR - Predose,Time Placed in Position,192
Standing,Time Placed in Position,193
Standing,Time of Vitals Measurement #3,193
C-SSRS since last visit - Page 1,Was the questionnaire administered?,195
C-SSRS since last visit - Page 1,Date of completion,195
C-SSRS since last visit - Page 1,Rater's initials,195
C-SSRS since last visit - Page 1,Since Last Visit,195
C-SSRS since last visit - Page 1,No,195
C-SSRS since last visit - Page 1,3. Active suicidal ideation with any methods (not plan) without intent to act,196
C-SSRS since last visit - Page 1,Have you been thinking about how you might do this?,196
C-SSRS since last visit - Page 1,"4. Active suicidal ideation with some intent to act, without specific plan",196
C-SSRS since last visit - Page 1,Have you had these thoughts and had some intention of acting on them?,196
C-SSRS since last visit - Page 1,5. Active suicidal ideation with specific plan and intent,196
C-SSRS since last visit - Page 1,Do you intend to carry out this plan?,196
C-SSRS since last visit - Page 2,intent,197
C-SSRS since last visit - Page 2,Description of Ideation,197
C-SSRS since last visit - Page 2,(2) Once a week,197
C-SSRS since last visit - Page 2,(5) More than 8 hours/persistent or continuous,197
C-SSRS since last visit - Page 2,(0) Does not attempt to control thoughts,198
C-SSRS since last visit - Page 2,(0) Does not apply,198
C-SSRS since last visit - Page 3,"Actual attempt: A potentially self-injurious act committed with at least some wish to die, as a result of act. Behaviour was in part thought of as method to kill oneself. Intent does not have to be 100%. If there is any intent/desire to die associated with the act, then it can be considered an actual suicide attempt. There does not have to be any injury or harm, just the potential for injury or harm. If a person pulls the trigger while gun is in mouth but gun is broken so no injury results, this is considered an attempt. Inferring Intent: even if an individual denies intent/wish to die, it may be inferred clinically from the behaviour or circumstances. For example, a highly lethal act that is clearly not an accident so no other intent but suicide can be inferred (e.g. gunshot to the head, jumping from window of a high",200
C-SSRS since last visit - Page 3,"If Yes, Total number of attempts",200
C-SSRS since last visit - Page 3,"If Yes, describe",200
C-SSRS since last visit - Page 3,Has subject engaged in Non-Suicidal self-injurious behavior?,200
C-SSRS since last visit - Page 3,"Interrupted attempt: When the person is interrupted (by an outside circumstance) from starting the potentially self- injurious act (if not for that, actual attempt would have occurred).",200
C-SSRS since last visit - Page 3,"If Yes, Total number of interrupted attempts",201
C-SSRS since last visit - Page 3,"If Yes, describe",201
C-SSRS since last visit - Page 3,"Aborted attempt: When person begins to take steps toward making a suicide attempt, but stops themselves before they actually have engaged in any self destructive behaviour. Examples are similar to interrupted attempts, except that the individual stops him/herself, instead of being stopped by something else. Has there been a time when you started to do something to try to end your life but you stopped yourself before you actually did anything?",201
C-SSRS since last visit - Page 3,"If Yes, Total number of aborted attempts",201
C-SSRS since last visit - Page 3,"Preparatory acts or behavior: Acts or preparation towards imminently making a suicide attempt. This can include anything beyond a verbalization or thought such as assembling a specific method (e.g., buying pills, purchasing a gun) or preparing for one's death by suicide (e.g., giving things away, writing a suicide note) Have you taken any step towards making a suicide attempt or preparing to kill yourself (such as collecting pills, getting a gun, giving valuables away or writing a suicide note?)",201
C-SSRS since last visit - Page 3,Suicidal behavior: Suicidal behavior was present during the assessment period?,202
C-SSRS since last visit - Page 3,Suicide:,202
C-SSRS since last visit - Page 4,Date of Attempt,203
C-SSRS since last visit - Page 4,Actual Lethality/Medical Damage:,203
C-SSRS since last visit - Page 4,tracks with oncoming train but pulled away before run over).,203
C-SSRS since last visit - Page 4,Potential Lethality: Only answer if Actual Lethality=0,203
IMP Administration - Sertraline and Prazosin,Has subject been fasting (no food) for a minimum of 10 hours prior to the scheduled dosing?,204
IMP Administration - Sertraline and Prazosin,Was Sertraline administered?,204
IMP Administration - Sertraline and Prazosin,"If no, reason",204
IMP Administration - Sertraline and Prazosin,Treatment,204
IMP Administration - Sertraline and Prazosin,Dose Unit,204
IMP Administration - Sertraline and Prazosin,Dose Form,204
IMP Administration - Sertraline and Prazosin,Date of Administration,204
IMP Administration - Sertraline and Prazosin,Time of Administration,204
IMP Administration - Sertraline and Prazosin,Dosing Comments (optional),205
IMP Administration - Sertraline and Prazosin,Was Prazosin administered?,205
IMP Administration - Sertraline and Prazosin,"If no, reason",205
IMP Administration - Sertraline and Prazosin,Treatment,205
IMP Administration - Sertraline and Prazosin,Dose Unit,205
IMP Administration - Sertraline and Prazosin,Dose Form,205
IMP Administration - Sertraline and Prazosin,Time of Administration,206
IMP Administration - Sertraline and Prazosin,Dosing Comments (optional),206
PK Blood Draw - Sertraline,Was PK Collection Performed?,207
PK Blood Draw - Sertraline,"If not performed, Reason:",207
PK Blood Draw - Sertraline,Date of Collection,207
PK Blood Draw - Sertraline,Row 1 - Timepoint,207
PK Blood Draw - Sertraline,Row 1 - Collection,207
PK Blood Draw - Sertraline,Row 1 - Number,207
PK Blood Draw - Sertraline,Row 1 - Barcode Number,207
PK Blood Draw - Sertraline,Row 1 - Status,207
PK Blood Draw - Sertraline,Row 1 - Sample,207
PK Blood Draw - Sertraline,Row 2 - Timepoint,207
PK Blood Draw - Sertraline,Row 2 - Collection,207
PK Blood Draw - Sertraline,Row 2 - Number,207
PK Blood Draw - Sertraline,Row 2 - Barcode Number,207
PK Blood Draw - Sertraline,Row 2 - Status,207
PK Blood Draw - Sertraline,Row 2 - Sample,207
PK Blood Draw - Sertraline,Row 3 - Collected,208
PK Blood Draw - Sertraline,Row 3 - Propranolol PK Prazosin PK,208
PK Blood Draw - Sertraline,Row 4 - Propranolol PK Prazosin PK,208
PK Blood Draw - Sertraline,Row 4 - Collected,208
PK Blood Draw - Sertraline,Row 5 - Propranolol PK Prazosin PK,208
PK Blood Draw - Sertraline,Row 5 - Collected,208
PK Blood Draw - Prazosin,Was PK Collection Performed?,209
PK Blood Draw - Prazosin,"If not performed, Reason:",209
PK Blood Draw - Prazosin,Date of Collection,209
PK Blood Draw - Prazosin,Row 1 - Timepoint,209
PK Blood Draw - Prazosin,Row 1 - Collection,209
PK Blood Draw - Prazosin,Row 1 - Number,209
PK Blood Draw - Prazosin,Row 1 - Barcode Number,209
PK Blood Draw - Prazosin,Row 1 - Status,209
PK Blood Draw - Prazosin,Row 1 - Sample,209
PK Blood Draw - Prazosin,Row 2 - Timepoint,209
PK Blood Draw - Prazosin,Row 2 - Collection,209
PK Blood Draw - Prazosin,Row 2 - Number,209
PK Blood Draw - Prazosin,Row 2 - Barcode Number,209
PK Blood Draw - Prazosin,Row 2 - Status,209
PK Blood Draw - Prazosin,Row 2 - Sample,209
PK Blood Draw - Prazosin,Row 3 - Collected,210
PK Blood Draw - Prazosin,Row 3 - Propranolol PK Prazosin PK,210
PK Blood Draw - Prazosin,Row 4 - Propranolol PK Prazosin PK,210
PK Blood Draw - Prazosin,Row 4 - Collected,210
PK Blood Draw - Prazosin,Row 5 - Propranolol PK Prazosin PK,210
PK Blood Draw - Prazosin,Row 5 - Collected,210
Triplicate Orthostatic BP and HR - 1h Postdose,Were Vital Signs Collected?,211
Triplicate Orthostatic BP and HR - 1h Postdose,"If not collected, reason:",211
Triplicate Orthostatic BP and HR - 1h Postdose,Collection Date,211
Triplicate Orthostatic BP and HR - 1h Postdose,Time Placed in Position,211
Standing,Time Placed in Position,212
Standing,Time of Vitals Measurement #3,212
Triplicate Orthostatic BP and HR - 1.5h Postdose,Were Vital Signs Collected?,213
Triplicate Orthostatic BP and HR - 1.5h Postdose,"If not collected, reason:",213
Triplicate Orthostatic BP and HR - 1.5h Postdose,Collection Date,213
Triplicate Orthostatic BP and HR - 1.5h Postdose,Time Placed in Position,213
Standing,Time Placed in Position,214
Standing,Time of Vitals Measurement #3,214
Triplicate Orthostatic BP and HR - 2h Postdose,Were Vital Signs Collected?,215
Triplicate Orthostatic BP and HR - 2h Postdose,"If not collected, reason:",215
Triplicate Orthostatic BP and HR - 2h Postdose,Collection Date,215
Triplicate Orthostatic BP and HR - 2h Postdose,Time Placed in Position,215
Standing,Time Placed in Position,216
Standing,Time of Vitals Measurement #3,216
Triplicate Orthostatic BP and HR - 2.5h Postdose,Were Vital Signs Collected?,217
Triplicate Orthostatic BP and HR - 2.5h Postdose,"If not collected, reason:",217
Triplicate Orthostatic BP and HR - 2.5h Postdose,Collection Date,217
Triplicate Orthostatic BP and HR - 2.5h Postdose,Time Placed in Position,217
Standing,Time Placed in Position,218
Standing,Time of Vitals Measurement #3,218
Triplicate Orthostatic BP and HR - 3h Postdose,Were Vital Signs Collected?,219
Triplicate Orthostatic BP and HR - 3h Postdose,"If not collected, reason:",219
Triplicate Orthostatic BP and HR - 3h Postdose,Collection Date,219
Triplicate Orthostatic BP and HR - 3h Postdose,Time Placed in Position,219
Standing,Time Placed in Position,220
Standing,Time of Vitals Measurement #3,220
Triplicate Orthostatic BP and HR - 4h Postdose,Were Vital Signs Collected?,221
Triplicate Orthostatic BP and HR - 4h Postdose,"If not collected, reason:",221
Triplicate Orthostatic BP and HR - 4h Postdose,Collection Date,221
Triplicate Orthostatic BP and HR - 4h Postdose,Time Placed in Position,221
Standing,Time Placed in Position,222
Standing,Time of Vitals Measurement #3,222
Triplicate Orthostatic BP and HR - 6h Postdose,Were Vital Signs Collected?,223
Triplicate Orthostatic BP and HR - 6h Postdose,"If not collected, reason:",223
Triplicate Orthostatic BP and HR - 6h Postdose,Collection Date,223
Triplicate Orthostatic BP and HR - 6h Postdose,Time Placed in Position,223
Standing,Time Placed in Position,224
Standing,Time of Vitals Measurement #3,224
Triplicate Orthostatic BP and HR - 8h Postdose,Were Vital Signs Collected?,225
Triplicate Orthostatic BP and HR - 8h Postdose,"If not collected, reason:",225
Triplicate Orthostatic BP and HR - 8h Postdose,Collection Date,225
Triplicate Orthostatic BP and HR - 8h Postdose,Time Placed in Position,225
Standing,Time Placed in Position,226
Standing,Time of Vitals Measurement #3,226
Visit Date,Visit Date,227
Visit Date,Skip to next visit,227
Visit Date,Skip to Early Termination visit,227
AE and CM prompt,Has the subject had any changes to their health since previous visit?,228
AE and CM prompt,Are there any changes in concomitant medications including dose changes to be reported?,228
Body Temperature and Respiratory Rate - Predose,Were Vital Signs Collected?,229
Body Temperature and Respiratory Rate - Predose,"If not collected, reason:",229
Body Temperature and Respiratory Rate - Predose,Collection Date,229
Body Temperature and Respiratory Rate - Predose,Respiratory Rate (breaths/min),229
Body Temperature and Respiratory Rate - Predose,Body Temperature (celsius),229
Triplicate Orthostatic BP and HR - Predose,Were Vital Signs Collected?,230
Triplicate Orthostatic BP and HR - Predose,"If not collected, reason:",230
Triplicate Orthostatic BP and HR - Predose,Collection Date,230
Triplicate Orthostatic BP and HR - Predose,Time Placed in Position,230
Standing,Time Placed in Position,231
Standing,Time of Vitals Measurement #3,231
12-lead ECG - Discharge,Timepoint,232
12-lead ECG - Discharge,Was 12 Lead ECG Performed?,232
12-lead ECG - Discharge,"If no, Reason not done",232
12-lead ECG - Discharge,Date of ECG,232
12-lead ECG - Discharge,Time subject became supine:,232
12-lead ECG - Discharge,Time of ECG assessment,232
12-lead ECG - Discharge,Overall ECG interpretation,232
12-lead ECG - Discharge,Abnormal Findings,232
12-lead ECG - Discharge,Was the ECG abnormality clinically significant?,232
12-lead ECG - Discharge,Are additional ECG assessments required?,232
Clinical Laboratory Assessments,Timepoint,234
Clinical Laboratory Assessments,Comments,234
Clinical Laboratory Assessments,Was subject in fasting state?,234
Clinical Laboratory Assessments,Sample,234
Clinical Laboratory Assessments,done,234
Clinical Laboratory Assessments,Date of Collection,234
Clinical Laboratory Assessments,Collection,234
Clinical Laboratory Assessments,Number,234
Clinical Laboratory Assessments,Status,234
Laboratory results review,Laboratory collection date,236
Laboratory results review,Laboratory results review date,236
Laboratory results review,Has the investigator reviewed all laboratory results from this visit and assessed abnormal results clinical significance?,236
Laboratory results review,Were there any clinically significant abnormal results?,236
Laboratory results review,Were there any clinically significant abnormal chemistry results?,236
Laboratory results review,Chemistry abnormal assay # 1 Investigator comment,237
Laboratory results review,Chemistry abnormal assay # 2 Investigator comment,238
Laboratory results review,Chemistry abnormal assay # 3 Investigator comment,239
Laboratory results review,Chemistry abnormal assay # 4 Investigator comment,240
Laboratory results review,Chemistry abnormal assay # 5 Investigator comment,241
Laboratory results review,Are there any additional clinically significant abnormal chemistry results to be entered?,241
Laboratory results review,Were there any clinically significant abnormal hematology results?,242
Laboratory results review,Hematology abnormal assay # 1 Investigator comment,242
Laboratory results review,Hematology abnormal assay # 2 Investigator comment,242
Laboratory results review,Hematology abnormal assay # 3 Investigator comment,243
Laboratory results review,Hematology abnormal assay # 4 Investigator comment,243
Laboratory results review,Hematology abnormal assay # 5 Investigator comment,244
Laboratory results review,Are there any clinically significant abnormal hematology results to be entered?,244
Laboratory results review,Were there any clinically significant abnormal urinalysis results?,244
Laboratory results review,Microscopic analysis if indicated,245
Laboratory results review,Urinalysis abnormal assay # 1 Investigator comment,245
Laboratory results review,Microscopic analysis if indicated,246
Laboratory results review,Urinalysis abnormal assay # 2 Investigator comment,246
Laboratory results review,Microscopic analysis if indicated,247
Laboratory results review,Urinalysis abnormal assay # 3 Investigator comment,247
Laboratory results review,Microscopic analysis if indicated,248
Laboratory results review,Urinalysis abnormal assay # 4 Investigator comment,248
Laboratory results review,Microscopic analysis if indicated,249
Laboratory results review,Urinalysis abnormal assay # 5 Investigator comment,249
Laboratory results review,Are there additional urinalysis clinically significant abnormal results to be entered?,249
Laboratory results review,Investigator`s signature for Local Laboratory Results Review,249
C-SSRS since last visit - Page 1,Was the questionnaire administered?,251
C-SSRS since last visit - Page 1,Date of completion,251
C-SSRS since last visit - Page 1,Rater's initials,251
C-SSRS since last visit - Page 1,Since Last Visit,251
C-SSRS since last visit - Page 1,No,251
C-SSRS since last visit - Page 1,3. Active suicidal ideation with any methods (not plan) without intent to act,252
C-SSRS since last visit - Page 1,Have you been thinking about how you might do this?,252
C-SSRS since last visit - Page 1,"4. Active suicidal ideation with some intent to act, without specific plan",252
C-SSRS since last visit - Page 1,Have you had these thoughts and had some intention of acting on them?,252
C-SSRS since last visit - Page 1,5. Active suicidal ideation with specific plan and intent,252
C-SSRS since last visit - Page 1,Do you intend to carry out this plan?,252
C-SSRS since last visit - Page 2,intent,253
C-SSRS since last visit - Page 2,Description of Ideation,253
C-SSRS since last visit - Page 2,(2) Once a week,253
C-SSRS since last visit - Page 2,(5) More than 8 hours/persistent or continuous,253
C-SSRS since last visit - Page 2,(0) Does not attempt to control thoughts,254
C-SSRS since last visit - Page 2,(0) Does not apply,254
C-SSRS since last visit - Page 3,"Actual attempt: A potentially self-injurious act committed with at least some wish to die, as a result of act. Behaviour was in part thought of as method to kill oneself. Intent does not have to be 100%. If there is any intent/desire to die associated with the act, then it can be considered an actual suicide attempt. There does not have to be any injury or harm, just the potential for injury or harm. If a person pulls the trigger while gun is in mouth but gun is broken so no injury results, this is considered an attempt. Inferring Intent: even if an individual denies intent/wish to die, it may be inferred clinically from the behaviour or circumstances. For example, a highly lethal act that is clearly not an accident so no other intent but suicide can be inferred (e.g. gunshot to the head, jumping from window of a high",256
C-SSRS since last visit - Page 3,"If Yes, Total number of attempts",256
C-SSRS since last visit - Page 3,"If Yes, describe",256
C-SSRS since last visit - Page 3,Has subject engaged in Non-Suicidal self-injurious behavior?,256
C-SSRS since last visit - Page 3,"Interrupted attempt: When the person is interrupted (by an outside circumstance) from starting the potentially self- injurious act (if not for that, actual attempt would have occurred).",256
C-SSRS since last visit - Page 3,"If Yes, Total number of interrupted attempts",257
C-SSRS since last visit - Page 3,"If Yes, describe",257
C-SSRS since last visit - Page 3,"Aborted attempt: When person begins to take steps toward making a suicide attempt, but stops themselves before they actually have engaged in any self destructive behaviour. Examples are similar to interrupted attempts, except that the individual stops him/herself, instead of being stopped by something else. Has there been a time when you started to do something to try to end your life but you stopped yourself before you actually did anything?",257
C-SSRS since last visit - Page 3,"If Yes, Total number of aborted attempts",257
C-SSRS since last visit - Page 3,"Preparatory acts or behavior: Acts or preparation towards imminently making a suicide attempt. This can include anything beyond a verbalization or thought such as assembling a specific method (e.g., buying pills, purchasing a gun) or preparing for one's death by suicide (e.g., giving things away, writing a suicide note) Have you taken any step towards making a suicide attempt or preparing to kill yourself (such as collecting pills, getting a gun, giving valuables away or writing a suicide note?)",257
C-SSRS since last visit - Page 3,Suicidal behavior: Suicidal behavior was present during the assessment period?,258
C-SSRS since last visit - Page 3,Suicide:,258
C-SSRS since last visit - Page 4,Date of Attempt,259
C-SSRS since last visit - Page 4,Actual Lethality/Medical Damage:,259
C-SSRS since last visit - Page 4,tracks with oncoming train but pulled away before run over).,259
C-SSRS since last visit - Page 4,Potential Lethality: Only answer if Actual Lethality=0,259
IMP Administration - Sertraline and Propranolol,Has subject been fasting (no food) for a minimum of 10 hours prior to the scheduled dosing?,260
IMP Administration - Sertraline and Propranolol,Was Sertraline administered?,260
IMP Administration - Sertraline and Propranolol,"If no, reason",260
IMP Administration - Sertraline and Propranolol,Treatment,260
IMP Administration - Sertraline and Propranolol,Dose Unit,260
IMP Administration - Sertraline and Propranolol,Dose Form,260
IMP Administration - Sertraline and Propranolol,Date of Administration,260
IMP Administration - Sertraline and Propranolol,Time of Administration,260
IMP Administration - Sertraline and Propranolol,Dosing Comments (optional),261
IMP Administration - Sertraline and Propranolol,Was Propranol administered?,261
IMP Administration - Sertraline and Propranolol,"If no, reason",261
IMP Administration - Sertraline and Propranolol,Treatment,261
IMP Administration - Sertraline and Propranolol,Dose Unit,261
IMP Administration - Sertraline and Propranolol,Dose Form,261
IMP Administration - Sertraline and Propranolol,Time of Administration,262
IMP Administration - Sertraline and Propranolol,Dosing Comments (optional),262
PK Blood Draw - Sertraline,Was PK Collection Performed?,263
PK Blood Draw - Sertraline,"If not performed, Reason:",263
PK Blood Draw - Sertraline,Date of Collection,263
PK Blood Draw - Sertraline,Row 1 - Timepoint,263
PK Blood Draw - Sertraline,Row 1 - Collection,263
PK Blood Draw - Sertraline,Row 1 - Number,263
PK Blood Draw - Sertraline,Row 1 - Barcode Number,263
PK Blood Draw - Sertraline,Row 1 - Status,263
PK Blood Draw - Sertraline,Row 1 - Sample,263
PK Blood Draw - Sertraline,Row 2 - Timepoint,263
PK Blood Draw - Sertraline,Row 2 - Collection,263
PK Blood Draw - Sertraline,Row 2 - Number,263
PK Blood Draw - Sertraline,Row 2 - Barcode Number,263
PK Blood Draw - Sertraline,Row 2 - Status,263
PK Blood Draw - Sertraline,Row 2 - Sample,263
PK Blood Draw - Sertraline,Row 3 - Collected,264
PK Blood Draw - Sertraline,Row 3 - Propranolol PK Prazosin PK,264
PK Blood Draw - Sertraline,Row 4 - Propranolol PK Prazosin PK,264
PK Blood Draw - Sertraline,Row 4 - Collected,264
PK Blood Draw - Sertraline,Row 5 - Propranolol PK Prazosin PK,264
PK Blood Draw - Sertraline,Row 5 - Collected,264
PK Blood Draw - Propranolol,Was PK Collection Performed?,265
PK Blood Draw - Propranolol,"If not performed, Reason:",265
PK Blood Draw - Propranolol,Date of Collection,265
PK Blood Draw - Propranolol,Row 1 - Timepoint,265
PK Blood Draw - Propranolol,Row 1 - Collection,265
PK Blood Draw - Propranolol,Row 1 - Number,265
PK Blood Draw - Propranolol,Row 1 - Barcode Number,265
PK Blood Draw - Propranolol,Row 1 - Status,265
PK Blood Draw - Propranolol,Row 1 - Sample,265
PK Blood Draw - Propranolol,Row 2 - Timepoint,265
PK Blood Draw - Propranolol,Row 2 - Collection,265
PK Blood Draw - Propranolol,Row 2 - Number,265
PK Blood Draw - Propranolol,Row 2 - Barcode Number,265
PK Blood Draw - Propranolol,Row 2 - Status,265
PK Blood Draw - Propranolol,Row 2 - Sample,265
PK Blood Draw - Propranolol,Row 3 - Collected,266
PK Blood Draw - Propranolol,Row 3 - Propranolol PK Prazosin PK,266
PK Blood Draw - Propranolol,Row 4 - Propranolol PK Prazosin PK,266
PK Blood Draw - Propranolol,Row 4 - Collected,266
PK Blood Draw - Propranolol,Row 5 - Propranolol PK Prazosin PK,266
PK Blood Draw - Propranolol,Row 5 - Collected,266
Triplicate Orthostatic BP and HR - 1h Postdose,Were Vital Signs Collected?,267
Triplicate Orthostatic BP and HR - 1h Postdose,"If not collected, reason:",267
Triplicate Orthostatic BP and HR - 1h Postdose,Collection Date,267
Triplicate Orthostatic BP and HR - 1h Postdose,Time Placed in Position,267
Standing,Time Placed in Position,268
Standing,Time of Vitals Measurement #3,268
Triplicate Orthostatic BP and HR - 1.5h Postdose,Were Vital Signs Collected?,269
Triplicate Orthostatic BP and HR - 1.5h Postdose,"If not collected, reason:",269
Triplicate Orthostatic BP and HR - 1.5h Postdose,Collection Date,269
Triplicate Orthostatic BP and HR - 1.5h Postdose,Time Placed in Position,269
Standing,Time Placed in Position,270
Standing,Time of Vitals Measurement #3,270
Triplicate Orthostatic BP and HR - 2h Postdose,Were Vital Signs Collected?,271
Triplicate Orthostatic BP and HR - 2h Postdose,"If not collected, reason:",271
Triplicate Orthostatic BP and HR - 2h Postdose,Collection Date,271
Triplicate Orthostatic BP and HR - 2h Postdose,Time Placed in Position,271
Standing,Time Placed in Position,272
Standing,Time of Vitals Measurement #3,272
Triplicate Orthostatic BP and HR - 2.5h Postdose,Were Vital Signs Collected?,273
Triplicate Orthostatic BP and HR - 2.5h Postdose,"If not collected, reason:",273
Triplicate Orthostatic BP and HR - 2.5h Postdose,Collection Date,273
Triplicate Orthostatic BP and HR - 2.5h Postdose,Time Placed in Position,273
Standing,Time Placed in Position,274
Standing,Time of Vitals Measurement #3,274
Triplicate Orthostatic BP and HR - 3h Postdose,Were Vital Signs Collected?,275
Triplicate Orthostatic BP and HR - 3h Postdose,"If not collected, reason:",275
Triplicate Orthostatic BP and HR - 3h Postdose,Collection Date,275
Triplicate Orthostatic BP and HR - 3h Postdose,Time Placed in Position,275
Standing,Time Placed in Position,276
Standing,Time of Vitals Measurement #3,276
Triplicate Orthostatic BP and HR - 4h Postdose,Were Vital Signs Collected?,277
Triplicate Orthostatic BP and HR - 4h Postdose,"If not collected, reason:",277
Triplicate Orthostatic BP and HR - 4h Postdose,Collection Date,277
Triplicate Orthostatic BP and HR - 4h Postdose,Time Placed in Position,277
Standing,Time Placed in Position,278
Standing,Time of Vitals Measurement #3,278
Triplicate Orthostatic BP and HR - 6h Postdose,Were Vital Signs Collected?,279
Triplicate Orthostatic BP and HR - 6h Postdose,"If not collected, reason:",279
Triplicate Orthostatic BP and HR - 6h Postdose,Collection Date,279
Triplicate Orthostatic BP and HR - 6h Postdose,Time Placed in Position,279
Standing,Time Placed in Position,280
Standing,Time of Vitals Measurement #3,280
Triplicate Orthostatic BP and HR - 8h Postdose,Were Vital Signs Collected?,281
Triplicate Orthostatic BP and HR - 8h Postdose,"If not collected, reason:",281
Triplicate Orthostatic BP and HR - 8h Postdose,Collection Date,281
Triplicate Orthostatic BP and HR - 8h Postdose,Time Placed in Position,281
Standing,Time Placed in Position,282
Standing,Time of Vitals Measurement #3,282
Visit Date,Visit Date,283
Visit Date,Skip to next visit,283
Visit Date,Skip to Early Termination visit,283
AE and CM prompt,Has the subject had any changes to their health since previous visit?,284
AE and CM prompt,Are there any changes in concomitant medications including dose changes to be reported?,284
Triplicate Orthostatic BP and HR - Predose,Were Vital Signs Collected?,285
Triplicate Orthostatic BP and HR - Predose,"If not collected, reason:",285
Triplicate Orthostatic BP and HR - Predose,Collection Date,285
Triplicate Orthostatic BP and HR - Predose,Time Placed in Position,285
Standing,Time Placed in Position,286
Standing,Time of Vitals Measurement #3,286
Physical Exam,Was the physical examination performed?,287
Physical Exam,Planned Timepoint,287
Physical Exam,Examination Date,287
Physical Exam,Examination Time,287
Physical Exam,Evaluator,287
Physical Exam,Clinically Significant,287
Physical Exam,Region/Body System,287
Physical Exam,Abnormal Findings,287
Physical Exam,Result,287
Physical Exam,Normal Abnormal Not Done,287
Physical Exam,Skin and Mucosae,288
Physical Exam,Neurological,288
Physical Exam,Extremities,288
Physical Exam,Abnormal,288
Clinical Laboratory Assessments,Timepoint,289
Clinical Laboratory Assessments,Comments,289
Clinical Laboratory Assessments,Was subject in fasting state?,289
Clinical Laboratory Assessments,Sample,289
Clinical Laboratory Assessments,done,289
Clinical Laboratory Assessments,Date of Collection,289
Clinical Laboratory Assessments,Collection,289
Clinical Laboratory Assessments,Number,289
Clinical Laboratory Assessments,Status,289
Laboratory results review,Laboratory collection date,291
Laboratory results review,Laboratory results review date,291
Laboratory results review,Has the investigator reviewed all laboratory results from this visit and assessed abnormal results clinical significance?,291
Laboratory results review,Were there any clinically significant abnormal results?,291
Laboratory results review,Were there any clinically significant abnormal chemistry results?,291
Laboratory results review,Chemistry abnormal assay # 1 Investigator comment,292
Laboratory results review,Chemistry abnormal assay # 2 Investigator comment,293
Laboratory results review,Chemistry abnormal assay # 3 Investigator comment,294
Laboratory results review,Chemistry abnormal assay # 4 Investigator comment,295
Laboratory results review,Chemistry abnormal assay # 5 Investigator comment,296
Laboratory results review,Are there any additional clinically significant abnormal chemistry results to be entered?,296
Laboratory results review,Were there any clinically significant abnormal hematology results?,297
Laboratory results review,Hematology abnormal assay # 1 Investigator comment,297
Laboratory results review,Hematology abnormal assay # 2 Investigator comment,297
Laboratory results review,Hematology abnormal assay # 3 Investigator comment,298
Laboratory results review,Hematology abnormal assay # 4 Investigator comment,298
Laboratory results review,Hematology abnormal assay # 5 Investigator comment,299
Laboratory results review,Are there any clinically significant abnormal hematology results to be entered?,299
Laboratory results review,Were there any clinically significant abnormal urinalysis results?,299
Laboratory results review,Microscopic analysis if indicated,300
Laboratory results review,Urinalysis abnormal assay # 1 Investigator comment,300
Laboratory results review,Microscopic analysis if indicated,301
Laboratory results review,Urinalysis abnormal assay # 2 Investigator comment,301
Laboratory results review,Microscopic analysis if indicated,302
Laboratory results review,Urinalysis abnormal assay # 3 Investigator comment,302
Laboratory results review,Microscopic analysis if indicated,303
Laboratory results review,Urinalysis abnormal assay # 4 Investigator comment,303
Laboratory results review,Microscopic analysis if indicated,304
Laboratory results review,Urinalysis abnormal assay # 5 Investigator comment,304
Laboratory results review,Are there additional urinalysis clinically significant abnormal results to be entered?,304
Laboratory results review,Investigator`s signature for Local Laboratory Results Review,304
Pregnancy test,Was a Pregnancy Test Performed?,305
Pregnancy test,If not done reason,305
Pregnancy test,Type of pregnancy test,305
Pregnancy test,Barcode Number,305
Pregnancy test,Kit Expiration Date,305
Pregnancy test,Kit Batch Number,305
Pregnancy test,Date of Sample,305
Pregnancy test,Time of Sample,305
Pregnancy test,Result,305
Alcohol Screen - Urine or Breath,Was Test Performed?,306
Alcohol Screen - Urine or Breath,Sample Type,306
Alcohol Screen - Urine or Breath,"If no, Reason Not Done",306
Alcohol Screen - Urine or Breath,Date of Test,306
Alcohol Screen - Urine or Breath,Time of Test,306
Alcohol Screen - Urine or Breath,Result,306
Alcohol Screen - Urine or Breath,Was a Repeat test performed?,306
Alcohol Screen - Urine or Breath,Time of Repeat Test,306
Alcohol Screen - Urine or Breath,Result of Repeat Test,307
Urine Drug Screen,Amphetamines,308
Urine Drug Screen,Was Urine Drug Screen Performed?,308
Urine Drug Screen,If not done reason,308
Urine Drug Screen,Manufacturer,308
Urine Drug Screen,Item #,308
Urine Drug Screen,Lot,308
Urine Drug Screen,Expiration Date,308
Urine Drug Screen,Date of Sample,308
Urine Drug Screen,Time of Sample,308
Cotinine Screen,Was Cotinine Screen Performed?,310
Cotinine Screen,If not done reason,310
Cotinine Screen,Sample Type,310
Cotinine Screen,Manufacturer,310
Cotinine Screen,Item #,310
Cotinine Screen,Lot,310
Cotinine Screen,Expiration Date,310
Cotinine Screen,Date of Sample,310
Cotinine Screen,Time of Sample,310
IMP Administration - Sertraline and Brexpiprazole,Has subject been fasting (no food) for a minimum of 10 hours prior to the scheduled dosing?,312
IMP Administration - Sertraline and Brexpiprazole,Was Sertraline administered?,312
IMP Administration - Sertraline and Brexpiprazole,"If no, reason",312
IMP Administration - Sertraline and Brexpiprazole,Treatment,312
IMP Administration - Sertraline and Brexpiprazole,Dose Unit,312
IMP Administration - Sertraline and Brexpiprazole,Dose Form,312
IMP Administration - Sertraline and Brexpiprazole,Date of Administration,312
IMP Administration - Sertraline and Brexpiprazole,Time of Administration,312
IMP Administration - Sertraline and Brexpiprazole,Dosing Comments (optional),313
IMP Administration - Sertraline and Brexpiprazole,Was Brexpiprazole administered?,313
IMP Administration - Sertraline and Brexpiprazole,"If no, reason",313
IMP Administration - Sertraline and Brexpiprazole,Treatment,313
IMP Administration - Sertraline and Brexpiprazole,Dose Unit,313
IMP Administration - Sertraline and Brexpiprazole,Dose Form,313
IMP Administration - Sertraline and Brexpiprazole,Time of Administration,314
IMP Administration - Sertraline and Brexpiprazole,Dosing Comments (optional),314
PK Blood Draw - Brexpiprazole/Sertraline,Was PK Collection Performed?,315
PK Blood Draw - Brexpiprazole/Sertraline,"If not performed, Reason:",315
PK Blood Draw - Brexpiprazole/Sertraline,Date of Collection,315
PK Blood Draw - Brexpiprazole/Sertraline,Row 1 - Timepoint,315
PK Blood Draw - Brexpiprazole/Sertraline,Row 1 - Collection,315
PK Blood Draw - Brexpiprazole/Sertraline,Row 1 - Number,315
PK Blood Draw - Brexpiprazole/Sertraline,Row 1 - Barcode Number,315
PK Blood Draw - Brexpiprazole/Sertraline,Row 1 - Status,315
PK Blood Draw - Brexpiprazole/Sertraline,Row 1 - Prazosin PK,315
Visit Date,Visit Date,316
Visit Date,Skip to next visit,316
Visit Date,Skip to Early Termination visit,316
AE and CM prompt,Has the subject had any changes to their health since previous visit?,317
AE and CM prompt,Are there any changes in concomitant medications including dose changes to be reported?,317
Body Temperature and Respiratory Rate - Predose,Were Vital Signs Collected?,318
Body Temperature and Respiratory Rate - Predose,"If not collected, reason:",318
Body Temperature and Respiratory Rate - Predose,Collection Date,318
Body Temperature and Respiratory Rate - Predose,Respiratory Rate (breaths/min),318
Body Temperature and Respiratory Rate - Predose,Body Temperature (celsius),318
Triplicate Orthostatic BP and HR - Predose,Were Vital Signs Collected?,319
Triplicate Orthostatic BP and HR - Predose,"If not collected, reason:",319
Triplicate Orthostatic BP and HR - Predose,Collection Date,319
Triplicate Orthostatic BP and HR - Predose,Time Placed in Position,319
Standing,Time Placed in Position,320
Standing,Time of Vitals Measurement #3,320
C-SSRS since last visit - Page 1,Was the questionnaire administered?,322
C-SSRS since last visit - Page 1,Date of completion,322
C-SSRS since last visit - Page 1,Rater's initials,322
C-SSRS since last visit - Page 1,Since Last Visit,322
C-SSRS since last visit - Page 1,No,322
C-SSRS since last visit - Page 1,3. Active suicidal ideation with any methods (not plan) without intent to act,323
C-SSRS since last visit - Page 1,Have you been thinking about how you might do this?,323
C-SSRS since last visit - Page 1,"4. Active suicidal ideation with some intent to act, without specific plan",323
C-SSRS since last visit - Page 1,Have you had these thoughts and had some intention of acting on them?,323
C-SSRS since last visit - Page 1,5. Active suicidal ideation with specific plan and intent,323
C-SSRS since last visit - Page 1,Do you intend to carry out this plan?,323
C-SSRS since last visit - Page 2,intent,324
C-SSRS since last visit - Page 2,Description of Ideation,324
C-SSRS since last visit - Page 2,(2) Once a week,324
C-SSRS since last visit - Page 2,(5) More than 8 hours/persistent or continuous,324
C-SSRS since last visit - Page 2,(0) Does not attempt to control thoughts,325
C-SSRS since last visit - Page 2,(0) Does not apply,325
C-SSRS since last visit - Page 3,"Actual attempt: A potentially self-injurious act committed with at least some wish to die, as a result of act. Behaviour was in part thought of as method to kill oneself. Intent does not have to be 100%. If there is any intent/desire to die associated with the act, then it can be considered an actual suicide attempt. There does not have to be any injury or harm, just the potential for injury or harm. If a person pulls the trigger while gun is in mouth but gun is broken so no injury results, this is considered an attempt. Inferring Intent: even if an individual denies intent/wish to die, it may be inferred clinically from the behaviour or circumstances. For example, a highly lethal act that is clearly not an accident so no other intent but suicide can be inferred (e.g. gunshot to the head, jumping from window of a high",327
C-SSRS since last visit - Page 3,"If Yes, Total number of attempts",327
C-SSRS since last visit - Page 3,"If Yes, describe",327
C-SSRS since last visit - Page 3,Has subject engaged in Non-Suicidal self-injurious behavior?,327
C-SSRS since last visit - Page 3,"Interrupted attempt: When the person is interrupted (by an outside circumstance) from starting the potentially self- injurious act (if not for that, actual attempt would have occurred).",327
C-SSRS since last visit - Page 3,"If Yes, Total number of interrupted attempts",328
C-SSRS since last visit - Page 3,"If Yes, describe",328
C-SSRS since last visit - Page 3,"Aborted attempt: When person begins to take steps toward making a suicide attempt, but stops themselves before they actually have engaged in any self destructive behaviour. Examples are similar to interrupted attempts, except that the individual stops him/herself, instead of being stopped by something else. Has there been a time when you started to do something to try to end your life but you stopped yourself before you actually did anything?",328
C-SSRS since last visit - Page 3,"If Yes, Total number of aborted attempts",328
C-SSRS since last visit - Page 3,"Preparatory acts or behavior: Acts or preparation towards imminently making a suicide attempt. This can include anything beyond a verbalization or thought such as assembling a specific method (e.g., buying pills, purchasing a gun) or preparing for one's death by suicide (e.g., giving things away, writing a suicide note) Have you taken any step towards making a suicide attempt or preparing to kill yourself (such as collecting pills, getting a gun, giving valuables away or writing a suicide note?)",328
C-SSRS since last visit - Page 3,Suicidal behavior: Suicidal behavior was present during the assessment period?,329
C-SSRS since last visit - Page 3,Suicide:,329
C-SSRS since last visit - Page 4,Date of Attempt,330
C-SSRS since last visit - Page 4,Actual Lethality/Medical Damage:,330
C-SSRS since last visit - Page 4,tracks with oncoming train but pulled away before run over).,330
C-SSRS since last visit - Page 4,Potential Lethality: Only answer if Actual Lethality=0,330
IMP Administration - Sertraline and Brexpiprazole,Has subject been fasting (no food) for a minimum of 10 hours prior to the scheduled dosing?,331
IMP Administration - Sertraline and Brexpiprazole,Was Sertraline administered?,331
IMP Administration - Sertraline and Brexpiprazole,"If no, reason",331
IMP Administration - Sertraline and Brexpiprazole,Treatment,331
IMP Administration - Sertraline and Brexpiprazole,Dose Unit,331
IMP Administration - Sertraline and Brexpiprazole,Dose Form,331
IMP Administration - Sertraline and Brexpiprazole,Date of Administration,331
IMP Administration - Sertraline and Brexpiprazole,Time of Administration,331
IMP Administration - Sertraline and Brexpiprazole,Dosing Comments (optional),332
IMP Administration - Sertraline and Brexpiprazole,Was Brexpiprazole administered?,332
IMP Administration - Sertraline and Brexpiprazole,"If no, reason",332
IMP Administration - Sertraline and Brexpiprazole,Treatment,332
IMP Administration - Sertraline and Brexpiprazole,Dose Unit,332
IMP Administration - Sertraline and Brexpiprazole,Dose Form,332
IMP Administration - Sertraline and Brexpiprazole,Time of Administration,333
IMP Administration - Sertraline and Brexpiprazole,Dosing Comments (optional),333
PK Blood Draw - Brexpiprazole/Sertraline,Was PK Collection Performed?,334
PK Blood Draw - Brexpiprazole/Sertraline,"If not performed, Reason:",334
PK Blood Draw - Brexpiprazole/Sertraline,Date of Collection,334
PK Blood Draw - Brexpiprazole/Sertraline,Row 1 - Timepoint,334
PK Blood Draw - Brexpiprazole/Sertraline,Row 1 - Collection,334
PK Blood Draw - Brexpiprazole/Sertraline,Row 1 - Number,334
PK Blood Draw - Brexpiprazole/Sertraline,Row 1 - Barcode Number,334
PK Blood Draw - Brexpiprazole/Sertraline,Row 1 - Status,334
PK Blood Draw - Brexpiprazole/Sertraline,Row 1 - Sample,334
PK Blood Draw - Brexpiprazole/Sertraline,Row 2 - Timepoint,334
PK Blood Draw - Brexpiprazole/Sertraline,Row 2 - Collection,334
PK Blood Draw - Brexpiprazole/Sertraline,Row 2 - Number,334
PK Blood Draw - Brexpiprazole/Sertraline,Row 2 - Barcode Number,334
PK Blood Draw - Brexpiprazole/Sertraline,Row 2 - Status,334
PK Blood Draw - Brexpiprazole/Sertraline,Row 2 - Sample,334
PK Blood Draw - Brexpiprazole/Sertraline,Prazosin PK,335
PK Blood Draw - Brexpiprazole/Sertraline,Row 4 - Collected,335
PK Blood Draw - Brexpiprazole/Sertraline,Row 4 - Prazosin PK,335
PK Blood Draw - Brexpiprazole/Sertraline,Row 5 - Collected,335
PK Blood Draw - Brexpiprazole/Sertraline,Row 5 - Prazosin PK,335
Triplicate Orthostatic BP and HR - 1h Postdose,Were Vital Signs Collected?,336
Triplicate Orthostatic BP and HR - 1h Postdose,"If not collected, reason:",336
Triplicate Orthostatic BP and HR - 1h Postdose,Collection Date,336
Triplicate Orthostatic BP and HR - 1h Postdose,Time Placed in Position,336
Standing,Time Placed in Position,337
Standing,Time of Vitals Measurement #3,337
Triplicate Orthostatic BP and HR - 1.5h Postdose,Were Vital Signs Collected?,338
Triplicate Orthostatic BP and HR - 1.5h Postdose,"If not collected, reason:",338
Triplicate Orthostatic BP and HR - 1.5h Postdose,Collection Date,338
Triplicate Orthostatic BP and HR - 1.5h Postdose,Time Placed in Position,338
Standing,Time Placed in Position,339
Standing,Time of Vitals Measurement #3,339
Triplicate Orthostatic BP and HR - 2h Postdose,Were Vital Signs Collected?,340
Triplicate Orthostatic BP and HR - 2h Postdose,"If not collected, reason:",340
Triplicate Orthostatic BP and HR - 2h Postdose,Collection Date,340
Triplicate Orthostatic BP and HR - 2h Postdose,Time Placed in Position,340
Standing,Time Placed in Position,341
Standing,Time of Vitals Measurement #3,341
Triplicate Orthostatic BP and HR - 2.5h Postdose,Were Vital Signs Collected?,342
Triplicate Orthostatic BP and HR - 2.5h Postdose,"If not collected, reason:",342
Triplicate Orthostatic BP and HR - 2.5h Postdose,Collection Date,342
Triplicate Orthostatic BP and HR - 2.5h Postdose,Time Placed in Position,342
Standing,Time Placed in Position,343
Standing,Time of Vitals Measurement #3,343
Triplicate Orthostatic BP and HR - 3h Postdose,Were Vital Signs Collected?,344
Triplicate Orthostatic BP and HR - 3h Postdose,"If not collected, reason:",344
Triplicate Orthostatic BP and HR - 3h Postdose,Collection Date,344
Triplicate Orthostatic BP and HR - 3h Postdose,Time Placed in Position,344
Standing,Time Placed in Position,345
Standing,Time of Vitals Measurement #3,345
Triplicate Orthostatic BP and HR - 4h Postdose,Were Vital Signs Collected?,346
Triplicate Orthostatic BP and HR - 4h Postdose,"If not collected, reason:",346
Triplicate Orthostatic BP and HR - 4h Postdose,Collection Date,346
Triplicate Orthostatic BP and HR - 4h Postdose,Time Placed in Position,346
Standing,Time Placed in Position,347
Standing,Time of Vitals Measurement #3,347
12-lead ECG - 4h Postdose,Timepoint,348
12-lead ECG - 4h Postdose,Was 12 Lead ECG Performed?,348
12-lead ECG - 4h Postdose,"If no, Reason not done",348
12-lead ECG - 4h Postdose,Date of ECG,348
12-lead ECG - 4h Postdose,Time subject became supine:,348
12-lead ECG - 4h Postdose,Time of ECG assessment,348
12-lead ECG - 4h Postdose,Overall ECG interpretation,348
12-lead ECG - 4h Postdose,Abnormal Findings,348
12-lead ECG - 4h Postdose,Was the ECG abnormality clinically significant?,348
12-lead ECG - 4h Postdose,Are additional ECG assessments required?,348
Triplicate Orthostatic BP and HR - 6h Postdose,Were Vital Signs Collected?,350
Triplicate Orthostatic BP and HR - 6h Postdose,"If not collected, reason:",350
Triplicate Orthostatic BP and HR - 6h Postdose,Collection Date,350
Triplicate Orthostatic BP and HR - 6h Postdose,Time Placed in Position,350
Standing,Time Placed in Position,351
Standing,Time of Vitals Measurement #3,351
Triplicate Orthostatic BP and HR - 8h Postdose,Were Vital Signs Collected?,352
Triplicate Orthostatic BP and HR - 8h Postdose,"If not collected, reason:",352
Triplicate Orthostatic BP and HR - 8h Postdose,Collection Date,352
Triplicate Orthostatic BP and HR - 8h Postdose,Time Placed in Position,352
Standing,Time Placed in Position,353
Standing,Time of Vitals Measurement #3,353
Visit Date,Visit Date,354
Visit Date,Skip to next visit,354
Visit Date,Skip to Early Termination visit,354
AE and CM prompt,Has the subject had any changes to their health since previous visit?,355
AE and CM prompt,Are there any changes in concomitant medications including dose changes to be reported?,355
Body Temperature and Respiratory Rate - Predose,Were Vital Signs Collected?,356
Body Temperature and Respiratory Rate - Predose,"If not collected, reason:",356
Body Temperature and Respiratory Rate - Predose,Collection Date,356
Body Temperature and Respiratory Rate - Predose,Respiratory Rate (breaths/min),356
Body Temperature and Respiratory Rate - Predose,Body Temperature (celsius),356
Triplicate Orthostatic BP and HR - Predose,Were Vital Signs Collected?,357
Triplicate Orthostatic BP and HR - Predose,"If not collected, reason:",357
Triplicate Orthostatic BP and HR - Predose,Collection Date,357
Triplicate Orthostatic BP and HR - Predose,Time Placed in Position,357
Standing,Time Placed in Position,358
Standing,Time of Vitals Measurement #3,358
C-SSRS since last visit - Page 1,Was the questionnaire administered?,360
C-SSRS since last visit - Page 1,Date of completion,360
C-SSRS since last visit - Page 1,Rater's initials,360
C-SSRS since last visit - Page 1,Since Last Visit,360
C-SSRS since last visit - Page 1,No,360
C-SSRS since last visit - Page 1,3. Active suicidal ideation with any methods (not plan) without intent to act,361
C-SSRS since last visit - Page 1,Have you been thinking about how you might do this?,361
C-SSRS since last visit - Page 1,"4. Active suicidal ideation with some intent to act, without specific plan",361
C-SSRS since last visit - Page 1,Have you had these thoughts and had some intention of acting on them?,361
C-SSRS since last visit - Page 1,5. Active suicidal ideation with specific plan and intent,361
C-SSRS since last visit - Page 1,Do you intend to carry out this plan?,361
C-SSRS since last visit - Page 2,intent,362
C-SSRS since last visit - Page 2,Description of Ideation,362
C-SSRS since last visit - Page 2,(2) Once a week,362
C-SSRS since last visit - Page 2,(5) More than 8 hours/persistent or continuous,362
C-SSRS since last visit - Page 2,(0) Does not attempt to control thoughts,363
C-SSRS since last visit - Page 2,(0) Does not apply,363
C-SSRS since last visit - Page 3,"Actual attempt: A potentially self-injurious act committed with at least some wish to die, as a result of act. Behaviour was in part thought of as method to kill oneself. Intent does not have to be 100%. If there is any intent/desire to die associated with the act, then it can be considered an actual suicide attempt. There does not have to be any injury or harm, just the potential for injury or harm. If a person pulls the trigger while gun is in mouth but gun is broken so no injury results, this is considered an attempt. Inferring Intent: even if an individual denies intent/wish to die, it may be inferred clinically from the behaviour or circumstances. For example, a highly lethal act that is clearly not an accident so no other intent but suicide can be inferred (e.g. gunshot to the head, jumping from window of a high",365
C-SSRS since last visit - Page 3,"If Yes, Total number of attempts",365
C-SSRS since last visit - Page 3,"If Yes, describe",365
C-SSRS since last visit - Page 3,Has subject engaged in Non-Suicidal self-injurious behavior?,365
C-SSRS since last visit - Page 3,"Interrupted attempt: When the person is interrupted (by an outside circumstance) from starting the potentially self- injurious act (if not for that, actual attempt would have occurred).",365
C-SSRS since last visit - Page 3,"If Yes, Total number of interrupted attempts",366
C-SSRS since last visit - Page 3,"If Yes, describe",366
C-SSRS since last visit - Page 3,"Aborted attempt: When person begins to take steps toward making a suicide attempt, but stops themselves before they actually have engaged in any self destructive behaviour. Examples are similar to interrupted attempts, except that the individual stops him/herself, instead of being stopped by something else. Has there been a time when you started to do something to try to end your life but you stopped yourself before you actually did anything?",366
C-SSRS since last visit - Page 3,"If Yes, Total number of aborted attempts",366
C-SSRS since last visit - Page 3,"Preparatory acts or behavior: Acts or preparation towards imminently making a suicide attempt. This can include anything beyond a verbalization or thought such as assembling a specific method (e.g., buying pills, purchasing a gun) or preparing for one's death by suicide (e.g., giving things away, writing a suicide note) Have you taken any step towards making a suicide attempt or preparing to kill yourself (such as collecting pills, getting a gun, giving valuables away or writing a suicide note?)",366
C-SSRS since last visit - Page 3,Suicidal behavior: Suicidal behavior was present during the assessment period?,367
C-SSRS since last visit - Page 3,Suicide:,367
C-SSRS since last visit - Page 4,Date of Attempt,368
C-SSRS since last visit - Page 4,Actual Lethality/Medical Damage:,368
C-SSRS since last visit - Page 4,tracks with oncoming train but pulled away before run over).,368
C-SSRS since last visit - Page 4,Potential Lethality: Only answer if Actual Lethality=0,368
"IMP Administration - Sertraline, Brexpiprazole and Prazosin",Has subject been fasting (no food) for a minimum of 10 hours prior to the scheduled dosing?,369
"IMP Administration - Sertraline, Brexpiprazole and Prazosin",Was Sertraline administered?,369
"IMP Administration - Sertraline, Brexpiprazole and Prazosin","If no, reason",369
"IMP Administration - Sertraline, Brexpiprazole and Prazosin",Treatment,369
"IMP Administration - Sertraline, Brexpiprazole and Prazosin",Dose Unit,369
"IMP Administration - Sertraline, Brexpiprazole and Prazosin",Dose Form,369
"IMP Administration - Sertraline, Brexpiprazole and Prazosin",Date of Administration,369
"IMP Administration - Sertraline, Brexpiprazole and Prazosin",Time of Administration,369
"IMP Administration - Sertraline, Brexpiprazole and Prazosin",Dosing Comments (optional),370
"IMP Administration - Sertraline, Brexpiprazole and Prazosin",Was Brexpiprazole administered?,370
"IMP Administration - Sertraline, Brexpiprazole and Prazosin","If no, reason",370
"IMP Administration - Sertraline, Brexpiprazole and Prazosin",Treatment,370
"IMP Administration - Sertraline, Brexpiprazole and Prazosin",Dose Unit,370
"IMP Administration - Sertraline, Brexpiprazole and Prazosin",Dose Form,370
"IMP Administration - Sertraline, Brexpiprazole and Prazosin",Time of Administration,371
"IMP Administration - Sertraline, Brexpiprazole and Prazosin",Dosing Comments (optional),371
"IMP Administration - Sertraline, Brexpiprazole and Prazosin",Was Prazosin administered?,371
"IMP Administration - Sertraline, Brexpiprazole and Prazosin","If no, reason",371
"IMP Administration - Sertraline, Brexpiprazole and Prazosin",Treatment,371
"IMP Administration - Sertraline, Brexpiprazole and Prazosin",Dose Unit,371
"IMP Administration - Sertraline, Brexpiprazole and Prazosin",Dose Form,372
"IMP Administration - Sertraline, Brexpiprazole and Prazosin",Date of Administration,372
"IMP Administration - Sertraline, Brexpiprazole and Prazosin",Time of Administration,372
"IMP Administration - Sertraline, Brexpiprazole and Prazosin",Dosing Comments (optional),372
PK Blood Draw - Brexpiprazole/Sertraline,Was PK Collection Performed?,373
PK Blood Draw - Brexpiprazole/Sertraline,"If not performed, Reason:",373
PK Blood Draw - Brexpiprazole/Sertraline,Date of Collection,373
PK Blood Draw - Brexpiprazole/Sertraline,Row 1 - Timepoint,373
PK Blood Draw - Brexpiprazole/Sertraline,Row 1 - Collection,373
PK Blood Draw - Brexpiprazole/Sertraline,Row 1 - Number,373
PK Blood Draw - Brexpiprazole/Sertraline,Row 1 - Barcode Number,373
PK Blood Draw - Brexpiprazole/Sertraline,Row 1 - Status,373
PK Blood Draw - Brexpiprazole/Sertraline,Row 1 - Sample,373
PK Blood Draw - Brexpiprazole/Sertraline,Row 2 - Timepoint,373
PK Blood Draw - Brexpiprazole/Sertraline,Row 2 - Collection,373
PK Blood Draw - Brexpiprazole/Sertraline,Row 2 - Number,373
PK Blood Draw - Brexpiprazole/Sertraline,Row 2 - Barcode Number,373
PK Blood Draw - Brexpiprazole/Sertraline,Row 2 - Status,373
PK Blood Draw - Brexpiprazole/Sertraline,Row 2 - Sample,373
PK Blood Draw - Brexpiprazole/Sertraline,Prazosin PK,374
PK Blood Draw - Brexpiprazole/Sertraline,Row 4 - Collected,374
PK Blood Draw - Brexpiprazole/Sertraline,Row 4 - Prazosin PK,374
PK Blood Draw - Brexpiprazole/Sertraline,Row 5 - Collected,374
PK Blood Draw - Brexpiprazole/Sertraline,Row 5 - Prazosin PK,374
PK Blood Draw - Prazosin,Was PK Collection Performed?,375
PK Blood Draw - Prazosin,"If not performed, Reason:",375
PK Blood Draw - Prazosin,Date of Collection,375
PK Blood Draw - Prazosin,Row 1 - Timepoint,375
PK Blood Draw - Prazosin,Row 1 - Collection,375
PK Blood Draw - Prazosin,Row 1 - Number,375
PK Blood Draw - Prazosin,Row 1 - Barcode Number,375
PK Blood Draw - Prazosin,Row 1 - Status,375
PK Blood Draw - Prazosin,Row 1 - Sample,375
PK Blood Draw - Prazosin,Row 2 - Timepoint,375
PK Blood Draw - Prazosin,Row 2 - Collection,375
PK Blood Draw - Prazosin,Row 2 - Number,375
PK Blood Draw - Prazosin,Row 2 - Barcode Number,375
PK Blood Draw - Prazosin,Row 2 - Status,375
PK Blood Draw - Prazosin,Row 2 - Sample,375
PK Blood Draw - Prazosin,Row 3 - Collected,376
PK Blood Draw - Prazosin,Row 3 - Propranolol PK Prazosin PK,376
PK Blood Draw - Prazosin,Row 4 - Propranolol PK Prazosin PK,376
PK Blood Draw - Prazosin,Row 4 - Collected,376
PK Blood Draw - Prazosin,Row 5 - Propranolol PK Prazosin PK,376
PK Blood Draw - Prazosin,Row 5 - Collected,376
Triplicate Orthostatic BP and HR - 1h Postdose,Were Vital Signs Collected?,377
Triplicate Orthostatic BP and HR - 1h Postdose,"If not collected, reason:",377
Triplicate Orthostatic BP and HR - 1h Postdose,Collection Date,377
Triplicate Orthostatic BP and HR - 1h Postdose,Time Placed in Position,377
Standing,Time Placed in Position,378
Standing,Time of Vitals Measurement #3,378
Triplicate Orthostatic BP and HR - 1.5h Postdose,Were Vital Signs Collected?,379
Triplicate Orthostatic BP and HR - 1.5h Postdose,"If not collected, reason:",379
Triplicate Orthostatic BP and HR - 1.5h Postdose,Collection Date,379
Triplicate Orthostatic BP and HR - 1.5h Postdose,Time Placed in Position,379
Standing,Time Placed in Position,380
Standing,Time of Vitals Measurement #3,380
Triplicate Orthostatic BP and HR - 2h Postdose,Were Vital Signs Collected?,381
Triplicate Orthostatic BP and HR - 2h Postdose,"If not collected, reason:",381
Triplicate Orthostatic BP and HR - 2h Postdose,Collection Date,381
Triplicate Orthostatic BP and HR - 2h Postdose,Time Placed in Position,381
Standing,Time Placed in Position,382
Standing,Time of Vitals Measurement #3,382
Triplicate Orthostatic BP and HR - 2.5h Postdose,Were Vital Signs Collected?,383
Triplicate Orthostatic BP and HR - 2.5h Postdose,"If not collected, reason:",383
Triplicate Orthostatic BP and HR - 2.5h Postdose,Collection Date,383
Triplicate Orthostatic BP and HR - 2.5h Postdose,Time Placed in Position,383
Standing,Time Placed in Position,384
Standing,Time of Vitals Measurement #3,384
Triplicate Orthostatic BP and HR - 3h Postdose,Were Vital Signs Collected?,385
Triplicate Orthostatic BP and HR - 3h Postdose,"If not collected, reason:",385
Triplicate Orthostatic BP and HR - 3h Postdose,Collection Date,385
Triplicate Orthostatic BP and HR - 3h Postdose,Time Placed in Position,385
Standing,Time Placed in Position,386
Standing,Time of Vitals Measurement #3,386
Triplicate Orthostatic BP and HR - 4h Postdose,Were Vital Signs Collected?,387
Triplicate Orthostatic BP and HR - 4h Postdose,"If not collected, reason:",387
Triplicate Orthostatic BP and HR - 4h Postdose,Collection Date,387
Triplicate Orthostatic BP and HR - 4h Postdose,Time Placed in Position,387
Standing,Time Placed in Position,388
Standing,Time of Vitals Measurement #3,388
Triplicate Orthostatic BP and HR - 6h Postdose,Were Vital Signs Collected?,389
Triplicate Orthostatic BP and HR - 6h Postdose,"If not collected, reason:",389
Triplicate Orthostatic BP and HR - 6h Postdose,Collection Date,389
Triplicate Orthostatic BP and HR - 6h Postdose,Time Placed in Position,389
Standing,Time Placed in Position,390
Standing,Time of Vitals Measurement #3,390
Triplicate Orthostatic BP and HR - 8h Postdose,Were Vital Signs Collected?,391
Triplicate Orthostatic BP and HR - 8h Postdose,"If not collected, reason:",391
Triplicate Orthostatic BP and HR - 8h Postdose,Collection Date,391
Triplicate Orthostatic BP and HR - 8h Postdose,Time Placed in Position,391
Standing,Time Placed in Position,392
Standing,Time of Vitals Measurement #3,392
Visit Date,Visit Date,393
Visit Date,Skip to next visit,393
Visit Date,Skip to Early Termination visit,393
AE and CM prompt,Has the subject had any changes to their health since previous visit?,394
AE and CM prompt,Are there any changes in concomitant medications including dose changes to be reported?,394
Body Temperature and Respiratory Rate - Predose,Were Vital Signs Collected?,395
Body Temperature and Respiratory Rate - Predose,"If not collected, reason:",395
Body Temperature and Respiratory Rate - Predose,Collection Date,395
Body Temperature and Respiratory Rate - Predose,Respiratory Rate (breaths/min),395
Body Temperature and Respiratory Rate - Predose,Body Temperature (celsius),395
Triplicate Orthostatic BP and HR - Predose,Were Vital Signs Collected?,396
Triplicate Orthostatic BP and HR - Predose,"If not collected, reason:",396
Triplicate Orthostatic BP and HR - Predose,Collection Date,396
Triplicate Orthostatic BP and HR - Predose,Time Placed in Position,396
Standing,Time Placed in Position,397
Standing,Time of Vitals Measurement #3,397
Physical Exam,Was the physical examination performed?,398
Physical Exam,Planned Timepoint,398
Physical Exam,Examination Date,398
Physical Exam,Examination Time,398
Physical Exam,Evaluator,398
Physical Exam,Clinically Significant,398
Physical Exam,Region/Body System,398
Physical Exam,Abnormal Findings,398
Physical Exam,Result,398
Physical Exam,Normal Abnormal Not Done,398
Physical Exam,Skin and Mucosae,399
Physical Exam,Neurological,399
Physical Exam,Extremities,399
Physical Exam,Abnormal,399
12-lead ECG - Discharge,Timepoint,400
12-lead ECG - Discharge,Was 12 Lead ECG Performed?,400
12-lead ECG - Discharge,"If no, Reason not done",400
12-lead ECG - Discharge,Date of ECG,400
12-lead ECG - Discharge,Time subject became supine:,400
12-lead ECG - Discharge,Time of ECG assessment,400
12-lead ECG - Discharge,Overall ECG interpretation,400
12-lead ECG - Discharge,Abnormal Findings,400
12-lead ECG - Discharge,Was the ECG abnormality clinically significant?,400
12-lead ECG - Discharge,Are additional ECG assessments required?,400
Glycated Hemoglobin,Sample Glycated Hemoglobin,402
Glycated Hemoglobin,Reason not done,402
Glycated Hemoglobin,Y: site,402
Clinical Laboratory Assessments,Timepoint,403
Clinical Laboratory Assessments,Comments,403
Clinical Laboratory Assessments,Was subject in fasting state?,403
Clinical Laboratory Assessments,Sample,403
Clinical Laboratory Assessments,done,403
Clinical Laboratory Assessments,Date of Collection,403
Clinical Laboratory Assessments,Collection,403
Clinical Laboratory Assessments,Number,403
Clinical Laboratory Assessments,Status,403
Laboratory results review,Laboratory collection date,405
Laboratory results review,Laboratory results review date,405
Laboratory results review,Has the investigator reviewed all laboratory results from this visit and assessed abnormal results clinical significance?,405
Laboratory results review,Were there any clinically significant abnormal results?,405
Laboratory results review,Were there any clinically significant abnormal chemistry results?,405
Laboratory results review,Chemistry abnormal assay # 1 Investigator comment,406
Laboratory results review,Chemistry abnormal assay # 2 Investigator comment,407
Laboratory results review,Chemistry abnormal assay # 3 Investigator comment,408
Laboratory results review,Chemistry abnormal assay # 4 Investigator comment,409
Laboratory results review,Chemistry abnormal assay # 5 Investigator comment,410
Laboratory results review,Are there any additional clinically significant abnormal chemistry results to be entered?,410
Laboratory results review,Were there any clinically significant abnormal hematology results?,411
Laboratory results review,Hematology abnormal assay # 1 Investigator comment,411
Laboratory results review,Hematology abnormal assay # 2 Investigator comment,411
Laboratory results review,Hematology abnormal assay # 3 Investigator comment,412
Laboratory results review,Hematology abnormal assay # 4 Investigator comment,412
Laboratory results review,Hematology abnormal assay # 5 Investigator comment,413
Laboratory results review,Are there any clinically significant abnormal hematology results to be entered?,413
Laboratory results review,Were there any clinically significant abnormal urinalysis results?,413
Laboratory results review,Microscopic analysis if indicated,414
Laboratory results review,Urinalysis abnormal assay # 1 Investigator comment,414
Laboratory results review,Microscopic analysis if indicated,415
Laboratory results review,Urinalysis abnormal assay # 2 Investigator comment,415
Laboratory results review,Microscopic analysis if indicated,416
Laboratory results review,Urinalysis abnormal assay # 3 Investigator comment,416
Laboratory results review,Microscopic analysis if indicated,417
Laboratory results review,Urinalysis abnormal assay # 4 Investigator comment,417
Laboratory results review,Microscopic analysis if indicated,418
Laboratory results review,Urinalysis abnormal assay # 5 Investigator comment,418
Laboratory results review,Are there additional urinalysis clinically significant abnormal results to be entered?,418
Laboratory results review,Investigator`s signature for Local Laboratory Results Review,418
Aicure Device - Return,Has the Aicure device been returned?,419
Aicure Device - Return,Date of return,419
C-SSRS since last visit - Page 1,Was the questionnaire administered?,421
C-SSRS since last visit - Page 1,Date of completion,421
C-SSRS since last visit - Page 1,Rater's initials,421
C-SSRS since last visit - Page 1,Since Last Visit,421
C-SSRS since last visit - Page 1,No,421
C-SSRS since last visit - Page 1,3. Active suicidal ideation with any methods (not plan) without intent to act,422
C-SSRS since last visit - Page 1,Have you been thinking about how you might do this?,422
C-SSRS since last visit - Page 1,"4. Active suicidal ideation with some intent to act, without specific plan",422
C-SSRS since last visit - Page 1,Have you had these thoughts and had some intention of acting on them?,422
C-SSRS since last visit - Page 1,5. Active suicidal ideation with specific plan and intent,422
C-SSRS since last visit - Page 1,Do you intend to carry out this plan?,422
C-SSRS since last visit - Page 2,intent,423
C-SSRS since last visit - Page 2,Description of Ideation,423
C-SSRS since last visit - Page 2,(2) Once a week,423
C-SSRS since last visit - Page 2,(5) More than 8 hours/persistent or continuous,423
C-SSRS since last visit - Page 2,(0) Does not attempt to control thoughts,424
C-SSRS since last visit - Page 2,(0) Does not apply,424
C-SSRS since last visit - Page 3,"Actual attempt: A potentially self-injurious act committed with at least some wish to die, as a result of act. Behaviour was in part thought of as method to kill oneself. Intent does not have to be 100%. If there is any intent/desire to die associated with the act, then it can be considered an actual suicide attempt. There does not have to be any injury or harm, just the potential for injury or harm. If a person pulls the trigger while gun is in mouth but gun is broken so no injury results, this is considered an attempt. Inferring Intent: even if an individual denies intent/wish to die, it may be inferred clinically from the behaviour or circumstances. For example, a highly lethal act that is clearly not an accident so no other intent but suicide can be inferred (e.g. gunshot to the head, jumping from window of a high",426
C-SSRS since last visit - Page 3,"If Yes, Total number of attempts",426
C-SSRS since last visit - Page 3,"If Yes, describe",426
C-SSRS since last visit - Page 3,Has subject engaged in Non-Suicidal self-injurious behavior?,426
C-SSRS since last visit - Page 3,"Interrupted attempt: When the person is interrupted (by an outside circumstance) from starting the potentially self- injurious act (if not for that, actual attempt would have occurred).",426
C-SSRS since last visit - Page 3,"If Yes, Total number of interrupted attempts",427
C-SSRS since last visit - Page 3,"If Yes, describe",427
C-SSRS since last visit - Page 3,"Aborted attempt: When person begins to take steps toward making a suicide attempt, but stops themselves before they actually have engaged in any self destructive behaviour. Examples are similar to interrupted attempts, except that the individual stops him/herself, instead of being stopped by something else. Has there been a time when you started to do something to try to end your life but you stopped yourself before you actually did anything?",427
C-SSRS since last visit - Page 3,"If Yes, Total number of aborted attempts",427
C-SSRS since last visit - Page 3,"Preparatory acts or behavior: Acts or preparation towards imminently making a suicide attempt. This can include anything beyond a verbalization or thought such as assembling a specific method (e.g., buying pills, purchasing a gun) or preparing for one's death by suicide (e.g., giving things away, writing a suicide note) Have you taken any step towards making a suicide attempt or preparing to kill yourself (such as collecting pills, getting a gun, giving valuables away or writing a suicide note?)",427
C-SSRS since last visit - Page 3,Suicidal behavior: Suicidal behavior was present during the assessment period?,428
C-SSRS since last visit - Page 3,Suicide:,428
C-SSRS since last visit - Page 4,Date of Attempt,429
C-SSRS since last visit - Page 4,Actual Lethality/Medical Damage:,429
C-SSRS since last visit - Page 4,tracks with oncoming train but pulled away before run over).,429
C-SSRS since last visit - Page 4,Potential Lethality: Only answer if Actual Lethality=0,429
"IMP Administration - Sertraline, Brexpiprazole and Propranolol",Has subject been fasting (no food) for a minimum of 10 hours prior to the scheduled dosing?,430
"IMP Administration - Sertraline, Brexpiprazole and Propranolol",Was Sertraline administered?,430
"IMP Administration - Sertraline, Brexpiprazole and Propranolol","If no, reason",430
"IMP Administration - Sertraline, Brexpiprazole and Propranolol",Treatment,430
"IMP Administration - Sertraline, Brexpiprazole and Propranolol",Dose Unit,430
"IMP Administration - Sertraline, Brexpiprazole and Propranolol",Dose Form,430
"IMP Administration - Sertraline, Brexpiprazole and Propranolol",Date of Administration,430
"IMP Administration - Sertraline, Brexpiprazole and Propranolol",Time of Administration,430
"IMP Administration - Sertraline, Brexpiprazole and Propranolol",Dosing Comments (optional),431
"IMP Administration - Sertraline, Brexpiprazole and Propranolol",Was Brexpiprazole administered?,431
"IMP Administration - Sertraline, Brexpiprazole and Propranolol","If no, reason",431
"IMP Administration - Sertraline, Brexpiprazole and Propranolol",Treatment,431
"IMP Administration - Sertraline, Brexpiprazole and Propranolol",Dose Unit,431
"IMP Administration - Sertraline, Brexpiprazole and Propranolol",Dose Form,431
"IMP Administration - Sertraline, Brexpiprazole and Propranolol",Time of Administration,432
"IMP Administration - Sertraline, Brexpiprazole and Propranolol",Dosing Comments (optional),432
"IMP Administration - Sertraline, Brexpiprazole and Propranolol",Was Propranolol administered?,432
"IMP Administration - Sertraline, Brexpiprazole and Propranolol","If no, reason",432
"IMP Administration - Sertraline, Brexpiprazole and Propranolol",Treatment,432
"IMP Administration - Sertraline, Brexpiprazole and Propranolol",Dose Unit,432
"IMP Administration - Sertraline, Brexpiprazole and Propranolol",Dose Form,433
"IMP Administration - Sertraline, Brexpiprazole and Propranolol",Date of Administration,433
"IMP Administration - Sertraline, Brexpiprazole and Propranolol",Time of Administration,433
"IMP Administration - Sertraline, Brexpiprazole and Propranolol",Dosing Comments (optional),433
PK Blood Draw - Brexpiprazole/Sertraline,Was PK Collection Performed?,434
PK Blood Draw - Brexpiprazole/Sertraline,"If not performed, Reason:",434
PK Blood Draw - Brexpiprazole/Sertraline,Date of Collection,434
PK Blood Draw - Brexpiprazole/Sertraline,Row 1 - Timepoint,434
PK Blood Draw - Brexpiprazole/Sertraline,Row 1 - Collection,434
PK Blood Draw - Brexpiprazole/Sertraline,Row 1 - Number,434
PK Blood Draw - Brexpiprazole/Sertraline,Row 1 - Barcode Number,434
PK Blood Draw - Brexpiprazole/Sertraline,Row 1 - Status,434
PK Blood Draw - Brexpiprazole/Sertraline,Row 1 - Sample,434
PK Blood Draw - Brexpiprazole/Sertraline,Row 2 - Timepoint,434
PK Blood Draw - Brexpiprazole/Sertraline,Row 2 - Collection,434
PK Blood Draw - Brexpiprazole/Sertraline,Row 2 - Number,434
PK Blood Draw - Brexpiprazole/Sertraline,Row 2 - Barcode Number,434
PK Blood Draw - Brexpiprazole/Sertraline,Row 2 - Status,434
PK Blood Draw - Brexpiprazole/Sertraline,Row 2 - Sample,434
PK Blood Draw - Brexpiprazole/Sertraline,Prazosin PK,435
PK Blood Draw - Brexpiprazole/Sertraline,Row 4 - Collected,435
PK Blood Draw - Brexpiprazole/Sertraline,Row 4 - Prazosin PK,435
PK Blood Draw - Brexpiprazole/Sertraline,Row 5 - Collected,435
PK Blood Draw - Brexpiprazole/Sertraline,Row 5 - Prazosin PK,435
PK Blood Draw - Propranolol,Was PK Collection Performed?,436
PK Blood Draw - Propranolol,"If not performed, Reason:",436
PK Blood Draw - Propranolol,Date of Collection,436
PK Blood Draw - Propranolol,Row 1 - Timepoint,436
PK Blood Draw - Propranolol,Row 1 - Collection,436
PK Blood Draw - Propranolol,Row 1 - Number,436
PK Blood Draw - Propranolol,Row 1 - Barcode Number,436
PK Blood Draw - Propranolol,Row 1 - Status,436
PK Blood Draw - Propranolol,Row 1 - Sample,436
PK Blood Draw - Propranolol,Row 2 - Timepoint,436
PK Blood Draw - Propranolol,Row 2 - Collection,436
PK Blood Draw - Propranolol,Row 2 - Number,436
PK Blood Draw - Propranolol,Row 2 - Barcode Number,436
PK Blood Draw - Propranolol,Row 2 - Status,436
PK Blood Draw - Propranolol,Row 2 - Sample,436
PK Blood Draw - Propranolol,Row 3 - Collected,437
PK Blood Draw - Propranolol,Row 3 - Propranolol PK Prazosin PK,437
PK Blood Draw - Propranolol,Row 4 - Propranolol PK Prazosin PK,437
PK Blood Draw - Propranolol,Row 4 - Collected,437
PK Blood Draw - Propranolol,Row 5 - Propranolol PK Prazosin PK,437
PK Blood Draw - Propranolol,Row 5 - Collected,437
Triplicate Orthostatic BP and HR - 1h Postdose,Were Vital Signs Collected?,438
Triplicate Orthostatic BP and HR - 1h Postdose,"If not collected, reason:",438
Triplicate Orthostatic BP and HR - 1h Postdose,Collection Date,438
Triplicate Orthostatic BP and HR - 1h Postdose,Time Placed in Position,438
Standing,Time Placed in Position,439
Standing,Time of Vitals Measurement #3,439
Triplicate Orthostatic BP and HR - 1.5h Postdose,Were Vital Signs Collected?,440
Triplicate Orthostatic BP and HR - 1.5h Postdose,"If not collected, reason:",440
Triplicate Orthostatic BP and HR - 1.5h Postdose,Collection Date,440
Triplicate Orthostatic BP and HR - 1.5h Postdose,Time Placed in Position,440
Standing,Time Placed in Position,441
Standing,Time of Vitals Measurement #3,441
Triplicate Orthostatic BP and HR - 2h Postdose,Were Vital Signs Collected?,442
Triplicate Orthostatic BP and HR - 2h Postdose,"If not collected, reason:",442
Triplicate Orthostatic BP and HR - 2h Postdose,Collection Date,442
Triplicate Orthostatic BP and HR - 2h Postdose,Time Placed in Position,442
Standing,Time Placed in Position,443
Standing,Time of Vitals Measurement #3,443
Triplicate Orthostatic BP and HR - 2.5h Postdose,Were Vital Signs Collected?,444
Triplicate Orthostatic BP and HR - 2.5h Postdose,"If not collected, reason:",444
Triplicate Orthostatic BP and HR - 2.5h Postdose,Collection Date,444
Triplicate Orthostatic BP and HR - 2.5h Postdose,Time Placed in Position,444
Standing,Time Placed in Position,445
Standing,Time of Vitals Measurement #3,445
Triplicate Orthostatic BP and HR - 3h Postdose,Were Vital Signs Collected?,446
Triplicate Orthostatic BP and HR - 3h Postdose,"If not collected, reason:",446
Triplicate Orthostatic BP and HR - 3h Postdose,Collection Date,446
Triplicate Orthostatic BP and HR - 3h Postdose,Time Placed in Position,446
Standing,Time Placed in Position,447
Standing,Time of Vitals Measurement #3,447
Triplicate Orthostatic BP and HR - 4h Postdose,Were Vital Signs Collected?,448
Triplicate Orthostatic BP and HR - 4h Postdose,"If not collected, reason:",448
Triplicate Orthostatic BP and HR - 4h Postdose,Collection Date,448
Triplicate Orthostatic BP and HR - 4h Postdose,Time Placed in Position,448
Standing,Time Placed in Position,449
Standing,Time of Vitals Measurement #3,449
Triplicate Orthostatic BP and HR - 6h Postdose,Were Vital Signs Collected?,450
Triplicate Orthostatic BP and HR - 6h Postdose,"If not collected, reason:",450
Triplicate Orthostatic BP and HR - 6h Postdose,Collection Date,450
Triplicate Orthostatic BP and HR - 6h Postdose,Time Placed in Position,450
Standing,Time Placed in Position,451
Standing,Time of Vitals Measurement #3,451
Triplicate Orthostatic BP and HR - 8h Postdose,Were Vital Signs Collected?,452
Triplicate Orthostatic BP and HR - 8h Postdose,"If not collected, reason:",452
Triplicate Orthostatic BP and HR - 8h Postdose,Collection Date,452
Triplicate Orthostatic BP and HR - 8h Postdose,Time Placed in Position,452
Standing,Time Placed in Position,453
Standing,Time of Vitals Measurement #3,453
End of Study,Did the Subject complete the Study?,454
End of Study,Date of Study Completion/Discontinuation,454
End of Study,"Specify if: Adverse Event, Physician Decision, Protocol Deviation, Other",454
Visit Date,Visit Date,455
Body Temperature and Respiratory Rate,Were Vital Signs Collected?,456
Body Temperature and Respiratory Rate,"If not collected, reason:",456
Body Temperature and Respiratory Rate,Collection Date,456
Body Temperature and Respiratory Rate,Respiratory Rate (breaths/min),456
Body Temperature and Respiratory Rate,Body Temperature (celsius),456
Triplicate Orthostatic BP and HR - Predose,Were Vital Signs Collected?,457
Triplicate Orthostatic BP and HR - Predose,"If not collected, reason:",457
Triplicate Orthostatic BP and HR - Predose,Collection Date,457
Triplicate Orthostatic BP and HR - Predose,Time Placed in Position,457
Standing,Time Placed in Position,458
Standing,Time of Vitals Measurement #3,458
Physical Exam,Was the physical examination performed?,459
Physical Exam,Planned Timepoint,459
Physical Exam,Examination Date,459
Physical Exam,Examination Time,459
Physical Exam,Evaluator,459
Physical Exam,Clinically Significant,459
Physical Exam,Region/Body System,459
Physical Exam,Abnormal Findings,459
Physical Exam,Result,459
Physical Exam,Normal Abnormal Not Done,459
Physical Exam,Skin and Mucosae,460
Physical Exam,Neurological,460
Physical Exam,Extremities,460
Physical Exam,Abnormal,460
12-lead ECG,Timepoint,461
12-lead ECG,Was 12 Lead ECG Performed?,461
12-lead ECG,"If no, Reason not done",461
12-lead ECG,Date of ECG,461
12-lead ECG,Time subject became supine:,461
12-lead ECG,Time of ECG assessment,461
12-lead ECG,Overall ECG interpretation,461
12-lead ECG,Abnormal Findings,461
12-lead ECG,Was the ECG abnormality clinically significant?,461
12-lead ECG,Are additional ECG assessments required?,461
Glycated Hemoglobin,Sample Glycated Hemoglobin,463
Glycated Hemoglobin,Reason not done,463
Glycated Hemoglobin,Y: site,463
Clinical Laboratory Assessments,Timepoint,464
Clinical Laboratory Assessments,Comments,464
Clinical Laboratory Assessments,Was subject in fasting state?,464
Clinical Laboratory Assessments,Sample,464
Clinical Laboratory Assessments,done,464
Clinical Laboratory Assessments,Date of Collection,464
Clinical Laboratory Assessments,Collection,464
Clinical Laboratory Assessments,Number,464
Clinical Laboratory Assessments,Status,464
Laboratory results review,Laboratory collection date,466
Laboratory results review,Laboratory results review date,466
Laboratory results review,Has the investigator reviewed all laboratory results from this visit and assessed abnormal results clinical significance?,466
Laboratory results review,Were there any clinically significant abnormal results?,466
Laboratory results review,Were there any clinically significant abnormal chemistry results?,466
Laboratory results review,Chemistry abnormal assay # 1 Investigator comment,467
Laboratory results review,Chemistry abnormal assay # 2 Investigator comment,468
Laboratory results review,Chemistry abnormal assay # 3 Investigator comment,469
Laboratory results review,Chemistry abnormal assay # 4 Investigator comment,470
Laboratory results review,Chemistry abnormal assay # 5 Investigator comment,471
Laboratory results review,Are there any additional clinically significant abnormal chemistry results to be entered?,471
Laboratory results review,Were there any clinically significant abnormal hematology results?,472
Laboratory results review,Hematology abnormal assay # 1 Investigator comment,472
Laboratory results review,Hematology abnormal assay # 2 Investigator comment,472
Laboratory results review,Hematology abnormal assay # 3 Investigator comment,473
Laboratory results review,Hematology abnormal assay # 4 Investigator comment,473
Laboratory results review,Hematology abnormal assay # 5 Investigator comment,474
Laboratory results review,Are there any clinically significant abnormal hematology results to be entered?,474
Laboratory results review,Were there any clinically significant abnormal urinalysis results?,474
Laboratory results review,Microscopic analysis if indicated,475
Laboratory results review,Urinalysis abnormal assay # 1 Investigator comment,475
Laboratory results review,Microscopic analysis if indicated,476
Laboratory results review,Urinalysis abnormal assay # 2 Investigator comment,476
Laboratory results review,Microscopic analysis if indicated,477
Laboratory results review,Urinalysis abnormal assay # 3 Investigator comment,477
Laboratory results review,Microscopic analysis if indicated,478
Laboratory results review,Urinalysis abnormal assay # 4 Investigator comment,478
Laboratory results review,Microscopic analysis if indicated,479
Laboratory results review,Urinalysis abnormal assay # 5 Investigator comment,479
Laboratory results review,Are there additional urinalysis clinically significant abnormal results to be entered?,479
Laboratory results review,Investigator`s signature for Local Laboratory Results Review,479
PK Blood Draw - Brexpiprazole/Sertraline,Was PK Collection Performed?,480
PK Blood Draw - Brexpiprazole/Sertraline,"If not performed, Reason:",480
PK Blood Draw - Brexpiprazole/Sertraline,Date of Collection,480
PK Blood Draw - Brexpiprazole/Sertraline,Row 1 - Timepoint,480
PK Blood Draw - Brexpiprazole/Sertraline,Row 1 - Collection,480
PK Blood Draw - Brexpiprazole/Sertraline,Row 1 - Number,480
PK Blood Draw - Brexpiprazole/Sertraline,Row 1 - Barcode Number,480
PK Blood Draw - Brexpiprazole/Sertraline,Row 1 - Status,480
PK Blood Draw - Brexpiprazole/Sertraline,Row 1 - Prazosin PK,480
PK Blood Draw - Propranolol,Was PK Collection Performed?,481
PK Blood Draw - Propranolol,"If not performed, Reason:",481
PK Blood Draw - Propranolol,Date of Collection,481
PK Blood Draw - Propranolol,Row 1 - Timepoint,481
PK Blood Draw - Propranolol,Row 1 - Collection,481
PK Blood Draw - Propranolol,Row 1 - Number,481
PK Blood Draw - Propranolol,Row 1 - Barcode Number,481
PK Blood Draw - Propranolol,Row 1 - Status,481
PK Blood Draw - Propranolol,Row 1 - Propranolol PK Prazosin PK,481
Aicure Device - Return,Has the Aicure device been returned?,482
Aicure Device - Return,Date of return,482
C-SSRS since last visit - Page 1,Was the questionnaire administered?,484
C-SSRS since last visit - Page 1,Date of completion,484
C-SSRS since last visit - Page 1,Rater's initials,484
C-SSRS since last visit - Page 1,Since Last Visit,484
C-SSRS since last visit - Page 1,No,484
C-SSRS since last visit - Page 1,3. Active suicidal ideation with any methods (not plan) without intent to act,485
C-SSRS since last visit - Page 1,Have you been thinking about how you might do this?,485
C-SSRS since last visit - Page 1,"4. Active suicidal ideation with some intent to act, without specific plan",485
C-SSRS since last visit - Page 1,Have you had these thoughts and had some intention of acting on them?,485
C-SSRS since last visit - Page 1,5. Active suicidal ideation with specific plan and intent,485
C-SSRS since last visit - Page 1,Do you intend to carry out this plan?,485
C-SSRS since last visit - Page 2,intent,486
C-SSRS since last visit - Page 2,Description of Ideation,486
C-SSRS since last visit - Page 2,(2) Once a week,486
C-SSRS since last visit - Page 2,(5) More than 8 hours/persistent or continuous,486
C-SSRS since last visit - Page 2,(0) Does not attempt to control thoughts,487
C-SSRS since last visit - Page 2,(0) Does not apply,487
C-SSRS since last visit - Page 3,"Actual attempt: A potentially self-injurious act committed with at least some wish to die, as a result of act. Behaviour was in part thought of as method to kill oneself. Intent does not have to be 100%. If there is any intent/desire to die associated with the act, then it can be considered an actual suicide attempt. There does not have to be any injury or harm, just the potential for injury or harm. If a person pulls the trigger while gun is in mouth but gun is broken so no injury results, this is considered an attempt. Inferring Intent: even if an individual denies intent/wish to die, it may be inferred clinically from the behaviour or circumstances. For example, a highly lethal act that is clearly not an accident so no other intent but suicide can be inferred (e.g. gunshot to the head, jumping from window of a high",489
C-SSRS since last visit - Page 3,"If Yes, Total number of attempts",489
C-SSRS since last visit - Page 3,"If Yes, describe",489
C-SSRS since last visit - Page 3,Has subject engaged in Non-Suicidal self-injurious behavior?,489
C-SSRS since last visit - Page 3,"Interrupted attempt: When the person is interrupted (by an outside circumstance) from starting the potentially self- injurious act (if not for that, actual attempt would have occurred).",489
C-SSRS since last visit - Page 3,"If Yes, Total number of interrupted attempts",490
C-SSRS since last visit - Page 3,"If Yes, describe",490
C-SSRS since last visit - Page 3,"Aborted attempt: When person begins to take steps toward making a suicide attempt, but stops themselves before they actually have engaged in any self destructive behaviour. Examples are similar to interrupted attempts, except that the individual stops him/herself, instead of being stopped by something else. Has there been a time when you started to do something to try to end your life but you stopped yourself before you actually did anything?",490
C-SSRS since last visit - Page 3,"If Yes, Total number of aborted attempts",490
C-SSRS since last visit - Page 3,"Preparatory acts or behavior: Acts or preparation towards imminently making a suicide attempt. This can include anything beyond a verbalization or thought such as assembling a specific method (e.g., buying pills, purchasing a gun) or preparing for one's death by suicide (e.g., giving things away, writing a suicide note) Have you taken any step towards making a suicide attempt or preparing to kill yourself (such as collecting pills, getting a gun, giving valuables away or writing a suicide note?)",490
C-SSRS since last visit - Page 3,Suicidal behavior: Suicidal behavior was present during the assessment period?,491
C-SSRS since last visit - Page 3,Suicide:,491
C-SSRS since last visit - Page 4,Date of Attempt,492
C-SSRS since last visit - Page 4,Actual Lethality/Medical Damage:,492
C-SSRS since last visit - Page 4,tracks with oncoming train but pulled away before run over).,492
C-SSRS since last visit - Page 4,Potential Lethality: Only answer if Actual Lethality=0,492
"IMP Administration - Sertraline,Brexpiprazole and Propranolol",Has subject been fasting (no food) for a minimum of 10 hours prior to the scheduled dosing?,493
"IMP Administration - Sertraline,Brexpiprazole and Propranolol",Was Sertraline administered?,493
"IMP Administration - Sertraline,Brexpiprazole and Propranolol","If no, reason",493
"IMP Administration - Sertraline,Brexpiprazole and Propranolol",Treatment,493
"IMP Administration - Sertraline,Brexpiprazole and Propranolol",Dose Unit,493
"IMP Administration - Sertraline,Brexpiprazole and Propranolol",Dose Form,493
"IMP Administration - Sertraline,Brexpiprazole and Propranolol",Date of Administration,493
"IMP Administration - Sertraline,Brexpiprazole and Propranolol",Time of Administration,493
"IMP Administration - Sertraline,Brexpiprazole and Propranolol",Dosing Comments (optional),494
"IMP Administration - Sertraline,Brexpiprazole and Propranolol",Was Brexpiprazole administered?,494
"IMP Administration - Sertraline,Brexpiprazole and Propranolol","If no, reason",494
"IMP Administration - Sertraline,Brexpiprazole and Propranolol",Treatment,494
"IMP Administration - Sertraline,Brexpiprazole and Propranolol",Dose Unit,494
"IMP Administration - Sertraline,Brexpiprazole and Propranolol",Dose Form,494
"IMP Administration - Sertraline,Brexpiprazole and Propranolol",Time of Administration,495
"IMP Administration - Sertraline,Brexpiprazole and Propranolol",Dosing Comments (optional),495
"IMP Administration - Sertraline,Brexpiprazole and Propranolol",Was Propranolol administered?,495
"IMP Administration - Sertraline,Brexpiprazole and Propranolol","If no, reason",495
"IMP Administration - Sertraline,Brexpiprazole and Propranolol",Treatment,495
"IMP Administration - Sertraline,Brexpiprazole and Propranolol",Dose Unit,495
"IMP Administration - Sertraline,Brexpiprazole and Propranolol",Dose Form,496
"IMP Administration - Sertraline,Brexpiprazole and Propranolol",Date of Administration,496
"IMP Administration - Sertraline,Brexpiprazole and Propranolol",Time of Administration,496
"IMP Administration - Sertraline,Brexpiprazole and Propranolol",Dosing Comments (optional),496
Orthostatic BP and HR - ET,Were Vital Signs Collected?,497
Orthostatic BP and HR - ET,"If not collected, reason:",497
Orthostatic BP and HR - ET,Collection Date,497
Orthostatic BP and HR - ET,Time Placed in Position,497
Orthostatic BP and HR - ET,Systolic Blood Pressure (mmHg),498
Orthostatic BP and HR - ET,Diastolic Blood Pressure (mmHg),498
Orthostatic BP and HR - ET,Difference between Standing and Supine,498
Orthostatic BP and HR - ET,Diastolic Blood Pressure (mmHg),499
Orthostatic BP and HR - ET,Heart Rate (bpm),499
End of Study,Did the Subject complete the Study?,500
End of Study,Date of Study Completion/Discontinuation,500
End of Study,"Specify if: Adverse Event, Physician Decision, Protocol Deviation, Other",500
Visit Date,Visit Date,501
Follow-Up Phone Call,Were you able to contact the Subject?,502
Follow-Up Phone Call,Date of Contact/Attempt,502
Follow-Up Phone Call,Third Failed Attempt,502
Follow-Up Phone Call,Method of Contact,502
Follow-Up Phone Call,Specify Contact if Other,502
Follow-Up Phone Call,Was the subject reminded of the birth control restrictions for 30 days postdose?,502
Follow-Up Phone Call,Has the subject had any adverse events since the last visit?,502
Follow-Up Phone Call,Comments,503
Adverse Events,Are There any Adverse Events to Report?,504
Adverse Events,Record,504
Adverse Events,Event Term,504
Adverse Events,Event Onset Date,504
Adverse Events,Event Onset Time,504
Adverse Events,Is the event serious?,504
Adverse Events,Date SAE Reported,504
Adverse Events,SAE Given to Regulatory for IRB Submission?,504
Adverse Events,"If no, Specify",504
Adverse Events,Death,505
Adverse Events,Life Threatening,505
Adverse Events,Requires or Prolongs Hospitalization,505
Adverse Events,Significant Disability,505
Adverse Events,Congenital Anomaly or Birth Defect,505
Adverse Events,Other Medically Important Serious Event,505
Adverse Events,Severity,505
Adverse Events,Relationship to drug,505
Adverse Events,Is this AE an Event of Special Interest?,505
Adverse Events,Event Stop Time,506
Adverse Events,Ongoing,506
Adverse Events,Concomitant or Additional Therapy Given?,506
Adverse Events,Action Taken with Study Treatment,506
Adverse Events,Unknown,506
Adverse Events,Did the adverse event cause study discontinuation?,506
Adverse Events,Notes,507
Adverse Events,Investigator: By clicking - Confirm,507
Prior and Concomitant Medications,Are There any Prior/Concomitant Medications to Report?,508
Prior and Concomitant Medications,Record,508
Prior and Concomitant Medications,Drug Name,508
Prior and Concomitant Medications,Dose,508
Prior and Concomitant Medications,Dose Unit,508
Prior and Concomitant Medications,"Other Unit, specify",508
Prior and Concomitant Medications,Other Dose Form,510
Prior and Concomitant Medications,"Other Frequency, Specify",510
Prior and Concomitant Medications,"Other Route, Specify",512
Prior and Concomitant Medications,Indication,512
Prior and Concomitant Medications,Start Date,512
Prior and Concomitant Medications,Start Time,512
Prior and Concomitant Medications,Ongoing,512
Prior and Concomitant Medications,Stop Date,512
Prior and Concomitant Medications,Stop Time,512
Prior and Concomitant Medications,"If the medication is to treat adverse event, please provide the AE#",512
Prior and Concomitant Medications,"If the medication is to treat existing medical or psychiatric history, please provide the MH/PH#",512
Surgeries and medical procedures,"Are There any Surgeries, Non-Drug Procedures to Report?",513
Surgeries and medical procedures,Record,513
Surgeries and medical procedures,Procedure/Surgery Name,513
Surgeries and medical procedures,Start Date,513
Surgeries and medical procedures,End Date,513
Withdrawal of Informed Consent,Consent Withdrawn?,514
Withdrawal of Informed Consent,Date Consent Withdrawn,514
Withdrawal of Informed Consent,Time consent Withdrawn,514
Withdrawal of Informed Consent,Standardized Disposition Term,514
IMP Missed Dose,Start date,515
IMP Missed Dose,Stop date,515
IMP Missed Dose,ET,515
IMP Missed Dose,Total Number of Tab taken,515
IMP Missed Dose,Non-Compliance reason,516
IMP Missed Dose,Non-Compliance reason other specify,516
IMP Missed Dose,Number of tablets of Sertraline taken,516
IMP Missed Dose,Number of tablets of Brexpiprazole taken,516
IMP Missed Dose,Number of tablets of Prazosin taken,516
IMP Missed Dose,Number of tablets of Propranolol taken,516
Protocol Deviation,Were there any protocol deviations?,517
Protocol Deviation,Deviation Category,517
Protocol Deviation,Is this deviation due to COVID-19?,517
Protocol Deviation,Description of Deviation,517
Protocol Deviation,Start Date,517
Protocol Deviation,Start Time (if applicable),517
Protocol Deviation,End Date (if applicable),518
Protocol Deviation,End Time (if applicable),518
Admission to clinic,Date of Admission in clinic,519
Admission to clinic,Time of Admission in clinic,519
Discharge from clinic,Date of Discharge,520
Discharge from clinic,Time of Discharge,520
Death,Date of Death,521
Death,Primary Cause of Death,521
Death,Autopsy Performed?,521
Death,Date of Autopsy,521
Death,Death Related to IMP?,521
Drug Accountability,Date Bottles Dispensed,522
Drug Accountability,Bottle Number(s) Sertraline - 50 mg,522
Drug Accountability,Number of Sertraline - 50 mg bottles Dispensed,522
Drug Accountability,Number of Sertraline - 50 mg Capsules Dispensed (total),522
Drug Accountability,Bottle Number(s) Brexpiprazole - 1 mg,522
Drug Accountability,Number of Brexpiprazole - 1 mg bottles Dispensed,522
Drug Accountability,Number of Brexpiprazole - 1 mg Capsules Dispensed (total),522
Drug Accountability,Bottle Number(s) Brexpiprazole - 2 mg,522
Number of Brexpiprazole - 2 mg bottles Dispensed,Number of Brexpiprazole - 2 mg Capsules Dispensed (total),523
Number of Brexpiprazole - 2 mg bottles Dispensed,Number of Brexpiprazole - 3 mg Capsules Dispensed (total),523
Number of Brexpiprazole - 2 mg bottles Dispensed,Number of Brexpiprazole - 1 mg Capsules Returned,523
Number of Brexpiprazole - 2 mg bottles Dispensed,Number of Brexpiprazole - 2 mg Capsules Returned,523
Number of Brexpiprazole - 2 mg bottles Dispensed,Number of Brexpiprazole - 3 mg Capsules Returned,523
12-lead ECG - Repeat,Timepoint,524
12-lead ECG - Repeat,Date of ECG,524
12-lead ECG - Repeat,Time subject became supine:,524
12-lead ECG - Repeat,Time of ECG assessment,524
12-lead ECG - Repeat,Overall ECG interpretation,524
12-lead ECG - Repeat,Abnormal Findings,524
12-lead ECG - Repeat,Was the ECG abnormality clinically significant?,524
12-lead ECG - Repeat,Are additional ECG assessments required?,524
Urine drug screen - Repeat,Amphetamines,525
Urine drug screen - Repeat,Was Urine Drug Screen Performed?,525
Urine drug screen - Repeat,If not done reason,525
Urine drug screen - Repeat,Manufacturer,525
Urine drug screen - Repeat,Item #,525
Urine drug screen - Repeat,Lot,525
Urine drug screen - Repeat,Expiration Date,525
Urine drug screen - Repeat,Date of Sample,525
Urine drug screen - Repeat,Time of Sample,525
Cotinine Screen - Repeat,Was Cotinine Screen Performed?,527
Cotinine Screen - Repeat,If not done reason,527
Cotinine Screen - Repeat,Sample Type,527
Cotinine Screen - Repeat,Manufacturer,527
Cotinine Screen - Repeat,Item #,527
Cotinine Screen - Repeat,Lot,527
Cotinine Screen - Repeat,Expiration Date,527
Cotinine Screen - Repeat,Date of Sample,527
Cotinine Screen - Repeat,Time of Sample,527
Clinical Laboratory Assessments - Repeat,Timepoint,529
Clinical Laboratory Assessments - Repeat,Comments,529
Clinical Laboratory Assessments - Repeat,Was subject in fasting state?,529
Clinical Laboratory Assessments - Repeat,Sample,529
Clinical Laboratory Assessments - Repeat,done,529
Clinical Laboratory Assessments - Repeat,Date of Collection,529
Clinical Laboratory Assessments - Repeat,Collection,529
Clinical Laboratory Assessments - Repeat,Number,529
Clinical Laboratory Assessments - Repeat,Status,529
Laboratory Results Review - Repeat,Laboratory collection date,531
Laboratory Results Review - Repeat,Laboratory results review date,531
Laboratory Results Review - Repeat,Has the investigator reviewed all laboratory results from this visit and assessed abnormal results clinical significance?,531
Laboratory Results Review - Repeat,Were there any clinically significant abnormal results?,531
Laboratory Results Review - Repeat,Were there any clinically significant abnormal chemistry results?,531
Laboratory Results Review - Repeat,Chemistry abnormal assay # 1 Investigator comment,532
Laboratory Results Review - Repeat,Chemistry abnormal assay # 2 Investigator comment,533
Laboratory Results Review - Repeat,Chemistry abnormal assay # 3 Investigator comment,534
Laboratory Results Review - Repeat,Chemistry abnormal assay # 4 Investigator comment,535
Laboratory Results Review - Repeat,Chemistry abnormal assay # 5 Investigator comment,536
Laboratory Results Review - Repeat,Are there any additional clinically significant abnormal chemistry results to be entered?,536
Laboratory Results Review - Repeat,Were there any clinically significant abnormal hematology results?,537
Laboratory Results Review - Repeat,Hematology abnormal assay # 1 Investigator comment,537
Laboratory Results Review - Repeat,Hematology abnormal assay # 2 Investigator comment,537
Laboratory Results Review - Repeat,Hematology abnormal assay # 3 Investigator comment,538
Laboratory Results Review - Repeat,Hematology abnormal assay # 4 Investigator comment,538
Laboratory Results Review - Repeat,Hematology abnormal assay # 5 Investigator comment,539
Laboratory Results Review - Repeat,Are there any clinically significant abnormal hematology results to be entered?,539
Laboratory Results Review - Repeat,Were there any clinically significant abnormal urinalysis results?,539
Laboratory Results Review - Repeat,Microscopic analysis if indicated,540
Laboratory Results Review - Repeat,Urinalysis abnormal assay # 1 Investigator comment,540
Laboratory Results Review - Repeat,Microscopic analysis if indicated,541
Laboratory Results Review - Repeat,Urinalysis abnormal assay # 2 Investigator comment,541
Laboratory Results Review - Repeat,Microscopic analysis if indicated,542
Laboratory Results Review - Repeat,Urinalysis abnormal assay # 3 Investigator comment,542
Laboratory Results Review - Repeat,Microscopic analysis if indicated,543
Laboratory Results Review - Repeat,Urinalysis abnormal assay # 4 Investigator comment,543
Laboratory Results Review - Repeat,Microscopic analysis if indicated,544
Laboratory Results Review - Repeat,Urinalysis abnormal assay # 5 Investigator comment,544
Laboratory Results Review - Repeat,Are there additional urinalysis clinically significant abnormal results to be entered?,544
Laboratory Results Review - Repeat,Investigator`s signature for Local Laboratory Results Review,544
Triplicate Orthostatic BP and HR - Repeat,Were Vital Signs Collected?,545
Triplicate Orthostatic BP and HR - Repeat,"If not collected, reason:",545
Triplicate Orthostatic BP and HR - Repeat,Collection Date,545
Triplicate Orthostatic BP and HR - Repeat,Time Placed in Position,545
Standing,Time Placed in Position,546
Standing,Time of Vitals Measurement #3,546
Glycated Hemoglobin - Repeat,Glycated Hemoglobin,547
Glycated Hemoglobin - Repeat,Reason not done,547
Glycated Hemoglobin - Repeat,Y: site,547
Orthostatic BP and HR - Unscheduled,Were Vital Signs Collected?,548
Orthostatic BP and HR - Unscheduled,"If not collected, reason:",548
Orthostatic BP and HR - Unscheduled,Collection Date,548
Orthostatic BP and HR - Unscheduled,Time Placed in Position,548
Orthostatic BP and HR - Unscheduled,Systolic Blood Pressure (mmHg),549
Orthostatic BP and HR - Unscheduled,Diastolic Blood Pressure (mmHg),549
Orthostatic BP and HR - Unscheduled,Difference between Standing and Supine,549
Orthostatic BP and HR - Unscheduled,Diastolic Blood Pressure (mmHg),550
Orthostatic BP and HR - Unscheduled,Heart Rate (bpm),550
12-lead ECG - Unscheduled,Timepoint,551
12-lead ECG - Unscheduled,Was 12 Lead ECG Performed?,551
12-lead ECG - Unscheduled,"If no, Reason not done",551
12-lead ECG - Unscheduled,Date of ECG,551
12-lead ECG - Unscheduled,Time subject became supine:,551
12-lead ECG - Unscheduled,Time of ECG assessment,551
12-lead ECG - Unscheduled,Overall ECG interpretation,551
12-lead ECG - Unscheduled,Abnormal Findings,551
12-lead ECG - Unscheduled,Was the ECG abnormality clinically significant?,551
12-lead ECG - Unscheduled,Are additional ECG assessments required?,551
Pregnancy test - Unscheduled,Was a Pregnancy Test Performed?,553
Pregnancy test - Unscheduled,If not done reason,553
Pregnancy test - Unscheduled,Type of pregnancy test,553
Pregnancy test - Unscheduled,Barcode Number,553
Pregnancy test - Unscheduled,Kit Expiration Date,553
Pregnancy test - Unscheduled,Kit Batch Number,553
Pregnancy test - Unscheduled,Date of Sample,553
Pregnancy test - Unscheduled,Time of Sample,553
Pregnancy test - Unscheduled,Result,553
Physical examination - Unscheduled,Was the physical examination performed?,554
Physical examination - Unscheduled,Planned Timepoint,554
Physical examination - Unscheduled,Examination Date,554
Physical examination - Unscheduled,Examination Time,554
Physical examination - Unscheduled,Evaluator,554
Physical examination - Unscheduled,Clinically Significant,554
Physical examination - Unscheduled,Region/Body System,554
Physical examination - Unscheduled,Abnormal Findings,554
Physical examination - Unscheduled,Result,554
Physical examination - Unscheduled,Normal Abnormal Not Done,554
Physical examination - Unscheduled,Skin and Mucosae,555
Physical examination - Unscheduled,Neurological,555
Physical examination - Unscheduled,Extremities,555
Physical examination - Unscheduled,Abnormal,555
Urine drug screen - Unscheduled,Amphetamines,556
Urine drug screen - Unscheduled,Was Urine Drug Screen Performed?,556
Urine drug screen - Unscheduled,If not done reason,556
Urine drug screen - Unscheduled,Manufacturer,556
Urine drug screen - Unscheduled,Item #,556
Urine drug screen - Unscheduled,Lot,556
Urine drug screen - Unscheduled,Expiration Date,556
Urine drug screen - Unscheduled,Date of Sample,556
Urine drug screen - Unscheduled,Time of Sample,556
Reconsent - Unscheduled,Consent Obtained?,558
Reconsent - Unscheduled,Date of Consent,558
Reconsent - Unscheduled,Time of Consent,558
Reconsent - Unscheduled,Subject given a copy of the fully executed ICF form(s),558
ICF Verification:,ICF was reviewed and verified and the original ICF has been filed in with subject's source documents,559
Cotinine Screen - Unscheduled,Was Cotinine Screen Performed?,560
Cotinine Screen - Unscheduled,If not done reason,560
Cotinine Screen - Unscheduled,Sample Type,560
Cotinine Screen - Unscheduled,Manufacturer,560
Cotinine Screen - Unscheduled,Item #,560
Cotinine Screen - Unscheduled,Lot,560
Cotinine Screen - Unscheduled,Expiration Date,560
Cotinine Screen - Unscheduled,Date of Sample,560
Cotinine Screen - Unscheduled,Time of Sample,560
FSH Blood Sample- Unscheduled,Timepoint,562
FSH Blood Sample- Unscheduled,Comments,562
FSH Blood Sample- Unscheduled,Sample,562
FSH Blood Sample- Unscheduled,done,562
FSH Blood Sample- Unscheduled,Date of Collection,562
FSH Blood Sample- Unscheduled,Collection,562
FSH Blood Sample- Unscheduled,Number,562
FSH Blood Sample- Unscheduled,Status,562
Clinical Laboratory Assessments - Unscheduled,Timepoint,563
Clinical Laboratory Assessments - Unscheduled,Comments,563
Clinical Laboratory Assessments - Unscheduled,Was subject in fasting state?,563
Clinical Laboratory Assessments - Unscheduled,Sample,563
Clinical Laboratory Assessments - Unscheduled,done,563
Clinical Laboratory Assessments - Unscheduled,Date of Collection,563
Clinical Laboratory Assessments - Unscheduled,Collection,563
Clinical Laboratory Assessments - Unscheduled,Number,563
Clinical Laboratory Assessments - Unscheduled,Status,563
Laboratory Results Review - Unscheduled,Laboratory collection date,565
Laboratory Results Review - Unscheduled,Laboratory results review date,565
Laboratory Results Review - Unscheduled,Has the investigator reviewed all laboratory results from this visit and assessed abnormal results clinical significance?,565
Laboratory Results Review - Unscheduled,Were there any clinically significant abnormal results?,565
Laboratory Results Review - Unscheduled,Were there any clinically significant abnormal chemistry results?,565
Laboratory Results Review - Unscheduled,Chemistry abnormal assay # 1 Investigator comment,566
Laboratory Results Review - Unscheduled,Chemistry abnormal assay # 2 Investigator comment,567
Laboratory Results Review - Unscheduled,Chemistry abnormal assay # 3 Investigator comment,568
Laboratory Results Review - Unscheduled,Chemistry abnormal assay # 4 Investigator comment,569
Laboratory Results Review - Unscheduled,Chemistry abnormal assay # 5 Investigator comment,570
Laboratory Results Review - Unscheduled,Are there any additional clinically significant abnormal chemistry results to be entered?,570
Laboratory Results Review - Unscheduled,Were there any clinically significant abnormal hematology results?,571
Laboratory Results Review - Unscheduled,Hematology abnormal assay # 1 Investigator comment,571
Laboratory Results Review - Unscheduled,Hematology abnormal assay # 2 Investigator comment,571
Laboratory Results Review - Unscheduled,Hematology abnormal assay # 3 Investigator comment,572
Laboratory Results Review - Unscheduled,Hematology abnormal assay # 4 Investigator comment,572
Laboratory Results Review - Unscheduled,Hematology abnormal assay # 5 Investigator comment,573
Laboratory Results Review - Unscheduled,Are there any clinically significant abnormal hematology results to be entered?,573
Laboratory Results Review - Unscheduled,Were there any clinically significant abnormal urinalysis results?,573
Laboratory Results Review - Unscheduled,Microscopic analysis if indicated,574
Laboratory Results Review - Unscheduled,Urinalysis abnormal assay # 1 Investigator comment,574
Laboratory Results Review - Unscheduled,Microscopic analysis if indicated,575
Laboratory Results Review - Unscheduled,Urinalysis abnormal assay # 2 Investigator comment,575
Laboratory Results Review - Unscheduled,Microscopic analysis if indicated,576
Laboratory Results Review - Unscheduled,Urinalysis abnormal assay # 3 Investigator comment,576
Laboratory Results Review - Unscheduled,Microscopic analysis if indicated,577
Laboratory Results Review - Unscheduled,Urinalysis abnormal assay # 4 Investigator comment,577
Laboratory Results Review - Unscheduled,Microscopic analysis if indicated,578
Laboratory Results Review - Unscheduled,Urinalysis abnormal assay # 5 Investigator comment,578
Laboratory Results Review - Unscheduled,Are there additional urinalysis clinically significant abnormal results to be entered?,578
Laboratory Results Review - Unscheduled,Investigator`s signature for Local Laboratory Results Review,578
CSSRS - Since Last Visit part 1 - Unscheduled,Was the questionnaire administered?,580
CSSRS - Since Last Visit part 1 - Unscheduled,Date of completion,580
CSSRS - Since Last Visit part 1 - Unscheduled,Rater's initials,580
CSSRS - Since Last Visit part 1 - Unscheduled,Since Last Visit,580
CSSRS - Since Last Visit part 1 - Unscheduled,No,580
CSSRS - Since Last Visit part 1 - Unscheduled,3. Active suicidal ideation with any methods (not plan) without intent to act,581
CSSRS - Since Last Visit part 1 - Unscheduled,Have you been thinking about how you might do this?,581
CSSRS - Since Last Visit part 1 - Unscheduled,"4. Active suicidal ideation with some intent to act, without specific plan",581
CSSRS - Since Last Visit part 1 - Unscheduled,Have you had these thoughts and had some intention of acting on them?,581
CSSRS - Since Last Visit part 1 - Unscheduled,5. Active suicidal ideation with specific plan and intent,581
CSSRS - Since Last Visit part 1 - Unscheduled,Do you intend to carry out this plan?,581
CSSRS - Since Last Visit part 2 - Unscheduled,intent,582
CSSRS - Since Last Visit part 2 - Unscheduled,Description of Ideation,582
CSSRS - Since Last Visit part 2 - Unscheduled,(2) Once a week,582
CSSRS - Since Last Visit part 2 - Unscheduled,(5) More than 8 hours/persistent or continuous,582
CSSRS - Since Last Visit part 2 - Unscheduled,(0) Does not attempt to control thoughts,583
CSSRS - Since Last Visit part 2 - Unscheduled,(0) Does not apply,583
CSSRS - Since Last Visit part 3 - Unscheduled,"Actual attempt: A potentially self-injurious act committed with at least some wish to die, as a result of act. Behaviour was in part thought of as method to kill oneself. Intent does not have to be 100%. If there is any intent/desire to die associated with the act, then it can be considered an actual suicide attempt. There does not have to be any injury or harm, just the potential for injury or harm. If a person pulls the trigger while gun is in mouth but gun is broken so no injury results, this is considered an attempt. Inferring Intent: even if an individual denies intent/wish to die, it may be inferred clinically from the behaviour or circumstances. For example, a highly lethal act that is clearly not an accident so no other intent but suicide can be inferred (e.g. gunshot to the head, jumping from window of a high",585
CSSRS - Since Last Visit part 3 - Unscheduled,"If Yes, Total number of attempts",585
CSSRS - Since Last Visit part 3 - Unscheduled,"If Yes, describe",585
CSSRS - Since Last Visit part 3 - Unscheduled,Has subject engaged in Non-Suicidal self-injurious behavior?,585
CSSRS - Since Last Visit part 3 - Unscheduled,"Interrupted attempt: When the person is interrupted (by an outside circumstance) from starting the potentially self- injurious act (if not for that, actual attempt would have occurred).",585
CSSRS - Since Last Visit part 3 - Unscheduled,"If Yes, Total number of interrupted attempts",586
CSSRS - Since Last Visit part 3 - Unscheduled,"If Yes, describe",586
CSSRS - Since Last Visit part 3 - Unscheduled,"Aborted attempt: When person begins to take steps toward making a suicide attempt, but stops themselves before they actually have engaged in any self destructive behaviour. Examples are similar to interrupted attempts, except that the individual stops him/herself, instead of being stopped by something else. Has there been a time when you started to do something to try to end your life but you stopped yourself before you actually did anything?",586
CSSRS - Since Last Visit part 3 - Unscheduled,"If Yes, Total number of aborted attempts",586
CSSRS - Since Last Visit part 3 - Unscheduled,"Preparatory acts or behavior: Acts or preparation towards imminently making a suicide attempt. This can include anything beyond a verbalization or thought such as assembling a specific method (e.g., buying pills, purchasing a gun) or preparing for one's death by suicide (e.g., giving things away, writing a suicide note) Have you taken any step towards making a suicide attempt or preparing to kill yourself (such as collecting pills, getting a gun, giving valuables away or writing a suicide note?)",586
CSSRS - Since Last Visit part 3 - Unscheduled,Suicidal behavior: Suicidal behavior was present during the assessment period?,587
CSSRS - Since Last Visit part 3 - Unscheduled,Suicide:,587
CSSRS - Since Last Visit part 4 - Unscheduled,Date of Attempt,588
CSSRS - Since Last Visit part 4 - Unscheduled,Actual Lethality/Medical Damage:,588
CSSRS - Since Last Visit part 4 - Unscheduled,tracks with oncoming train but pulled away before run over).,588
CSSRS - Since Last Visit part 4 - Unscheduled,Potential Lethality: Only answer if Actual Lethality=0,588
Pgx Blood draw - Unscheduled,Date of Collection,589
Pgx Blood draw - Unscheduled,Row 1 - Sample,589
Pgx Blood draw - Unscheduled,Row 1 - Collection,589
Pgx Blood draw - Unscheduled,Row 1 - Number,589
Pgx Blood draw - Unscheduled,Row 1 - Sample Status,589
PK Blood draw - Unscheduled,Date of Collection,590
PK Blood draw - Unscheduled,Row 1 - Collection,590
PK Blood draw - Unscheduled,Row 1 - Number,590
PK Blood draw - Unscheduled,Row 1 - Barcode Number,590
PK Blood draw - Unscheduled,Row 1 - Sample,590
PK Blood draw - Unscheduled,Row 1 - Sample Status,590
FBR Blood draw - Unscheduled,Was FBR Blood Collection Performed?,591
FBR Blood draw - Unscheduled,"If not performed, Reason:",591
FBR Blood draw - Unscheduled,Date of Collection,591
FBR Blood draw - Unscheduled,Sample,591
FBR Blood draw - Unscheduled,Timepoint,591
FBR Blood draw - Unscheduled,Collection,591
FBR Blood draw - Unscheduled,Barcode Number,591
FBR Blood draw - Unscheduled,Collected Not Collected,591
Triplicate Orthostatic BP and HR - Unscheduled,Were Vital Signs Collected?,592
Triplicate Orthostatic BP and HR - Unscheduled,"If not collected, reason:",592
Triplicate Orthostatic BP and HR - Unscheduled,Collection Date,592
Triplicate Orthostatic BP and HR - Unscheduled,Time Placed in Position,592
Standing,Time Placed in Position,593
Standing,Time of Vitals Measurement #3,593
Lost to Follow-up Details - Unscheduled,Initial contact attempt - date,594
Lost to Follow-up Details - Unscheduled,Initial contact attempt notes (outcome):,594
Lost to Follow-up Details - Unscheduled,Second contact attempt notes:,594
Lost to Follow-up Details - Unscheduled,Third contact attempt notes:,594
Lost to Follow-up Details - Unscheduled,Certified letter sent date:,594
Lost to Follow-up Details - Unscheduled,Certified letter sent notes:,594
Lost to Follow-up Details - Unscheduled,Certified letter confirmation return notes (including date):,594
Glycated Hemoglobin - Unscheduled,Glycated Hemoglobin,595
Glycated Hemoglobin - Unscheduled,Reason not done,595
Glycated Hemoglobin - Unscheduled,Y: site,595
