form_name,field_name,page
"S_QSC302573, 02 - Group Info/Study ICF Final v1.0",Informed Consent: Photo ID #1 Does the participant have a valid photo ID?,1
"S_QSC302573, 02 - Group Info/Study ICF Final v1.0",Staff Initials,1
"S_QSC302573, 02 - Group Info/Study ICF Final v1.0",Comment,1
"S_QSC302573, 02 - Group Info/Study ICF Final v1.0",Group Information: Group Info Session #1 Did participant complete group information or remote information session?,1
"S_QSC302573, 02 - Group Info/Study ICF Final v1.0",Group Information: Group info held by #1 Record who held Group Information Session (full name),1
"S_QSC302573, 02 - Group Info/Study ICF Final v1.0",Informed Consent: Study ICF Database Check #1 Does the Anju study number match the study number in the participants' paper PIS/ICF?,1
"S_QSC302573, 02 - Group Info/Study ICF Final v1.0",Informed Consent: Study ICF Participant #1 Study ICF Signed and Dated by the participant?,1
"S_QSC302573, 02 - Group Info/Study ICF Final v1.0",Informed Consent: Study ICF Time #1 Time Study ICF was signed by participant,2
"S_QSC302573, 02 - Group Info/Study ICF Final v1.0",Staff Initials,2
"S_QSC302573, 02 - Group Info/Study ICF Final v1.0",Comment,2
"S_QSC302573, 02 - Group Info/Study ICF Final v1.0",Informed Consent: Study ICF Part #1 Study ICF Part Number,2
"S_QSC302573, 02 - Group Info/Study ICF Final v1.0",Informed Consent: Study ICF Version #1 Study ICF Version Number (Version must be checked against ICF present in the RSF – escalate any discrepancies),2
"S_QSC302573, 02 - Group Info/Study ICF Final v1.0",Study ICF signed and dated by the physician/nurse?,3
"S_QSC302573, 02 - Group Info/Study ICF Final v1.0",Staff Initials,3
"S_QSC302573, 02 - Group Info/Study ICF Final v1.0",Comment,3
"S_QSC302573, 02 - Group Info/Study ICF Final v1.0",Informed Consent: Study ICF copy #1 Was a copy of the Study ICF given to the participant?,3
"S_QSC302573, 02 - Group Info/Study ICF Final v1.0","Informed Consent Addition: Consented to Additional ICF #1 Has the participant read, understood and signed the consent for the Future Use Sub Study, where a DNA sample will be taken and other data collected may be used for potential future research?",3
"S_QSC302573, 02 - Group Info/Study ICF Final v1.0",Informed Consent Addition: Add ICF Participant #1 Additional ICF Signed and Dated by the Participant?,3
"S_QSC302573, 02 - Group Info/Study ICF Final v1.0",Informed Consent Addition: Add ICF Date #1 Date Additional ICF was signed by participant,3
"S_QSC302573, 02 - Group Info/Study ICF Final v1.0",Time Additional ICF was signed by participant,4
"S_QSC302573, 02 - Group Info/Study ICF Final v1.0",Staff Initials,4
"S_QSC302573, 02 - Group Info/Study ICF Final v1.0",Comment,4
"S_QSC302573, 02 - Group Info/Study ICF Final v1.0",Informed Consent Addition: Add ICF Signed by Physician/Nurse #1 Additional ICF signed and dated by the physician/nurse?,4
"S_QSC302573, 02 - Group Info/Study ICF Final v1.0",System: Available #1 What is the status of the subject?,4
"S_QSC302573, 03 - Screening Final v1.0",Sponsor Specific Participation Number (allocated sequentially from S00001),5
"S_QSC302573, 03 - Screening Final v1.0",Staff Initials,5
"S_QSC302573, 03 - Screening Final v1.0",Comment,5
"S_QSC302573, 03 - Screening Final v1.0",Screening Restrictions: Alcohol #1 Has the participant consumed any alcohol within 24 hours prior to Screening visit?,5
"S_QSC302573, 03 - Screening Final v1.0",Screening Restrictions: Poppy seeds #1 Has the participant consumed any food containing poppy seeds within 48 hours prior to Screening visit?,5
"S_QSC302573, 03 - Screening Final v1.0",Screening Restrictions: Exercise #1 Has the participant taken part in any strenuous exercise within 72 hours prior to Screening visit?,5
"S_QSC302573, 03 - Screening Final v1.0",Screening Restrictions: Smoking #1 Has the participant use of tobacco products or experience daily exposure to second-hand smoke in the previous 2 months? (If 'Yes' exclude per exclusion criteria #14),5
"S_QSC302573, 03 - Screening Final v1.0",On Study Demographics: Year of Birth #1 Year of Birth,6
"S_QSC302573, 03 - Screening Final v1.0",Staff Initials,6
"S_QSC302573, 03 - Screening Final v1.0",Comment,6
"S_QSC302573, 03 - Screening Final v1.0",On Study Demographics: Age #1 Age 18 to 55 years inclusive at time of signing informed consent,6
"S_QSC302573, 03 - Screening Final v1.0",On Study Demographics: Ethnicity #1 What is the ethnicity of the participant?,6
"S_QSC302573, 03 - Screening Final v1.0",On Study Demographics: Race #1 What is the race of the participant?,6
"S_QSC302573, 03 - Screening Final v1.0",On Study Demographics: Sex #1 What is the sex of the participant?,7
"S_QSC302573, 03 - Screening Final v1.0",Staff Initials,7
"S_QSC302573, 03 - Screening Final v1.0",Comment,7
"S_QSC302573, 03 - Screening Final v1.0","Female participants who are not of childbearing potential do not need to use any methods of contraception. A woman is considered of childbearing potential unless post menopausal or permanently sterile. Permanent sterilisation methods include hysterectomy and bilateral oophorectomy. A post-menopausal state is defined as no menses for 12 months without an alternative medical cause and confirmed by a follicle stimulating hormone (FSH) result of ≥40 IU/L. (If 'Yes', please exclude)",7
"S_QSC302573, 03 - Screening Final v1.0","If no, please complete reason:",8
"S_QSC302573, 03 - Screening Final v1.0",Staff Initials,8
"S_QSC302573, 03 - Screening Final v1.0",Comment,8
"S_QSC302573, 03 - Screening Final v1.0",Contraception Female: Date of LMP #1 Provide the date of LMP,8
"S_QSC302573, 03 - Screening Final v1.0","For sexually active males and their female partners of childbearing potential, there must be a documented agreement that the participant and their partner will take measures (ie, 2 different approved methods of birth control or remain abstinent from sexual activity). External condoms must be used in addition to hormonal contraception. External condom and internal condom should not be used together.",8
"S_QSC302573, 03 - Screening Final v1.0",Condom,8
"S_QSC302573, 03 - Screening Final v1.0",Partner's use of implantable progestogen-only hormone contraception associated with inhibition of ovulation (Activates Line 19),8
"S_QSC302573, 03 - Screening Final v1.0",Partner's use of intrauterine device (Activates Line 19),8
"S_QSC302573, 03 - Screening Final v1.0",Partner's use of intrauterine hormone-releasing system (Activates Line 19),8
"S_QSC302573, 03 - Screening Final v1.0",Partner's bilateral tubal occlusion (Activates Line 19),8
"S_QSC302573, 03 - Screening Final v1.0","Partner's use of combined (oestrogen and progestogen-containing) hormonal contraception associated with inhibition of ovulation; oral, intravaginal, transdermal, injectable) (Activates Line 19)",9
"S_QSC302573, 03 - Screening Final v1.0","Partner's use of progestogen-only hormonal contraception associated with inhibition of ovulation; oral, injectable (Activates Line 19)",9
"S_QSC302573, 03 - Screening Final v1.0",Partner's use of progestogen-only oral hormonal contraception where inhibition of ovulation isn’t the primary mode of action (Activates Line 19),9
"S_QSC302573, 03 - Screening Final v1.0",Partners use of female cap or diaphragm or sponge with spermicide,9
"S_QSC302573, 03 - Screening Final v1.0","Participants use of condom plus partners use of a cap, diaphragm or sponge with spermicide",9
"S_QSC302573, 03 - Screening Final v1.0",Partner of non-childbearing potential (Activates Line 19),9
"S_QSC302573, 03 - Screening Final v1.0",Vasectomised (Activates Line 17),9
"S_QSC302573, 03 - Screening Final v1.0",True abstinence (Activates Line 18),9
"S_QSC302573, 03 - Screening Final v1.0",Contraception Male: Date of Abstinence #1 Please record start date of abstinence,9
"S_QSC302573, 03 - Screening Final v1.0",Staff Initials,9
"S_QSC302573, 03 - Screening Final v1.0",Comment,9
"S_QSC302573, 03 - Screening Final v1.0",Does the contraceptive method/procedure/status fall in line with the protocol requirements to be considered highly effective?,10
"S_QSC302573, 03 - Screening Final v1.0",Staff Initials,10
"S_QSC302573, 03 - Screening Final v1.0",Comment,10
"S_QSC302573, 03 - Screening Final v1.0","On Study Alcohol: Alcohol Intake Units #1 Amount of alcohol units consumed per week. If participant drinks no alcohol, record as ‘0’. (1 unit = ½ pint beer, or a 25 mL shot of 40% spirit, 1.5 to 2 units = 125 mL glass of wine, depending on type)",10
"S_QSC302573, 03 - Screening Final v1.0","On Study Tobacco: Participant Smoke #1 Does the participant smoke, use e-cigarettes or any nicotine replacement products? (If yes, exclude participant)",10
"S_QSC302573, 03 - Screening Final v1.0","On Study Tobacco: Date of stopping (smoking) #1 If previously, date of stopping (Exclude if within the last 2 months)",10
"S_QSC302573, 03 - Screening Final v1.0",Exclude participant if answer yes to smoking (Medic to exclude participant),11
"S_QSC302573, 03 - Screening Final v1.0",Staff Initials,11
"S_QSC302573, 03 - Screening Final v1.0",Comment,11
"S_QSC302573, 03 - Screening Final v1.0",AE/CM Surveys: MH Survey #1 Does the participant have any clinically relevant medical/surgical history? (If 'Yes' complete Medical History quicklist),11
"S_QSC302573, 03 - Screening Final v1.0",The use of orally administered breast cancer resistance protein (BCRP) substrates is prohibited. (If 'Yes' complete Concomitant Medication quicklist),11
"S_QSC302573, 03 - Screening Final v1.0",Vein Assessment: Suitable #1 Is the participant suitable for the collection of blood volume required for this study? (Will not exceed 550 mL in a 4-week period),11
"S_QSC302573, 03 - Screening Final v1.0",No (Specify) (100 char. max.),11
"S_QSC302573, 03 - Screening Final v1.0",Safety: Urine Cotinine #1 Urine Cotinine test - please ensure study specific tests are used,12
"S_QSC302573, 03 - Screening Final v1.0",Staff Initials,12
"S_QSC302573, 03 - Screening Final v1.0",Comment,12
"S_QSC302573, 03 - Screening Final v1.0",Safety: Prompt for Medic #1 Positive result for Urine Cotinine (Medic to exclude participant),12
"S_QSC302573, 03 - Screening Final v1.0","Urinalysis: Bilirubin #1 What was the bilirubin result? If any positive result, inform medic/PI. (Perform urinalysis and read results)",12
"S_QSC302573, 03 - Screening Final v1.0","Urinalysis: Ketones #1 What was the ketone result? If any positive result, inform medic/PI. (Perform urinalysis and read results)",13
"S_QSC302573, 03 - Screening Final v1.0",Staff Initials,13
"S_QSC302573, 03 - Screening Final v1.0",Comment,13
"S_QSC302573, 03 - Screening Final v1.0","Urinalysis: Glucose #1 What was the glucose result? If any positive result, inform medic/PI. (Perform urinalysis and read results)",13
"S_QSC302573, 03 - Screening Final v1.0","IF PROTEIN ≥ 30mg/dl: Repeat urinalysis as soon as possible, ensuring a clean catch specimen. If protein remains ≥ 30mg/dl on repeat, then inform PI/medic. (Perform urinalysis and read results)",14
"S_QSC302573, 03 - Screening Final v1.0",Staff Initials,14
"S_QSC302573, 03 - Screening Final v1.0",Comment,14
"S_QSC302573, 03 - Screening Final v1.0",Urinalysis: Blood #1 What was the blood result? (Perform urinalysis and read results),14
"S_QSC302573, 03 - Screening Final v1.0",Urinalysis: Nitrite #1 What was the nitrite result? (Perform urinalysis and read results),15
"S_QSC302573, 03 - Screening Final v1.0",Staff Initials,15
"S_QSC302573, 03 - Screening Final v1.0",Comment,15
"S_QSC302573, 03 - Screening Final v1.0",Record pH value (Perform urinalysis and read results),16
"S_QSC302573, 03 - Screening Final v1.0",Staff Initials,16
"S_QSC302573, 03 - Screening Final v1.0",Comment,16
"S_QSC302573, 03 - Screening Final v1.0",Urinalysis: Specific Gravity #1 Record specific gravity of sample (Perform urinalysis and read results),16
"S_QSC302573, 03 - Screening Final v1.0",What was the leukocyte result? (Perform urinalysis and read results),17
"S_QSC302573, 03 - Screening Final v1.0",Staff Initials,17
"S_QSC302573, 03 - Screening Final v1.0",Comment,17
"S_QSC302573, 03 - Screening Final v1.0","Urinalysis: Participant menstruating #1 Is participant female and menstruating? (If 'Yes', DO NOT send sample for Microscopy. If 'No', send sample for Microscopy)",17
"S_QSC302573, 03 - Screening Final v1.0",Urinalysis: Send for microscopy #1 Confirm sample sent for microscopy (Complete associated paperwork),17
"S_QSC302573, 03 - Screening Final v1.0",Has urinalysis been repeated as soon as possible with a clean catch specimen? Ensure events are repeated to capture this data.,18
"S_QSC302573, 03 - Screening Final v1.0",Staff Initials,18
"S_QSC302573, 03 - Screening Final v1.0",Comment,18
"S_QSC302573, 03 - Screening Final v1.0",Urinalysis: TDL Form Check #1 Confirm TDL form completed:,18
"S_QSC302573, 03 - Screening Final v1.0",Urinalysis: Urinalysis Medic Assessment #1 Has there been a medic review of the Microscopy results?,18
"S_QSC302573, 03 - Screening Final v1.0",Urine Drug Screen: Barbiturates #1 Drugs of abuse - Barbiturates (BAR),19
"S_QSC302573, 03 - Screening Final v1.0",Staff Initials,19
"S_QSC302573, 03 - Screening Final v1.0",Comment,19
"S_QSC302573, 03 - Screening Final v1.0",Urine Drug Screen: Benzodiazepines #1 Drugs of abuse - Benzodiazepines (BZO),19
"S_QSC302573, 03 - Screening Final v1.0",Urine Drug Screen: Methadone #1 Drugs of abuse - Methadone (MTD),19
"S_QSC302573, 03 - Screening Final v1.0",Urine Drug Screen: Cocaine #1 Drugs of abuse - Cocaine (COC),20
"S_QSC302573, 03 - Screening Final v1.0",Staff Initials,20
"S_QSC302573, 03 - Screening Final v1.0",Comment,20
"S_QSC302573, 03 - Screening Final v1.0",Urine Drug Screen: Morphine/Opiates #1 Drugs of abuse - Morphine/Opiates (MOP),20
"S_QSC302573, 03 - Screening Final v1.0",Urine Drug Screen: Methamphetamine/Ecstasy #1 Drugs of abuse - Methamphetamine/Ecstasy (MET),20
"S_QSC302573, 03 - Screening Final v1.0",Urine Drug Screen: Marijuana/Cannabis #1 Drugs of abuse - Marijuana/Cannabis (THC),21
"S_QSC302573, 03 - Screening Final v1.0",Staff Initials,21
"S_QSC302573, 03 - Screening Final v1.0",Comment,21
"S_QSC302573, 03 - Screening Final v1.0",Urine Drug Screen: Medic Prompt #1 Positive Drugs of Abuse result (Medic to exclude participant),21
"S_QSC302573, 03 - Screening Final v1.0",Breath Tests: Alcohol #1 Alcohol breath test (Positive result > 0.02),21
"S_QSC302573, 03 - Screening Final v1.0",Breath Tests: Prompt for Medic #1 Positive result for Alcohol Breath Test (Medic to exclude participant),21
"S_QSC302573, 03 - Screening Final v1.0",Height (cm),22
"S_QSC302573, 03 - Screening Final v1.0",Staff Initials,22
"S_QSC302573, 03 - Screening Final v1.0",Comment,22
"S_QSC302573, 03 - Screening Final v1.0",Anthropometrics: Weight (kg) #1 Weight (kg),22
"S_QSC302573, 03 - Screening Final v1.0",Anthropometrics: BMI #1 BMI (kg/m²) (For inclusion 18.0 to 32.0 kg/m2 at Screening),22
"S_QSC302573, 03 - Screening Final v1.0","Exclude if - QT interval corrected for heart rate using Fridericia’s formula (QTcF) >450 msec for male participants or >470 msec for female participants, QRS interval >120 msec, or PR interval >200 msec. (Supine for a minimum 3 minutes)",22
"S_QSC302573, 03 - Screening Final v1.0",ECG: ECG Rhythm Assess/Interpretation #1 ECG Rhythm assessment and interpretation,23
"S_QSC302573, 03 - Screening Final v1.0",Staff Initials,23
"S_QSC302573, 03 - Screening Final v1.0",Comment,23
"S_QSC302573, 03 - Screening Final v1.0",ECG: ECG Significance #1 Was the ECG clinically significant? (Medic to assess),23
"S_QSC302573, 03 - Screening Final v1.0",ECG Findings,24
"S_QSC302573, 03 - Screening Final v1.0",Staff Initials,24
"S_QSC302573, 03 - Screening Final v1.0",Comment,24
"S_QSC302573, 03 - Screening Final v1.0","ECG: ECG Findings inc Rhythm #1 ECG Findings, including rhythm assessment",24
"S_QSC302573, 03 - Screening Final v1.0","Exclude if - Systolic blood pressure [SBP] >140 mmHg or diastolic blood pressure [DBP] >90 mmHg in the supine position. Supine heart rate, after resting for at least 3 minutes, outside the range of 50 to 100 beats per minute. (Supine for at least 3 minutes)",24
"S_QSC302573, 03 - Screening Final v1.0",Vital Signs: Vital Signs Findings #1 Vital Sign Findings,25
"S_QSC302573, 03 - Screening Final v1.0",Staff Initials,25
"S_QSC302573, 03 - Screening Final v1.0",Comment,25
"S_QSC302573, 03 - Screening Final v1.0","Exclude if - Symptomatic hypotension or orthostatic hypotension, which is defined as a decrease of ≥20 mmHg in SBP and/or a decrease of ≥10 mmHg in DBP after at least 3 minutes of standing compared with the previous supine blood pressure. (Standing for at least 3 minutes)",25
"S_QSC302573, 03 - Screening Final v1.0",Is there a drop in SYSTOLIC BP from supine to standing?,26
"S_QSC302573, 03 - Screening Final v1.0",Staff Initials,26
"S_QSC302573, 03 - Screening Final v1.0",Comment,26
"S_QSC302573, 03 - Screening Final v1.0",Vital Signs Standing 2: Drop in DBP from Supine to Standing #1 Is there a drop in DIASTOLIC BP from supine to standing?,26
"S_QSC302573, 03 - Screening Final v1.0",Vital Signs Difference: Vital Signs Calculation BP and HR #1 Vital Signs Difference for SYSTOLIC Drop,26
"S_QSC302573, 03 - Screening Final v1.0",Vital Signs Difference: Vital Signs Calculation BP and HR 2 #1 Vital Signs Difference for DIASTOLIC Drop,26
"S_QSC302573, 03 - Screening Final v1.0",Vital Signs Standing: Vital Signs Findings #1 Vital Sign Findings,27
"S_QSC302573, 03 - Screening Final v1.0",Staff Initials,27
"S_QSC302573, 03 - Screening Final v1.0",Comment,27
"S_QSC302573, 03 - Screening Final v1.0","Safety: Fasted #1 Has the participant fasted for 8 hours? (If no, reschedule blood sample collection)",27
"S_QSC302573, 03 - Screening Final v1.0",Safety: Haematology Medic Assessment #1 Has there been a medic review of the Haematology blood results?,27
"S_QSC302573, 03 - Screening Final v1.0",Safety: Chemistry and Virology Medic Assessment #1 Has there been a medic review of the Clinical Chemistry and Virology blood results?,28
"S_QSC302573, 03 - Screening Final v1.0",Staff Initials,28
"S_QSC302573, 03 - Screening Final v1.0",Comment,28
"S_QSC302573, 03 - Screening Final v1.0",Safety: Chemistry and Virology/Serum Preg Medic Assessment #1 Has there been a medic review of the Clinical Chemistry and Virology (inc Serum Pregnancy) blood results?,28
"S_QSC302573, 03 - Screening Final v1.0",Safety: Chemistry and Virology/FSH/SPreg Medic Assessment #1 Has there been a medic review of the Clinical Chemistry and Virology (inc FSH and Serum Pregnancy) blood results?,28
"S_QSC302573, 03 - Screening Final v1.0","Serum Pregnancy test (If 'Positive', inform PI/Medic and exclude)",29
"S_QSC302573, 03 - Screening Final v1.0",Staff Initials,29
"S_QSC302573, 03 - Screening Final v1.0",Comment,29
"S_QSC302573, 03 - Screening Final v1.0",Safety: FSH Result #1 Serum follicle-stimulating hormone [FSH] concentration,29
"S_QSC302573, 03 - Screening Final v1.0",Safety: TDL Form Check #1 Confirm TDL form completed:,29
"S_QSC302573, 03 - Screening Final v1.0","Inclusion 1. Male or NCBP female participants between 18 and 55 years of age, inclusive.",30
"S_QSC302573, 03 - Screening Final v1.0",Staff Initials,30
"S_QSC302573, 03 - Screening Final v1.0",Comment,30
"S_QSC302573, 03 - Screening Final v1.0",Inclusion: I02 #1 Inclusion 2. BMI from 18.0 to 32.0 kg/m2 (inclusive).,30
"S_QSC302573, 03 - Screening Final v1.0","Inclusion: I03 #1 Inclusion 3. In good health as determined by: a) Medical history b) Physical examination c) Neurological examination d) ECG e) Serum chemistry, urinalysis, hematology, and serology tests.",30
"S_QSC302573, 03 - Screening Final v1.0","a) Will commit to utilizing 2 different approved methods of birth control during the trial and for 90 days plus 5 half-lives (ie, 92 days) after the last dose of IMP, or b) Will remain abstinent during the trial and for 90 days plus 5 half-lives (ie, 92 days) after the last dose of IMP. c) Will refrain from sperm donation from the screening visit through 90 days plus 5 half-lives (ie, 92 days) after the last dose of IMP, or d) Have had a bilateral orchiectomy.",31
"S_QSC302573, 03 - Screening Final v1.0",Staff Initials,31
"S_QSC302573, 03 - Screening Final v1.0",Comment,31
"S_QSC302573, 03 - Screening Final v1.0","Inclusion: I05 #1 Inclusion 5. Female participants who are surgically sterile (ie, have undergone bilateral oophorectomy or hysterectomy) or who have been postmenopausal for at least 12 consecutive months. This will be confirmed with a follicle-stimulating hormone (FSH) assessment.",31
"S_QSC302573, 03 - Screening Final v1.0","Inclusion: I06 #1 Inclusion 6. Ability to provide written, informed consent prior to initiation of any trial-related procedures, and ability, in the opinion of the principal investigator, to comply with all the requirements of the trial.",31
"S_QSC302573, 03 - Screening Final v1.0",Exclusion 1. Non-English speakers and those with language or hearing impairments will not participate in the trial.,32
"S_QSC302573, 03 - Screening Final v1.0",Staff Initials,32
"S_QSC302573, 03 - Screening Final v1.0",Comment,32
"S_QSC302573, 03 - Screening Final v1.0",Exclusion: E02 #1 Exclusion 2. Participants who are breast-feeding and/or who have a positive pregnancy test result prior to receiving the IMP.,32
"S_QSC302573, 03 - Screening Final v1.0","Exclusion: E03 #1 Exclusion 3. Clinically significant abnormality in past medical history, or at the screening physical examination, that in the investigators or sponsor’s opinion may place the participant at risk or interfere with outcome variables including absorption, distribution, metabolism, and excretion of drug. This includes, but is not limited to, history of or concurrent cardiac, hepatic, renal, neurologic, endocrine, gastrointestinal, respiratory, hematologic, dermatologic, and immunologic disease.",32
"S_QSC302573, 03 - Screening Final v1.0","Exclusion: E05 #1 Exclusion 5. History of or current hepatitis or acquired immunodeficiency syndrome or carriers of hepatitis B surface antigen (HBsAg) and/or hepatitis C antibodies (anti-HCV), or human immunodeficiency virus (HIV) antibodies. Exceptions are permitted for participants with a prior history of infection with hepatitis A who have fully recovered and are experiencing no liver sequelae, or with hepatitis C who have been adequately treated to be considered cured with no liver sequelae.",33
"S_QSC302573, 03 - Screening Final v1.0",Staff Initials,33
"S_QSC302573, 03 - Screening Final v1.0",Comment,33
"S_QSC302573, 03 - Screening Final v1.0",Exclusion: E06 #1 Exclusion 6. History of any significant drug allergy or known or suspected hypersensitivity to any component of IMP.,33
"S_QSC302573, 03 - Screening Final v1.0",Exclusion: E07 #1 Exclusion 7. A positive urine or breath alcohol test or urine drug screen for substances of abuse at screening or upon check-in to the trial site.,33
"S_QSC302573, 03 - Screening Final v1.0",Exclusion 8. Any history of significant bleeding or hemorrhagic tendencies.,34
"S_QSC302573, 03 - Screening Final v1.0",Staff Initials,34
"S_QSC302573, 03 - Screening Final v1.0",Comment,34
"S_QSC302573, 03 - Screening Final v1.0",Exclusion: E09 #1 Exclusion 9. A history of difficulty in donating blood.,34
"S_QSC302573, 03 - Screening Final v1.0",Exclusion: E10 #1 Exclusion 10. The donation of blood or plasma within 30 days prior to the first dose of IMP.,34
"S_QSC302573, 03 - Screening Final v1.0",Exclusion: E11 #1 Exclusion 11. Participants having taken an investigational drug within 90 days prior to first dose.,34
"S_QSC302573, 03 - Screening Final v1.0","Exclusion 12. Use of prescription, over-the-counter, herbal medications, or vitamin supplements within 14 days prior to the first dose of IMP and oral antibiotics within 30 days prior to the first dose of IMP. The sponsor may allow exceptions only if the medication’s administration is deemed unlikely to impact the PK result.",35
"S_QSC302573, 03 - Screening Final v1.0",Staff Initials,35
"S_QSC302573, 03 - Screening Final v1.0",Comment,35
"S_QSC302573, 03 - Screening Final v1.0","Exclusion: E13 #1 Exclusion 13. Exposure to any substances known to stimulate hepatic microsomal enzymes within 30 days prior to screening (eg, occupational exposure to pesticides, organic solvents, etc).",35
"S_QSC302573, 03 - Screening Final v1.0","Exclusion: E14 #1 Exclusion 14. Use of tobacco products or daily exposure to second-hand smoke within 2 months prior to the screening visit, or urine cotinine concentrations >200 ng/mL or serum cotinine concentrations >20 ng/mL at screening or check-in.",35
"S_QSC302573, 03 - Screening Final v1.0","Exclusion: E16 #1 Exclusion 16. Participants who have a supine heart rate, after resting for at least 3 minutes, outside the range of 50 to 100 beats per minute. The sponsor may allow exceptions if the results are not considered to be clinically significant; however, this will need to be approved by the medical monitor. Note: If the first hear rate measurement is abnormal, it can be repeated at the investigator’s discretion, in which case a third (confirmatory) measurement may also be required.",36
"S_QSC302573, 03 - Screening Final v1.0",Staff Initials,36
"S_QSC302573, 03 - Screening Final v1.0",Comment,36
"S_QSC302573, 03 - Screening Final v1.0",Exclusion: E17 #1 Exclusion 17. History of unexplained syncope.,36
"S_QSC302573, 03 - Screening Final v1.0","Exclusion: E18 #1 Exclusion 18. Abnormal ECG findings at screening or check-in including QT interval corrected for heart rate using Fridericia’s formula (QTcF) >450 msec for male participants or >470 msec for female participants, QRS interval >120 msec, or PR interval >200 msec.",36
"S_QSC302573, 03 - Screening Final v1.0",Exclusion 19. Personal or family history of sudden death or long QT syndrome.,37
"S_QSC302573, 03 - Screening Final v1.0",Staff Initials,37
"S_QSC302573, 03 - Screening Final v1.0",Comment,37
"S_QSC302573, 03 - Screening Final v1.0","Exclusion: E20 #1 Exclusion 20. History of serious mental disorders that, in the opinion of the investigator, would exclude the participant from participating in this trial.",37
"S_QSC302573, 03 - Screening Final v1.0",Exclusion: E21 #1 Exclusion 21. Participants with no permanent place of residence.,37
"S_QSC302573, 03 - Screening Final v1.0","Exclusion: E22 #1 Exclusion 22. Any participant who, in the opinion of the investigator, should not participate in the trial.",37
"S_QSC302573, 03 - Screening Final v1.0",Exclusion 23. Previous exposure to OPC-224333.,38
"S_QSC302573, 03 - Screening Final v1.0",Staff Initials,38
"S_QSC302573, 03 - Screening Final v1.0",Comment,38
"S_QSC302573, 03 - Screening Final v1.0","Exclusion: E24 #1 Exclusion 24. Consumption of alcohol and/or food and beverages containing methylxanthines (caffeinated coffee, caffeinated tea, caffeinated soda, and chocolate), pomelo, grapefruit, grapefruit juice, Seville oranges, Seville orange juice, blueberry juice, or cranberry juice within 72 hours prior to dosing.",38
"S_QSC302573, 03 - Screening Final v1.0","Exclusion: E25 #1 Exclusion 25. Participants with active suicidal ideation or suicidal behavior within the last 6 months, at the screening visit (Baseline/Screening version), and/or prior to dosing (as evidenced by clinical examination or an answer of “yes” on Questions 4 or 5 of the C SSRS Since Last Visit version) or suicidal behavior is present in the C-SSRS.",38
"S_QSC302573, 03 - Screening Final v1.0",Exclusion: E26 #1 Exclusion 26. Not able to consume the FDA HFM (High Fat Meal) for Part 2 and Part 3 within 20 minutes.,38
"S_QSC302573, 03 - Screening Final v1.0","Exclusion: E27 #1 Exclusion 27. Participant has any significant primary sleep disorder. Participants with known untreated moderate or severe sleep apnea, other major untreated sleep disorders, or a known diagnosis of a circadian rhythm disorder. Participants adequately treated for obstructive sleep apnea are not excluded.",39
"S_QSC302573, 03 - Screening Final v1.0",Staff Initials,39
"S_QSC302573, 03 - Screening Final v1.0",Comment,39
"S_QSC302573, 03 - Screening Final v1.0","Exclusion: E28 #1 Exclusion 28. Participants with abnormal liver function and or hepatic impairment, defined as participants with aspartate aminotransferase (AST), alanine aminotransferase (ALT), or alkaline phosphatase > the upper limit of normal (ULN) or total bilirubin > the ULN.",39
"S_QSC302573, 03 - Screening Final v1.0",Normal Range for Male: 10-50 Normal Range for Female: 10-35,39
"S_QSC302573, 03 - Screening Final v1.0",Normal Range for Male: 10-50 Normal Range for Female: 10-35,40
"S_QSC302573, 03 - Screening Final v1.0",Staff Initials,40
"S_QSC302573, 03 - Screening Final v1.0",Comment,40
"S_QSC302573, 03 - Screening Final v1.0",Normal Range for Male: 40-129 Normal Range for Female: 35-104,40
"S_QSC302573, 03 - Screening Final v1.0",Exclusion: Total Bilirubin #1 Total Bilirubin (umol/L),40
"S_QSC302573, 03 - Screening Final v1.0","A complete physical examination will be performed at screening, and will include an assessment of the head, eyes, ears, nose, and throat; thorax; abdomen; skin and mucosae; urogenital system; neurological system; and extremities. The urogenital portion of the physical examination will be optional and performed, if necessary, based on participant’s symptoms.",40
"S_QSC302573, 03 - Screening Final v1.0","Physical Examination Findings (non standard): HEENT Findings #1 Head, Eyes, Ears, Nose, Throat - if abnormal - clinically signifcant, please specify",41
"S_QSC302573, 03 - Screening Final v1.0",Staff Initials,41
"S_QSC302573, 03 - Screening Final v1.0",Comment,41
"S_QSC302573, 03 - Screening Final v1.0",Physical Examination Findings (non standard): Thorax Assessment #1 Thorax - What was the body system assessment?,41
"S_QSC302573, 03 - Screening Final v1.0","Thorax - if abnormal - clinically signifcant, please specify",42
"S_QSC302573, 03 - Screening Final v1.0",Staff Initials,42
"S_QSC302573, 03 - Screening Final v1.0",Comment,42
"S_QSC302573, 03 - Screening Final v1.0",Physical Examination Findings (non standard): Abdomen Assessment #1 Abdomen - What was the body system assessment?,42
"S_QSC302573, 03 - Screening Final v1.0","Physical Examination Findings (non standard): Abdomen Findings #1 Addomen - if abnormal - clinically signifcant, please specify",42
"S_QSC302573, 03 - Screening Final v1.0",Physical Examination Findings (non standard): Skin Assessment #1 Skin and Mucosae - What was the body system assessment?,42
"S_QSC302573, 03 - Screening Final v1.0","Physical Examination Findings (non standard): Skin Findings #1 Skin and Mucosae - if abnormal - clinically signifcant, please specify",43
"S_QSC302573, 03 - Screening Final v1.0",Staff Initials,43
"S_QSC302573, 03 - Screening Final v1.0",Comment,43
"S_QSC302573, 03 - Screening Final v1.0",Physical Examination Findings (non standard): Urogenital Assessment #1 Urogenital System - What was the body system assessment? (Only required where symptoms indicated),43
"S_QSC302573, 03 - Screening Final v1.0","Physical Examination Findings (non standard): Urogenital Findings #1 Urogenital System - if abnormal - clinically significant, please specify",43
"S_QSC302573, 03 - Screening Final v1.0","Physical Examination Findings (non standard): Neurological Findings #1 Neurological System - if abnormal - clinically significant, please specify",44
"S_QSC302573, 03 - Screening Final v1.0",Staff Initials,44
"S_QSC302573, 03 - Screening Final v1.0",Comment,44
"S_QSC302573, 03 - Screening Final v1.0",Physical Examination Findings (non standard): Extremities Assessment #1 Extremities - What was the body system assessment?,44
"S_QSC302573, 03 - Screening Final v1.0","Extremities - if abnormal - clinically signifcant, please specify",45
"S_QSC302573, 03 - Screening Final v1.0",Staff Initials,45
"S_QSC302573, 03 - Screening Final v1.0",Comment,45
"S_QSC302573, 03 - Screening Final v1.0",Neurological Examination: Neurological Examination Performed? #1 Was a neurological examination performed?,45
"S_QSC302573, 03 - Screening Final v1.0",Neurological Examination: Mental Status #1 Mental Status,45
"S_QSC302573, 03 - Screening Final v1.0",Neurological Examination: Cranial Nerves #1 Cranial Nerves,45
"S_QSC302573, 03 - Screening Final v1.0",Neurological Examination: Motor Systems #1 Motor Systems,46
"S_QSC302573, 03 - Screening Final v1.0",Staff Initials,46
"S_QSC302573, 03 - Screening Final v1.0",Comment,46
"S_QSC302573, 03 - Screening Final v1.0",Neurological Examination: Reflexes #1 Reflexes,46
"S_QSC302573, 03 - Screening Final v1.0",Neurological Examination: Co-ordination #1 Co-ordination,47
"S_QSC302573, 03 - Screening Final v1.0",Staff Initials,47
"S_QSC302573, 03 - Screening Final v1.0",Comment,47
"S_QSC302573, 03 - Screening Final v1.0",Station and Gait,48
"S_QSC302573, 03 - Screening Final v1.0",Staff Initials,48
"S_QSC302573, 03 - Screening Final v1.0",Comment,48
"S_QSC302573, 03 - Screening Final v1.0",Neurological Examination: Findings #1 Detailed findings of Neurological Examination,48
"S_QSC302573, 03 - Screening Final v1.0",C-SSRS Assessment: Date of Assessment #1 C-SSRS Questionnaire - Date and Time (Transcribe from C-SSRS paper source workbook),48
"S_QSC302573, 03 - Screening Final v1.0","Yes (Specify) (500 char. max.) (Activates Line 160, 163, 152, 155, 156, 159, 158, 161, 164, 162, 165, 154, 157, 153)",49
"S_QSC302573, 03 - Screening Final v1.0","Subject endorses thoughts about a wish to be dead or not alive anymore, or a wish to fall asleep and not wake up. (Have you wished you were dead or wished you could go to sleep and not wake up?)",49
"S_QSC302573, 03 - Screening Final v1.0",Staff Initials,49
"S_QSC302573, 03 - Screening Final v1.0",Comment,49
"S_QSC302573, 03 - Screening Final v1.0","General non-specific thoughts of wanting to end one's life / commit suicide (e.g. ""I've thought about killing myself"") without thoughts of ways to kill oneself / associated methods, intent, or plan during the assessment period. (Have you actually had any thoughts of killing yourself?)",49
"S_QSC302573, 03 - Screening Final v1.0","Yes (Specify) (500 char. max.) (Activates Line 147, 160, 163, 152, 155, 156, 159, 158, 161, 148, 151, 164, 146, 149, 162,",49
"S_QSC302573, 03 - Screening Final v1.0","General non-specific thoughts of wanting to end one's life / commit suicide (e.g. ""I've thought about killing myself"") without thoughts of ways to kill oneself / associated methods, intent, or plan during the assessment period. (Have you actually had any thoughts of killing yourself?)",50
"S_QSC302573, 03 - Screening Final v1.0",Staff Initials,50
"S_QSC302573, 03 - Screening Final v1.0",Comment,50
"S_QSC302573, 03 - Screening Final v1.0","Yes (Specify) (500 char. max.) (Activates Line 147, 160, 163, 152, 155, 156, 159, 158, 161, 148, 151, 164, 146, 149, 162,",50
"S_QSC302573, 03 - Screening Final v1.0","Subject endorses thoughts of suicide and has thought of at least one method during the assessment period. This is different from a specific plan with time, place or method details worked out (e.g. thought of method to kill self but not a specific plan). Includes person who would say, ""I thought about taking an overdose but I never made a specific plan as to when, where or how I would actually do it… and I would never go through with it"". (Have you been thinking about how you might do this?)",50
"S_QSC302573, 03 - Screening Final v1.0","Subject endorses thoughts of suicide and has thought of at least one method during the assessment period. This is different from a specific plan with time, place or method details worked out (e.g. thought of method to kill self but not a specific plan). Includes person who would say, ""I thought about taking an overdose but I never made a specific plan as to when, where or how I would actually do it… and I would never go through with it"". (Have you been thinking about how you might do this?)",51
"S_QSC302573, 03 - Screening Final v1.0",Staff Initials,51
"S_QSC302573, 03 - Screening Final v1.0",Comment,51
"S_QSC302573, 03 - Screening Final v1.0","Active suicidal thoughts of killing oneself and subject reports having some intent to act on such thoughts, as opposed to ""I have the thoughts but I definitely will not do anything about them"". (Have you had these thoughts and had some intention of acting on them?)",51
"S_QSC302573, 03 - Screening Final v1.0",Thoughts of killing oneself with details of plan fully or partially worked out and subject has some intent to carry it out. (Have you started to work out or worked out the details of how to kill yourself? Do you intend to carry out this plan?),52
"S_QSC302573, 03 - Screening Final v1.0",Staff Initials,52
"S_QSC302573, 03 - Screening Final v1.0",Comment,52
"S_QSC302573, 03 - Screening Final v1.0","The following feature should be rated with respect to the most severe type of ideation (i.e. 1-5 from above, with 1 being the least severe and 5 being the most severe). Ask about time he/she was feeling the most suicidal.",52
"S_QSC302573, 03 - Screening Final v1.0","The following feature should be rated with respect to the most severe type of ideation (i.e. 1-5 from above, with 1 being the least severe and 5 being the most severe). Ask about time he/she was feeling the most suicidal.",53
"S_QSC302573, 03 - Screening Final v1.0",Staff Initials,53
"S_QSC302573, 03 - Screening Final v1.0",Comment,53
"S_QSC302573, 03 - Screening Final v1.0",C-SSRS Baseline: 7. Description of Ideation (month) #1 Description of Ideation (Months),53
"S_QSC302573, 03 - Screening Final v1.0",(How many times have you had these thoughts?),54
"S_QSC302573, 03 - Screening Final v1.0",Staff Initials,54
"S_QSC302573, 03 - Screening Final v1.0",Comment,54
"S_QSC302573, 03 - Screening Final v1.0","(When you have the thoughts, how long do they last?)",55
"S_QSC302573, 03 - Screening Final v1.0",Staff Initials,55
"S_QSC302573, 03 - Screening Final v1.0",Comment,55
"S_QSC302573, 03 - Screening Final v1.0",(Could/can you stop thinking about killing yourself or wanting to die if you want to?),55
"S_QSC302573, 03 - Screening Final v1.0",(Could/can you stop thinking about killing yourself or wanting to die if you want to?),56
"S_QSC302573, 03 - Screening Final v1.0",Staff Initials,56
"S_QSC302573, 03 - Screening Final v1.0",Comment,56
"S_QSC302573, 03 - Screening Final v1.0","(Are there things - anyone or anything (e.g. family, religion, pain of death) - that stopped you from wanting to die or acting on thoughts of committing suicide?)",56
"S_QSC302573, 03 - Screening Final v1.0","(Are there things - anyone or anything (e.g. family, religion, pain of death) - that stopped you from wanting to die or acting on thoughts of committing suicide?)",57
"S_QSC302573, 03 - Screening Final v1.0",Staff Initials,57
"S_QSC302573, 03 - Screening Final v1.0",Comment,57
"S_QSC302573, 03 - Screening Final v1.0","(What sort of reasons did you have for thinking about wanting to die or killing yourself? Was it to end the pain or stop the way you were feeling (in other words you couldn't go on living with this pain or how you were feeling) or was it to get attention, revenge or a reaction from others? Or both?)",59
"S_QSC302573, 03 - Screening Final v1.0",Staff Initials,59
"S_QSC302573, 03 - Screening Final v1.0",Comment,59
"S_QSC302573, 03 - Screening Final v1.0","trying to end your life when you___? Or did you think it was possible you could have died from___?) Or did you do it purely for other reasons / without ANY intention of killing yourself (like to relieve stress, feel better, get sympathy, or get something else to happen)? (Self-Injurious Behaviour without suicidal intent))",60
"S_QSC302573, 03 - Screening Final v1.0",Staff Initials,60
"S_QSC302573, 03 - Screening Final v1.0",Comment,60
"S_QSC302573, 03 - Screening Final v1.0","Yes (Specify) (500 char. max.) (Activates Line 188, 186, 192, 190, 191, 189, 184, 187, 185)",60
"S_QSC302573, 03 - Screening Final v1.0",C-SSRS Baseline: 13. Total Number of Attempts (lifetime) #1 Total Number of Attempts (Lifetime),60
"S_QSC302573, 03 - Screening Final v1.0","trying to end your life when you___? Or did you think it was possible you could have died from___?) Or did you do it purely for other reasons / without ANY intention of killing yourself (like to relieve stress, feel better, get sympathy, or get something else to happen)? (Self-Injurious Behaviour without suicidal intent))",61
"S_QSC302573, 03 - Screening Final v1.0",Staff Initials,61
"S_QSC302573, 03 - Screening Final v1.0",Comment,61
"S_QSC302573, 03 - Screening Final v1.0","Yes (Specify) (500 char. max.) (Activates Line 188, 186, 192, 190, 191, 189, 184, 187, 185)",61
"S_QSC302573, 03 - Screening Final v1.0",C-SSRS Baseline: 13. Total Number of Attempts (years) #1 Total Number of Attempts (Years),61
"S_QSC302573, 03 - Screening Final v1.0",Has subject engaged in Non-Suicidal Self-Injurious Behaviour (Lifetime),62
"S_QSC302573, 03 - Screening Final v1.0",Staff Initials,62
"S_QSC302573, 03 - Screening Final v1.0",Comment,62
"S_QSC302573, 03 - Screening Final v1.0",C-SSRS Baseline: 14. Has Subject Engaged (years) #1 Has subject engaged in Non-Suicidal Self-Injurious Behaviour (Years),62
"S_QSC302573, 03 - Screening Final v1.0","When the person is interrupted (by an outside circumstance) from starting the potentially self- injurious act (if not for that, actual attempt would have occurred). Overdose: Person has pills in hand but is stopped from ingesting. Once they ingest any pills, this becomes an attempt rather than an interrupted attempt. Shooting: Person has gun pointed towards self, gun is taken away by someone else, or he/she is somehow prevented from pulling trigger. Once they pull the trigger, even if the gun fails to fire, it is an attempt. Jumping: Person is poised to jump, is grabbed and taken down from ledge. Hanging: Person has noose around neck but has not yet started to hang - is stopped from doing so. (Has there been a time when you started to do something to end your life but someone or something stopped you before you actually did anything?)",62
"S_QSC302573, 03 - Screening Final v1.0","When the person is interrupted (by an outside circumstance) from starting the potentially self- injurious act (if not for that, actual attempt would have occurred). Overdose: Person has pills in hand but is stopped from ingesting. Once they ingest any pills, this becomes an attempt rather than an interrupted attempt. Shooting: Person has gun pointed towards self, gun is taken away by someone else, or he/she is somehow prevented from pulling trigger. Once they pull the trigger, even if the gun fails to fire, it is an attempt. Jumping: Person is poised to jump, is grabbed and taken down from ledge. Hanging: Person has noose around neck but has not yet started to hang - is stopped from doing so. (Has there been a time when you started to do something to end your life but someone or something stopped you before you actually did anything?)",63
"S_QSC302573, 03 - Screening Final v1.0",Staff Initials,63
"S_QSC302573, 03 - Screening Final v1.0",Comment,63
"S_QSC302573, 03 - Screening Final v1.0",C-SSRS Baseline: 15. Total Number of Interrupted (years) #1 Total Number of Interrupted (Years),63
"S_QSC302573, 03 - Screening Final v1.0","When person begins to take steps towards making a suicide attempt, but stops themselves before they actually have engaged in any self-destructive behaviour. Examples are similar to interrupted attempts, except that the individual stops him/herself instead of being stopped by something else. (Has there been a time when you started to do something to try to end your life but you stopped yourself before you actually did anything?)",64
"S_QSC302573, 03 - Screening Final v1.0",Staff Initials,64
"S_QSC302573, 03 - Screening Final v1.0",Comment,64
"S_QSC302573, 03 - Screening Final v1.0","Acts or preparation towards imminently making a suicide attempt. This can include anything beyond a verbalisation or thought, such as assembling a specific method (e.g. buying pills, purchasing a gun) or preparing for one's death by suicide (e.g. giving things away, writing a suicide note). (Have you taken any steps towards making a suicide attempt or preparing to kill yourself (such as collecting pills, getting a gun, giving valuables away or writing a suicide note)?)",64
"S_QSC302573, 03 - Screening Final v1.0","When person begins to take steps towards making a suicide attempt, but stops themselves before they actually have engaged in any self-destructive behaviour. Examples are similar to interrupted attempts, except that the individual stops him/herself instead of being stopped by something else. (Has there been a time when you started to do something to try to end your life but you stopped yourself before you actually did anything?)",65
"S_QSC302573, 03 - Screening Final v1.0",Staff Initials,65
"S_QSC302573, 03 - Screening Final v1.0",Comment,65
"S_QSC302573, 03 - Screening Final v1.0","Acts or preparation towards imminently making a suicide attempt. This can include anything beyond a verbalisation or thought, such as assembling a specific method (e.g. buying pills, purchasing a gun) or preparing for one's death by suicide (e.g. giving things away, writing a suicide note). (Have you taken any steps towards making a suicide attempt or preparing to kill yourself (such as collecting pills, getting a gun, giving valuables away or writing a suicide note)?)",65
"S_QSC302573, 03 - Screening Final v1.0","Acts or preparation towards imminently making a suicide attempt. This can include anything beyond a verbalisation or thought, such as assembling a specific method (e.g. buying pills, purchasing a gun) or preparing for one's death by suicide (e.g. giving things away, writing a suicide note). (Have you taken any steps towards making a suicide attempt or preparing to kill yourself (such as collecting pills, getting a gun, giving valuables away or writing a suicide note)?)",66
"S_QSC302573, 03 - Screening Final v1.0",Staff Initials,66
"S_QSC302573, 03 - Screening Final v1.0",Comment,66
"S_QSC302573, 03 - Screening Final v1.0",Suicidal behaviour was present during the assessment period?,67
"S_QSC302573, 03 - Screening Final v1.0",Staff Initials,67
"S_QSC302573, 03 - Screening Final v1.0",Comment,67
"S_QSC302573, 03 - Screening Final v1.0",C-SSRS Baseline: 19. Most Recent Attempt Date #1 Most Recent Attempt Date,67
"S_QSC302573, 03 - Screening Final v1.0",C-SSRS Baseline: 19. Actual Lethality Most Recent Attempt #1 Actual Lethality/Medical Damage - Most Recent Attempt,67
"S_QSC302573, 03 - Screening Final v1.0",C-SSRS Baseline: 19. Potential Lethality Most Recent Attempt #1 Potential Lethality - Most Recent Attempt Code (only answer if Actual Lethality = 0),68
"S_QSC302573, 03 - Screening Final v1.0",Staff Initials,68
"S_QSC302573, 03 - Screening Final v1.0",Comment,68
"S_QSC302573, 03 - Screening Final v1.0",C-SSRS Baseline: 20. Most Lethal Attempt Date #1 Most Lethal Attempt Date,68
"S_QSC302573, 03 - Screening Final v1.0",C-SSRS Baseline: 20. Potential Lethality Most Lethal Attempt #1 Potential Lethality - Most Lethal Attempt Code (only answer if Actual Lethality = 0),69
"S_QSC302573, 03 - Screening Final v1.0",Staff Initials,69
"S_QSC302573, 03 - Screening Final v1.0",Comment,69
"S_QSC302573, 03 - Screening Final v1.0",C-SSRS Baseline: 21. Initial First Attempt Date #1 Initial/First Attempt Date,69
"S_QSC302573, 03 - Screening Final v1.0",Actual Lethality/Medical Damage - Initial/First Attempt,70
"S_QSC302573, 03 - Screening Final v1.0",Staff Initials,70
"S_QSC302573, 03 - Screening Final v1.0",Comment,70
"S_QSC302573, 03 - Screening Final v1.0",C-SSRS Baseline: 21. Potential Lethality Initial First Attempt #1 Potential Lethality - Initial/First Attempt Code (only answer if Actual Lethality = 0),70
"S_QSC302573, 03 - Screening Final v1.0",Date of GP report,71
"S_QSC302573, 03 - Screening Final v1.0",Staff Initials,71
"S_QSC302573, 03 - Screening Final v1.0",Comment,71
"S_QSC302573, 03 - Screening Final v1.0",Identifiers: Previous Study Participation #1 Has the participant taken part in a study at Quotient before?,71
"S_QSC302573, 03 - Screening Final v1.0",Identifiers: GP Report Within 24 Months #1 Confirm GP report is dated within 24 months,71
"S_QSC302573, 03 - Screening Final v1.0",Identifiers: GP Report Within 12 Months #1 Confirm GP report is dated within 12 months,71
"S_QSC302573, 03 - Screening Final v1.0",Identifiers: TOPS check #1 Confirm if TOPS check is present with source documents,71
"S_QSC302573, 03 - Screening Final v1.0",Sign In: Screening Eligibility #1 I confirm that the screening criteria have been reviewed and the participant is eligible to admit for this clinical study,72
"S_QSC302573, 03 - Screening Final v1.0",Staff Initials,72
"S_QSC302573, 03 - Screening Final v1.0",Comment,72
"S_QSC302573, 03 - Screening Final v1.0",Outcome Screening: Final Screening Outcome #1 What was the final Screening outcome?,72
"S_QSC302573, 03 - Screening Final v1.0","Sign In: Rejection #1 If no, add reason for rejection",72
"S_QSC302573, 03 - Screening Final v1.0",System: Available #1 What is the status of the subject?,73
"S_QSC302573, 03 - Screening Final v1.0",Staff Initials,73
"S_QSC302573, 03 - Screening Final v1.0",Comment,73
"S_QSC302573, 04 - Admission/Predose Final v1.0",Admission Restrictions: Bag Search #1 Bag search performed?,74
"S_QSC302573, 04 - Admission/Predose Final v1.0",Staff Initials,74
"S_QSC302573, 04 - Admission/Predose Final v1.0",Comment,74
"S_QSC302573, 04 - Admission/Predose Final v1.0","Admission Restrictions: Bag Search Items Removed #1 If restricted items removed, record items here",74
"S_QSC302573, 04 - Admission/Predose Final v1.0",Admission Restrictions: ICF Check #1 Has the ICF version been checked?,74
"S_QSC302573, 04 - Admission/Predose Final v1.0",Admission Restrictions: ICF Version/Date #1 Signed ICF Version / Date (Version must be checked against ICF present in the CSF – escalate any discrepancies),74
"S_QSC302573, 04 - Admission/Predose Final v1.0",Admission Restrictions: Alcohol #1 Has the participant consumed any alcohol within 48 hours (72hrs prior to dosing) prior to Admission visit? (If 'Yes' exclude per exclusion criteria #24),75
"S_QSC302573, 04 - Admission/Predose Final v1.0",Staff Initials,75
"S_QSC302573, 04 - Admission/Predose Final v1.0",Comment,75
"S_QSC302573, 04 - Admission/Predose Final v1.0","Admission Restrictions: Alcohol Units #1 If consumed; date, time and number of units",75
"S_QSC302573, 04 - Admission/Predose Final v1.0","Admission Restrictions: Caffeine #1 Has the participant consumed food and beverages containing methylxanthines (caffeinated coffee, caffeinated tea, caffeinated soda, and chocolate) within 48 hours (72hrs prior to dosing) prior to Admission visit? (If 'Yes' exclude per exclusion criteria #24)",75
"S_QSC302573, 04 - Admission/Predose Final v1.0","Admission Restrictions: Grapefruit #1 Has participant consumed food or beverages containing pomelo, grapefruit, grapefruit juice, Seville oranges, Seville orange juice, blueberry juice, or cranberry juice within 48 hours (72hrs prior to dosing) prior to Admission visit? (If 'Yes' exclude per exclusion criteria #24)",75
"S_QSC302573, 04 - Admission/Predose Final v1.0",Admission visit?,76
"S_QSC302573, 04 - Admission/Predose Final v1.0",Staff Initials,76
"S_QSC302573, 04 - Admission/Predose Final v1.0",Comment,76
"S_QSC302573, 04 - Admission/Predose Final v1.0",Admission Restrictions: Activity #1 Has the participant had strenuous activity (e.g. weightlifting) within 72 hours prior to Admission visit?,76
"S_QSC302573, 04 - Admission/Predose Final v1.0",Admission Restrictions: Smoking #1 Has the participant use of tobacco products or experience daily exposure to second-hand smoke since Screening? (If 'Yes' exclude per exclusion criteria #14),76
"S_QSC302573, 04 - Admission/Predose Final v1.0",Admission Restrictions: Adverse Event #1 Has the participant been unwell or have they had any accidents or injuries since Screening?,76
"S_QSC302573, 04 - Admission/Predose Final v1.0",Admission Restrictions: Concomitant Meds #1 Has the participant taken any new medication since the screening visit?,77
"S_QSC302573, 04 - Admission/Predose Final v1.0",Staff Initials,77
"S_QSC302573, 04 - Admission/Predose Final v1.0",Comment,77
"S_QSC302573, 04 - Admission/Predose Final v1.0","Urinalysis: Bilirubin #1 What was the bilirubin result? If any positive result, inform medic/PI. (Perform urinalysis and read results)",77
"S_QSC302573, 04 - Admission/Predose Final v1.0",and read results),78
"S_QSC302573, 04 - Admission/Predose Final v1.0",Staff Initials,78
"S_QSC302573, 04 - Admission/Predose Final v1.0",Comment,78
"S_QSC302573, 04 - Admission/Predose Final v1.0","Urinalysis: Ketones #1 What was the ketone result? If any positive result, inform medic/PI. (Perform urinalysis and read results)",78
"S_QSC302573, 04 - Admission/Predose Final v1.0","Urinalysis: Glucose #1 What was the glucose result? If any positive result, inform medic/PI. (Perform urinalysis and read results)",78
"S_QSC302573, 04 - Admission/Predose Final v1.0","IF PROTEIN ≥ 30mg/dl: Repeat urinalysis as soon as possible, ensuring a clean catch specimen. If protein remains ≥ 30mg/dl on repeat, then inform PI/medic. (Perform urinalysis and read results)",79
"S_QSC302573, 04 - Admission/Predose Final v1.0",Staff Initials,79
"S_QSC302573, 04 - Admission/Predose Final v1.0",Comment,79
"S_QSC302573, 04 - Admission/Predose Final v1.0",Urinalysis: Blood #1 What was the blood result? (Perform urinalysis and read results),79
"S_QSC302573, 04 - Admission/Predose Final v1.0",Urinalysis: Nitrite #1 What was the nitrite result? (Perform urinalysis and read results),80
"S_QSC302573, 04 - Admission/Predose Final v1.0",Staff Initials,80
"S_QSC302573, 04 - Admission/Predose Final v1.0",Comment,80
"S_QSC302573, 04 - Admission/Predose Final v1.0",Urinalysis: pH #1 Record pH value (Perform urinalysis and read results),80
"S_QSC302573, 04 - Admission/Predose Final v1.0",Urinalysis: Specific Gravity #1 Record specific gravity of sample (Perform urinalysis and read results),81
"S_QSC302573, 04 - Admission/Predose Final v1.0",Staff Initials,81
"S_QSC302573, 04 - Admission/Predose Final v1.0",Comment,81
"S_QSC302573, 04 - Admission/Predose Final v1.0",What was the leukocyte result? (Perform urinalysis and read results),82
"S_QSC302573, 04 - Admission/Predose Final v1.0",Staff Initials,82
"S_QSC302573, 04 - Admission/Predose Final v1.0",Comment,82
"S_QSC302573, 04 - Admission/Predose Final v1.0","Urinalysis: Participant menstruating #1 Is participant female and menstruating? (If 'Yes', DO NOT send sample for Microscopy. If 'No', send sample for Microscopy)",82
"S_QSC302573, 04 - Admission/Predose Final v1.0",Urinalysis: Send for microscopy #1 Confirm sample sent for microscopy (Complete associated paperwork),82
"S_QSC302573, 04 - Admission/Predose Final v1.0",Has urinalysis been repeated as soon as possible with a clean catch specimen? Ensure events are repeated to capture this data.,83
"S_QSC302573, 04 - Admission/Predose Final v1.0",Staff Initials,83
"S_QSC302573, 04 - Admission/Predose Final v1.0",Comment,83
"S_QSC302573, 04 - Admission/Predose Final v1.0",Urinalysis: TDL Form Check #1 Confirm TDL form completed:,83
"S_QSC302573, 04 - Admission/Predose Final v1.0",Urinalysis: Urinalysis Medic Assessment #1 Has there been a medic review of the Microscopy results?,83
"S_QSC302573, 04 - Admission/Predose Final v1.0",Urine Drug Screen: Barbiturates #1 Drugs of abuse - Barbiturates (BAR),84
"S_QSC302573, 04 - Admission/Predose Final v1.0",Staff Initials,84
"S_QSC302573, 04 - Admission/Predose Final v1.0",Comment,84
"S_QSC302573, 04 - Admission/Predose Final v1.0",Urine Drug Screen: Benzodiazepines #1 Drugs of abuse - Benzodiazepines (BZO),84
"S_QSC302573, 04 - Admission/Predose Final v1.0",Urine Drug Screen: Methadone #1 Drugs of abuse - Methadone (MTD),84
"S_QSC302573, 04 - Admission/Predose Final v1.0",Urine Drug Screen: Cocaine #1 Drugs of abuse - Cocaine (COC),85
"S_QSC302573, 04 - Admission/Predose Final v1.0",Staff Initials,85
"S_QSC302573, 04 - Admission/Predose Final v1.0",Comment,85
"S_QSC302573, 04 - Admission/Predose Final v1.0",Urine Drug Screen: Morphine/Opiates #1 Drugs of abuse - Morphine/Opiates (MOP),85
"S_QSC302573, 04 - Admission/Predose Final v1.0",Urine Drug Screen: Methamphetamine/Ecstasy #1 Drugs of abuse - Methamphetamine/Ecstasy (MET),85
"S_QSC302573, 04 - Admission/Predose Final v1.0",Urine Drug Screen: Marijuana/Cannabis #1 Drugs of abuse - Marijuana/Cannabis (THC),86
"S_QSC302573, 04 - Admission/Predose Final v1.0",Staff Initials,86
"S_QSC302573, 04 - Admission/Predose Final v1.0",Comment,86
"S_QSC302573, 04 - Admission/Predose Final v1.0",Urine Drug Screen: Medic Prompt #1 Positive Drugs of Abuse result (Medic to exclude subject),86
"S_QSC302573, 04 - Admission/Predose Final v1.0",Safety: Urine Cotinine #1 Urine Cotinine test - please ensure study specific tests are used,86
"S_QSC302573, 04 - Admission/Predose Final v1.0",Safety: Prompt for Medic for Cotinine #1 Positive result for Urine Cotinine (Medic to exclude participant ),86
"S_QSC302573, 04 - Admission/Predose Final v1.0",Urine Pregnancy test (N/A if male),87
"S_QSC302573, 04 - Admission/Predose Final v1.0",Staff Initials,87
"S_QSC302573, 04 - Admission/Predose Final v1.0",Comment,87
"S_QSC302573, 04 - Admission/Predose Final v1.0",Safety: Prompt for Medic for Urine Pregnancy #1 Positive result for Urine Pregnancy (Medic to exclude participant ),87
"S_QSC302573, 04 - Admission/Predose Final v1.0",Breath Tests: Alcohol #1 Alcohol breath test (Positive result > 0.02),87
"S_QSC302573, 04 - Admission/Predose Final v1.0",Breath Tests: Prompt for Medic #1 Positive result for Alcohol Breath Test (Medic to exclude participant ),87
"S_QSC302573, 04 - Admission/Predose Final v1.0",Weight (kg),88
"S_QSC302573, 04 - Admission/Predose Final v1.0",Staff Initials,88
"S_QSC302573, 04 - Admission/Predose Final v1.0",Comment,88
"S_QSC302573, 04 - Admission/Predose Final v1.0","Exclude if - QT interval corrected for heart rate using Fridericia’s formula (QTcF) >450 msec for male participants or >470 msec for female participants, QRS interval >120 msec, or PR interval >200 msec. (Supine for a minimum 3 minutes)",88
"S_QSC302573, 04 - Admission/Predose Final v1.0",ECG: ECG Rhythm Assess/Interpretation #1 ECG Rhythm assessment and interpretation,88
"S_QSC302573, 04 - Admission/Predose Final v1.0",ECG: ECG Significance #1 Was the ECG clinically significant? (Medic to assess),89
"S_QSC302573, 04 - Admission/Predose Final v1.0",Staff Initials,89
"S_QSC302573, 04 - Admission/Predose Final v1.0",Comment,89
"S_QSC302573, 04 - Admission/Predose Final v1.0",ECG: ECG Findings #1 ECG Findings,89
"S_QSC302573, 04 - Admission/Predose Final v1.0","ECG: ECG Findings inc Rhythm #1 ECG Findings, including rhythm assessment",89
"S_QSC302573, 04 - Admission/Predose Final v1.0",Vital Signs: Clinical Significance #1 Clinical Assessment of Vital Signs (Medic or Nurse to assess vital signs),90
"S_QSC302573, 04 - Admission/Predose Final v1.0",Staff Initials,90
"S_QSC302573, 04 - Admission/Predose Final v1.0",Comment,90
"S_QSC302573, 04 - Admission/Predose Final v1.0",Vital Signs: Vital Signs Findings #1 Vital Sign Findings,90
"S_QSC302573, 04 - Admission/Predose Final v1.0",Vital Signs Standing: Drop in SBP from Supine to Standing #1 Is there a drop in SYSTOLIC BP from supine to standing?,91
"S_QSC302573, 04 - Admission/Predose Final v1.0",Staff Initials,91
"S_QSC302573, 04 - Admission/Predose Final v1.0",Comment,91
"S_QSC302573, 04 - Admission/Predose Final v1.0",Vital Signs Standing 2: Drop in DBP from Supine to Standing #1 Is there a drop in DIASTOLIC BP from supine to standing?,91
"S_QSC302573, 04 - Admission/Predose Final v1.0",Vital Signs Difference: Vital Signs Calculation BP and HR #1 Vital Signs Difference for SYSTOLIC Drop,91
"S_QSC302573, 04 - Admission/Predose Final v1.0",Vital Signs Difference for DIASTOLIC Drop,92
"S_QSC302573, 04 - Admission/Predose Final v1.0",Staff Initials,92
"S_QSC302573, 04 - Admission/Predose Final v1.0",Comment,92
"S_QSC302573, 04 - Admission/Predose Final v1.0",Vital Signs Standing: Clinical Significance #1 Clinical Assessment of Standing Vital Signs (Medic or Nurse to assess vital signs),92
"S_QSC302573, 04 - Admission/Predose Final v1.0",Vital Signs Standing: Vital Signs Findings #1 Vital Sign Findings,92
"S_QSC302573, 04 - Admission/Predose Final v1.0",Safety: Fasted #1 Has the participant fasted for 8 hours?,92
"S_QSC302573, 04 - Admission/Predose Final v1.0",Safety: Haematology Medic Assessment #1 Has there been a medic review of the Haematology blood results?,93
"S_QSC302573, 04 - Admission/Predose Final v1.0",Staff Initials,93
"S_QSC302573, 04 - Admission/Predose Final v1.0",Comment,93
"S_QSC302573, 04 - Admission/Predose Final v1.0",Safety: Chemistry Medic Assessment #1 Has there been a medic review of the Clinical Chemistry blood results?,93
"S_QSC302573, 04 - Admission/Predose Final v1.0","Targeted Physical Examination Findings: Require Targeted PE? #1 Targeted Physical Examination: Does the participant require a targeted physical examination? (If yes, please specify the reason)",94
"S_QSC302573, 04 - Admission/Predose Final v1.0",Staff Initials,94
"S_QSC302573, 04 - Admission/Predose Final v1.0",Comment,94
"S_QSC302573, 04 - Admission/Predose Final v1.0",Yes (Specify) (50 char. max.) (Activates Line,94
"S_QSC302573, 04 - Admission/Predose Final v1.0","Targeted Physical Examination Findings: Any clinically significant abnormal findings? #1 If yes, were there any clinically significant abnormal findings?",94
"S_QSC302573, 04 - Admission/Predose Final v1.0",Targeted Physical Examination Findings: Findings #1 Detailed findings of Physical Examination,95
"S_QSC302573, 04 - Admission/Predose Final v1.0",Staff Initials,95
"S_QSC302573, 04 - Admission/Predose Final v1.0",Comment,95
"S_QSC302573, 04 - Admission/Predose Final v1.0",Neurological Examination: Mental Status #1 Mental Status,96
"S_QSC302573, 04 - Admission/Predose Final v1.0",Staff Initials,96
"S_QSC302573, 04 - Admission/Predose Final v1.0",Comment,96
"S_QSC302573, 04 - Admission/Predose Final v1.0",Neurological Examination: Cranial Nerves #1 Cranial Nerves,96
"S_QSC302573, 04 - Admission/Predose Final v1.0",Neurological Examination: Reflexes #1 Reflexes,97
"S_QSC302573, 04 - Admission/Predose Final v1.0",Staff Initials,97
"S_QSC302573, 04 - Admission/Predose Final v1.0",Comment,97
"S_QSC302573, 04 - Admission/Predose Final v1.0",Sensory System,98
"S_QSC302573, 04 - Admission/Predose Final v1.0",Staff Initials,98
"S_QSC302573, 04 - Admission/Predose Final v1.0",Comment,98
"S_QSC302573, 04 - Admission/Predose Final v1.0",Neurological Examination: Co-ordination #1 Co-ordination,98
"S_QSC302573, 04 - Admission/Predose Final v1.0",Station and Gait,99
"S_QSC302573, 04 - Admission/Predose Final v1.0",Staff Initials,99
"S_QSC302573, 04 - Admission/Predose Final v1.0",Comment,99
"S_QSC302573, 04 - Admission/Predose Final v1.0",Neurological Examination: Findings #1 Detailed findings of Neurological Examination,99
"S_QSC302573, 04 - Admission/Predose Final v1.0",Stanford Sleepiness Scale: Stanford Sleepiness Scale Date #1 Stanford Sleepiness Scale Questionnaire - Date and Time (Transcribe from paper source workbook),99
"S_QSC302573, 04 - Admission/Predose Final v1.0",Stanford Sleepiness Scale: Degree of Sleepiness #1 Degree of Sleepiness (Transcribe from paper source workbook),99
"S_QSC302573, 04 - Admission/Predose Final v1.0",C-SSRS Assessment: Date of Assessment #1 C-SSRS Questionnaire - Date and Time (Transcribe from C-SSRS paper source workbook),100
"S_QSC302573, 04 - Admission/Predose Final v1.0",Staff Initials,100
"S_QSC302573, 04 - Admission/Predose Final v1.0",Comment,100
"S_QSC302573, 04 - Admission/Predose Final v1.0","Subject endorses thoughts about a wish to be dead or not alive anymore, or a wish to fall asleep and not wake up. (Have you wished you were dead or wished you could go to sleep and not wake up?)",101
"S_QSC302573, 04 - Admission/Predose Final v1.0",Staff Initials,101
"S_QSC302573, 04 - Admission/Predose Final v1.0",Comment,101
"S_QSC302573, 04 - Admission/Predose Final v1.0","Yes (Specify) (500 char. max.) (Activates Line 97, 93, 96, 99, 95, 98, 94)",101
"S_QSC302573, 04 - Admission/Predose Final v1.0","General non-specific thoughts of wanting to end one's life / commit suicide (e.g. ""I've thought about killing myself"") without thoughts of ways to kill oneself / associated methods, intent, or plan during the assessment period. (Have you actually had any thoughts of killing yourself?)",101
"S_QSC302573, 04 - Admission/Predose Final v1.0","Yes (Specify) (500 char. max.) (Activates Line 97, 93, 96, 90, 99, 92, 95, 98, 91, 94)",101
"S_QSC302573, 04 - Admission/Predose Final v1.0","Subject endorses thoughts of suicide and has thought of at least one method during the assessment period. This is different from a specific plan with time, place or method details worked out (e.g. thought of method to kill self but not a specific plan). Includes person who would say, ""I thought about taking an overdose but I never made a specific plan as to when, where or how I would actually do it… and I would never go through with it"". (Have you been thinking about how you might do this?)",102
"S_QSC302573, 04 - Admission/Predose Final v1.0",Staff Initials,102
"S_QSC302573, 04 - Admission/Predose Final v1.0",Comment,102
"S_QSC302573, 04 - Admission/Predose Final v1.0","Active suicidal thoughts of killing oneself and subject reports having some intent to act on such thoughts, as opposed to ""I have the thoughts but I definitely will not do anything about them"". (Have you had these thoughts and had some intention of acting on them?)",102
"S_QSC302573, 04 - Admission/Predose Final v1.0",Thoughts of killing oneself with details of plan fully or partially worked out and subject has some intent to carry it out. (Have you started to work out or worked out the details of how to kill yourself? Do you intend to carry out this plan?),103
"S_QSC302573, 04 - Admission/Predose Final v1.0",Staff Initials,103
"S_QSC302573, 04 - Admission/Predose Final v1.0",Comment,103
"S_QSC302573, 04 - Admission/Predose Final v1.0","The following feature should be rated with respect to the most severe type of ideation (i.e. 1-5 from above, with 1 being the least severe and 5 being the most severe). Ask about time he/she was feeling the most suicidal.",103
"S_QSC302573, 04 - Admission/Predose Final v1.0",C-SSRS Since Last Visit: 6. Description of Ideation #1 Description of Ideation,103
"S_QSC302573, 04 - Admission/Predose Final v1.0",(How many times have you had these thoughts?),103
"S_QSC302573, 04 - Admission/Predose Final v1.0","(When you have the thoughts, how long do they last?)",104
"S_QSC302573, 04 - Admission/Predose Final v1.0",Staff Initials,104
"S_QSC302573, 04 - Admission/Predose Final v1.0",Comment,104
"S_QSC302573, 04 - Admission/Predose Final v1.0",(Could/can you stop thinking about killing yourself or wanting to die if you want to?),104
"S_QSC302573, 04 - Admission/Predose Final v1.0","(Are there things - anyone or anything (e.g. family, religion, pain of death) - that stopped you from wanting to die or acting on thoughts of committing suicide?)",105
"S_QSC302573, 04 - Admission/Predose Final v1.0",Staff Initials,105
"S_QSC302573, 04 - Admission/Predose Final v1.0",Comment,105
"S_QSC302573, 04 - Admission/Predose Final v1.0","(What sort of reasons did you have for thinking about wanting to die or killing yourself? Was it to end the pain or stop the way you were feeling (in other words you couldn't go on living with this pain or how you were feeling) or was it to get attention, revenge or a reaction from others? Or both?)",105
"S_QSC302573, 04 - Admission/Predose Final v1.0","trying to end your life when you___? Or did you think it was possible you could have died from___?) Or did you do it purely for other reasons / without ANY intention of killing yourself (like to relieve stress, feel better, get sympathy, or get something else to happen)? (Self-Injurious Behaviour without suicidal intent))",107
"S_QSC302573, 04 - Admission/Predose Final v1.0",Staff Initials,107
"S_QSC302573, 04 - Admission/Predose Final v1.0",Comment,107
"S_QSC302573, 04 - Admission/Predose Final v1.0","Yes (Specify) (500 char. max.) (Activates Line 110, 112, 111)",107
"S_QSC302573, 04 - Admission/Predose Final v1.0",C-SSRS Since Last Visit: 12. Total Number of Attempts #1 Total Number of Attempts,107
"S_QSC302573, 04 - Admission/Predose Final v1.0","When the person is interrupted (by an outside circumstance) from starting the potentially self- injurious act (if not for that, actual attempt would have occurred). Overdose: Person has pills in hand but is stopped from ingesting. Once they ingest any pills, this becomes an attempt rather than an interrupted attempt. Shooting: Person has gun pointed towards self, gun is taken away by someone else, or he/she is somehow prevented from pulling trigger. Once they pull the trigger, even if the gun fails to fire, it is an attempt. Jumping: Person is poised to jump, is grabbed and taken down from ledge. Hanging: Person has noose around neck but has not yet started to hang - is stopped from doing so. (Has there been a time when you started to do something to end your life but someone or something stopped you before you actually did anything?)",108
"S_QSC302573, 04 - Admission/Predose Final v1.0",Staff Initials,108
"S_QSC302573, 04 - Admission/Predose Final v1.0",Comment,108
"S_QSC302573, 04 - Admission/Predose Final v1.0",C-SSRS Since Last Visit: 14. Total Number of Interrupted #1 Total Number of Interrupted,108
"S_QSC302573, 04 - Admission/Predose Final v1.0","Acts or preparation towards imminently making a suicide attempt. This can include anything beyond a verbalisation or thought, such as assembling a specific method (e.g. buying pills, purchasing a gun) or preparing for one's death by suicide (e.g. giving things away, writing a suicide note). (Have you taken any steps towards making a suicide attempt or preparing to kill yourself (such as collecting pills, getting a gun, giving valuables away or writing a suicide note)?)",109
"S_QSC302573, 04 - Admission/Predose Final v1.0",Staff Initials,109
"S_QSC302573, 04 - Admission/Predose Final v1.0",Comment,109
"S_QSC302573, 04 - Admission/Predose Final v1.0",C-SSRS Since Last Visit: 18. Suicide #1 Suicide (Since Last Visit),110
"S_QSC302573, 04 - Admission/Predose Final v1.0",Staff Initials,110
"S_QSC302573, 04 - Admission/Predose Final v1.0",Comment,110
"S_QSC302573, 04 - Admission/Predose Final v1.0",C-SSRS Since Last Visit: 19. Most Lethal Attempt Date #1 Most Lethal Attempt Date,110
"S_QSC302573, 04 - Admission/Predose Final v1.0",C-SSRS Since Last Visit: 19. Actual Lethality Most Lethal Attempt #1 Actual Lethality/Medical Damage - Most Lethal Attempt,110
"S_QSC302573, 04 - Admission/Predose Final v1.0",C-SSRS Since Last Visit: 19. Potential Lethality Most Lethal Attempt #1 Potential Lethality - Most Lethal Attempt Code (only answer if Actual Lethality = 0),111
"S_QSC302573, 04 - Admission/Predose Final v1.0",Staff Initials,111
"S_QSC302573, 04 - Admission/Predose Final v1.0",Comment,111
"S_QSC302573, 04 - Admission/Predose Final v1.0",Meals: Confirm Snack #1 Confirm Evening Snack Provided,111
"S_QSC302573, 04 - Admission/Predose Final v1.0",System: Available #1 What is the status of the subject?,111
"S_QSC302573, 04 - Admission/Predose Final v1.0","Exclude if - QT interval corrected for heart rate using Fridericia’s formula (QTcF) >450 msec for male participants or >470 msec for female participants, QRS interval >120 msec, or PR interval >200 msec. (Supine for a minimum 3 minutes)",112
"S_QSC302573, 04 - Admission/Predose Final v1.0",Staff Initials,112
"S_QSC302573, 04 - Admission/Predose Final v1.0",Comment,112
"S_QSC302573, 04 - Admission/Predose Final v1.0",Pre-dose Triplicate ECG 1: ECG Significance #1 PRE-DOSE Triplicate ECG 1: Was the ECG clinically significant? (Medic to assess),113
"S_QSC302573, 04 - Admission/Predose Final v1.0",Staff Initials,113
"S_QSC302573, 04 - Admission/Predose Final v1.0",Comment,113
"S_QSC302573, 04 - Admission/Predose Final v1.0",Pre-dose Triplicate ECG 1: ECG Findings #1 PRE-DOSE Triplicate ECG 1: ECG Findings,113
"S_QSC302573, 04 - Admission/Predose Final v1.0","Pre-dose Triplicate ECG 1: ECG Findings inc Rhythm #1 PRE-DOSE Triplicate ECG 1: ECG Findings, including rhythm assessment",113
"S_QSC302573, 04 - Admission/Predose Final v1.0",Pre-dose Triplicate ECG 2: ECG Rhythm Assess/Interpretation #1 PRE-DOSE Triplicate ECG 2: ECG Rhythm assessment and interpretation,114
"S_QSC302573, 04 - Admission/Predose Final v1.0",Staff Initials,114
"S_QSC302573, 04 - Admission/Predose Final v1.0",Comment,114
"S_QSC302573, 04 - Admission/Predose Final v1.0",PRE-DOSE Triplicate ECG 2: Was the ECG clinically significant? (Medic to assess),115
"S_QSC302573, 04 - Admission/Predose Final v1.0",Staff Initials,115
"S_QSC302573, 04 - Admission/Predose Final v1.0",Comment,115
"S_QSC302573, 04 - Admission/Predose Final v1.0",Pre-dose Triplicate ECG 2: ECG Findings #1 PRE-DOSE Triplicate ECG 2: ECG Findings,115
"S_QSC302573, 04 - Admission/Predose Final v1.0","Pre-dose Triplicate ECG 2: ECG Findings inc Rhythm #1 PRE-DOSE Triplicate ECG 2: ECG Findings, including rhythm assessment",115
"S_QSC302573, 04 - Admission/Predose Final v1.0",Pre-dose Triplicate ECG 3: 12 Lead Standard #1 PRE-DOSE Triplicate ECG 3: 12 Lead Standard ECG (To be performed at least 2 minutes after ECG2),115
"S_QSC302573, 04 - Admission/Predose Final v1.0",Pre-dose Triplicate ECG 3: ECG Rhythm Assess/Interpretation #1 PRE-DOSE Triplicate ECG 3: ECG Rhythm assessment and interpretation,116
"S_QSC302573, 04 - Admission/Predose Final v1.0",Staff Initials,116
"S_QSC302573, 04 - Admission/Predose Final v1.0",Comment,116
"S_QSC302573, 04 - Admission/Predose Final v1.0",Pre-dose Triplicate ECG 3: ECG Significance #1 PRE-DOSE Triplicate ECG 3: Was the ECG clinically significant? (Medic to assess),116
"S_QSC302573, 04 - Admission/Predose Final v1.0",PRE-DOSE Triplicate ECG 3: ECG Findings,117
"S_QSC302573, 04 - Admission/Predose Final v1.0",Staff Initials,117
"S_QSC302573, 04 - Admission/Predose Final v1.0",Comment,117
"S_QSC302573, 04 - Admission/Predose Final v1.0","Pre-dose Triplicate ECG 3: ECG Findings inc Rhythm #1 PRE-DOSE Triplicate ECG 3: ECG Findings, including rhythm assessment",117
"S_QSC302573, 04 - Admission/Predose Final v1.0","Exclude if - QT interval corrected for heart rate using Fridericia’s formula (QTcF) >450 msec for male participants or >470 msec for female participants, QRS interval >120 msec, or PR interval >200 msec",117
"S_QSC302573, 04 - Admission/Predose Final v1.0",ECG Difference: Baseline values #1 Please transcribe the baseline value for QTcF for withdrawal purposes for Period 1 post dose from the mean QTcF above,117
"S_QSC302573, 04 - Admission/Predose Final v1.0","Exclude if - Systolic blood pressure [SBP] >140 mmHg or diastolic blood pressure [DBP] >90 mmHg in the supine position. Supine heart rate, after resting for at least 3 minutes, outside the range of 50 to 100 beats per minute. (Supine for at least 3 minutes)",118
"S_QSC302573, 04 - Admission/Predose Final v1.0",Staff Initials,118
"S_QSC302573, 04 - Admission/Predose Final v1.0",Comment,118
"S_QSC302573, 04 - Admission/Predose Final v1.0",Pre-dose Vital Signs: Clinical Significance #1 PRE-DOSE - Clinical Assessment of Vital Signs (Medic or Nurse to assess vital signs),118
"S_QSC302573, 04 - Admission/Predose Final v1.0",Pre-dose Vital Signs: Vital Signs Findings #1 PRE-DOSE - Vital Sign Findings,118
"S_QSC302573, 04 - Admission/Predose Final v1.0",Pre-dose Vital Signs Standing: Drop in BP from Supine to Standing #1 PRE-DOSE - Is there a drop in SYSTOLIC BP from supine to standing?,119
"S_QSC302573, 04 - Admission/Predose Final v1.0",Staff Initials,119
"S_QSC302573, 04 - Admission/Predose Final v1.0",Comment,119
"S_QSC302573, 04 - Admission/Predose Final v1.0",Pre-dose Vital Signs Standing 2: Drop in BP from Supine to Standing #1 PRE-DOSE - Is there a drop in DIASTOLIC BP from supine to standing?,119
"S_QSC302573, 04 - Admission/Predose Final v1.0",Pre-dose Vital Signs Difference: Vital Signs Calculation BP and HR #1 PRE-DOSE - Vital Signs Difference for SYSTOLIC Drop,119
"S_QSC302573, 04 - Admission/Predose Final v1.0",Pre-dose Vital Signs Standing: Clinical Significance #1 PRE-DOSE - Clinical Assessment of Vital Signs (Medic or Nurse to assess vital signs),120
"S_QSC302573, 04 - Admission/Predose Final v1.0",Staff Initials,120
"S_QSC302573, 04 - Admission/Predose Final v1.0",Comment,120
"S_QSC302573, 04 - Admission/Predose Final v1.0",Pre-dose Vital Signs Standing: Vital Signs Findings #1 PRE-DOSE - Vital Sign Findings,120
"S_QSC302573, 04 - Admission/Predose Final v1.0","Predose Targeted Physical Examination: Require Targeted PE? #1 PRE-DOSE - Targeted Physical Examination: Does the participant require a targeted physical examination? (If yes, please specify the reason)",120
"S_QSC302573, 04 - Admission/Predose Final v1.0",Yes (Specify) (50 char. max.) (Activates Line,120
"S_QSC302573, 04 - Admission/Predose Final v1.0",Predose Targeted Physical Examination: Physical Examination Category #1 PRE-DOSE - Physical Examination Category,121
"S_QSC302573, 04 - Admission/Predose Final v1.0",Staff Initials,121
"S_QSC302573, 04 - Admission/Predose Final v1.0",Comment,121
"S_QSC302573, 04 - Admission/Predose Final v1.0",PRE-DOSE - Detailed findings of Physical Examination,122
"S_QSC302573, 04 - Admission/Predose Final v1.0",Staff Initials,122
"S_QSC302573, 04 - Admission/Predose Final v1.0",Comment,122
"S_QSC302573, 04 - Admission/Predose Final v1.0","Targeted Neurological Examination: Require Targeted NE? #1 PREDOSE - Targeted Neurological Examination: Does the participant require a targeted neurological examination? (If yes, please specify the reason)",122
"S_QSC302573, 04 - Admission/Predose Final v1.0",Yes (Specify) (50 char. max.) (Activates Line,122
"S_QSC302573, 04 - Admission/Predose Final v1.0","Targeted Neurological Examination: Any clinically significant abnormal findings? #1 If yes, were there any clinically significant abnormal findings?",122
"S_QSC302573, 04 - Admission/Predose Final v1.0",Targeted Neurological Examination: Neurological Examination Category #1 Targeted Neurological Examination Category,122
"S_QSC302573, 04 - Admission/Predose Final v1.0",Targeted Neurological Examination: Findings #1 Detailed findings of Targeted Neurological Examination,123
"S_QSC302573, 04 - Admission/Predose Final v1.0",Staff Initials,123
"S_QSC302573, 04 - Admission/Predose Final v1.0",Comment,123
"S_QSC302573, 04 - Admission/Predose Final v1.0","Inclusion: I01 #1 Inclusion 1. Male or NCBP female participants between 18 and 55 years of age, inclusive.",123
"S_QSC302573, 04 - Admission/Predose Final v1.0",Inclusion 2. BMI from 18.0 to 32.0 kg/m2 (inclusive).,124
"S_QSC302573, 04 - Admission/Predose Final v1.0",Staff Initials,124
"S_QSC302573, 04 - Admission/Predose Final v1.0",Comment,124
"S_QSC302573, 04 - Admission/Predose Final v1.0","Inclusion: I03 #1 Inclusion 3. In good health as determined by: a) Medical history b) Physical examination c) Neurological examination d) ECG e) Serum chemistry, urinalysis, hematology, and serology tests.",124
"S_QSC302573, 04 - Admission/Predose Final v1.0","Inclusion 4. Sexually active males who: a) Will commit to utilizing 2 different approved methods of birth control during the trial and for 90 days plus 5 half-lives (ie, 92 days) after the last dose of IMP, or b) Will remain abstinent during the trial and for 90 days plus 5 half-lives (ie, 92 days) after the last dose of IMP. c) Will refrain from sperm donation from the screening visit through 90 days plus 5 half-lives (ie, 92 days) after the last dose of IMP, or d) Have had a bilateral orchiectomy.",125
"S_QSC302573, 04 - Admission/Predose Final v1.0",Staff Initials,125
"S_QSC302573, 04 - Admission/Predose Final v1.0",Comment,125
"S_QSC302573, 04 - Admission/Predose Final v1.0","Inclusion: I05 #1 Inclusion 5. Female participants who are surgically sterile (ie, have undergone bilateral oophorectomy or hysterectomy) or who have been postmenopausal for at least 12 consecutive months. This will be confirmed with a follicle-stimulating hormone (FSH) assessment.",125
"S_QSC302573, 04 - Admission/Predose Final v1.0","Inclusion 6. Ability to provide written, informed consent prior to initiation of any trial-related procedures, and ability, in the opinion of the principal investigator, to comply with all the requirements of the trial.",126
"S_QSC302573, 04 - Admission/Predose Final v1.0",Staff Initials,126
"S_QSC302573, 04 - Admission/Predose Final v1.0",Comment,126
"S_QSC302573, 04 - Admission/Predose Final v1.0",Exclusion: E01 #1 Exclusion 1. Non-English speakers and those with language or hearing impairments will not participate in the trial.,126
"S_QSC302573, 04 - Admission/Predose Final v1.0",Exclusion: E02 #1 Exclusion 2. Participants who are breast-feeding and/or who have a positive pregnancy test result prior to receiving the IMP.,126
"S_QSC302573, 04 - Admission/Predose Final v1.0",Exclusion: E04 #1 Exclusion 4. History of drug and/or alcohol abuse within 2 years prior to screening.,127
"S_QSC302573, 04 - Admission/Predose Final v1.0",Staff Initials,127
"S_QSC302573, 04 - Admission/Predose Final v1.0",Comment,127
"S_QSC302573, 04 - Admission/Predose Final v1.0","Exclusion: E05 #1 Exclusion 5. History of or current hepatitis or acquired immunodeficiency syndrome or carriers of hepatitis B surface antigen (HBsAg) and/or hepatitis C antibodies (anti-HCV), or human immunodeficiency virus (HIV) antibodies. Exceptions are permitted for participants with a prior history of infection with hepatitis A who have fully recovered and are experiencing no liver sequelae, or with hepatitis C who have been adequately treated to be considered cured with no liver sequelae.",127
"S_QSC302573, 04 - Admission/Predose Final v1.0",Exclusion 6. History of any significant drug allergy or known or suspected hypersensitivity to any component of IMP.,128
"S_QSC302573, 04 - Admission/Predose Final v1.0",Staff Initials,128
"S_QSC302573, 04 - Admission/Predose Final v1.0",Comment,128
"S_QSC302573, 04 - Admission/Predose Final v1.0",Exclusion: E07 #1 Exclusion 7. A positive urine or breath alcohol test or urine drug screen for substances of abuse at screening or upon check-in to the trial site.,128
"S_QSC302573, 04 - Admission/Predose Final v1.0",Exclusion: E08 #1 Exclusion 8. Any history of significant bleeding or hemorrhagic tendencies.,128
"S_QSC302573, 04 - Admission/Predose Final v1.0",Exclusion: E09 #1 Exclusion 9. A history of difficulty in donating blood.,128
"S_QSC302573, 04 - Admission/Predose Final v1.0",Exclusion 10. The donation of blood or plasma within 30 days prior to the first dose of IMP.,129
"S_QSC302573, 04 - Admission/Predose Final v1.0",Staff Initials,129
"S_QSC302573, 04 - Admission/Predose Final v1.0",Comment,129
"S_QSC302573, 04 - Admission/Predose Final v1.0",Exclusion: E11 #1 Exclusion 11. Participants having taken an investigational drug within 90 days prior to first dose.,129
"S_QSC302573, 04 - Admission/Predose Final v1.0","Exclusion: E12 #1 Exclusion 12. Use of prescription, over-the-counter, herbal medications, or vitamin supplements within 14 days prior to the first dose of IMP and oral antibiotics within 30 days prior to the first dose of IMP. The sponsor may allow exceptions only if the medication’s administration is deemed unlikely to impact the PK result.",129
"S_QSC302573, 04 - Admission/Predose Final v1.0","Exclusion 13. Exposure to any substances known to stimulate hepatic microsomal enzymes within 30 days prior to screening (eg, occupational exposure to pesticides, organic solvents, etc).",130
"S_QSC302573, 04 - Admission/Predose Final v1.0",Staff Initials,130
"S_QSC302573, 04 - Admission/Predose Final v1.0",Comment,130
"S_QSC302573, 04 - Admission/Predose Final v1.0","Exclusion: E14 #1 Exclusion 14. Use of tobacco products or daily exposure to second-hand smoke within 2 months prior to the screening visit, or urine cotinine concentrations >200 ng/mL or serum cotinine concentrations >20 ng/mL at screening or check-in.",130
"S_QSC302573, 04 - Admission/Predose Final v1.0","Exclusion: E15 #1 Exclusion 15. Participants presenting with, or having a history of, uncontrolled hypertension (systolic blood pressure [SBP] >140 mmHg or diastolic blood pressure [DBP] >90 mmHg in the supine position) or symptomatic hypotension or orthostatic hypotension, which is defined as a decrease of ≥20 mmHg in SBP and/or a decrease of ≥10 mmHg in DBP after at least 3 minutes of standing compared with the previous supine blood pressure, at screening or check-in.",130
"S_QSC302573, 04 - Admission/Predose Final v1.0","outside the range of 50 to 100 beats per minute. The sponsor may allow exceptions if the results are not considered to be clinically significant; however, this will need to be approved by the medical monitor. Note: If the first hear rate measurement is abnormal, it can be repeated at the investigator’s discretion, in which case a third (confirmatory) measurement may also be required.",131
"S_QSC302573, 04 - Admission/Predose Final v1.0",Staff Initials,131
"S_QSC302573, 04 - Admission/Predose Final v1.0",Comment,131
"S_QSC302573, 04 - Admission/Predose Final v1.0",Exclusion: E17 #1 Exclusion 17. History of unexplained syncope.,131
"S_QSC302573, 04 - Admission/Predose Final v1.0","Exclusion: E18 #1 Exclusion 18. Abnormal ECG findings at screening or check-in including QT interval corrected for heart rate using Fridericia’s formula (QTcF) >450 msec for male participants or >470 msec for female participants, QRS interval >120 msec, or PR interval >200 msec.",131
"S_QSC302573, 04 - Admission/Predose Final v1.0",Exclusion 19. Personal or family history of sudden death or long QT syndrome.,132
"S_QSC302573, 04 - Admission/Predose Final v1.0",Staff Initials,132
"S_QSC302573, 04 - Admission/Predose Final v1.0",Comment,132
"S_QSC302573, 04 - Admission/Predose Final v1.0","Exclusion: E20 #1 Exclusion 20. History of serious mental disorders that, in the opinion of the investigator, would exclude the participant from participating in this trial.",132
"S_QSC302573, 04 - Admission/Predose Final v1.0",Exclusion: E21 #1 Exclusion 21. Participants with no permanent place of residence.,132
"S_QSC302573, 04 - Admission/Predose Final v1.0","Exclusion: E22 #1 Exclusion 22. Any participant who, in the opinion of the investigator, should not participate in the trial.",132
"S_QSC302573, 04 - Admission/Predose Final v1.0",Exclusion 23. Previous exposure to OPC-224333.,133
"S_QSC302573, 04 - Admission/Predose Final v1.0",Staff Initials,133
"S_QSC302573, 04 - Admission/Predose Final v1.0",Comment,133
"S_QSC302573, 04 - Admission/Predose Final v1.0","Exclusion: E24 #1 Exclusion 24. Consumption of alcohol and/or food and beverages containing methylxanthines (caffeinated coffee, caffeinated tea, caffeinated soda, and chocolate), pomelo, grapefruit, grapefruit juice, Seville oranges, Seville orange juice, blueberry juice, or cranberry juice within 72 hours prior to dosing.",133
"S_QSC302573, 04 - Admission/Predose Final v1.0","Exclusion: E25 #1 Exclusion 25. Participants with active suicidal ideation or suicidal behavior within the last 6 months, at the screening visit (Baseline/Screening version), and/or prior to dosing (as evidenced by clinical examination or an answer of “yes” on Questions 4 or 5 of the C SSRS Since Last Visit version) or suicidal behavior is present in the C-SSRS.",133
"S_QSC302573, 04 - Admission/Predose Final v1.0",Exclusion: E26 #1 Exclusion 26. Not able to consume the FDA HFM (High Fat Meal) for Part 2 and Part 3 within 20 minutes.,133
"S_QSC302573, 04 - Admission/Predose Final v1.0","Exclusion: E27 #1 Exclusion 27. Participant has any significant primary sleep disorder. Participants with known untreated moderate or severe sleep apnea, other major untreated sleep disorders, or a known diagnosis of a circadian rhythm disorder. Participants adequately treated for obstructive sleep apnea are not excluded.",134
"S_QSC302573, 04 - Admission/Predose Final v1.0",Staff Initials,134
"S_QSC302573, 04 - Admission/Predose Final v1.0",Comment,134
"S_QSC302573, 04 - Admission/Predose Final v1.0","Exclusion: E28 #1 Exclusion 28. Participants with abnormal liver function and or hepatic impairment, defined as participants with aspartate aminotransferase (AST), alanine aminotransferase (ALT), or alkaline phosphatase > the upper limit of normal (ULN) or total bilirubin > the ULN.",134
"S_QSC302573, 04 - Admission/Predose Final v1.0",Normal Range for Male: 10-50 Normal Range for Female: 10-35,134
"S_QSC302573, 04 - Admission/Predose Final v1.0",Normal Range for Male: 10-50 Normal Range for Female: 10-35,135
"S_QSC302573, 04 - Admission/Predose Final v1.0",Staff Initials,135
"S_QSC302573, 04 - Admission/Predose Final v1.0",Comment,135
"S_QSC302573, 04 - Admission/Predose Final v1.0",Normal Range for Male: 40-129 Normal Range for Female: 35-104,135
"S_QSC302573, 04 - Admission/Predose Final v1.0",Exclusion: Total Bilirubin #1 Total Bilirubin (umol/L),135
"S_QSC302573, 04 - Admission/Predose Final v1.0",Sign In: Admission Eligibility #1 I confirm that the relevant admission criteria have been reviewed and the participant is eligible to proceed in this clinical study,135
"S_QSC302573, 04 - Admission/Predose Final v1.0",What was the final Admission outcome?,136
"S_QSC302573, 04 - Admission/Predose Final v1.0",Staff Initials,136
"S_QSC302573, 04 - Admission/Predose Final v1.0",Comment,136
"S_QSC302573, 04 - Admission/Predose Final v1.0","Sign In: Rejection #1 If no, add reason for rejection",136
"S_QSC302573, 04 - Admission/Predose Final v1.0",Outcome Admission: Date of Admission Failure #1 Record date of admission failure (or date of last contact),136
"S_QSC302573, 05a - Period 1 Final v1.0",AE/CM Surveys: AE/CM Check #1 Confirm an AE and Conmed check has been performed (Record any AE and Conmeds if applicable),137
"S_QSC302573, 05a - Period 1 Final v1.0",Staff Initials,137
"S_QSC302573, 05a - Period 1 Final v1.0",Comment,137
"S_QSC302573, 05a - Period 1 Final v1.0",Exposure: Dosing Eligibility #1 I confirm that the inclusion/exclusion criteria and all relevant pre dose assessments have been reviewed and the participant continues to be eligible to participate in this clinical study.,137
"S_QSC302573, 05a - Period 1 Final v1.0",Exposure x: Prandial state #1 Prandial state,137
"S_QSC302573, 05a - Period 1 Final v1.0",Exposure x: Fasted for 10 hours for Breakfast #1 Has the participant fasted for 10 hours prior to breakfast?,137
"S_QSC302573, 05a - Period 1 Final v1.0",Meals: Amount Consumed (Breakfast) #1 Total amount of breakfast consumed,138
"S_QSC302573, 05a - Period 1 Final v1.0",Staff Initials,138
"S_QSC302573, 05a - Period 1 Final v1.0",Comment,138
"S_QSC302573, 05a - Period 1 Final v1.0",Meals: Not eaten #1 Please describe what was not eaten,138
"S_QSC302573, 05a - Period 1 Final v1.0",Meals: PI Check #1 PI to authorise. Full meal must be consumed within 20 minutes to proceed with dosing.,138
"S_QSC302573, 05a - Period 1 Final v1.0",Exposure: Panel Number Check #1 Check the volunteer panel number on the wristband matches eSource,139
"S_QSC302573, 05a - Period 1 Final v1.0",Staff Initials,139
"S_QSC302573, 05a - Period 1 Final v1.0",Comment,139
"S_QSC302573, 05a - Period 1 Final v1.0",Exposure: Participant Number Check #1 Check the participant number in eSource matches the Instruction to Dispense and Dose,139
"S_QSC302573, 05a - Period 1 Final v1.0",Exposure: Has the participant refrained from water #1 Has the participant refrained from drinking water for at least 1 hour prior to dosing?,139
"S_QSC302573, 05a - Period 1 Final v1.0",Exposure: Fasted for 10 hours for Dosing #1 Has the participant fasted for 10 hours prior to dosing?,139
"S_QSC302573, 05a - Period 1 Final v1.0",Exposure: Predose Blood Draw #1 Pre dose blood draws for PK and PGx samples taken?,140
"S_QSC302573, 05a - Period 1 Final v1.0",Staff Initials,140
"S_QSC302573, 05a - Period 1 Final v1.0",Comment,140
"S_QSC302573, 05a - Period 1 Final v1.0",Exposure: Predose Procedure Check #1 Have all required pre dose procedures been completed?,140
"S_QSC302573, 05a - Period 1 Final v1.0",Exposure: Dose Eligibility Check #1 Is the participant eligible to dose?,140
"S_QSC302573, 05a - Period 1 Final v1.0",Exposure: Subject/regimen v2 #1 Enter the product details,140
"S_QSC302573, 05a - Period 1 Final v1.0",Exposure: Product label check #1 Does the Product label match the Instruction to Dispense and Dose?,141
"S_QSC302573, 05a - Period 1 Final v1.0",Staff Initials,141
"S_QSC302573, 05a - Period 1 Final v1.0",Comment,141
"S_QSC302573, 05a - Period 1 Final v1.0",Exposure: Randomisation Number #1 Randomisation Number (Point of Randomisation),141
"S_QSC302573, 05a - Period 1 Final v1.0","Exposure: Final Check #1 Final check performed (5 R’s of dosing, Jones 2009 – right participant, right drug, right dose, right route, right time)",141
"S_QSC302573, 05a - Period 1 Final v1.0",Has the participant been provided with 240 mL of water?,142
"S_QSC302573, 05a - Period 1 Final v1.0",Staff Initials,142
"S_QSC302573, 05a - Period 1 Final v1.0",Comment,142
"S_QSC302573, 05a - Period 1 Final v1.0",Exposure: Hand and Mouth Check #1 Has a hand and mouth check been performed?,142
"S_QSC302573, 05a - Period 1 Final v1.0",Exposure: Reminder to refrain from water #1 Has the participant been reminded to refrain from water for 2 hours post-dose?,142
"S_QSC302573, 05a - Period 1 Final v1.0","Due to the unavailability of phototoxic data, participants will be advised to minimize exposure to sunlight by spending a reduced amount of time outdoors/remaining inside the clinical unit during the residential periods of the study wearing sunglasses and clothing that minimizes exposure to sunlight and using sun cream on exposed areas when going outdoors. They will also be advised not to use sunbeds.",142
"S_QSC302573, 05a - Period 1 Final v1.0",Confirm dosing is complete (Operator to complete (switch user)),143
"S_QSC302573, 05a - Period 1 Final v1.0",Staff Initials,143
"S_QSC302573, 05a - Period 1 Final v1.0",Comment,143
"S_QSC302573, 05a - Period 1 Final v1.0",System: Available #1 What is the status of the subject?,143
"S_QSC302573, 05a - Period 1 Final v1.0",ECG Difference: Baseline values #1 Baseline QTcF from Period 1 Predose,143
"S_QSC302573, 05a - Period 1 Final v1.0",AE/CM Surveys: AE/CM Check #2 Confirm an AE and Conmed check has been performed (Record any AE and Conmeds if applicable),143
"S_QSC302573, 05a - Period 1 Final v1.0",AE/CM Surveys: AE/CM Check #3 Confirm an AE and Conmed check has been performed (Record any AE and Conmeds if applicable),144
"S_QSC302573, 05a - Period 1 Final v1.0",Staff Initials,144
"S_QSC302573, 05a - Period 1 Final v1.0",Comment,144
"S_QSC302573, 05a - Period 1 Final v1.0",Stanford Sleepiness Scale: Stanford Sleepiness Scale Date #1 Stanford Sleepiness Scale Questionnaire - Date and Time (Transcribe from paper source workbook),144
"S_QSC302573, 05a - Period 1 Final v1.0",Stanford Sleepiness Scale: Degree of Sleepiness #1 Degree of Sleepiness,144
"S_QSC302573, 05a - Period 1 Final v1.0","Exclude if - QT interval corrected for heart rate using Fridericia’s formula (QTcF) >450 msec for male participants or >470 msec for female participants, QRS interval >120 msec, or PR interval >200 msec. (Supine for a minimum 3 minutes)",145
"S_QSC302573, 05a - Period 1 Final v1.0",Staff Initials,145
"S_QSC302573, 05a - Period 1 Final v1.0",Comment,145
"S_QSC302573, 05a - Period 1 Final v1.0",ECG: ECG Rhythm Assess/Interpretation #1 ECG Rhythm assessment and interpretation,145
"S_QSC302573, 05a - Period 1 Final v1.0",ECG: ECG Significance #1 Was the ECG clinically significant? (Medic to assess),146
"S_QSC302573, 05a - Period 1 Final v1.0",Staff Initials,146
"S_QSC302573, 05a - Period 1 Final v1.0",Comment,146
"S_QSC302573, 05a - Period 1 Final v1.0",ECG: ECG Findings #1 ECG Findings,146
"S_QSC302573, 05a - Period 1 Final v1.0","ECG: ECG Findings inc Rhythm #1 ECG Findings, including rhythm assessment",146
"S_QSC302573, 05a - Period 1 Final v1.0",ECG Difference: ECG Difference Calculation #1 ECG Difference Calculation - a participant will be withdrawn where there is an increase in QTcF interval of >60 msec from baseline (confirmed following a repeat ECG),146
"S_QSC302573, 05a - Period 1 Final v1.0",AE/CM Surveys: AE/CM Check #4 Confirm an AE and Conmed check has been performed (Record any AE and Conmeds if applicable),147
"S_QSC302573, 05a - Period 1 Final v1.0",Staff Initials,147
"S_QSC302573, 05a - Period 1 Final v1.0",Comment,147
"S_QSC302573, 05a - Period 1 Final v1.0",Exposure: Provided with water #1 Has the participant been provided with water 2 hrs post-dose?,147
"S_QSC302573, 05a - Period 1 Final v1.0",Stanford Sleepiness Scale: Stanford Sleepiness Scale Date #2 Stanford Sleepiness Scale Questionnaire - Date and Time (Transcribe from paper source workbook),147
"S_QSC302573, 05a - Period 1 Final v1.0",Stanford Sleepiness Scale: Degree of Sleepiness #2 Degree of Sleepiness,147
"S_QSC302573, 05a - Period 1 Final v1.0",Vital Signs: Vital Signs Supine Full Set #1 Vital Signs (Supine for at least 3 minutes),148
"S_QSC302573, 05a - Period 1 Final v1.0",Staff Initials,148
"S_QSC302573, 05a - Period 1 Final v1.0",Comment,148
"S_QSC302573, 05a - Period 1 Final v1.0",Clinical Assessment of Vital Signs (Medic or Nurse to assess vital signs),149
"S_QSC302573, 05a - Period 1 Final v1.0",Staff Initials,149
"S_QSC302573, 05a - Period 1 Final v1.0",Comment,149
"S_QSC302573, 05a - Period 1 Final v1.0",Vital Signs: Vital Signs Findings #1 Vital Sign Findings,149
"S_QSC302573, 05a - Period 1 Final v1.0",Vital Signs Standing: Vital Signs Standing BP and HR #1 Vital Signs Standing BP and HR (Standing for at least 3 minutes),149
"S_QSC302573, 05a - Period 1 Final v1.0",Is there a drop in SYSTOLIC BP from supine to standing?,150
"S_QSC302573, 05a - Period 1 Final v1.0",Staff Initials,150
"S_QSC302573, 05a - Period 1 Final v1.0",Comment,150
"S_QSC302573, 05a - Period 1 Final v1.0",Vital Signs Standing 2: Drop in DBP from Supine to Standing #1 Is there a drop in DIASTOLIC BP from supine to standing?,150
"S_QSC302573, 05a - Period 1 Final v1.0",Vital Signs Difference: Vital Signs Calculation BP and HR #1 Vital Signs Difference for SYSTOLIC Drop,150
"S_QSC302573, 05a - Period 1 Final v1.0",Vital Signs Difference: Vital Signs Calculation BP and HR 2 #1 Vital Signs Difference for DIASTOLIC Drop,150
"S_QSC302573, 05a - Period 1 Final v1.0",Vital Signs Standing: Vital Signs Findings #1 Vital Sign Findings,151
"S_QSC302573, 05a - Period 1 Final v1.0",Staff Initials,151
"S_QSC302573, 05a - Period 1 Final v1.0",Comment,151
"S_QSC302573, 05a - Period 1 Final v1.0",AE/CM Surveys: AE/CM Check #5 Confirm an AE and Conmed check has been performed (Record any AE and Conmeds if applicable),151
"S_QSC302573, 05a - Period 1 Final v1.0",Meals: Confirm Lunch #1 Confirm Lunch Provided,151
"S_QSC302573, 05a - Period 1 Final v1.0",AE/CM Surveys: AE/CM Check #6 Confirm an AE and Conmed check has been performed (Record any AE and Conmeds if applicable),152
"S_QSC302573, 05a - Period 1 Final v1.0",Staff Initials,152
"S_QSC302573, 05a - Period 1 Final v1.0",Comment,152
"S_QSC302573, 05a - Period 1 Final v1.0",AE/CM Surveys: AE/CM Check #7 Confirm an AE and Conmed check has been performed (Record any AE and Conmeds if applicable),152
"S_QSC302573, 05a - Period 1 Final v1.0",AE/CM Surveys: AE/CM Check #8 Confirm an AE and Conmed check has been performed (Record any AE and Conmeds if applicable),152
"S_QSC302573, 05a - Period 1 Final v1.0",Vital Signs: Clinical Significance #2 Clinical Assessment of Vital Signs (Medic or Nurse to assess vital signs),153
"S_QSC302573, 05a - Period 1 Final v1.0",Staff Initials,153
"S_QSC302573, 05a - Period 1 Final v1.0",Comment,153
"S_QSC302573, 05a - Period 1 Final v1.0",Vital Signs: Vital Signs Findings #2 Vital Sign Findings,153
"S_QSC302573, 05a - Period 1 Final v1.0",Vital Signs Standing: Drop in SBP from Supine to Standing #2 Is there a drop in SYSTOLIC BP from supine to standing?,154
"S_QSC302573, 05a - Period 1 Final v1.0",Staff Initials,154
"S_QSC302573, 05a - Period 1 Final v1.0",Comment,154
"S_QSC302573, 05a - Period 1 Final v1.0",Vital Signs Standing 2: Drop in DBP from Supine to Standing #2 Is there a drop in DIASTOLIC BP from supine to standing?,154
"S_QSC302573, 05a - Period 1 Final v1.0",Vital Signs Difference: Vital Signs Calculation BP and HR #2 Vital Signs Difference for SYSTOLIC Drop,154
"S_QSC302573, 05a - Period 1 Final v1.0",Vital Signs Difference for DIASTOLIC Drop,155
"S_QSC302573, 05a - Period 1 Final v1.0",Staff Initials,155
"S_QSC302573, 05a - Period 1 Final v1.0",Comment,155
"S_QSC302573, 05a - Period 1 Final v1.0",Vital Signs Standing: Clinical Significance #2 Clinical Assessment of Standing Vital Signs (Medic or Nurse to assess vital signs),155
"S_QSC302573, 05a - Period 1 Final v1.0",Vital Signs Standing: Vital Signs Findings #2 Vital Sign Findings,155
"S_QSC302573, 05a - Period 1 Final v1.0",AE/CM Surveys: AE/CM Check #9 Confirm an AE and Conmed check has been performed (Record any AE and Conmeds if applicable),155
"S_QSC302573, 05a - Period 1 Final v1.0",Stanford Sleepiness Scale Questionnaire - Date and Time (Transcribe from paper source workbook),156
"S_QSC302573, 05a - Period 1 Final v1.0",Staff Initials,156
"S_QSC302573, 05a - Period 1 Final v1.0",Comment,156
"S_QSC302573, 05a - Period 1 Final v1.0",Stanford Sleepiness Scale: Degree of Sleepiness #3 Degree of Sleepiness,156
"S_QSC302573, 05a - Period 1 Final v1.0",Confirm an AE and Conmed check has been performed (Record any AE and Conmeds if applicable),157
"S_QSC302573, 05a - Period 1 Final v1.0",Staff Initials,157
"S_QSC302573, 05a - Period 1 Final v1.0",Comment,157
"S_QSC302573, 05a - Period 1 Final v1.0",Vital Signs: Vital Signs Supine Full Set #3 Vital Signs (Supine for at least 3 minutes),157
"S_QSC302573, 05a - Period 1 Final v1.0",Vital Signs: Clinical Significance #3 Clinical Assessment of Vital Signs (Medic or Nurse to assess vital signs),157
"S_QSC302573, 05a - Period 1 Final v1.0",Vital Sign Findings,158
"S_QSC302573, 05a - Period 1 Final v1.0",Staff Initials,158
"S_QSC302573, 05a - Period 1 Final v1.0",Comment,158
"S_QSC302573, 05a - Period 1 Final v1.0",Vital Signs Standing: Vital Signs Standing BP and HR #3 Vital Signs Standing BP and HR (Standing for at least 3 minutes),158
"S_QSC302573, 05a - Period 1 Final v1.0",Vital Signs Standing: Drop in SBP from Supine to Standing #3 Is there a drop in SYSTOLIC BP from supine to standing?,158
"S_QSC302573, 05a - Period 1 Final v1.0",Vital Signs Standing 2: Drop in DBP from Supine to Standing #3 Is there a drop in DIASTOLIC BP from supine to standing?,158
"S_QSC302573, 05a - Period 1 Final v1.0",Vital Signs Difference for SYSTOLIC Drop,159
"S_QSC302573, 05a - Period 1 Final v1.0",Staff Initials,159
"S_QSC302573, 05a - Period 1 Final v1.0",Comment,159
"S_QSC302573, 05a - Period 1 Final v1.0",Vital Signs Difference: Vital Signs Calculation BP and HR 2 #3 Vital Signs Difference for DIASTOLIC Drop,159
"S_QSC302573, 05a - Period 1 Final v1.0",Vital Signs Standing: Clinical Significance #3 Clinical Assessment of Standing Vital Signs (Medic or Nurse to assess vital signs),159
"S_QSC302573, 05a - Period 1 Final v1.0",Vital Signs Standing: Vital Signs Findings #3 Vital Sign Findings,159
"S_QSC302573, 05a - Period 1 Final v1.0",AE/CM Surveys: AE/CM Check #11 Confirm an AE and Conmed check has been performed (Record any AE and Conmeds if applicable),160
"S_QSC302573, 05a - Period 1 Final v1.0",Staff Initials,160
"S_QSC302573, 05a - Period 1 Final v1.0",Comment,160
"S_QSC302573, 05a - Period 1 Final v1.0",Meals: Confirm Dinner #1 Confirm Dinner Provided,160
"S_QSC302573, 05a - Period 1 Final v1.0","Exclude if - QT interval corrected for heart rate using Fridericia’s formula (QTcF) >450 msec for male participants or >470 msec for female participants, QRS interval >120 msec, or PR interval >200 msec. (Supine for a minimum 3 minutes)",160
"S_QSC302573, 05a - Period 1 Final v1.0",ECG: ECG Rhythm Assess/Interpretation #2 ECG Rhythm assessment and interpretation,161
"S_QSC302573, 05a - Period 1 Final v1.0",Staff Initials,161
"S_QSC302573, 05a - Period 1 Final v1.0",Comment,161
"S_QSC302573, 05a - Period 1 Final v1.0",ECG: ECG Significance #2 Was the ECG clinically significant? (Medic to assess),161
"S_QSC302573, 05a - Period 1 Final v1.0",ECG: ECG Findings #2 ECG Findings,161
"S_QSC302573, 05a - Period 1 Final v1.0",ECG Difference: ECG Difference Calculation #2 ECG Difference Calculation - a participant will be withdrawn where there is an increase in QTcF interval of >60 msec from baseline (confirmed following a repeat ECG),162
"S_QSC302573, 05a - Period 1 Final v1.0",Staff Initials,162
"S_QSC302573, 05a - Period 1 Final v1.0",Comment,162
"S_QSC302573, 05a - Period 1 Final v1.0",Vital Signs: Vital Signs Supine Full Set #4 Vital Signs (Supine for at least 3 minutes),162
"S_QSC302573, 05a - Period 1 Final v1.0",Clinical Assessment of Vital Signs (Medic or Nurse to assess vital signs),163
"S_QSC302573, 05a - Period 1 Final v1.0",Staff Initials,163
"S_QSC302573, 05a - Period 1 Final v1.0",Comment,163
"S_QSC302573, 05a - Period 1 Final v1.0",Vital Signs: Vital Signs Findings #4 Vital Sign Findings,163
"S_QSC302573, 05a - Period 1 Final v1.0",Vital Signs Standing: Vital Signs Standing BP and HR #4 Vital Signs Standing BP and HR (Standing for at least 3 minutes),163
"S_QSC302573, 05a - Period 1 Final v1.0",Is there a drop in SYSTOLIC BP from supine to standing?,164
"S_QSC302573, 05a - Period 1 Final v1.0",Staff Initials,164
"S_QSC302573, 05a - Period 1 Final v1.0",Comment,164
"S_QSC302573, 05a - Period 1 Final v1.0",Vital Signs Standing 2: Drop in DBP from Supine to Standing #4 Is there a drop in DIASTOLIC BP from supine to standing?,164
"S_QSC302573, 05a - Period 1 Final v1.0",Vital Signs Difference: Vital Signs Calculation BP and HR #4 Vital Signs Difference for SYSTOLIC Drop,164
"S_QSC302573, 05a - Period 1 Final v1.0",Vital Signs Difference: Vital Signs Calculation BP and HR 2 #4 Vital Signs Difference for DIASTOLIC Drop,164
"S_QSC302573, 05a - Period 1 Final v1.0",Vital Signs Standing: Vital Signs Findings #4 Vital Sign Findings,165
"S_QSC302573, 05a - Period 1 Final v1.0",Staff Initials,165
"S_QSC302573, 05a - Period 1 Final v1.0",Comment,165
"S_QSC302573, 05a - Period 1 Final v1.0",AE/CM Surveys: AE/CM Check #12 Confirm an AE and Conmed check has been performed (Record any AE and Conmeds if applicable),165
"S_QSC302573, 05a - Period 1 Final v1.0",Stanford Sleepiness Scale: Stanford Sleepiness Scale Date #4 Stanford Sleepiness Scale Questionnaire - Date and Time (Transcribe from paper source workbook),165
"S_QSC302573, 05a - Period 1 Final v1.0",Meals: Confirm Snack #1 Confirm Evening Snack Provided,166
"S_QSC302573, 05a - Period 1 Final v1.0",Staff Initials,166
"S_QSC302573, 05a - Period 1 Final v1.0",Comment,166
"S_QSC302573, 05a - Period 1 Final v1.0",Confirm an AE and Conmed check has been performed (Record any AE and Conmeds if applicable),167
"S_QSC302573, 05a - Period 1 Final v1.0",Staff Initials,167
"S_QSC302573, 05a - Period 1 Final v1.0",Comment,167
"S_QSC302573, 05a - Period 1 Final v1.0","Urinalysis: Bilirubin #1 What was the bilirubin result? If any positive result, inform medic/PI. (Perform urinalysis and read results)",167
"S_QSC302573, 05a - Period 1 Final v1.0","What was the urobilinogen result? If any positive result, inform medic/PI. (Perform urinalysis and read results)",168
"S_QSC302573, 05a - Period 1 Final v1.0",Staff Initials,168
"S_QSC302573, 05a - Period 1 Final v1.0",Comment,168
"S_QSC302573, 05a - Period 1 Final v1.0","Urinalysis: Ketones #1 What was the ketone result? If any positive result, inform medic/PI. (Perform urinalysis and read results)",168
"S_QSC302573, 05a - Period 1 Final v1.0","Urinalysis: Glucose #1 What was the glucose result? If any positive result, inform medic/PI. (Perform urinalysis and read results)",168
"S_QSC302573, 05a - Period 1 Final v1.0","IF PROTEIN ≥ 30mg/dl: Repeat urinalysis as soon as possible, ensuring a clean catch specimen. If protein remains ≥ 30mg/dl on repeat, then inform PI/medic. (Perform urinalysis and read results)",169
"S_QSC302573, 05a - Period 1 Final v1.0",Staff Initials,169
"S_QSC302573, 05a - Period 1 Final v1.0",Comment,169
"S_QSC302573, 05a - Period 1 Final v1.0",Urinalysis: Blood #1 What was the blood result? (Perform urinalysis and read results),169
"S_QSC302573, 05a - Period 1 Final v1.0",Urinalysis: Nitrite #1 What was the nitrite result? (Perform urinalysis and read results),170
"S_QSC302573, 05a - Period 1 Final v1.0",Staff Initials,170
"S_QSC302573, 05a - Period 1 Final v1.0",Comment,170
"S_QSC302573, 05a - Period 1 Final v1.0",Urinalysis: pH #1 Record pH value (Perform urinalysis and read results),170
"S_QSC302573, 05a - Period 1 Final v1.0",Urinalysis: Specific Gravity #1 Record specific gravity of sample (Perform urinalysis and read results),171
"S_QSC302573, 05a - Period 1 Final v1.0",Staff Initials,171
"S_QSC302573, 05a - Period 1 Final v1.0",Comment,171
"S_QSC302573, 05a - Period 1 Final v1.0",What was the leukocyte result? (Perform urinalysis and read results),172
"S_QSC302573, 05a - Period 1 Final v1.0",Staff Initials,172
"S_QSC302573, 05a - Period 1 Final v1.0",Comment,172
"S_QSC302573, 05a - Period 1 Final v1.0","Urinalysis: Participant menstruating #1 Is participant female and menstruating? (If 'Yes', DO NOT send sample for Microscopy. If 'No', send sample for Microscopy)",172
"S_QSC302573, 05a - Period 1 Final v1.0",Urinalysis: Send for microscopy #1 Confirm sample sent for microscopy (Complete associated paperwork),172
"S_QSC302573, 05a - Period 1 Final v1.0",Has urinalysis been repeated as soon as possible with a clean catch specimen? Ensure events are repeated to capture this data.,173
"S_QSC302573, 05a - Period 1 Final v1.0",Staff Initials,173
"S_QSC302573, 05a - Period 1 Final v1.0",Comment,173
"S_QSC302573, 05a - Period 1 Final v1.0",Urinalysis: TDL Form Check #1 Confirm TDL form completed:,173
"S_QSC302573, 05a - Period 1 Final v1.0",Urinalysis: Urinalysis Medic Assessment #1 Has there been a medic review of the Microscopy results?,173
"S_QSC302573, 05a - Period 1 Final v1.0","Exclude if - QT interval corrected for heart rate using Fridericia’s formula (QTcF) >450 msec for male participants or >470 msec for female participants, QRS interval >120 msec, or PR interval >200 msec. (Supine for a minimum 3 minutes)",174
"S_QSC302573, 05a - Period 1 Final v1.0",Staff Initials,174
"S_QSC302573, 05a - Period 1 Final v1.0",Comment,174
"S_QSC302573, 05a - Period 1 Final v1.0",ECG: ECG Rhythm Assess/Interpretation #3 ECG Rhythm assessment and interpretation,174
"S_QSC302573, 05a - Period 1 Final v1.0",ECG: ECG Findings #3 ECG Findings,175
"S_QSC302573, 05a - Period 1 Final v1.0",Staff Initials,175
"S_QSC302573, 05a - Period 1 Final v1.0",Comment,175
"S_QSC302573, 05a - Period 1 Final v1.0","ECG: ECG Findings inc Rhythm #3 ECG Findings, including rhythm assessment",175
"S_QSC302573, 05a - Period 1 Final v1.0",ECG Difference: ECG Difference Calculation #3 ECG Difference Calculation - a participant will be withdrawn where there is an increase in QTcF interval of >60 msec from baseline (confirmed following a repeat ECG),175
"S_QSC302573, 05a - Period 1 Final v1.0",Vital Signs: Vital Signs Supine Full Set #5 Vital Signs (Supine for at least 3 minutes),175
"S_QSC302573, 05a - Period 1 Final v1.0",Vital Signs: Clinical Significance #5 Clinical Assessment of Vital Signs (Medic or Nurse to assess vital signs),176
"S_QSC302573, 05a - Period 1 Final v1.0",Staff Initials,176
"S_QSC302573, 05a - Period 1 Final v1.0",Comment,176
"S_QSC302573, 05a - Period 1 Final v1.0",Vital Signs: Vital Signs Findings #5 Vital Sign Findings,176
"S_QSC302573, 05a - Period 1 Final v1.0",Vital Signs Standing BP and HR (Standing for at least 3 minutes),177
"S_QSC302573, 05a - Period 1 Final v1.0",Staff Initials,177
"S_QSC302573, 05a - Period 1 Final v1.0",Comment,177
"S_QSC302573, 05a - Period 1 Final v1.0",Vital Signs Standing: Drop in SBP from Supine to Standing #5 Is there a drop in SYSTOLIC BP from supine to standing?,177
"S_QSC302573, 05a - Period 1 Final v1.0",Vital Signs Standing 2: Drop in DBP from Supine to Standing #5 Is there a drop in DIASTOLIC BP from supine to standing?,177
"S_QSC302573, 05a - Period 1 Final v1.0",Vital Signs Difference: Vital Signs Calculation BP and HR #5 Vital Signs Difference for SYSTOLIC Drop,177
"S_QSC302573, 05a - Period 1 Final v1.0",Vital Signs Difference for DIASTOLIC Drop,178
"S_QSC302573, 05a - Period 1 Final v1.0",Staff Initials,178
"S_QSC302573, 05a - Period 1 Final v1.0",Comment,178
"S_QSC302573, 05a - Period 1 Final v1.0",Vital Signs Standing: Clinical Significance #5 Clinical Assessment of Standing Vital Signs (Medic or Nurse to assess vital signs),178
"S_QSC302573, 05a - Period 1 Final v1.0",Vital Signs Standing: Vital Signs Findings #5 Vital Sign Findings,178
"S_QSC302573, 05a - Period 1 Final v1.0",Safety: Fasted #1 Has the participant fasted for 8 hours?,178
"S_QSC302573, 05a - Period 1 Final v1.0",Safety: Haematology Medic Assessment #1 Has there been a medic review of the Haematology blood results?,179
"S_QSC302573, 05a - Period 1 Final v1.0",Staff Initials,179
"S_QSC302573, 05a - Period 1 Final v1.0",Comment,179
"S_QSC302573, 05a - Period 1 Final v1.0",Safety: Chemistry Medic Assessment #1 Has there been a medic review of the Clinical Chemistry blood results?,179
"S_QSC302573, 05a - Period 1 Final v1.0",Confirm TDL form completed:,180
"S_QSC302573, 05a - Period 1 Final v1.0",Staff Initials,180
"S_QSC302573, 05a - Period 1 Final v1.0",Comment,180
"S_QSC302573, 05a - Period 1 Final v1.0",AE/CM Surveys: AE/CM Check #14 Confirm an AE and Conmed check has been performed (Record any AE and Conmeds if applicable),180
"S_QSC302573, 05a - Period 1 Final v1.0",Stanford Sleepiness Scale: Stanford Sleepiness Scale Date #5 Stanford Sleepiness Scale Questionnaire - Date and Time (Transcribe from paper source workbook),180
"S_QSC302573, 05a - Period 1 Final v1.0",AE/CM Surveys: AE/CM Check #15 Confirm an AE and Conmed check has been performed (Record any AE and Conmeds if applicable),181
"S_QSC302573, 05a - Period 1 Final v1.0",Staff Initials,181
"S_QSC302573, 05a - Period 1 Final v1.0",Comment,181
"S_QSC302573, 05a - Period 1 Final v1.0",applicable),182
"S_QSC302573, 05a - Period 1 Final v1.0",Staff Initials,182
"S_QSC302573, 05a - Period 1 Final v1.0",Comment,182
"S_QSC302573, 05a - Period 1 Final v1.0",Vital Signs: Vital Signs Supine Full Set #6 Vital Signs (Supine for at least 3 minutes),182
"S_QSC302573, 05a - Period 1 Final v1.0",Vital Signs: Clinical Significance #6 Clinical Assessment of Vital Signs (Medic or Nurse to assess vital signs),182
"S_QSC302573, 05a - Period 1 Final v1.0",Vital Sign Findings,183
"S_QSC302573, 05a - Period 1 Final v1.0",Staff Initials,183
"S_QSC302573, 05a - Period 1 Final v1.0",Comment,183
"S_QSC302573, 05a - Period 1 Final v1.0",Vital Signs Standing: Vital Signs Standing BP and HR #6 Vital Signs Standing BP and HR (Standing for at least 3 minutes),183
"S_QSC302573, 05a - Period 1 Final v1.0",Vital Signs Standing: Drop in SBP from Supine to Standing #6 Is there a drop in SYSTOLIC BP from supine to standing?,183
"S_QSC302573, 05a - Period 1 Final v1.0",Vital Signs Standing 2: Drop in DBP from Supine to Standing #6 Is there a drop in DIASTOLIC BP from supine to standing?,183
"S_QSC302573, 05a - Period 1 Final v1.0",Vital Signs Difference for SYSTOLIC Drop,184
"S_QSC302573, 05a - Period 1 Final v1.0",Staff Initials,184
"S_QSC302573, 05a - Period 1 Final v1.0",Comment,184
"S_QSC302573, 05a - Period 1 Final v1.0",Vital Signs Difference: Vital Signs Calculation BP and HR 2 #6 Vital Signs Difference for DIASTOLIC Drop,184
"S_QSC302573, 05a - Period 1 Final v1.0",Vital Signs Standing: Clinical Significance #6 Clinical Assessment of Standing Vital Signs (Medic or Nurse to assess vital signs),184
"S_QSC302573, 05a - Period 1 Final v1.0",Vital Signs Standing: Vital Signs Findings #6 Vital Sign Findings,184
"S_QSC302573, 05a - Period 1 Final v1.0",AE/CM Surveys: AE/CM Check #17 Confirm an AE and Conmed check has been performed (Record any AE and Conmeds if applicable),185
"S_QSC302573, 05a - Period 1 Final v1.0",Staff Initials,185
"S_QSC302573, 05a - Period 1 Final v1.0",Comment,185
"S_QSC302573, 05a - Period 1 Final v1.0",C-SSRS Assessment: Date of Assessment #1 C-SSRS Questionnaire - Date and Time (Transcribe from C-SSRS paper source workbook),185
"S_QSC302573, 05a - Period 1 Final v1.0","Subject endorses thoughts about a wish to be dead or not alive anymore, or a wish to fall asleep and not wake up. (Have you wished you were dead or wished you could go to sleep and not wake up?)",185
"S_QSC302573, 05a - Period 1 Final v1.0","Yes (Specify) (500 char. max.) (Activates Line 187, 182, 185, 183, 186, 184)",185
"S_QSC302573, 05a - Period 1 Final v1.0","General non-specific thoughts of wanting to end one's life / commit suicide (e.g. ""I've thought about killing myself"") without thoughts of ways to kill oneself / associated methods, intent, or plan during the assessment period. (Have you actually had any thoughts of killing yourself?)",186
"S_QSC302573, 05a - Period 1 Final v1.0",Staff Initials,186
"S_QSC302573, 05a - Period 1 Final v1.0",Comment,186
"S_QSC302573, 05a - Period 1 Final v1.0","Yes (Specify) (500 char. max.) (Activates Line 187, 179, 182, 185, 180, 183, 186, 184, 181)",186
"S_QSC302573, 05a - Period 1 Final v1.0","Subject endorses thoughts of suicide and has thought of at least one method during the assessment period. This is different from a specific plan with time, place or method details worked out (e.g. thought of method to kill self but not a specific plan). Includes person who would say, ""I thought about taking an overdose but I never made a specific plan as to when, where or how I would actually do it… and I would never go through with it"". (Have you been thinking about how you might do this?)",186
"S_QSC302573, 05a - Period 1 Final v1.0","Active suicidal thoughts of killing oneself and subject reports having some intent to act on such thoughts, as opposed to ""I have the thoughts but I definitely will not do anything about them"". (Have you had these thoughts and had some intention of acting on them?)",186
"S_QSC302573, 05a - Period 1 Final v1.0",Thoughts of killing oneself with details of plan fully or partially worked out and subject has some intent to carry it out. (Have you started to work out or worked out the details of how to kill yourself? Do you intend to carry out this plan?),187
"S_QSC302573, 05a - Period 1 Final v1.0",Staff Initials,187
"S_QSC302573, 05a - Period 1 Final v1.0",Comment,187
"S_QSC302573, 05a - Period 1 Final v1.0","The following feature should be rated with respect to the most severe type of ideation (i.e. 1-5 from above, with 1 being the least severe and 5 being the most severe). Ask about time he/she was feeling the most suicidal.",187
"S_QSC302573, 05a - Period 1 Final v1.0",(How many times have you had these thoughts?),188
"S_QSC302573, 05a - Period 1 Final v1.0",Staff Initials,188
"S_QSC302573, 05a - Period 1 Final v1.0",Comment,188
"S_QSC302573, 05a - Period 1 Final v1.0","(When you have the thoughts, how long do they last?)",188
"S_QSC302573, 05a - Period 1 Final v1.0","(Are there things - anyone or anything (e.g. family, religion, pain of death) - that stopped you from wanting to die or acting on thoughts of committing suicide?)",189
"S_QSC302573, 05a - Period 1 Final v1.0",Staff Initials,189
"S_QSC302573, 05a - Period 1 Final v1.0",Comment,189
"S_QSC302573, 05a - Period 1 Final v1.0","(What sort of reasons did you have for thinking about wanting to die or killing yourself? Was it to end the pain or stop the way you were feeling (in other words you couldn't go on living with this pain or how you were feeling) or was it to get attention, revenge or a reaction from others? Or both?)",190
"S_QSC302573, 05a - Period 1 Final v1.0",Staff Initials,190
"S_QSC302573, 05a - Period 1 Final v1.0",Comment,190
"S_QSC302573, 05a - Period 1 Final v1.0","trying to end your life when you___? Or did you think it was possible you could have died from___?) Or did you do it purely for other reasons / without ANY intention of killing yourself (like to relieve stress, feel better, get sympathy, or get something else to happen)? (Self-Injurious Behaviour without suicidal intent))",191
"S_QSC302573, 05a - Period 1 Final v1.0",Staff Initials,191
"S_QSC302573, 05a - Period 1 Final v1.0",Comment,191
"S_QSC302573, 05a - Period 1 Final v1.0","Yes (Specify) (500 char. max.) (Activates Line 199, 200, 198)",191
"S_QSC302573, 05a - Period 1 Final v1.0",C-SSRS Since Last Visit: 12. Total Number of Attempts #1 Total Number of Attempts,191
"S_QSC302573, 05a - Period 1 Final v1.0",Has subject engaged in Non-Suicidal Self-Injurious Behaviour (Since Last Visit),192
"S_QSC302573, 05a - Period 1 Final v1.0",Staff Initials,192
"S_QSC302573, 05a - Period 1 Final v1.0",Comment,192
"S_QSC302573, 05a - Period 1 Final v1.0","When the person is interrupted (by an outside circumstance) from starting the potentially self- injurious act (if not for that, actual attempt would have occurred). Overdose: Person has pills in hand but is stopped from ingesting. Once they ingest any pills, this becomes an attempt rather than an interrupted attempt. Shooting: Person has gun pointed towards self, gun is taken away by someone else, or he/she is somehow prevented from pulling trigger. Once they pull the trigger, even if the gun fails to fire, it is an attempt. Jumping: Person is poised to jump, is grabbed and taken down from ledge. Hanging: Person has noose around neck but has not yet started to hang - is stopped from doing so. (Has there been a time when you started to do something to end your life but someone or something stopped you before you actually did anything?)",192
"S_QSC302573, 05a - Period 1 Final v1.0",C-SSRS Since Last Visit: 14. Total Number of Interrupted #1 Total Number of Interrupted,192
"S_QSC302573, 05a - Period 1 Final v1.0","When person begins to take steps towards making a suicide attempt, but stops themselves before they actually have engaged in any self-destructive behaviour. Examples are similar to interrupted attempts, except that the individual stops him/herself instead of being stopped by something else. (Has there been a time when you started to do something to try to end your life but you stopped yourself before you actually did anything?)",193
"S_QSC302573, 05a - Period 1 Final v1.0",Staff Initials,193
"S_QSC302573, 05a - Period 1 Final v1.0",Comment,193
"S_QSC302573, 05a - Period 1 Final v1.0","Acts or preparation towards imminently making a suicide attempt. This can include anything beyond a verbalisation or thought, such as assembling a specific method (e.g. buying pills, purchasing a gun) or preparing for one's death by suicide (e.g. giving things away, writing a suicide note). (Have you taken any steps towards making a suicide attempt or preparing to kill yourself (such as collecting pills, getting a gun, giving valuables away or writing a suicide note)?)",193
"S_QSC302573, 05a - Period 1 Final v1.0","Acts or preparation towards imminently making a suicide attempt. This can include anything beyond a verbalisation or thought, such as assembling a specific method (e.g. buying pills, purchasing a gun) or preparing for one's death by suicide (e.g. giving things away, writing a suicide note). (Have you taken any steps towards making a suicide attempt or preparing to kill yourself (such as collecting pills, getting a gun, giving valuables away or writing a suicide note)?)",194
"S_QSC302573, 05a - Period 1 Final v1.0",Staff Initials,194
"S_QSC302573, 05a - Period 1 Final v1.0",Comment,194
"S_QSC302573, 05a - Period 1 Final v1.0",Suicidal behaviour was present during the assessment period?,194
"S_QSC302573, 05a - Period 1 Final v1.0",C-SSRS Since Last Visit: 18. Suicide #1 Suicide (Since Last Visit),194
"S_QSC302573, 05a - Period 1 Final v1.0",Most Lethal Attempt Date,195
"S_QSC302573, 05a - Period 1 Final v1.0",Staff Initials,195
"S_QSC302573, 05a - Period 1 Final v1.0",Comment,195
"S_QSC302573, 05a - Period 1 Final v1.0",C-SSRS Since Last Visit: 19. Actual Lethality Most Lethal Attempt #1 Actual Lethality/Medical Damage - Most Lethal Attempt,195
"S_QSC302573, 05a - Period 1 Final v1.0",Potential Lethality - Most Lethal Attempt Code (only answer if Actual Lethality = 0),196
"S_QSC302573, 05a - Period 1 Final v1.0",Staff Initials,196
"S_QSC302573, 05a - Period 1 Final v1.0",Comment,196
"S_QSC302573, 05a - Period 1 Final v1.0",Meals: Confirm Snack #2 Confirm Evening Snack Provided,196
"S_QSC302573, 05a - Period 1 Final v1.0",Pre-dose Triplicate ECG 1: 12 Lead Standard #1 PRE-DOSE Triplicate ECG 1: 12 Lead Standard ECG (Supine for a minimum 3 minutes),196
"S_QSC302573, 05b - Period 2 Final v1.0",Pre-dose Triplicate ECG 1: ECG Rhythm Assess/Interpretation #1 PRE-DOSE Triplicate ECG 1: ECG Rhythm assessment and interpretation,197
"S_QSC302573, 05b - Period 2 Final v1.0",Staff Initials,197
"S_QSC302573, 05b - Period 2 Final v1.0",Comment,197
"S_QSC302573, 05b - Period 2 Final v1.0",Pre-dose Triplicate ECG 1: ECG Significance #1 PRE-DOSE Triplicate ECG 1: Was the ECG clinically significant? (Medic to assess),197
"S_QSC302573, 05b - Period 2 Final v1.0",PRE-DOSE Triplicate ECG 1: ECG Findings,198
"S_QSC302573, 05b - Period 2 Final v1.0",Staff Initials,198
"S_QSC302573, 05b - Period 2 Final v1.0",Comment,198
"S_QSC302573, 05b - Period 2 Final v1.0","Pre-dose Triplicate ECG 1: ECG Findings inc Rhythm #1 PRE-DOSE Triplicate ECG 1: ECG Findings, including rhythm assessment",198
"S_QSC302573, 05b - Period 2 Final v1.0",Pre-dose Triplicate ECG 2: 12 Lead Standard #1 PRE-DOSE Triplicate ECG 2: 12 Lead Standard ECG (To be performed at least 2 minutes after ECG1),198
"S_QSC302573, 05b - Period 2 Final v1.0",Pre-dose Triplicate ECG 2: ECG Significance #1 PRE-DOSE Triplicate ECG 2: Was the ECG clinically significant? (Medic to assess),199
"S_QSC302573, 05b - Period 2 Final v1.0",Staff Initials,199
"S_QSC302573, 05b - Period 2 Final v1.0",Comment,199
"S_QSC302573, 05b - Period 2 Final v1.0",Pre-dose Triplicate ECG 2: ECG Findings #1 PRE-DOSE Triplicate ECG 2: ECG Findings,199
"S_QSC302573, 05b - Period 2 Final v1.0","Pre-dose Triplicate ECG 2: ECG Findings inc Rhythm #1 PRE-DOSE Triplicate ECG 2: ECG Findings, including rhythm assessment",199
"S_QSC302573, 05b - Period 2 Final v1.0",Pre-dose Triplicate ECG 3: ECG Rhythm Assess/Interpretation #1 PRE-DOSE Triplicate ECG 3: ECG Rhythm assessment and interpretation,200
"S_QSC302573, 05b - Period 2 Final v1.0",Staff Initials,200
"S_QSC302573, 05b - Period 2 Final v1.0",Comment,200
"S_QSC302573, 05b - Period 2 Final v1.0",PRE-DOSE Triplicate ECG 3: Was the ECG clinically significant? (Medic to assess),201
"S_QSC302573, 05b - Period 2 Final v1.0",Staff Initials,201
"S_QSC302573, 05b - Period 2 Final v1.0",Comment,201
"S_QSC302573, 05b - Period 2 Final v1.0",Pre-dose Triplicate ECG 3: ECG Findings #1 PRE-DOSE Triplicate ECG 3: ECG Findings,201
"S_QSC302573, 05b - Period 2 Final v1.0","Pre-dose Triplicate ECG 3: ECG Findings inc Rhythm #1 PRE-DOSE Triplicate ECG 3: ECG Findings, including rhythm assessment",201
"S_QSC302573, 05b - Period 2 Final v1.0","Withdraw if - QT interval corrected for heart rate using Fridericia’s formula (QTcF) >450 msec for male participants or >470 msec for female participants, QRS interval >120 msec, or PR interval >200 msec",202
"S_QSC302573, 05b - Period 2 Final v1.0",Staff Initials,202
"S_QSC302573, 05b - Period 2 Final v1.0",Comment,202
"S_QSC302573, 05b - Period 2 Final v1.0",ECG Difference: Baseline values #1 Please transcribe the baseline value for QTcF for withdrawal purposes for Period 2 post dose from the mean QTcF above,202
"S_QSC302573, 05b - Period 2 Final v1.0",Pre-dose Vital Signs: Vital Signs Supine Full Set #1 PRE-DOSE - Vital Signs (Supine for at least 3 minutes),202
"S_QSC302573, 05b - Period 2 Final v1.0",PRE-DOSE - Clinical Assessment of Vital Signs (Medic or Nurse to assess vital signs),203
"S_QSC302573, 05b - Period 2 Final v1.0",Staff Initials,203
"S_QSC302573, 05b - Period 2 Final v1.0",Comment,203
"S_QSC302573, 05b - Period 2 Final v1.0",Pre-dose Vital Signs: Vital Signs Findings #1 PRE-DOSE - Vital Sign Findings,203
"S_QSC302573, 05b - Period 2 Final v1.0",Pre-dose Vital Signs Standing: Vital Signs Standing BP and HR #1 PRE-DOSE - Vital Signs (Standing),203
"S_QSC302573, 05b - Period 2 Final v1.0",PRE-DOSE - Is there a drop in SYSTOLIC BP from supine to standing?,204
"S_QSC302573, 05b - Period 2 Final v1.0",Staff Initials,204
"S_QSC302573, 05b - Period 2 Final v1.0",Comment,204
"S_QSC302573, 05b - Period 2 Final v1.0",Pre-dose Vital Signs Standing 2: Drop in BP from Supine to Standing #1 PRE-DOSE - Is there a drop in DIASTOLIC BP from supine to standing?,204
"S_QSC302573, 05b - Period 2 Final v1.0",Pre-dose Vital Signs Difference: Vital Signs Calculation BP and HR #1 PRE-DOSE - Vital Signs Difference for SYSTOLIC Drop,204
"S_QSC302573, 05b - Period 2 Final v1.0",Pre-dose Vital Signs Difference: Vital Signs Calculation BP and HR 2 #1 PRE-DOSE - Vital Signs Difference for DIASTOLIC Drop,204
"S_QSC302573, 05b - Period 2 Final v1.0",Pre-dose Vital Signs Standing: Vital Signs Findings #1 PRE-DOSE - Vital Sign Findings,205
"S_QSC302573, 05b - Period 2 Final v1.0",Staff Initials,205
"S_QSC302573, 05b - Period 2 Final v1.0",Comment,205
"S_QSC302573, 05b - Period 2 Final v1.0",AE/CM Surveys: AE/CM Check #1 Confirm an AE and Conmed check has been performed (Record any AE and Conmeds if applicable),205
"S_QSC302573, 05b - Period 2 Final v1.0",Exposure: Dosing Eligibility Continues #1 I confirm that the participant continues to be eligible to participate in this clinical study.,205
"S_QSC302573, 05b - Period 2 Final v1.0",Exposure x: Fasted for 10 hours for Breakfast #1 Has the participant fasted for 10 hours prior to breakfast?,206
"S_QSC302573, 05b - Period 2 Final v1.0",Staff Initials,206
"S_QSC302573, 05b - Period 2 Final v1.0",Comment,206
"S_QSC302573, 05b - Period 2 Final v1.0",Meals: Amount Consumed (Breakfast) #1 Total amount of breakfast consumed,206
"S_QSC302573, 05b - Period 2 Final v1.0",Please describe what was not eaten,207
"S_QSC302573, 05b - Period 2 Final v1.0",Staff Initials,207
"S_QSC302573, 05b - Period 2 Final v1.0",Comment,207
"S_QSC302573, 05b - Period 2 Final v1.0",Meals: PI Check #1 PI to authorise. Full meal must be consumed within 20 minutes to proceed with dosing.,207
"S_QSC302573, 05b - Period 2 Final v1.0","Exposure: Volunteer ID Check #1 Check the Volunteer ID in eSource matches the volunteer (Initials, DOB and Photographic ID)",207
"S_QSC302573, 05b - Period 2 Final v1.0",Exposure: Panel Number Check #1 Check the volunteer panel number on the wristband matches eSource,207
"S_QSC302573, 05b - Period 2 Final v1.0",Exposure: Participant Number Check #1 Check the participant number in eSource matches the Instruction to Dispense and Dose,207
"S_QSC302573, 05b - Period 2 Final v1.0",Has the participant refrained from drinking water for at least 1 hour prior to dosing?,208
"S_QSC302573, 05b - Period 2 Final v1.0",Staff Initials,208
"S_QSC302573, 05b - Period 2 Final v1.0",Comment,208
"S_QSC302573, 05b - Period 2 Final v1.0",Exposure: Fasted for 10 hours for Dosing #1 Has the participant fasted for 10 hours prior to dosing?,208
"S_QSC302573, 05b - Period 2 Final v1.0","Exposure: Consumed breakfast #1 Has the participant consumed breakfast per the protocol requirements, over 20 minutes and the full meal?",208
"S_QSC302573, 05b - Period 2 Final v1.0",Exposure: Predose Blood Draw #1 Pre dose blood draws for PK sample taken?,208
"S_QSC302573, 05b - Period 2 Final v1.0",Have all required pre dose procedures been completed?,209
"S_QSC302573, 05b - Period 2 Final v1.0",Staff Initials,209
"S_QSC302573, 05b - Period 2 Final v1.0",Comment,209
"S_QSC302573, 05b - Period 2 Final v1.0",Exposure: Dose Eligibility Check #1 Is the participant eligible to dose?,209
"S_QSC302573, 05b - Period 2 Final v1.0",Exposure: Subject/regimen #1 Enter the product details,209
"S_QSC302573, 05b - Period 2 Final v1.0",Does the Product label match the Instruction to Dispense and Dose?,210
"S_QSC302573, 05b - Period 2 Final v1.0",Staff Initials,210
"S_QSC302573, 05b - Period 2 Final v1.0",Comment,210
"S_QSC302573, 05b - Period 2 Final v1.0","Exposure: Final Check #1 Final check performed (5 R’s of dosing, Jones 2009 – right participant, right drug, right dose, right route, right time)",210
"S_QSC302573, 05b - Period 2 Final v1.0",Exposure: Post Administration Water #1 Has the participant been provided with 240 mL of water?,210
"S_QSC302573, 05b - Period 2 Final v1.0",Exposure: Hand and Mouth Check #1 Has a hand and mouth check been performed?,210
"S_QSC302573, 05b - Period 2 Final v1.0",Has the participant been reminded to refrain from water for 2 hours post-dose?,211
"S_QSC302573, 05b - Period 2 Final v1.0",Staff Initials,211
"S_QSC302573, 05b - Period 2 Final v1.0",Comment,211
"S_QSC302573, 05b - Period 2 Final v1.0","Due to the unavailability of phototoxic data, participants will be advised to minimize exposure to sunlight by spending a reduced amount of time outdoors/remaining inside the clinical unit during the residential periods of the study wearing sunglasses and clothing that minimizes exposure to sunlight and using sun cream on exposed areas when going outdoors. They will also be advised not to use sunbeds.",211
"S_QSC302573, 05b - Period 2 Final v1.0",Exposure: Witness Check #1 Confirm dosing is complete (Operator to complete (switch user)),211
"S_QSC302573, 05b - Period 2 Final v1.0",System: Available #1 What is the status of the subject?,211
"S_QSC302573, 05b - Period 2 Final v1.0",AE/CM Surveys: AE/CM Check #2 Confirm an AE and Conmed check has been performed (Record any AE and Conmeds if applicable),212
"S_QSC302573, 05b - Period 2 Final v1.0",Staff Initials,212
"S_QSC302573, 05b - Period 2 Final v1.0",Comment,212
"S_QSC302573, 05b - Period 2 Final v1.0",AE/CM Surveys: AE/CM Check #3 Confirm an AE and Conmed check has been performed (Record any AE and Conmeds if applicable),212
"S_QSC302573, 05b - Period 2 Final v1.0",Stanford Sleepiness Scale: Stanford Sleepiness Scale Date #1 Stanford Sleepiness Scale Questionnaire - Date and Time (Transcribe from paper source workbook),212
"S_QSC302573, 05b - Period 2 Final v1.0","Exclude if - QT interval corrected for heart rate using Fridericia’s formula (QTcF) >450 msec for male participants or >470 msec for female participants, QRS interval >120 msec, or PR interval >200 msec. (Supine for a minimum 3 minutes)",214
"S_QSC302573, 05b - Period 2 Final v1.0",Staff Initials,214
"S_QSC302573, 05b - Period 2 Final v1.0",Comment,214
"S_QSC302573, 05b - Period 2 Final v1.0",ECG: ECG Rhythm Assess/Interpretation #1 ECG Rhythm assessment and interpretation,214
"S_QSC302573, 05b - Period 2 Final v1.0",ECG: ECG Findings #1 ECG Findings,215
"S_QSC302573, 05b - Period 2 Final v1.0",Staff Initials,215
"S_QSC302573, 05b - Period 2 Final v1.0",Comment,215
"S_QSC302573, 05b - Period 2 Final v1.0","ECG: ECG Findings inc Rhythm #1 ECG Findings, including rhythm assessment",215
"S_QSC302573, 05b - Period 2 Final v1.0",ECG Difference: ECG Difference Calculation #1 ECG Difference Calculation - a participant will be withdrawn where there is an increase in QTcF interval of >60 msec from baseline (confirmed following a repeat ECG),215
"S_QSC302573, 05b - Period 2 Final v1.0",applicable),216
"S_QSC302573, 05b - Period 2 Final v1.0",Staff Initials,216
"S_QSC302573, 05b - Period 2 Final v1.0",Comment,216
"S_QSC302573, 05b - Period 2 Final v1.0",Exposure: Provided with water #1 Has the participant been provided with water 2 hrs post-dose?,216
"S_QSC302573, 05b - Period 2 Final v1.0",Stanford Sleepiness Scale: Stanford Sleepiness Scale Date #2 Stanford Sleepiness Scale Questionnaire - Date and Time (Transcribe from paper source workbook),216
"S_QSC302573, 05b - Period 2 Final v1.0",Stanford Sleepiness Scale: Degree of Sleepiness #2 Degree of Sleepiness,216
"S_QSC302573, 05b - Period 2 Final v1.0","Targeted Physical Examination Findings: Require Targeted PE? #1 Targeted Physical Examination: Does the participant require a targeted physical examination? (If yes, please specify the reason)",217
"S_QSC302573, 05b - Period 2 Final v1.0",Staff Initials,217
"S_QSC302573, 05b - Period 2 Final v1.0",Comment,217
"S_QSC302573, 05b - Period 2 Final v1.0",Yes (Specify) (50 char. max.) (Activates Line,217
"S_QSC302573, 05b - Period 2 Final v1.0","Targeted Physical Examination Findings: Any clinically significant abnormal findings? #1 If yes, were there any clinically significant abnormal findings?",217
"S_QSC302573, 05b - Period 2 Final v1.0",Targeted Physical Examination Findings: Physical Examination Category #1 Physical Examination Category,217
"S_QSC302573, 05b - Period 2 Final v1.0",Targeted Physical Examination Findings: Findings #1 Detailed findings of Physical Examination,218
"S_QSC302573, 05b - Period 2 Final v1.0",Staff Initials,218
"S_QSC302573, 05b - Period 2 Final v1.0",Comment,218
"S_QSC302573, 05b - Period 2 Final v1.0","Targeted Neurological Examination: Does the participant require a targeted neurological examination? (If yes, please specify the reason)",219
"S_QSC302573, 05b - Period 2 Final v1.0",Staff Initials,219
"S_QSC302573, 05b - Period 2 Final v1.0",Comment,219
"S_QSC302573, 05b - Period 2 Final v1.0",Yes (Specify) (50 char. max.) (Activates Line,219
"S_QSC302573, 05b - Period 2 Final v1.0","Targeted Neurological Examination: Any clinically significant abnormal findings? #1 If yes, were there any clinically significant abnormal findings?",219
"S_QSC302573, 05b - Period 2 Final v1.0",Targeted Neurological Examination: Neurological Examination Category #1 Targeted Neurological Examination Category,219
"S_QSC302573, 05b - Period 2 Final v1.0",Targeted Neurological Examination: Findings #1 Detailed findings of Targeted Neurological Examination,220
"S_QSC302573, 05b - Period 2 Final v1.0",Staff Initials,220
"S_QSC302573, 05b - Period 2 Final v1.0",Comment,220
"S_QSC302573, 05b - Period 2 Final v1.0",Vital Signs: Vital Signs Supine Full Set #1 Vital Signs (Supine for at least 3 minutes),220
"S_QSC302573, 05b - Period 2 Final v1.0",Clinical Assessment of Vital Signs (Medic or Nurse to assess vital signs),221
"S_QSC302573, 05b - Period 2 Final v1.0",Staff Initials,221
"S_QSC302573, 05b - Period 2 Final v1.0",Comment,221
"S_QSC302573, 05b - Period 2 Final v1.0",Vital Signs: Vital Signs Findings #1 Vital Sign Findings,221
"S_QSC302573, 05b - Period 2 Final v1.0",Vital Signs Standing: Vital Signs Standing BP and HR #1 Vital Signs Standing BP and HR (Standing for at least 3 minutes),221
"S_QSC302573, 05b - Period 2 Final v1.0",Is there a drop in SYSTOLIC BP from supine to standing?,222
"S_QSC302573, 05b - Period 2 Final v1.0",Staff Initials,222
"S_QSC302573, 05b - Period 2 Final v1.0",Comment,222
"S_QSC302573, 05b - Period 2 Final v1.0",Vital Signs Standing 2: Drop in DBP from Supine to Standing #1 Is there a drop in DIASTOLIC BP from supine to standing?,222
"S_QSC302573, 05b - Period 2 Final v1.0",Vital Signs Difference: Vital Signs Calculation BP and HR #1 Vital Signs Difference for SYSTOLIC Drop,222
"S_QSC302573, 05b - Period 2 Final v1.0",Vital Signs Difference: Vital Signs Calculation BP and HR 2 #1 Vital Signs Difference for DIASTOLIC Drop,222
"S_QSC302573, 05b - Period 2 Final v1.0",Vital Signs Standing: Vital Signs Findings #1 Vital Sign Findings,223
"S_QSC302573, 05b - Period 2 Final v1.0",Staff Initials,223
"S_QSC302573, 05b - Period 2 Final v1.0",Comment,223
"S_QSC302573, 05b - Period 2 Final v1.0",AE/CM Surveys: AE/CM Check #5 Confirm an AE and Conmed check has been performed (Record any AE and Conmeds if applicable),223
"S_QSC302573, 05b - Period 2 Final v1.0",Meals: Confirm Lunch #1 Confirm Lunch Provided,223
"S_QSC302573, 05b - Period 2 Final v1.0",AE/CM Surveys: AE/CM Check #6 Confirm an AE and Conmed check has been performed (Record any AE and Conmeds if applicable),224
"S_QSC302573, 05b - Period 2 Final v1.0",Staff Initials,224
"S_QSC302573, 05b - Period 2 Final v1.0",Comment,224
"S_QSC302573, 05b - Period 2 Final v1.0",AE/CM Surveys: AE/CM Check #7 Confirm an AE and Conmed check has been performed (Record any AE and Conmeds if applicable),224
"S_QSC302573, 05b - Period 2 Final v1.0",AE/CM Surveys: AE/CM Check #8 Confirm an AE and Conmed check has been performed (Record any AE and Conmeds if applicable),224
"S_QSC302573, 05b - Period 2 Final v1.0",Vital Signs: Clinical Significance #2 Clinical Assessment of Vital Signs (Medic or Nurse to assess vital signs),225
"S_QSC302573, 05b - Period 2 Final v1.0",Staff Initials,225
"S_QSC302573, 05b - Period 2 Final v1.0",Comment,225
"S_QSC302573, 05b - Period 2 Final v1.0",Vital Signs: Vital Signs Findings #2 Vital Sign Findings,225
"S_QSC302573, 05b - Period 2 Final v1.0",Vital Signs Standing: Drop in SBP from Supine to Standing #2 Is there a drop in SYSTOLIC BP from supine to standing?,226
"S_QSC302573, 05b - Period 2 Final v1.0",Staff Initials,226
"S_QSC302573, 05b - Period 2 Final v1.0",Comment,226
"S_QSC302573, 05b - Period 2 Final v1.0",Vital Signs Standing 2: Drop in DBP from Supine to Standing #2 Is there a drop in DIASTOLIC BP from supine to standing?,226
"S_QSC302573, 05b - Period 2 Final v1.0",Vital Signs Difference: Vital Signs Calculation BP and HR #2 Vital Signs Difference for SYSTOLIC Drop,226
"S_QSC302573, 05b - Period 2 Final v1.0",Vital Signs Difference for DIASTOLIC Drop,227
"S_QSC302573, 05b - Period 2 Final v1.0",Staff Initials,227
"S_QSC302573, 05b - Period 2 Final v1.0",Comment,227
"S_QSC302573, 05b - Period 2 Final v1.0",Vital Signs Standing: Clinical Significance #2 Clinical Assessment of Standing Vital Signs (Medic or Nurse to assess vital signs),227
"S_QSC302573, 05b - Period 2 Final v1.0",Vital Signs Standing: Vital Signs Findings #2 Vital Sign Findings,227
"S_QSC302573, 05b - Period 2 Final v1.0",AE/CM Surveys: AE/CM Check #9 Confirm an AE and Conmed check has been performed (Record any AE and Conmeds if applicable),227
"S_QSC302573, 05b - Period 2 Final v1.0",Stanford Sleepiness Scale Questionnaire - Date and Time (Transcribe from paper source workbook),228
"S_QSC302573, 05b - Period 2 Final v1.0",Staff Initials,228
"S_QSC302573, 05b - Period 2 Final v1.0",Comment,228
"S_QSC302573, 05b - Period 2 Final v1.0",Stanford Sleepiness Scale: Degree of Sleepiness #3 Degree of Sleepiness,228
"S_QSC302573, 05b - Period 2 Final v1.0",Confirm an AE and Conmed check has been performed (Record any AE and Conmeds if applicable),229
"S_QSC302573, 05b - Period 2 Final v1.0",Staff Initials,229
"S_QSC302573, 05b - Period 2 Final v1.0",Comment,229
"S_QSC302573, 05b - Period 2 Final v1.0",Vital Signs: Vital Signs Supine Full Set #3 Vital Signs (Supine for at least 3 minutes),229
"S_QSC302573, 05b - Period 2 Final v1.0",Vital Signs: Clinical Significance #3 Clinical Assessment of Vital Signs (Medic or Nurse to assess vital signs),229
"S_QSC302573, 05b - Period 2 Final v1.0",Vital Sign Findings,230
"S_QSC302573, 05b - Period 2 Final v1.0",Staff Initials,230
"S_QSC302573, 05b - Period 2 Final v1.0",Comment,230
"S_QSC302573, 05b - Period 2 Final v1.0",Vital Signs Standing: Vital Signs Standing BP and HR #3 Vital Signs Standing BP and HR (Standing for at least 3 minutes),230
"S_QSC302573, 05b - Period 2 Final v1.0",Vital Signs Standing: Drop in SBP from Supine to Standing #3 Is there a drop in SYSTOLIC BP from supine to standing?,230
"S_QSC302573, 05b - Period 2 Final v1.0",Vital Signs Standing 2: Drop in DBP from Supine to Standing #3 Is there a drop in DIASTOLIC BP from supine to standing?,230
"S_QSC302573, 05b - Period 2 Final v1.0",Vital Signs Difference for SYSTOLIC Drop,231
"S_QSC302573, 05b - Period 2 Final v1.0",Staff Initials,231
"S_QSC302573, 05b - Period 2 Final v1.0",Comment,231
"S_QSC302573, 05b - Period 2 Final v1.0",Vital Signs Difference: Vital Signs Calculation BP and HR 2 #3 Vital Signs Difference for DIASTOLIC Drop,231
"S_QSC302573, 05b - Period 2 Final v1.0",Vital Signs Standing: Clinical Significance #3 Clinical Assessment of Standing Vital Signs (Medic or Nurse to assess vital signs),231
"S_QSC302573, 05b - Period 2 Final v1.0",Vital Signs Standing: Vital Signs Findings #3 Vital Sign Findings,231
"S_QSC302573, 05b - Period 2 Final v1.0",AE/CM Surveys: AE/CM Check #11 Confirm an AE and Conmed check has been performed (Record any AE and Conmeds if applicable),232
"S_QSC302573, 05b - Period 2 Final v1.0",Staff Initials,232
"S_QSC302573, 05b - Period 2 Final v1.0",Comment,232
"S_QSC302573, 05b - Period 2 Final v1.0",Meals: Confirm Dinner #1 Confirm Dinner Provided,232
"S_QSC302573, 05b - Period 2 Final v1.0","Exclude if - QT interval corrected for heart rate using Fridericia’s formula (QTcF) >450 msec for male participants or >470 msec for female participants, QRS interval >120 msec, or PR interval >200 msec. (Supine for a minimum 3 minutes)",232
"S_QSC302573, 05b - Period 2 Final v1.0",ECG: ECG Rhythm Assess/Interpretation #2 ECG Rhythm assessment and interpretation,233
"S_QSC302573, 05b - Period 2 Final v1.0",Staff Initials,233
"S_QSC302573, 05b - Period 2 Final v1.0",Comment,233
"S_QSC302573, 05b - Period 2 Final v1.0",ECG: ECG Significance #2 Was the ECG clinically significant? (Medic to assess),233
"S_QSC302573, 05b - Period 2 Final v1.0",ECG: ECG Findings #2 ECG Findings,233
"S_QSC302573, 05b - Period 2 Final v1.0",ECG Difference: ECG Difference Calculation #2 ECG Difference Calculation - a participant will be withdrawn where there is an increase in QTcF interval of >60 msec from baseline (confirmed following a repeat ECG),234
"S_QSC302573, 05b - Period 2 Final v1.0",Staff Initials,234
"S_QSC302573, 05b - Period 2 Final v1.0",Comment,234
"S_QSC302573, 05b - Period 2 Final v1.0",Vital Signs: Vital Signs Supine Full Set #4 Vital Signs (Supine for at least 3 minutes),234
"S_QSC302573, 05b - Period 2 Final v1.0",Clinical Assessment of Vital Signs (Medic or Nurse to assess vital signs),235
"S_QSC302573, 05b - Period 2 Final v1.0",Staff Initials,235
"S_QSC302573, 05b - Period 2 Final v1.0",Comment,235
"S_QSC302573, 05b - Period 2 Final v1.0",Vital Signs: Vital Signs Findings #4 Vital Sign Findings,235
"S_QSC302573, 05b - Period 2 Final v1.0",Vital Signs Standing: Vital Signs Standing BP and HR #4 Vital Signs Standing BP and HR (Standing for at least 3 minutes),235
"S_QSC302573, 05b - Period 2 Final v1.0",Is there a drop in SYSTOLIC BP from supine to standing?,236
"S_QSC302573, 05b - Period 2 Final v1.0",Staff Initials,236
"S_QSC302573, 05b - Period 2 Final v1.0",Comment,236
"S_QSC302573, 05b - Period 2 Final v1.0",Vital Signs Standing 2: Drop in DBP from Supine to Standing #4 Is there a drop in DIASTOLIC BP from supine to standing?,236
"S_QSC302573, 05b - Period 2 Final v1.0",Vital Signs Difference: Vital Signs Calculation BP and HR #4 Vital Signs Difference for SYSTOLIC Drop,236
"S_QSC302573, 05b - Period 2 Final v1.0",Vital Signs Difference: Vital Signs Calculation BP and HR 2 #4 Vital Signs Difference for DIASTOLIC Drop,236
"S_QSC302573, 05b - Period 2 Final v1.0",Vital Signs Standing: Vital Signs Findings #4 Vital Sign Findings,237
"S_QSC302573, 05b - Period 2 Final v1.0",Staff Initials,237
"S_QSC302573, 05b - Period 2 Final v1.0",Comment,237
"S_QSC302573, 05b - Period 2 Final v1.0",AE/CM Surveys: AE/CM Check #12 Confirm an AE and Conmed check has been performed (Record any AE and Conmeds if applicable),237
"S_QSC302573, 05b - Period 2 Final v1.0",Stanford Sleepiness Scale: Stanford Sleepiness Scale Date #4 Stanford Sleepiness Scale Questionnaire - Date and Time (Transcribe from paper source workbook),237
"S_QSC302573, 05b - Period 2 Final v1.0",Meals: Confirm Snack #1 Confirm Evening Snack Provided,238
"S_QSC302573, 05b - Period 2 Final v1.0",Staff Initials,238
"S_QSC302573, 05b - Period 2 Final v1.0",Comment,238
"S_QSC302573, 05b - Period 2 Final v1.0",Confirm an AE and Conmed check has been performed (Record any AE and Conmeds if applicable),239
"S_QSC302573, 05b - Period 2 Final v1.0",Staff Initials,239
"S_QSC302573, 05b - Period 2 Final v1.0",Comment,239
"S_QSC302573, 05b - Period 2 Final v1.0","Urinalysis: Bilirubin #1 What was the bilirubin result? If any positive result, inform medic/PI. (Perform urinalysis and read results)",239
"S_QSC302573, 05b - Period 2 Final v1.0","What was the urobilinogen result? If any positive result, inform medic/PI. (Perform urinalysis and read results)",240
"S_QSC302573, 05b - Period 2 Final v1.0",Staff Initials,240
"S_QSC302573, 05b - Period 2 Final v1.0",Comment,240
"S_QSC302573, 05b - Period 2 Final v1.0","Urinalysis: Ketones #1 What was the ketone result? If any positive result, inform medic/PI. (Perform urinalysis and read results)",240
"S_QSC302573, 05b - Period 2 Final v1.0","Urinalysis: Glucose #1 What was the glucose result? If any positive result, inform medic/PI. (Perform urinalysis and read results)",240
"S_QSC302573, 05b - Period 2 Final v1.0","IF PROTEIN ≥ 30mg/dl: Repeat urinalysis as soon as possible, ensuring a clean catch specimen. If protein remains ≥ 30mg/dl on repeat, then inform PI/medic. (Perform urinalysis and read results)",241
"S_QSC302573, 05b - Period 2 Final v1.0",Staff Initials,241
"S_QSC302573, 05b - Period 2 Final v1.0",Comment,241
"S_QSC302573, 05b - Period 2 Final v1.0",Urinalysis: Blood #1 What was the blood result? (Perform urinalysis and read results),241
"S_QSC302573, 05b - Period 2 Final v1.0",Urinalysis: Nitrite #1 What was the nitrite result? (Perform urinalysis and read results),242
"S_QSC302573, 05b - Period 2 Final v1.0",Staff Initials,242
"S_QSC302573, 05b - Period 2 Final v1.0",Comment,242
"S_QSC302573, 05b - Period 2 Final v1.0",Urinalysis: pH #1 Record pH value (Perform urinalysis and read results),242
"S_QSC302573, 05b - Period 2 Final v1.0",Urinalysis: Specific Gravity #1 Record specific gravity of sample (Perform urinalysis and read results),243
"S_QSC302573, 05b - Period 2 Final v1.0",Staff Initials,243
"S_QSC302573, 05b - Period 2 Final v1.0",Comment,243
"S_QSC302573, 05b - Period 2 Final v1.0",What was the leukocyte result? (Perform urinalysis and read results),244
"S_QSC302573, 05b - Period 2 Final v1.0",Staff Initials,244
"S_QSC302573, 05b - Period 2 Final v1.0",Comment,244
"S_QSC302573, 05b - Period 2 Final v1.0","Urinalysis: Participant menstruating #1 Is participant female and menstruating? (If 'Yes', DO NOT send sample for Microscopy. If 'No', send sample for Microscopy)",244
"S_QSC302573, 05b - Period 2 Final v1.0",Urinalysis: Send for microscopy #1 Confirm sample sent for microscopy (Complete associated paperwork),244
"S_QSC302573, 05b - Period 2 Final v1.0",Has urinalysis been repeated as soon as possible with a clean catch specimen? Ensure events are repeated to capture this data.,245
"S_QSC302573, 05b - Period 2 Final v1.0",Staff Initials,245
"S_QSC302573, 05b - Period 2 Final v1.0",Comment,245
"S_QSC302573, 05b - Period 2 Final v1.0",Urinalysis: TDL Form Check #1 Confirm TDL form completed:,245
"S_QSC302573, 05b - Period 2 Final v1.0",Urinalysis: Urinalysis Medic Assessment #1 Has there been a medic review of the Microscopy results?,245
"S_QSC302573, 05b - Period 2 Final v1.0","Exclude if - QT interval corrected for heart rate using Fridericia’s formula (QTcF) >450 msec for male participants or >470 msec for female participants, QRS interval >120 msec, or PR interval >200 msec. (Supine for a minimum 3 minutes)",246
"S_QSC302573, 05b - Period 2 Final v1.0",Staff Initials,246
"S_QSC302573, 05b - Period 2 Final v1.0",Comment,246
"S_QSC302573, 05b - Period 2 Final v1.0",ECG: ECG Rhythm Assess/Interpretation #3 ECG Rhythm assessment and interpretation,246
"S_QSC302573, 05b - Period 2 Final v1.0",ECG: ECG Findings #3 ECG Findings,247
"S_QSC302573, 05b - Period 2 Final v1.0",Staff Initials,247
"S_QSC302573, 05b - Period 2 Final v1.0",Comment,247
"S_QSC302573, 05b - Period 2 Final v1.0","ECG: ECG Findings inc Rhythm #3 ECG Findings, including rhythm assessment",247
"S_QSC302573, 05b - Period 2 Final v1.0",ECG Difference: ECG Difference Calculation #3 ECG Difference Calculation - a participant will be withdrawn where there is an increase in QTcF interval of >60 msec from baseline (confirmed following a repeat ECG),247
"S_QSC302573, 05b - Period 2 Final v1.0",Vital Signs: Vital Signs Supine Full Set #5 Vital Signs (Supine for at least 3 minutes),247
"S_QSC302573, 05b - Period 2 Final v1.0",Vital Signs: Clinical Significance #5 Clinical Assessment of Vital Signs (Medic or Nurse to assess vital signs),248
"S_QSC302573, 05b - Period 2 Final v1.0",Staff Initials,248
"S_QSC302573, 05b - Period 2 Final v1.0",Comment,248
"S_QSC302573, 05b - Period 2 Final v1.0",Vital Signs: Vital Signs Findings #5 Vital Sign Findings,248
"S_QSC302573, 05b - Period 2 Final v1.0",Vital Signs Standing BP and HR (Standing for at least 3 minutes),249
"S_QSC302573, 05b - Period 2 Final v1.0",Staff Initials,249
"S_QSC302573, 05b - Period 2 Final v1.0",Comment,249
"S_QSC302573, 05b - Period 2 Final v1.0",Vital Signs Standing: Drop in SBP from Supine to Standing #5 Is there a drop in SYSTOLIC BP from supine to standing?,249
"S_QSC302573, 05b - Period 2 Final v1.0",Vital Signs Standing 2: Drop in DBP from Supine to Standing #5 Is there a drop in DIASTOLIC BP from supine to standing?,249
"S_QSC302573, 05b - Period 2 Final v1.0",Vital Signs Difference: Vital Signs Calculation BP and HR #5 Vital Signs Difference for SYSTOLIC Drop,249
"S_QSC302573, 05b - Period 2 Final v1.0",Vital Signs Difference for DIASTOLIC Drop,250
"S_QSC302573, 05b - Period 2 Final v1.0",Staff Initials,250
"S_QSC302573, 05b - Period 2 Final v1.0",Comment,250
"S_QSC302573, 05b - Period 2 Final v1.0",Vital Signs Standing: Clinical Significance #5 Clinical Assessment of Standing Vital Signs (Medic or Nurse to assess vital signs),250
"S_QSC302573, 05b - Period 2 Final v1.0",Vital Signs Standing: Vital Signs Findings #5 Vital Sign Findings,250
"S_QSC302573, 05b - Period 2 Final v1.0",Safety: Fasted #1 Has the participant fasted for 8 hours?,250
"S_QSC302573, 05b - Period 2 Final v1.0",Safety: Haematology Medic Assessment #1 Has there been a medic review of the Haematology blood results?,251
"S_QSC302573, 05b - Period 2 Final v1.0",Staff Initials,251
"S_QSC302573, 05b - Period 2 Final v1.0",Comment,251
"S_QSC302573, 05b - Period 2 Final v1.0",Safety: Chemistry Medic Assessment #1 Has there been a medic review of the Clinical Chemistry blood results?,251
"S_QSC302573, 05b - Period 2 Final v1.0",Confirm TDL form completed:,252
"S_QSC302573, 05b - Period 2 Final v1.0",Staff Initials,252
"S_QSC302573, 05b - Period 2 Final v1.0",Comment,252
"S_QSC302573, 05b - Period 2 Final v1.0",AE/CM Surveys: AE/CM Check #14 Confirm an AE and Conmed check has been performed (Record any AE and Conmeds if applicable),252
"S_QSC302573, 05b - Period 2 Final v1.0",Stanford Sleepiness Scale: Stanford Sleepiness Scale Date #5 Stanford Sleepiness Scale Questionnaire - Date and Time (Transcribe from paper source workbook),252
"S_QSC302573, 05b - Period 2 Final v1.0",AE/CM Surveys: AE/CM Check #15 Confirm an AE and Conmed check has been performed (Record any AE and Conmeds if applicable),253
"S_QSC302573, 05b - Period 2 Final v1.0",Staff Initials,253
"S_QSC302573, 05b - Period 2 Final v1.0",Comment,253
"S_QSC302573, 05b - Period 2 Final v1.0",applicable),254
"S_QSC302573, 05b - Period 2 Final v1.0",Staff Initials,254
"S_QSC302573, 05b - Period 2 Final v1.0",Comment,254
"S_QSC302573, 05b - Period 2 Final v1.0",Vital Signs: Vital Signs Supine Full Set #6 Vital Signs (Supine for at least 3 minutes),254
"S_QSC302573, 05b - Period 2 Final v1.0",Vital Signs: Clinical Significance #6 Clinical Assessment of Vital Signs (Medic or Nurse to assess vital signs),254
"S_QSC302573, 05b - Period 2 Final v1.0",Vital Sign Findings,255
"S_QSC302573, 05b - Period 2 Final v1.0",Staff Initials,255
"S_QSC302573, 05b - Period 2 Final v1.0",Comment,255
"S_QSC302573, 05b - Period 2 Final v1.0",Vital Signs Standing: Vital Signs Standing BP and HR #6 Vital Signs Standing BP and HR (Standing for at least 3 minutes),255
"S_QSC302573, 05b - Period 2 Final v1.0",Vital Signs Standing: Drop in SBP from Supine to Standing #6 Is there a drop in SYSTOLIC BP from supine to standing?,255
"S_QSC302573, 05b - Period 2 Final v1.0",Vital Signs Standing 2: Drop in DBP from Supine to Standing #6 Is there a drop in DIASTOLIC BP from supine to standing?,255
"S_QSC302573, 05b - Period 2 Final v1.0",Vital Signs Difference for SYSTOLIC Drop,256
"S_QSC302573, 05b - Period 2 Final v1.0",Staff Initials,256
"S_QSC302573, 05b - Period 2 Final v1.0",Comment,256
"S_QSC302573, 05b - Period 2 Final v1.0",Vital Signs Difference: Vital Signs Calculation BP and HR 2 #6 Vital Signs Difference for DIASTOLIC Drop,256
"S_QSC302573, 05b - Period 2 Final v1.0",Vital Signs Standing: Clinical Significance #6 Clinical Assessment of Standing Vital Signs (Medic or Nurse to assess vital signs),256
"S_QSC302573, 05b - Period 2 Final v1.0",Vital Signs Standing: Vital Signs Findings #6 Vital Sign Findings,256
"S_QSC302573, 05b - Period 2 Final v1.0",AE/CM Surveys: AE/CM Check #17 Confirm an AE and Conmed check has been performed (Record any AE and Conmeds if applicable),257
"S_QSC302573, 05b - Period 2 Final v1.0",Staff Initials,257
"S_QSC302573, 05b - Period 2 Final v1.0",Comment,257
"S_QSC302573, 05b - Period 2 Final v1.0",C-SSRS Assessment: Date of Assessment #1 C-SSRS Questionnaire - Date and Time (Transcribe from C-SSRS paper source workbook),257
"S_QSC302573, 05b - Period 2 Final v1.0","Subject endorses thoughts about a wish to be dead or not alive anymore, or a wish to fall asleep and not wake up. (Have you wished you were dead or wished you could go to sleep and not wake up?)",257
"S_QSC302573, 05b - Period 2 Final v1.0","Yes (Specify) (500 char. max.) (Activates Line 212, 213, 216, 214, 215, 217)",257
"S_QSC302573, 05b - Period 2 Final v1.0","General non-specific thoughts of wanting to end one's life / commit suicide (e.g. ""I've thought about killing myself"") without thoughts of ways to kill oneself / associated methods, intent, or plan during the assessment period. (Have you actually had any thoughts of killing yourself?)",258
"S_QSC302573, 05b - Period 2 Final v1.0",Staff Initials,258
"S_QSC302573, 05b - Period 2 Final v1.0",Comment,258
"S_QSC302573, 05b - Period 2 Final v1.0","Yes (Specify) (500 char. max.) (Activates Line 212, 213, 216, 211, 210, 214, 215, 209, 217)",258
"S_QSC302573, 05b - Period 2 Final v1.0","Subject endorses thoughts of suicide and has thought of at least one method during the assessment period. This is different from a specific plan with time, place or method details worked out (e.g. thought of method to kill self but not a specific plan). Includes person who would say, ""I thought about taking an overdose but I never made a specific plan as to when, where or how I would actually do it… and I would never go through with it"". (Have you been thinking about how you might do this?)",258
"S_QSC302573, 05b - Period 2 Final v1.0","Active suicidal thoughts of killing oneself and subject reports having some intent to act on such thoughts, as opposed to ""I have the thoughts but I definitely will not do anything about them"". (Have you had these thoughts and had some intention of acting on them?)",258
"S_QSC302573, 05b - Period 2 Final v1.0",Thoughts of killing oneself with details of plan fully or partially worked out and subject has some intent to carry it out. (Have you started to work out or worked out the details of how to kill yourself? Do you intend to carry out this plan?),259
"S_QSC302573, 05b - Period 2 Final v1.0",Staff Initials,259
"S_QSC302573, 05b - Period 2 Final v1.0",Comment,259
"S_QSC302573, 05b - Period 2 Final v1.0","The following feature should be rated with respect to the most severe type of ideation (i.e. 1-5 from above, with 1 being the least severe and 5 being the most severe). Ask about time he/she was feeling the most suicidal.",259
"S_QSC302573, 05b - Period 2 Final v1.0",(How many times have you had these thoughts?),260
"S_QSC302573, 05b - Period 2 Final v1.0",Staff Initials,260
"S_QSC302573, 05b - Period 2 Final v1.0",Comment,260
"S_QSC302573, 05b - Period 2 Final v1.0","(When you have the thoughts, how long do they last?)",260
"S_QSC302573, 05b - Period 2 Final v1.0","(Are there things - anyone or anything (e.g. family, religion, pain of death) - that stopped you from wanting to die or acting on thoughts of committing suicide?)",261
"S_QSC302573, 05b - Period 2 Final v1.0",Staff Initials,261
"S_QSC302573, 05b - Period 2 Final v1.0",Comment,261
"S_QSC302573, 05b - Period 2 Final v1.0","(What sort of reasons did you have for thinking about wanting to die or killing yourself? Was it to end the pain or stop the way you were feeling (in other words you couldn't go on living with this pain or how you were feeling) or was it to get attention, revenge or a reaction from others? Or both?)",262
"S_QSC302573, 05b - Period 2 Final v1.0",Staff Initials,262
"S_QSC302573, 05b - Period 2 Final v1.0",Comment,262
"S_QSC302573, 05b - Period 2 Final v1.0","trying to end your life when you___? Or did you think it was possible you could have died from___?) Or did you do it purely for other reasons / without ANY intention of killing yourself (like to relieve stress, feel better, get sympathy, or get something else to happen)? (Self-Injurious Behaviour without suicidal intent))",263
"S_QSC302573, 05b - Period 2 Final v1.0",Staff Initials,263
"S_QSC302573, 05b - Period 2 Final v1.0",Comment,263
"S_QSC302573, 05b - Period 2 Final v1.0","Yes (Specify) (500 char. max.) (Activates Line 229, 228, 230)",263
"S_QSC302573, 05b - Period 2 Final v1.0",C-SSRS Since Last Visit: 12. Total Number of Attempts #1 Total Number of Attempts,263
"S_QSC302573, 05b - Period 2 Final v1.0",Has subject engaged in Non-Suicidal Self-Injurious Behaviour (Since Last Visit),264
"S_QSC302573, 05b - Period 2 Final v1.0",Staff Initials,264
"S_QSC302573, 05b - Period 2 Final v1.0",Comment,264
"S_QSC302573, 05b - Period 2 Final v1.0","When the person is interrupted (by an outside circumstance) from starting the potentially self- injurious act (if not for that, actual attempt would have occurred). Overdose: Person has pills in hand but is stopped from ingesting. Once they ingest any pills, this becomes an attempt rather than an interrupted attempt. Shooting: Person has gun pointed towards self, gun is taken away by someone else, or he/she is somehow prevented from pulling trigger. Once they pull the trigger, even if the gun fails to fire, it is an attempt. Jumping: Person is poised to jump, is grabbed and taken down from ledge. Hanging: Person has noose around neck but has not yet started to hang - is stopped from doing so. (Has there been a time when you started to do something to end your life but someone or something stopped you before you actually did anything?)",264
"S_QSC302573, 05b - Period 2 Final v1.0",C-SSRS Since Last Visit: 14. Total Number of Interrupted #1 Total Number of Interrupted,264
"S_QSC302573, 05b - Period 2 Final v1.0","When person begins to take steps towards making a suicide attempt, but stops themselves before they actually have engaged in any self-destructive behaviour. Examples are similar to interrupted attempts, except that the individual stops him/herself instead of being stopped by something else. (Has there been a time when you started to do something to try to end your life but you stopped yourself before you actually did anything?)",265
"S_QSC302573, 05b - Period 2 Final v1.0",Staff Initials,265
"S_QSC302573, 05b - Period 2 Final v1.0",Comment,265
"S_QSC302573, 05b - Period 2 Final v1.0","Acts or preparation towards imminently making a suicide attempt. This can include anything beyond a verbalisation or thought, such as assembling a specific method (e.g. buying pills, purchasing a gun) or preparing for one's death by suicide (e.g. giving things away, writing a suicide note). (Have you taken any steps towards making a suicide attempt or preparing to kill yourself (such as collecting pills, getting a gun, giving valuables away or writing a suicide note)?)",265
"S_QSC302573, 05b - Period 2 Final v1.0","Acts or preparation towards imminently making a suicide attempt. This can include anything beyond a verbalisation or thought, such as assembling a specific method (e.g. buying pills, purchasing a gun) or preparing for one's death by suicide (e.g. giving things away, writing a suicide note). (Have you taken any steps towards making a suicide attempt or preparing to kill yourself (such as collecting pills, getting a gun, giving valuables away or writing a suicide note)?)",266
"S_QSC302573, 05b - Period 2 Final v1.0",Staff Initials,266
"S_QSC302573, 05b - Period 2 Final v1.0",Comment,266
"S_QSC302573, 05b - Period 2 Final v1.0",Suicidal behaviour was present during the assessment period?,266
"S_QSC302573, 05b - Period 2 Final v1.0",C-SSRS Since Last Visit: 18. Suicide #1 Suicide (Since Last Visit),266
"S_QSC302573, 05b - Period 2 Final v1.0",Most Lethal Attempt Date,267
"S_QSC302573, 05b - Period 2 Final v1.0",Staff Initials,267
"S_QSC302573, 05b - Period 2 Final v1.0",Comment,267
"S_QSC302573, 05b - Period 2 Final v1.0",C-SSRS Since Last Visit: 19. Actual Lethality Most Lethal Attempt #1 Actual Lethality/Medical Damage - Most Lethal Attempt,267
"S_QSC302573, 05b - Period 2 Final v1.0",Potential Lethality - Most Lethal Attempt Code (only answer if Actual Lethality = 0),268
"S_QSC302573, 05b - Period 2 Final v1.0",Staff Initials,268
"S_QSC302573, 05b - Period 2 Final v1.0",Comment,268
"S_QSC302573, 05b - Period 2 Final v1.0",Meals: Confirm Snack #2 Confirm Evening Snack Provided,268
"S_QSC302573, 05b - Period 2 Final v1.0",Pre-dose Triplicate ECG 1: 12 Lead Standard #1 PRE-DOSE Triplicate ECG 1: 12 Lead Standard ECG (Supine for a minimum 3 minutes),268
"S_QSC302573, 05c - Period 3 Parts 1 and 2 Final v1.0",Pre-dose Triplicate ECG 1: ECG Rhythm Assess/Interpretation #1 PRE-DOSE Triplicate ECG 1: ECG Rhythm assessment and interpretation,269
"S_QSC302573, 05c - Period 3 Parts 1 and 2 Final v1.0",Staff Initials,269
"S_QSC302573, 05c - Period 3 Parts 1 and 2 Final v1.0",Comment,269
"S_QSC302573, 05c - Period 3 Parts 1 and 2 Final v1.0",Pre-dose Triplicate ECG 1: ECG Significance #1 PRE-DOSE Triplicate ECG 1: Was the ECG clinically significant? (Medic to assess),269
"S_QSC302573, 05c - Period 3 Parts 1 and 2 Final v1.0",PRE-DOSE Triplicate ECG 1: ECG Findings,270
"S_QSC302573, 05c - Period 3 Parts 1 and 2 Final v1.0",Staff Initials,270
"S_QSC302573, 05c - Period 3 Parts 1 and 2 Final v1.0",Comment,270
"S_QSC302573, 05c - Period 3 Parts 1 and 2 Final v1.0","Pre-dose Triplicate ECG 1: ECG Findings inc Rhythm #1 PRE-DOSE Triplicate ECG 1: ECG Findings, including rhythm assessment",270
"S_QSC302573, 05c - Period 3 Parts 1 and 2 Final v1.0",Pre-dose Triplicate ECG 2: 12 Lead Standard #1 PRE-DOSE Triplicate ECG 2: 12 Lead Standard ECG (To be performed at least 2 minutes after ECG1),270
"S_QSC302573, 05c - Period 3 Parts 1 and 2 Final v1.0",Pre-dose Triplicate ECG 2: ECG Significance #1 PRE-DOSE Triplicate ECG 2: Was the ECG clinically significant? (Medic to assess),271
"S_QSC302573, 05c - Period 3 Parts 1 and 2 Final v1.0",Staff Initials,271
"S_QSC302573, 05c - Period 3 Parts 1 and 2 Final v1.0",Comment,271
"S_QSC302573, 05c - Period 3 Parts 1 and 2 Final v1.0",Pre-dose Triplicate ECG 2: ECG Findings #1 PRE-DOSE Triplicate ECG 2: ECG Findings,271
"S_QSC302573, 05c - Period 3 Parts 1 and 2 Final v1.0","Pre-dose Triplicate ECG 2: ECG Findings inc Rhythm #1 PRE-DOSE Triplicate ECG 2: ECG Findings, including rhythm assessment",271
"S_QSC302573, 05c - Period 3 Parts 1 and 2 Final v1.0",Pre-dose Triplicate ECG 3: ECG Rhythm Assess/Interpretation #1 PRE-DOSE Triplicate ECG 3: ECG Rhythm assessment and interpretation,272
"S_QSC302573, 05c - Period 3 Parts 1 and 2 Final v1.0",Staff Initials,272
"S_QSC302573, 05c - Period 3 Parts 1 and 2 Final v1.0",Comment,272
"S_QSC302573, 05c - Period 3 Parts 1 and 2 Final v1.0",PRE-DOSE Triplicate ECG 3: Was the ECG clinically significant? (Medic to assess),273
"S_QSC302573, 05c - Period 3 Parts 1 and 2 Final v1.0",Staff Initials,273
"S_QSC302573, 05c - Period 3 Parts 1 and 2 Final v1.0",Comment,273
"S_QSC302573, 05c - Period 3 Parts 1 and 2 Final v1.0",Pre-dose Triplicate ECG 3: ECG Findings #1 PRE-DOSE Triplicate ECG 3: ECG Findings,273
"S_QSC302573, 05c - Period 3 Parts 1 and 2 Final v1.0","Pre-dose Triplicate ECG 3: ECG Findings inc Rhythm #1 PRE-DOSE Triplicate ECG 3: ECG Findings, including rhythm assessment",273
"S_QSC302573, 05c - Period 3 Parts 1 and 2 Final v1.0","Withdraw if - QT interval corrected for heart rate using Fridericia’s formula (QTcF) >450 msec for male participants or >470 msec for female participants, QRS interval >120 msec, or PR interval >200 msec",274
"S_QSC302573, 05c - Period 3 Parts 1 and 2 Final v1.0",Staff Initials,274
"S_QSC302573, 05c - Period 3 Parts 1 and 2 Final v1.0",Comment,274
"S_QSC302573, 05c - Period 3 Parts 1 and 2 Final v1.0",ECG Difference: Baseline values #1 Please transcribe the baseline value for QTcF for withdrawal purposes for Period 3 post dose from the mean QTcF above,274
"S_QSC302573, 05c - Period 3 Parts 1 and 2 Final v1.0",Pre-dose Vital Signs: Vital Signs Supine Full Set #1 PRE-DOSE - Vital Signs (Supine for at least 3 minutes),274
"S_QSC302573, 05c - Period 3 Parts 1 and 2 Final v1.0",PRE-DOSE - Clinical Assessment of Vital Signs (Medic or Nurse to assess vital signs),275
"S_QSC302573, 05c - Period 3 Parts 1 and 2 Final v1.0",Staff Initials,275
"S_QSC302573, 05c - Period 3 Parts 1 and 2 Final v1.0",Comment,275
"S_QSC302573, 05c - Period 3 Parts 1 and 2 Final v1.0",Pre-dose Vital Signs: Vital Signs Findings #1 PRE-DOSE - Vital Sign Findings,275
"S_QSC302573, 05c - Period 3 Parts 1 and 2 Final v1.0",Pre-dose Vital Signs Standing: Vital Signs Standing BP and HR #1 PRE-DOSE - Vital Signs (Standing),275
"S_QSC302573, 05c - Period 3 Parts 1 and 2 Final v1.0",PRE-DOSE - Is there a drop in SYSTOLIC BP from supine to standing?,276
"S_QSC302573, 05c - Period 3 Parts 1 and 2 Final v1.0",Staff Initials,276
"S_QSC302573, 05c - Period 3 Parts 1 and 2 Final v1.0",Comment,276
"S_QSC302573, 05c - Period 3 Parts 1 and 2 Final v1.0",Pre-dose Vital Signs Standing 2: Drop in BP from Supine to Standing #1 PRE-DOSE - Is there a drop in DIASTOLIC BP from supine to standing?,276
"S_QSC302573, 05c - Period 3 Parts 1 and 2 Final v1.0",Pre-dose Vital Signs Difference: Vital Signs Calculation BP and HR #1 PRE-DOSE - Vital Signs Difference for SYSTOLIC Drop,276
"S_QSC302573, 05c - Period 3 Parts 1 and 2 Final v1.0",Pre-dose Vital Signs Difference: Vital Signs Calculation BP and HR 2 #1 PRE-DOSE - Vital Signs Difference for DIASTOLIC Drop,276
"S_QSC302573, 05c - Period 3 Parts 1 and 2 Final v1.0",Pre-dose Vital Signs Standing: Vital Signs Findings #1 PRE-DOSE - Vital Sign Findings,277
"S_QSC302573, 05c - Period 3 Parts 1 and 2 Final v1.0",Staff Initials,277
"S_QSC302573, 05c - Period 3 Parts 1 and 2 Final v1.0",Comment,277
"S_QSC302573, 05c - Period 3 Parts 1 and 2 Final v1.0",AE/CM Surveys: AE/CM Check #1 Confirm an AE and Conmed check has been performed (Record any AE and Conmeds if applicable),277
"S_QSC302573, 05c - Period 3 Parts 1 and 2 Final v1.0",Exposure: Dosing Eligibility Continues #1 I confirm that the participant continues to be eligible to participate in this clinical study.,277
"S_QSC302573, 05c - Period 3 Parts 1 and 2 Final v1.0",Exposure x: Fasted for 10 hours for Breakfast #1 Has the participant fasted for 10 hours prior to breakfast?,278
"S_QSC302573, 05c - Period 3 Parts 1 and 2 Final v1.0",Staff Initials,278
"S_QSC302573, 05c - Period 3 Parts 1 and 2 Final v1.0",Comment,278
"S_QSC302573, 05c - Period 3 Parts 1 and 2 Final v1.0",Meals: Amount Consumed (Breakfast) #1 Total amount of breakfast consumed,278
"S_QSC302573, 05c - Period 3 Parts 1 and 2 Final v1.0",Please describe what was not eaten,279
"S_QSC302573, 05c - Period 3 Parts 1 and 2 Final v1.0",Staff Initials,279
"S_QSC302573, 05c - Period 3 Parts 1 and 2 Final v1.0",Comment,279
"S_QSC302573, 05c - Period 3 Parts 1 and 2 Final v1.0",Meals: PI Check #1 PI to authorise. Full meal must be consumed within 20 minutes to proceed with dosing.,279
"S_QSC302573, 05c - Period 3 Parts 1 and 2 Final v1.0","Exposure: Volunteer ID Check #1 Check the Volunteer ID in eSource matches the volunteer (Initials, DOB and Photographic ID)",279
"S_QSC302573, 05c - Period 3 Parts 1 and 2 Final v1.0",Exposure: Panel Number Check #1 Check the volunteer panel number on the wristband matches eSource,279
"S_QSC302573, 05c - Period 3 Parts 1 and 2 Final v1.0",Exposure: Participant Number Check #1 Check the participant number in eSource matches the Instruction to Dispense and Dose,279
"S_QSC302573, 05c - Period 3 Parts 1 and 2 Final v1.0",Has the participant refrained from drinking water for at least 1 hour prior to dosing?,280
"S_QSC302573, 05c - Period 3 Parts 1 and 2 Final v1.0",Staff Initials,280
"S_QSC302573, 05c - Period 3 Parts 1 and 2 Final v1.0",Comment,280
"S_QSC302573, 05c - Period 3 Parts 1 and 2 Final v1.0",Exposure: Fasted for 10 hours for Dosing #1 Has the participant fasted for 10 hours prior to dosing?,280
"S_QSC302573, 05c - Period 3 Parts 1 and 2 Final v1.0","Exposure: Consumed breakfast #1 Has the participant consumed breakfast per the protocol requirements, over 20 minutes and the full meal?",280
"S_QSC302573, 05c - Period 3 Parts 1 and 2 Final v1.0",Exposure: Predose Blood Draw #1 Pre dose blood draws for PK sample taken?,280
"S_QSC302573, 05c - Period 3 Parts 1 and 2 Final v1.0",Have all required pre dose procedures been completed?,281
"S_QSC302573, 05c - Period 3 Parts 1 and 2 Final v1.0",Staff Initials,281
"S_QSC302573, 05c - Period 3 Parts 1 and 2 Final v1.0",Comment,281
"S_QSC302573, 05c - Period 3 Parts 1 and 2 Final v1.0",Exposure: Dose Eligibility Check #1 Is the participant eligible to dose?,281
"S_QSC302573, 05c - Period 3 Parts 1 and 2 Final v1.0",Exposure: Subject/regimen #1 Enter the product details,281
"S_QSC302573, 05c - Period 3 Parts 1 and 2 Final v1.0",Does the Product label match the Instruction to Dispense and Dose?,282
"S_QSC302573, 05c - Period 3 Parts 1 and 2 Final v1.0",Staff Initials,282
"S_QSC302573, 05c - Period 3 Parts 1 and 2 Final v1.0",Comment,282
"S_QSC302573, 05c - Period 3 Parts 1 and 2 Final v1.0","Exposure: Final Check #1 Final check performed (5 R’s of dosing, Jones 2009 – right participant, right drug, right dose, right route, right time)",282
"S_QSC302573, 05c - Period 3 Parts 1 and 2 Final v1.0",Exposure: Post Administration Water #1 Has the participant been provided with 240 mL of water?,282
"S_QSC302573, 05c - Period 3 Parts 1 and 2 Final v1.0",Exposure: Hand and Mouth Check #1 Has a hand and mouth check been performed?,282
"S_QSC302573, 05c - Period 3 Parts 1 and 2 Final v1.0",Has the participant been reminded to refrain from water for 2 hours post-dose?,283
"S_QSC302573, 05c - Period 3 Parts 1 and 2 Final v1.0",Staff Initials,283
"S_QSC302573, 05c - Period 3 Parts 1 and 2 Final v1.0",Comment,283
"S_QSC302573, 05c - Period 3 Parts 1 and 2 Final v1.0","Due to the unavailability of phototoxic data, participants will be advised to minimize exposure to sunlight by spending a reduced amount of time outdoors/remaining inside the clinical unit during the residential periods of the study wearing sunglasses and clothing that minimizes exposure to sunlight and using sun cream on exposed areas when going outdoors. They will also be advised not to use sunbeds.",283
"S_QSC302573, 05c - Period 3 Parts 1 and 2 Final v1.0",Exposure: Witness Check #1 Confirm dosing is complete (Operator to complete (switch user)),283
"S_QSC302573, 05c - Period 3 Parts 1 and 2 Final v1.0",System: Available #1 What is the status of the subject?,283
"S_QSC302573, 05c - Period 3 Parts 1 and 2 Final v1.0",AE/CM Surveys: AE/CM Check #2 Confirm an AE and Conmed check has been performed (Record any AE and Conmeds if applicable),284
"S_QSC302573, 05c - Period 3 Parts 1 and 2 Final v1.0",Staff Initials,284
"S_QSC302573, 05c - Period 3 Parts 1 and 2 Final v1.0",Comment,284
"S_QSC302573, 05c - Period 3 Parts 1 and 2 Final v1.0",AE/CM Surveys: AE/CM Check #3 Confirm an AE and Conmed check has been performed (Record any AE and Conmeds if applicable),284
"S_QSC302573, 05c - Period 3 Parts 1 and 2 Final v1.0",Stanford Sleepiness Scale: Stanford Sleepiness Scale Date #1 Stanford Sleepiness Scale Questionnaire - Date and Time (Transcribe from paper source workbook),284
"S_QSC302573, 05c - Period 3 Parts 1 and 2 Final v1.0","Exclude if - QT interval corrected for heart rate using Fridericia’s formula (QTcF) >450 msec for male participants or >470 msec for female participants, QRS interval >120 msec, or PR interval >200 msec. (Supine for a minimum 3 minutes)",286
"S_QSC302573, 05c - Period 3 Parts 1 and 2 Final v1.0",Staff Initials,286
"S_QSC302573, 05c - Period 3 Parts 1 and 2 Final v1.0",Comment,286
"S_QSC302573, 05c - Period 3 Parts 1 and 2 Final v1.0",ECG: ECG Rhythm Assess/Interpretation #1 ECG Rhythm assessment and interpretation,286
"S_QSC302573, 05c - Period 3 Parts 1 and 2 Final v1.0",ECG: ECG Findings #1 ECG Findings,287
"S_QSC302573, 05c - Period 3 Parts 1 and 2 Final v1.0",Staff Initials,287
"S_QSC302573, 05c - Period 3 Parts 1 and 2 Final v1.0",Comment,287
"S_QSC302573, 05c - Period 3 Parts 1 and 2 Final v1.0","ECG: ECG Findings inc Rhythm #1 ECG Findings, including rhythm assessment",287
"S_QSC302573, 05c - Period 3 Parts 1 and 2 Final v1.0",ECG Difference: ECG Difference Calculation #1 ECG Difference Calculation - a participant will be withdrawn where there is an increase in QTcF interval of >60 msec from baseline (confirmed following a repeat ECG),287
"S_QSC302573, 05c - Period 3 Parts 1 and 2 Final v1.0",applicable),288
"S_QSC302573, 05c - Period 3 Parts 1 and 2 Final v1.0",Staff Initials,288
"S_QSC302573, 05c - Period 3 Parts 1 and 2 Final v1.0",Comment,288
"S_QSC302573, 05c - Period 3 Parts 1 and 2 Final v1.0",Exposure: Provided with water #1 Has the volunteer been provided with water 2 hrs post-dose?,288
"S_QSC302573, 05c - Period 3 Parts 1 and 2 Final v1.0",Stanford Sleepiness Scale: Stanford Sleepiness Scale Date #2 Stanford Sleepiness Scale Questionnaire - Date and Time (Transcribe from paper source workbook),288
"S_QSC302573, 05c - Period 3 Parts 1 and 2 Final v1.0",Stanford Sleepiness Scale: Degree of Sleepiness #2 Degree of Sleepiness,288
"S_QSC302573, 05c - Period 3 Parts 1 and 2 Final v1.0","Targeted Physical Examination Findings: Require Targeted PE? #1 Targeted Physical Examination: Does the participant require a targeted physical examination? (If yes, please specify the reason)",289
"S_QSC302573, 05c - Period 3 Parts 1 and 2 Final v1.0",Staff Initials,289
"S_QSC302573, 05c - Period 3 Parts 1 and 2 Final v1.0",Comment,289
"S_QSC302573, 05c - Period 3 Parts 1 and 2 Final v1.0",Yes (Specify) (50 char. max.) (Activates Line,289
"S_QSC302573, 05c - Period 3 Parts 1 and 2 Final v1.0","Targeted Physical Examination Findings: Any clinically significant abnormal findings? #1 If yes, were there any clinically significant abnormal findings?",289
"S_QSC302573, 05c - Period 3 Parts 1 and 2 Final v1.0",Targeted Physical Examination Findings: Physical Examination Category #1 Physical Examination Category,289
"S_QSC302573, 05c - Period 3 Parts 1 and 2 Final v1.0",Targeted Physical Examination Findings: Findings #1 Detailed findings of Physical Examination,290
"S_QSC302573, 05c - Period 3 Parts 1 and 2 Final v1.0",Staff Initials,290
"S_QSC302573, 05c - Period 3 Parts 1 and 2 Final v1.0",Comment,290
"S_QSC302573, 05c - Period 3 Parts 1 and 2 Final v1.0","Targeted Neurological Examination: Does the participant require a targeted neurological examination? (If yes, please specify the reason)",291
"S_QSC302573, 05c - Period 3 Parts 1 and 2 Final v1.0",Staff Initials,291
"S_QSC302573, 05c - Period 3 Parts 1 and 2 Final v1.0",Comment,291
"S_QSC302573, 05c - Period 3 Parts 1 and 2 Final v1.0",Yes (Specify) (50 char. max.) (Activates Line,291
"S_QSC302573, 05c - Period 3 Parts 1 and 2 Final v1.0","Targeted Neurological Examination: Any clinically significant abnormal findings? #1 If yes, were there any clinically significant abnormal findings?",291
"S_QSC302573, 05c - Period 3 Parts 1 and 2 Final v1.0",Targeted Neurological Examination: Neurological Examination Category #1 Targeted Neurological Examination Category,291
"S_QSC302573, 05c - Period 3 Parts 1 and 2 Final v1.0",Targeted Neurological Examination: Findings #1 Detailed findings of Targeted Neurological Examination,292
"S_QSC302573, 05c - Period 3 Parts 1 and 2 Final v1.0",Staff Initials,292
"S_QSC302573, 05c - Period 3 Parts 1 and 2 Final v1.0",Comment,292
"S_QSC302573, 05c - Period 3 Parts 1 and 2 Final v1.0",Vital Signs: Vital Signs Supine Full Set #1 Vital Signs (Supine for at least 3 minutes),292
"S_QSC302573, 05c - Period 3 Parts 1 and 2 Final v1.0",Clinical Assessment of Vital Signs (Medic or Nurse to assess vital signs),293
"S_QSC302573, 05c - Period 3 Parts 1 and 2 Final v1.0",Staff Initials,293
"S_QSC302573, 05c - Period 3 Parts 1 and 2 Final v1.0",Comment,293
"S_QSC302573, 05c - Period 3 Parts 1 and 2 Final v1.0",Vital Signs: Vital Signs Findings #1 Vital Sign Findings,293
"S_QSC302573, 05c - Period 3 Parts 1 and 2 Final v1.0",Vital Signs Standing: Vital Signs Standing BP and HR #1 Vital Signs Standing BP and HR (Standing for at least 3 minutes),293
"S_QSC302573, 05c - Period 3 Parts 1 and 2 Final v1.0",Is there a drop in SYSTOLIC BP from supine to standing?,294
"S_QSC302573, 05c - Period 3 Parts 1 and 2 Final v1.0",Staff Initials,294
"S_QSC302573, 05c - Period 3 Parts 1 and 2 Final v1.0",Comment,294
"S_QSC302573, 05c - Period 3 Parts 1 and 2 Final v1.0",Vital Signs Standing 2: Drop in DBP from Supine to Standing #1 Is there a drop in DIASTOLIC BP from supine to standing?,294
"S_QSC302573, 05c - Period 3 Parts 1 and 2 Final v1.0",Vital Signs Difference: Vital Signs Calculation BP and HR #1 Vital Signs Difference for SYSTOLIC Drop,294
"S_QSC302573, 05c - Period 3 Parts 1 and 2 Final v1.0",Vital Signs Difference: Vital Signs Calculation BP and HR 2 #1 Vital Signs Difference for DIASTOLIC Drop,294
"S_QSC302573, 05c - Period 3 Parts 1 and 2 Final v1.0",Vital Signs Standing: Vital Signs Findings #1 Vital Sign Findings,295
"S_QSC302573, 05c - Period 3 Parts 1 and 2 Final v1.0",Staff Initials,295
"S_QSC302573, 05c - Period 3 Parts 1 and 2 Final v1.0",Comment,295
"S_QSC302573, 05c - Period 3 Parts 1 and 2 Final v1.0",AE/CM Surveys: AE/CM Check #5 Confirm an AE and Conmed check has been performed (Record any AE and Conmeds if applicable),295
"S_QSC302573, 05c - Period 3 Parts 1 and 2 Final v1.0",Meals: Confirm Lunch #1 Confirm Lunch Provided,295
"S_QSC302573, 05c - Period 3 Parts 1 and 2 Final v1.0",AE/CM Surveys: AE/CM Check #6 Confirm an AE and Conmed check has been performed (Record any AE and Conmeds if applicable),296
"S_QSC302573, 05c - Period 3 Parts 1 and 2 Final v1.0",Staff Initials,296
"S_QSC302573, 05c - Period 3 Parts 1 and 2 Final v1.0",Comment,296
"S_QSC302573, 05c - Period 3 Parts 1 and 2 Final v1.0",AE/CM Surveys: AE/CM Check #7 Confirm an AE and Conmed check has been performed (Record any AE and Conmeds if applicable),296
"S_QSC302573, 05c - Period 3 Parts 1 and 2 Final v1.0",AE/CM Surveys: AE/CM Check #8 Confirm an AE and Conmed check has been performed (Record any AE and Conmeds if applicable),296
"S_QSC302573, 05c - Period 3 Parts 1 and 2 Final v1.0",Vital Signs: Clinical Significance #2 Clinical Assessment of Vital Signs (Medic or Nurse to assess vital signs),297
"S_QSC302573, 05c - Period 3 Parts 1 and 2 Final v1.0",Staff Initials,297
"S_QSC302573, 05c - Period 3 Parts 1 and 2 Final v1.0",Comment,297
"S_QSC302573, 05c - Period 3 Parts 1 and 2 Final v1.0",Vital Signs: Vital Signs Findings #2 Vital Sign Findings,297
"S_QSC302573, 05c - Period 3 Parts 1 and 2 Final v1.0",Vital Signs Standing: Drop in SBP from Supine to Standing #2 Is there a drop in SYSTOLIC BP from supine to standing?,298
"S_QSC302573, 05c - Period 3 Parts 1 and 2 Final v1.0",Staff Initials,298
"S_QSC302573, 05c - Period 3 Parts 1 and 2 Final v1.0",Comment,298
"S_QSC302573, 05c - Period 3 Parts 1 and 2 Final v1.0",Vital Signs Standing 2: Drop in DBP from Supine to Standing #2 Is there a drop in DIASTOLIC BP from supine to standing?,298
"S_QSC302573, 05c - Period 3 Parts 1 and 2 Final v1.0",Vital Signs Difference: Vital Signs Calculation BP and HR #2 Vital Signs Difference for SYSTOLIC Drop,298
"S_QSC302573, 05c - Period 3 Parts 1 and 2 Final v1.0",Vital Signs Difference for DIASTOLIC Drop,299
"S_QSC302573, 05c - Period 3 Parts 1 and 2 Final v1.0",Staff Initials,299
"S_QSC302573, 05c - Period 3 Parts 1 and 2 Final v1.0",Comment,299
"S_QSC302573, 05c - Period 3 Parts 1 and 2 Final v1.0",Vital Signs Standing: Clinical Significance #2 Clinical Assessment of Standing Vital Signs (Medic or Nurse to assess vital signs),299
"S_QSC302573, 05c - Period 3 Parts 1 and 2 Final v1.0",Vital Signs Standing: Vital Signs Findings #2 Vital Sign Findings,299
"S_QSC302573, 05c - Period 3 Parts 1 and 2 Final v1.0",AE/CM Surveys: AE/CM Check #9 Confirm an AE and Conmed check has been performed (Record any AE and Conmeds if applicable),299
"S_QSC302573, 05c - Period 3 Parts 1 and 2 Final v1.0",Stanford Sleepiness Scale Questionnaire - Date and Time (Transcribe from paper source workbook),300
"S_QSC302573, 05c - Period 3 Parts 1 and 2 Final v1.0",Staff Initials,300
"S_QSC302573, 05c - Period 3 Parts 1 and 2 Final v1.0",Comment,300
"S_QSC302573, 05c - Period 3 Parts 1 and 2 Final v1.0",Stanford Sleepiness Scale: Degree of Sleepiness #3 Degree of Sleepiness,300
"S_QSC302573, 05c - Period 3 Parts 1 and 2 Final v1.0",Confirm an AE and Conmed check has been performed (Record any AE and Conmeds if applicable),301
"S_QSC302573, 05c - Period 3 Parts 1 and 2 Final v1.0",Staff Initials,301
"S_QSC302573, 05c - Period 3 Parts 1 and 2 Final v1.0",Comment,301
"S_QSC302573, 05c - Period 3 Parts 1 and 2 Final v1.0",Vital Signs: Vital Signs Supine Full Set #3 Vital Signs (Supine for at least 3 minutes),301
"S_QSC302573, 05c - Period 3 Parts 1 and 2 Final v1.0",Vital Signs: Clinical Significance #3 Clinical Assessment of Vital Signs (Medic or Nurse to assess vital signs),301
"S_QSC302573, 05c - Period 3 Parts 1 and 2 Final v1.0",Vital Sign Findings,302
"S_QSC302573, 05c - Period 3 Parts 1 and 2 Final v1.0",Staff Initials,302
"S_QSC302573, 05c - Period 3 Parts 1 and 2 Final v1.0",Comment,302
"S_QSC302573, 05c - Period 3 Parts 1 and 2 Final v1.0",Vital Signs Standing: Vital Signs Standing BP and HR #3 Vital Signs Standing BP and HR (Standing for at least 3 minutes),302
"S_QSC302573, 05c - Period 3 Parts 1 and 2 Final v1.0",Vital Signs Standing: Drop in SBP from Supine to Standing #3 Is there a drop in SYSTOLIC BP from supine to standing?,302
"S_QSC302573, 05c - Period 3 Parts 1 and 2 Final v1.0",Vital Signs Standing 2: Drop in DBP from Supine to Standing #3 Is there a drop in DIASTOLIC BP from supine to standing?,302
"S_QSC302573, 05c - Period 3 Parts 1 and 2 Final v1.0",Vital Signs Difference for SYSTOLIC Drop,303
"S_QSC302573, 05c - Period 3 Parts 1 and 2 Final v1.0",Staff Initials,303
"S_QSC302573, 05c - Period 3 Parts 1 and 2 Final v1.0",Comment,303
"S_QSC302573, 05c - Period 3 Parts 1 and 2 Final v1.0",Vital Signs Difference: Vital Signs Calculation BP and HR 2 #3 Vital Signs Difference for DIASTOLIC Drop,303
"S_QSC302573, 05c - Period 3 Parts 1 and 2 Final v1.0",Vital Signs Standing: Clinical Significance #3 Clinical Assessment of Standing Vital Signs (Medic or Nurse to assess vital signs),303
"S_QSC302573, 05c - Period 3 Parts 1 and 2 Final v1.0",Vital Signs Standing: Vital Signs Findings #3 Vital Sign Findings,303
"S_QSC302573, 05c - Period 3 Parts 1 and 2 Final v1.0",AE/CM Surveys: AE/CM Check #11 Confirm an AE and Conmed check has been performed (Record any AE and Conmeds if applicable),304
"S_QSC302573, 05c - Period 3 Parts 1 and 2 Final v1.0",Staff Initials,304
"S_QSC302573, 05c - Period 3 Parts 1 and 2 Final v1.0",Comment,304
"S_QSC302573, 05c - Period 3 Parts 1 and 2 Final v1.0",Meals: Confirm Dinner #1 Confirm Dinner Provided,304
"S_QSC302573, 05c - Period 3 Parts 1 and 2 Final v1.0","Exclude if - QT interval corrected for heart rate using Fridericia’s formula (QTcF) >450 msec for male participants or >470 msec for female participants, QRS interval >120 msec, or PR interval >200 msec. (Supine for a minimum 3 minutes)",304
"S_QSC302573, 05c - Period 3 Parts 1 and 2 Final v1.0",ECG: ECG Rhythm Assess/Interpretation #2 ECG Rhythm assessment and interpretation,305
"S_QSC302573, 05c - Period 3 Parts 1 and 2 Final v1.0",Staff Initials,305
"S_QSC302573, 05c - Period 3 Parts 1 and 2 Final v1.0",Comment,305
"S_QSC302573, 05c - Period 3 Parts 1 and 2 Final v1.0",ECG: ECG Significance #2 Was the ECG clinically significant? (Medic to assess),305
"S_QSC302573, 05c - Period 3 Parts 1 and 2 Final v1.0",ECG: ECG Findings #2 ECG Findings,305
"S_QSC302573, 05c - Period 3 Parts 1 and 2 Final v1.0",ECG Difference: ECG Difference Calculation #2 ECG Difference Calculation - a participant will be withdrawn where there is an increase in QTcF interval of >60 msec from baseline (confirmed following a repeat ECG),306
"S_QSC302573, 05c - Period 3 Parts 1 and 2 Final v1.0",Staff Initials,306
"S_QSC302573, 05c - Period 3 Parts 1 and 2 Final v1.0",Comment,306
"S_QSC302573, 05c - Period 3 Parts 1 and 2 Final v1.0",Vital Signs: Vital Signs Supine Full Set #4 Vital Signs (Supine for at least 3 minutes),306
"S_QSC302573, 05c - Period 3 Parts 1 and 2 Final v1.0",Clinical Assessment of Vital Signs (Medic or Nurse to assess vital signs),307
"S_QSC302573, 05c - Period 3 Parts 1 and 2 Final v1.0",Staff Initials,307
"S_QSC302573, 05c - Period 3 Parts 1 and 2 Final v1.0",Comment,307
"S_QSC302573, 05c - Period 3 Parts 1 and 2 Final v1.0",Vital Signs: Vital Signs Findings #4 Vital Sign Findings,307
"S_QSC302573, 05c - Period 3 Parts 1 and 2 Final v1.0",Vital Signs Standing: Vital Signs Standing BP and HR #4 Vital Signs Standing BP and HR (Standing for at least 3 minutes),307
"S_QSC302573, 05c - Period 3 Parts 1 and 2 Final v1.0",Is there a drop in SYSTOLIC BP from supine to standing?,308
"S_QSC302573, 05c - Period 3 Parts 1 and 2 Final v1.0",Staff Initials,308
"S_QSC302573, 05c - Period 3 Parts 1 and 2 Final v1.0",Comment,308
"S_QSC302573, 05c - Period 3 Parts 1 and 2 Final v1.0",Vital Signs Standing 2: Drop in DBP from Supine to Standing #4 Is there a drop in DIASTOLIC BP from supine to standing?,308
"S_QSC302573, 05c - Period 3 Parts 1 and 2 Final v1.0",Vital Signs Difference: Vital Signs Calculation BP and HR #4 Vital Signs Difference for SYSTOLIC Drop,308
"S_QSC302573, 05c - Period 3 Parts 1 and 2 Final v1.0",Vital Signs Difference: Vital Signs Calculation BP and HR 2 #4 Vital Signs Difference for DIASTOLIC Drop,308
"S_QSC302573, 05c - Period 3 Parts 1 and 2 Final v1.0",Vital Signs Standing: Vital Signs Findings #4 Vital Sign Findings,309
"S_QSC302573, 05c - Period 3 Parts 1 and 2 Final v1.0",Staff Initials,309
"S_QSC302573, 05c - Period 3 Parts 1 and 2 Final v1.0",Comment,309
"S_QSC302573, 05c - Period 3 Parts 1 and 2 Final v1.0",AE/CM Surveys: AE/CM Check #12 Confirm an AE and Conmed check has been performed (Record any AE and Conmeds if applicable),309
"S_QSC302573, 05c - Period 3 Parts 1 and 2 Final v1.0",Stanford Sleepiness Scale: Stanford Sleepiness Scale Date #4 Stanford Sleepiness Scale Questionnaire - Date and Time (Transcribe from paper source workbook),309
"S_QSC302573, 05c - Period 3 Parts 1 and 2 Final v1.0",Meals: Confirm Snack #1 Confirm Evening Snack Provided,310
"S_QSC302573, 05c - Period 3 Parts 1 and 2 Final v1.0",Staff Initials,310
"S_QSC302573, 05c - Period 3 Parts 1 and 2 Final v1.0",Comment,310
"S_QSC302573, 05c - Period 3 Parts 1 and 2 Final v1.0",Confirm an AE and Conmed check has been performed (Record any AE and Conmeds if applicable),311
"S_QSC302573, 05c - Period 3 Parts 1 and 2 Final v1.0",Staff Initials,311
"S_QSC302573, 05c - Period 3 Parts 1 and 2 Final v1.0",Comment,311
"S_QSC302573, 05c - Period 3 Parts 1 and 2 Final v1.0","Urinalysis: Bilirubin #1 What was the bilirubin result? If any positive result, inform medic/PI. (Perform urinalysis and read results)",311
"S_QSC302573, 05c - Period 3 Parts 1 and 2 Final v1.0","What was the urobilinogen result? If any positive result, inform medic/PI. (Perform urinalysis and read results)",312
"S_QSC302573, 05c - Period 3 Parts 1 and 2 Final v1.0",Staff Initials,312
"S_QSC302573, 05c - Period 3 Parts 1 and 2 Final v1.0",Comment,312
"S_QSC302573, 05c - Period 3 Parts 1 and 2 Final v1.0","Urinalysis: Ketones #1 What was the ketone result? If any positive result, inform medic/PI. (Perform urinalysis and read results)",312
"S_QSC302573, 05c - Period 3 Parts 1 and 2 Final v1.0","Urinalysis: Glucose #1 What was the glucose result? If any positive result, inform medic/PI. (Perform urinalysis and read results)",312
"S_QSC302573, 05c - Period 3 Parts 1 and 2 Final v1.0","IF PROTEIN ≥ 30mg/dl: Repeat urinalysis as soon as possible, ensuring a clean catch specimen. If protein remains ≥ 30mg/dl on repeat, then inform PI/medic. (Perform urinalysis and read results)",313
"S_QSC302573, 05c - Period 3 Parts 1 and 2 Final v1.0",Staff Initials,313
"S_QSC302573, 05c - Period 3 Parts 1 and 2 Final v1.0",Comment,313
"S_QSC302573, 05c - Period 3 Parts 1 and 2 Final v1.0",Urinalysis: Blood #1 What was the blood result? (Perform urinalysis and read results),313
"S_QSC302573, 05c - Period 3 Parts 1 and 2 Final v1.0",Urinalysis: Nitrite #1 What was the nitrite result? (Perform urinalysis and read results),314
"S_QSC302573, 05c - Period 3 Parts 1 and 2 Final v1.0",Staff Initials,314
"S_QSC302573, 05c - Period 3 Parts 1 and 2 Final v1.0",Comment,314
"S_QSC302573, 05c - Period 3 Parts 1 and 2 Final v1.0",Urinalysis: pH #1 Record pH value (Perform urinalysis and read results),314
"S_QSC302573, 05c - Period 3 Parts 1 and 2 Final v1.0",Urinalysis: Specific Gravity #1 Record specific gravity of sample (Perform urinalysis and read results),315
"S_QSC302573, 05c - Period 3 Parts 1 and 2 Final v1.0",Staff Initials,315
"S_QSC302573, 05c - Period 3 Parts 1 and 2 Final v1.0",Comment,315
"S_QSC302573, 05c - Period 3 Parts 1 and 2 Final v1.0",What was the leukocyte result? (Perform urinalysis and read results),316
"S_QSC302573, 05c - Period 3 Parts 1 and 2 Final v1.0",Staff Initials,316
"S_QSC302573, 05c - Period 3 Parts 1 and 2 Final v1.0",Comment,316
"S_QSC302573, 05c - Period 3 Parts 1 and 2 Final v1.0","Urinalysis: Participant menstruating #1 Is participant female and menstruating? (If 'Yes', DO NOT send sample for Microscopy. If 'No', send sample for Microscopy)",316
"S_QSC302573, 05c - Period 3 Parts 1 and 2 Final v1.0",Urinalysis: Send for microscopy #1 Confirm sample sent for microscopy (Complete associated paperwork),316
"S_QSC302573, 05c - Period 3 Parts 1 and 2 Final v1.0",Has urinalysis been repeated as soon as possible with a clean catch specimen? Ensure events are repeated to capture this data.,317
"S_QSC302573, 05c - Period 3 Parts 1 and 2 Final v1.0",Staff Initials,317
"S_QSC302573, 05c - Period 3 Parts 1 and 2 Final v1.0",Comment,317
"S_QSC302573, 05c - Period 3 Parts 1 and 2 Final v1.0",Urinalysis: TDL Form Check #1 Confirm TDL form completed:,317
"S_QSC302573, 05c - Period 3 Parts 1 and 2 Final v1.0",Urinalysis: Urinalysis Medic Assessment #1 Has there been a medic review of the Microscopy results?,317
"S_QSC302573, 05c - Period 3 Parts 1 and 2 Final v1.0",Safety: Prompt for Medic for Urine Pregnancy #1 Positive result for Urine Pregnancy (Medic to exclude subject),318
"S_QSC302573, 05c - Period 3 Parts 1 and 2 Final v1.0",Staff Initials,318
"S_QSC302573, 05c - Period 3 Parts 1 and 2 Final v1.0",Comment,318
"S_QSC302573, 05c - Period 3 Parts 1 and 2 Final v1.0","Exclude if - QT interval corrected for heart rate using Fridericia’s formula (QTcF) >450 msec for male participants or >470 msec for female participants, QRS interval >120 msec, or PR interval >200 msec. (Supine for a minimum 3 minutes)",318
"S_QSC302573, 05c - Period 3 Parts 1 and 2 Final v1.0",ECG: ECG Significance #3 Was the ECG clinically significant? (Medic to assess),319
"S_QSC302573, 05c - Period 3 Parts 1 and 2 Final v1.0",Staff Initials,319
"S_QSC302573, 05c - Period 3 Parts 1 and 2 Final v1.0",Comment,319
"S_QSC302573, 05c - Period 3 Parts 1 and 2 Final v1.0",ECG: ECG Findings #3 ECG Findings,319
"S_QSC302573, 05c - Period 3 Parts 1 and 2 Final v1.0","ECG: ECG Findings inc Rhythm #3 ECG Findings, including rhythm assessment",319
"S_QSC302573, 05c - Period 3 Parts 1 and 2 Final v1.0",interval of >60 msec from baseline (confirmed following a repeat ECG),320
"S_QSC302573, 05c - Period 3 Parts 1 and 2 Final v1.0",Staff Initials,320
"S_QSC302573, 05c - Period 3 Parts 1 and 2 Final v1.0",Comment,320
"S_QSC302573, 05c - Period 3 Parts 1 and 2 Final v1.0",Vital Signs: Vital Signs Supine Full Set #5 Vital Signs (Supine for at least 3 minutes),320
"S_QSC302573, 05c - Period 3 Parts 1 and 2 Final v1.0",Vital Signs: Clinical Significance #5 Clinical Assessment of Vital Signs (Medic or Nurse to assess vital signs),320
"S_QSC302573, 05c - Period 3 Parts 1 and 2 Final v1.0",Vital Sign Findings,321
"S_QSC302573, 05c - Period 3 Parts 1 and 2 Final v1.0",Staff Initials,321
"S_QSC302573, 05c - Period 3 Parts 1 and 2 Final v1.0",Comment,321
"S_QSC302573, 05c - Period 3 Parts 1 and 2 Final v1.0",Vital Signs Standing: Vital Signs Standing BP and HR #5 Vital Signs Standing BP and HR (Standing for at least 3 minutes),321
"S_QSC302573, 05c - Period 3 Parts 1 and 2 Final v1.0",Vital Signs Standing: Drop in SBP from Supine to Standing #5 Is there a drop in SYSTOLIC BP from supine to standing?,321
"S_QSC302573, 05c - Period 3 Parts 1 and 2 Final v1.0",Vital Signs Standing 2: Drop in DBP from Supine to Standing #5 Is there a drop in DIASTOLIC BP from supine to standing?,321
"S_QSC302573, 05c - Period 3 Parts 1 and 2 Final v1.0",Vital Signs Difference for SYSTOLIC Drop,322
"S_QSC302573, 05c - Period 3 Parts 1 and 2 Final v1.0",Staff Initials,322
"S_QSC302573, 05c - Period 3 Parts 1 and 2 Final v1.0",Comment,322
"S_QSC302573, 05c - Period 3 Parts 1 and 2 Final v1.0",Vital Signs Difference: Vital Signs Calculation BP and HR 2 #5 Vital Signs Difference for DIASTOLIC Drop,322
"S_QSC302573, 05c - Period 3 Parts 1 and 2 Final v1.0",Vital Signs Standing: Clinical Significance #5 Clinical Assessment of Standing Vital Signs (Medic or Nurse to assess vital signs),322
"S_QSC302573, 05c - Period 3 Parts 1 and 2 Final v1.0",Vital Signs Standing: Vital Signs Findings #5 Vital Sign Findings,322
"S_QSC302573, 05c - Period 3 Parts 1 and 2 Final v1.0",Safety: Haematology Medic Assessment #1 Has there been a medic review of the Haematology blood results?,323
"S_QSC302573, 05c - Period 3 Parts 1 and 2 Final v1.0",Staff Initials,323
"S_QSC302573, 05c - Period 3 Parts 1 and 2 Final v1.0",Comment,323
"S_QSC302573, 05c - Period 3 Parts 1 and 2 Final v1.0",Safety: Chemistry Medic Assessment #1 Has there been a medic review of the Clinical Chemistry blood results?,323
"S_QSC302573, 05c - Period 3 Parts 1 and 2 Final v1.0",AE/CM Surveys: AE/CM Check #14 Confirm an AE and Conmed check has been performed (Record any AE and Conmeds if applicable),324
"S_QSC302573, 05c - Period 3 Parts 1 and 2 Final v1.0",Staff Initials,324
"S_QSC302573, 05c - Period 3 Parts 1 and 2 Final v1.0",Comment,324
"S_QSC302573, 05c - Period 3 Parts 1 and 2 Final v1.0",Stanford Sleepiness Scale: Stanford Sleepiness Scale Date #5 Stanford Sleepiness Scale Questionnaire - Date and Time (Transcribe from paper source workbook),324
"S_QSC302573, 05c - Period 3 Parts 1 and 2 Final v1.0",AE/CM Surveys: AE/CM Check #15 Confirm an AE and Conmed check has been performed (Record any AE and Conmeds if applicable),325
"S_QSC302573, 05c - Period 3 Parts 1 and 2 Final v1.0",Staff Initials,325
"S_QSC302573, 05c - Period 3 Parts 1 and 2 Final v1.0",Comment,325
"S_QSC302573, 05c - Period 3 Parts 1 and 2 Final v1.0",Confirm an AE and Conmed check has been performed (Record any AE and Conmeds if applicable),326
"S_QSC302573, 05c - Period 3 Parts 1 and 2 Final v1.0",Staff Initials,326
"S_QSC302573, 05c - Period 3 Parts 1 and 2 Final v1.0",Comment,326
"S_QSC302573, 05c - Period 3 Parts 1 and 2 Final v1.0",Vital Signs: Vital Signs Supine Full Set #6 Vital Signs (Supine for at least 3 minutes),326
"S_QSC302573, 05c - Period 3 Parts 1 and 2 Final v1.0",Vital Signs: Clinical Significance #6 Clinical Assessment of Vital Signs (Medic or Nurse to assess vital signs),326
"S_QSC302573, 05c - Period 3 Parts 1 and 2 Final v1.0",Vital Sign Findings,327
"S_QSC302573, 05c - Period 3 Parts 1 and 2 Final v1.0",Staff Initials,327
"S_QSC302573, 05c - Period 3 Parts 1 and 2 Final v1.0",Comment,327
"S_QSC302573, 05c - Period 3 Parts 1 and 2 Final v1.0",Vital Signs Standing: Vital Signs Standing BP and HR #6 Vital Signs Standing BP and HR (Standing for at least 3 minutes),327
"S_QSC302573, 05c - Period 3 Parts 1 and 2 Final v1.0",Vital Signs Standing: Drop in SBP from Supine to Standing #6 Is there a drop in SYSTOLIC BP from supine to standing?,327
"S_QSC302573, 05c - Period 3 Parts 1 and 2 Final v1.0",Vital Signs Standing 2: Drop in DBP from Supine to Standing #6 Is there a drop in DIASTOLIC BP from supine to standing?,327
"S_QSC302573, 05c - Period 3 Parts 1 and 2 Final v1.0",Vital Signs Difference for SYSTOLIC Drop,328
"S_QSC302573, 05c - Period 3 Parts 1 and 2 Final v1.0",Staff Initials,328
"S_QSC302573, 05c - Period 3 Parts 1 and 2 Final v1.0",Comment,328
"S_QSC302573, 05c - Period 3 Parts 1 and 2 Final v1.0",Vital Signs Difference: Vital Signs Calculation BP and HR 2 #6 Vital Signs Difference for DIASTOLIC Drop,328
"S_QSC302573, 05c - Period 3 Parts 1 and 2 Final v1.0",Vital Signs Standing: Clinical Significance #6 Clinical Assessment of Standing Vital Signs (Medic or Nurse to assess vital signs),328
"S_QSC302573, 05c - Period 3 Parts 1 and 2 Final v1.0",Vital Signs Standing: Vital Signs Findings #6 Vital Sign Findings,328
"S_QSC302573, 05c - Period 3 Parts 1 and 2 Final v1.0",AE/CM Surveys: AE/CM Check #17 Confirm an AE and Conmed check has been performed (Record any AE and Conmeds if applicable),329
"S_QSC302573, 05c - Period 3 Parts 1 and 2 Final v1.0",Staff Initials,329
"S_QSC302573, 05c - Period 3 Parts 1 and 2 Final v1.0",Comment,329
"S_QSC302573, 05c - Period 3 Parts 1 and 2 Final v1.0","Urinalysis: Bilirubin #2 What was the bilirubin result? If any positive result, inform medic/PI. (Perform urinalysis and read results)",329
"S_QSC302573, 05c - Period 3 Parts 1 and 2 Final v1.0","Urinalysis: Urobilinogen #2 What was the urobilinogen result? If any positive result, inform medic/PI. (Perform urinalysis and read results)",329
"S_QSC302573, 05c - Period 3 Parts 1 and 2 Final v1.0","Urinalysis: Ketones #2 What was the ketone result? If any positive result, inform medic/PI. (Perform urinalysis and read results)",330
"S_QSC302573, 05c - Period 3 Parts 1 and 2 Final v1.0",Staff Initials,330
"S_QSC302573, 05c - Period 3 Parts 1 and 2 Final v1.0",Comment,330
"S_QSC302573, 05c - Period 3 Parts 1 and 2 Final v1.0","Urinalysis: Glucose #2 What was the glucose result? If any positive result, inform medic/PI. (Perform urinalysis and read results)",330
"S_QSC302573, 05c - Period 3 Parts 1 and 2 Final v1.0","IF PROTEIN ≥ 30mg/dl: Repeat urinalysis as soon as possible, ensuring a clean catch specimen. If protein remains ≥ 30mg/dl on repeat, then inform PI/medic. (Perform urinalysis and read results)",331
"S_QSC302573, 05c - Period 3 Parts 1 and 2 Final v1.0",Staff Initials,331
"S_QSC302573, 05c - Period 3 Parts 1 and 2 Final v1.0",Comment,331
"S_QSC302573, 05c - Period 3 Parts 1 and 2 Final v1.0",Urinalysis: Blood #2 What was the blood result? (Perform urinalysis and read results),331
"S_QSC302573, 05c - Period 3 Parts 1 and 2 Final v1.0",Urinalysis: Nitrite #2 What was the nitrite result? (Perform urinalysis and read results),332
"S_QSC302573, 05c - Period 3 Parts 1 and 2 Final v1.0",Staff Initials,332
"S_QSC302573, 05c - Period 3 Parts 1 and 2 Final v1.0",Comment,332
"S_QSC302573, 05c - Period 3 Parts 1 and 2 Final v1.0",Record pH value (Perform urinalysis and read results),333
"S_QSC302573, 05c - Period 3 Parts 1 and 2 Final v1.0",Staff Initials,333
"S_QSC302573, 05c - Period 3 Parts 1 and 2 Final v1.0",Comment,333
"S_QSC302573, 05c - Period 3 Parts 1 and 2 Final v1.0",Urinalysis: Specific Gravity #2 Record specific gravity of sample (Perform urinalysis and read results),333
"S_QSC302573, 05c - Period 3 Parts 1 and 2 Final v1.0",What was the leukocyte result? (Perform urinalysis and read results),334
"S_QSC302573, 05c - Period 3 Parts 1 and 2 Final v1.0",Staff Initials,334
"S_QSC302573, 05c - Period 3 Parts 1 and 2 Final v1.0",Comment,334
"S_QSC302573, 05c - Period 3 Parts 1 and 2 Final v1.0","Urinalysis: Participant menstruating #2 Is participant female and menstruating? (If 'Yes', DO NOT send sample for Microscopy. If 'No', send sample for Microscopy)",334
"S_QSC302573, 05c - Period 3 Parts 1 and 2 Final v1.0",Urinalysis: Send for microscopy #2 Confirm sample sent for microscopy (Complete associated paperwork),334
"S_QSC302573, 05c - Period 3 Parts 1 and 2 Final v1.0",Has urinalysis been repeated as soon as possible with a clean catch specimen? Ensure events are repeated to capture this data.,335
"S_QSC302573, 05c - Period 3 Parts 1 and 2 Final v1.0",Staff Initials,335
"S_QSC302573, 05c - Period 3 Parts 1 and 2 Final v1.0",Comment,335
"S_QSC302573, 05c - Period 3 Parts 1 and 2 Final v1.0",Urinalysis: TDL Form Check #2 Confirm TDL form completed:,335
"S_QSC302573, 05c - Period 3 Parts 1 and 2 Final v1.0",Urinalysis: Urinalysis Medic Assessment #2 Has there been a medic review of the Microscopy results?,335
"S_QSC302573, 05c - Period 3 Parts 1 and 2 Final v1.0","Exclude if - QT interval corrected for heart rate using Fridericia’s formula (QTcF) >450 msec for male participants or >470 msec for female participants, QRS interval >120 msec, or PR interval >200 msec. (Supine for a minimum 3 minutes)",336
"S_QSC302573, 05c - Period 3 Parts 1 and 2 Final v1.0",Staff Initials,336
"S_QSC302573, 05c - Period 3 Parts 1 and 2 Final v1.0",Comment,336
"S_QSC302573, 05c - Period 3 Parts 1 and 2 Final v1.0",ECG: ECG Rhythm Assess/Interpretation #4 ECG Rhythm assessment and interpretation,336
"S_QSC302573, 05c - Period 3 Parts 1 and 2 Final v1.0",ECG: ECG Findings #4 ECG Findings,337
"S_QSC302573, 05c - Period 3 Parts 1 and 2 Final v1.0",Staff Initials,337
"S_QSC302573, 05c - Period 3 Parts 1 and 2 Final v1.0",Comment,337
"S_QSC302573, 05c - Period 3 Parts 1 and 2 Final v1.0","ECG: ECG Findings inc Rhythm #4 ECG Findings, including rhythm assessment",337
"S_QSC302573, 05c - Period 3 Parts 1 and 2 Final v1.0",ECG Difference: ECG Difference Calculation #4 ECG Difference Calculation - a participant will be withdrawn where there is an increase in QTcF interval of >60 msec from baseline (confirmed following a repeat ECG),337
"S_QSC302573, 05c - Period 3 Parts 1 and 2 Final v1.0",Vital Signs: Vital Signs Supine Full Set #7 Vital Signs (Supine for at least 3 minutes),337
"S_QSC302573, 05c - Period 3 Parts 1 and 2 Final v1.0",Vital Signs: Clinical Significance #7 Clinical Assessment of Vital Signs (Medic or Nurse to assess vital signs),338
"S_QSC302573, 05c - Period 3 Parts 1 and 2 Final v1.0",Staff Initials,338
"S_QSC302573, 05c - Period 3 Parts 1 and 2 Final v1.0",Comment,338
"S_QSC302573, 05c - Period 3 Parts 1 and 2 Final v1.0",Vital Signs: Vital Signs Findings #7 Vital Sign Findings,338
"S_QSC302573, 05c - Period 3 Parts 1 and 2 Final v1.0",Vital Signs Standing BP and HR (Standing for at least 3 minutes),339
"S_QSC302573, 05c - Period 3 Parts 1 and 2 Final v1.0",Staff Initials,339
"S_QSC302573, 05c - Period 3 Parts 1 and 2 Final v1.0",Comment,339
"S_QSC302573, 05c - Period 3 Parts 1 and 2 Final v1.0",Vital Signs Standing: Drop in SBP from Supine to Standing #7 Is there a drop in SYSTOLIC BP from supine to standing?,339
"S_QSC302573, 05c - Period 3 Parts 1 and 2 Final v1.0",Vital Signs Standing 2: Drop in DBP from Supine to Standing #7 Is there a drop in DIASTOLIC BP from supine to standing?,339
"S_QSC302573, 05c - Period 3 Parts 1 and 2 Final v1.0",Vital Signs Difference: Vital Signs Calculation BP and HR #7 Vital Signs Difference for SYSTOLIC Drop,339
"S_QSC302573, 05c - Period 3 Parts 1 and 2 Final v1.0",Vital Signs Difference for DIASTOLIC Drop,340
"S_QSC302573, 05c - Period 3 Parts 1 and 2 Final v1.0",Staff Initials,340
"S_QSC302573, 05c - Period 3 Parts 1 and 2 Final v1.0",Comment,340
"S_QSC302573, 05c - Period 3 Parts 1 and 2 Final v1.0",Vital Signs Standing: Clinical Significance #7 Clinical Assessment of Standing Vital Signs (Medic or Nurse to assess vital signs),340
"S_QSC302573, 05c - Period 3 Parts 1 and 2 Final v1.0",Vital Signs Standing: Vital Signs Findings #7 Vital Sign Findings,340
"S_QSC302573, 05c - Period 3 Parts 1 and 2 Final v1.0",Safety: Fasted #2 Has the participant fasted for 8 hours?,340
"S_QSC302573, 05c - Period 3 Parts 1 and 2 Final v1.0",Safety: Haematology Medic Assessment #2 Has there been a medic review of the Haematology blood results?,341
"S_QSC302573, 05c - Period 3 Parts 1 and 2 Final v1.0",Staff Initials,341
"S_QSC302573, 05c - Period 3 Parts 1 and 2 Final v1.0",Comment,341
"S_QSC302573, 05c - Period 3 Parts 1 and 2 Final v1.0",Safety: Chemistry Medic Assessment #2 Has there been a medic review of the Clinical Chemistry blood results?,341
"S_QSC302573, 05c - Period 3 Parts 1 and 2 Final v1.0",Confirm TDL form completed:,342
"S_QSC302573, 05c - Period 3 Parts 1 and 2 Final v1.0",Staff Initials,342
"S_QSC302573, 05c - Period 3 Parts 1 and 2 Final v1.0",Comment,342
"S_QSC302573, 05c - Period 3 Parts 1 and 2 Final v1.0",AE/CM Surveys: AE/CM Check #18 Confirm an AE and Conmed check has been performed (Record any AE and Conmeds if applicable),342
"S_QSC302573, 05c - Period 3 Parts 1 and 2 Final v1.0",C-SSRS Assessment: Date of Assessment #1 C-SSRS Questionnaire - Date and Time (Transcribe from C-SSRS paper source workbook),342
"S_QSC302573, 05c - Period 3 Parts 1 and 2 Final v1.0","Subject endorses thoughts about a wish to be dead or not alive anymore, or a wish to fall asleep and not wake up. (Have you wished you were dead or wished you could go to sleep and not wake up?)",343
"S_QSC302573, 05c - Period 3 Parts 1 and 2 Final v1.0",Staff Initials,343
"S_QSC302573, 05c - Period 3 Parts 1 and 2 Final v1.0",Comment,343
"S_QSC302573, 05c - Period 3 Parts 1 and 2 Final v1.0","Yes (Specify) (500 char. max.) (Activates Line 251, 252, 253, 256, 254, 255)",343
"S_QSC302573, 05c - Period 3 Parts 1 and 2 Final v1.0","General non-specific thoughts of wanting to end one's life / commit suicide (e.g. ""I've thought about killing myself"") without thoughts of ways to kill oneself / associated methods, intent, or plan during the assessment period. (Have you actually had any thoughts of killing yourself?)",343
"S_QSC302573, 05c - Period 3 Parts 1 and 2 Final v1.0","Yes (Specify) (500 char. max.) (Activates Line 251, 252, 250, 253, 256, 249, 254, 248, 255)",343
"S_QSC302573, 05c - Period 3 Parts 1 and 2 Final v1.0","Subject endorses thoughts of suicide and has thought of at least one method during the assessment period. This is different from a specific plan with time, place or method details worked out (e.g. thought of method to kill self but not a specific plan). Includes person who would say, ""I thought about taking an overdose but I never made a specific plan as to when, where or how I would actually do it… and I would never go through with it"". (Have you been thinking about how you might do this?)",344
"S_QSC302573, 05c - Period 3 Parts 1 and 2 Final v1.0",Staff Initials,344
"S_QSC302573, 05c - Period 3 Parts 1 and 2 Final v1.0",Comment,344
"S_QSC302573, 05c - Period 3 Parts 1 and 2 Final v1.0","Active suicidal thoughts of killing oneself and subject reports having some intent to act on such thoughts, as opposed to ""I have the thoughts but I definitely will not do anything about them"". (Have you had these thoughts and had some intention of acting on them?)",344
"S_QSC302573, 05c - Period 3 Parts 1 and 2 Final v1.0",Thoughts of killing oneself with details of plan fully or partially worked out and subject has some intent to carry it out. (Have you started to work out or worked out the details of how to kill yourself? Do you intend to carry out this plan?),345
"S_QSC302573, 05c - Period 3 Parts 1 and 2 Final v1.0",Staff Initials,345
"S_QSC302573, 05c - Period 3 Parts 1 and 2 Final v1.0",Comment,345
"S_QSC302573, 05c - Period 3 Parts 1 and 2 Final v1.0","The following feature should be rated with respect to the most severe type of ideation (i.e. 1-5 from above, with 1 being the least severe and 5 being the most severe). Ask about time he/she was feeling the most suicidal.",345
"S_QSC302573, 05c - Period 3 Parts 1 and 2 Final v1.0",(How many times have you had these thoughts?),346
"S_QSC302573, 05c - Period 3 Parts 1 and 2 Final v1.0",Staff Initials,346
"S_QSC302573, 05c - Period 3 Parts 1 and 2 Final v1.0",Comment,346
"S_QSC302573, 05c - Period 3 Parts 1 and 2 Final v1.0","(When you have the thoughts, how long do they last?)",346
"S_QSC302573, 05c - Period 3 Parts 1 and 2 Final v1.0","(Are there things - anyone or anything (e.g. family, religion, pain of death) - that stopped you from wanting to die or acting on thoughts of committing suicide?)",347
"S_QSC302573, 05c - Period 3 Parts 1 and 2 Final v1.0",Staff Initials,347
"S_QSC302573, 05c - Period 3 Parts 1 and 2 Final v1.0",Comment,347
"S_QSC302573, 05c - Period 3 Parts 1 and 2 Final v1.0","(What sort of reasons did you have for thinking about wanting to die or killing yourself? Was it to end the pain or stop the way you were feeling (in other words you couldn't go on living with this pain or how you were feeling) or was it to get attention, revenge or a reaction from others? Or both?)",348
"S_QSC302573, 05c - Period 3 Parts 1 and 2 Final v1.0",Staff Initials,348
"S_QSC302573, 05c - Period 3 Parts 1 and 2 Final v1.0",Comment,348
"S_QSC302573, 05c - Period 3 Parts 1 and 2 Final v1.0","trying to end your life when you___? Or did you think it was possible you could have died from___?) Or did you do it purely for other reasons / without ANY intention of killing yourself (like to relieve stress, feel better, get sympathy, or get something else to happen)? (Self-Injurious Behaviour without suicidal intent))",349
"S_QSC302573, 05c - Period 3 Parts 1 and 2 Final v1.0",Staff Initials,349
"S_QSC302573, 05c - Period 3 Parts 1 and 2 Final v1.0",Comment,349
"S_QSC302573, 05c - Period 3 Parts 1 and 2 Final v1.0","Yes (Specify) (500 char. max.) (Activates Line 268, 269, 267)",349
"S_QSC302573, 05c - Period 3 Parts 1 and 2 Final v1.0",C-SSRS Since Last Visit: 12. Total Number of Attempts #1 Total Number of Attempts,349
"S_QSC302573, 05c - Period 3 Parts 1 and 2 Final v1.0",Has subject engaged in Non-Suicidal Self-Injurious Behaviour (Since Last Visit),350
"S_QSC302573, 05c - Period 3 Parts 1 and 2 Final v1.0",Staff Initials,350
"S_QSC302573, 05c - Period 3 Parts 1 and 2 Final v1.0",Comment,350
"S_QSC302573, 05c - Period 3 Parts 1 and 2 Final v1.0","When the person is interrupted (by an outside circumstance) from starting the potentially self- injurious act (if not for that, actual attempt would have occurred). Overdose: Person has pills in hand but is stopped from ingesting. Once they ingest any pills, this becomes an attempt rather than an interrupted attempt. Shooting: Person has gun pointed towards self, gun is taken away by someone else, or he/she is somehow prevented from pulling trigger. Once they pull the trigger, even if the gun fails to fire, it is an attempt. Jumping: Person is poised to jump, is grabbed and taken down from ledge. Hanging: Person has noose around neck but has not yet started to hang - is stopped from doing so. (Has there been a time when you started to do something to end your life but someone or something stopped you before you actually did anything?)",350
"S_QSC302573, 05c - Period 3 Parts 1 and 2 Final v1.0",C-SSRS Since Last Visit: 14. Total Number of Interrupted #1 Total Number of Interrupted,350
"S_QSC302573, 05c - Period 3 Parts 1 and 2 Final v1.0","When person begins to take steps towards making a suicide attempt, but stops themselves before they actually have engaged in any self-destructive behaviour. Examples are similar to interrupted attempts, except that the individual stops him/herself instead of being stopped by something else. (Has there been a time when you started to do something to try to end your life but you stopped yourself before you actually did anything?)",351
"S_QSC302573, 05c - Period 3 Parts 1 and 2 Final v1.0",Staff Initials,351
"S_QSC302573, 05c - Period 3 Parts 1 and 2 Final v1.0",Comment,351
"S_QSC302573, 05c - Period 3 Parts 1 and 2 Final v1.0","Acts or preparation towards imminently making a suicide attempt. This can include anything beyond a verbalisation or thought, such as assembling a specific method (e.g. buying pills, purchasing a gun) or preparing for one's death by suicide (e.g. giving things away, writing a suicide note). (Have you taken any steps towards making a suicide attempt or preparing to kill yourself (such as collecting pills, getting a gun, giving valuables away or writing a suicide note)?)",351
"S_QSC302573, 05c - Period 3 Parts 1 and 2 Final v1.0","Acts or preparation towards imminently making a suicide attempt. This can include anything beyond a verbalisation or thought, such as assembling a specific method (e.g. buying pills, purchasing a gun) or preparing for one's death by suicide (e.g. giving things away, writing a suicide note). (Have you taken any steps towards making a suicide attempt or preparing to kill yourself (such as collecting pills, getting a gun, giving valuables away or writing a suicide note)?)",352
"S_QSC302573, 05c - Period 3 Parts 1 and 2 Final v1.0",Staff Initials,352
"S_QSC302573, 05c - Period 3 Parts 1 and 2 Final v1.0",Comment,352
"S_QSC302573, 05c - Period 3 Parts 1 and 2 Final v1.0",Suicidal behaviour was present during the assessment period?,352
"S_QSC302573, 05c - Period 3 Parts 1 and 2 Final v1.0",C-SSRS Since Last Visit: 18. Suicide #1 Suicide (Since Last Visit),352
"S_QSC302573, 05c - Period 3 Parts 1 and 2 Final v1.0",Most Lethal Attempt Date,353
"S_QSC302573, 05c - Period 3 Parts 1 and 2 Final v1.0",Staff Initials,353
"S_QSC302573, 05c - Period 3 Parts 1 and 2 Final v1.0",Comment,353
"S_QSC302573, 05c - Period 3 Parts 1 and 2 Final v1.0",C-SSRS Since Last Visit: 19. Actual Lethality Most Lethal Attempt #1 Actual Lethality/Medical Damage - Most Lethal Attempt,353
"S_QSC302573, 05c - Period 3 Parts 1 and 2 Final v1.0",Potential Lethality - Most Lethal Attempt Code (only answer if Actual Lethality = 0),354
"S_QSC302573, 05c - Period 3 Parts 1 and 2 Final v1.0",Staff Initials,354
"S_QSC302573, 05c - Period 3 Parts 1 and 2 Final v1.0",Comment,354
"S_QSC302573, 05c - Period 3 Parts 1 and 2 Final v1.0","Targeted Physical Examination Findings: Require Targeted PE? #2 Targeted Physical Examination: Does the participant require a targeted physical examination? (If yes, please specify the reason)",354
"S_QSC302573, 05c - Period 3 Parts 1 and 2 Final v1.0",Yes (Specify) (50 char. max.) (Activates Line,354
"S_QSC302573, 05c - Period 3 Parts 1 and 2 Final v1.0","Targeted Physical Examination Findings: Any clinically significant abnormal findings? #2 If yes, were there any clinically significant abnormal findings?",354
"S_QSC302573, 05c - Period 3 Parts 1 and 2 Final v1.0",Targeted Physical Examination Findings: Physical Examination Category #2 Physical Examination Category,354
"S_QSC302573, 05c - Period 3 Parts 1 and 2 Final v1.0",Targeted Physical Examination Findings: Findings #2 Detailed findings of Physical Examination,355
"S_QSC302573, 05c - Period 3 Parts 1 and 2 Final v1.0",Staff Initials,355
"S_QSC302573, 05c - Period 3 Parts 1 and 2 Final v1.0",Comment,355
"S_QSC302573, 05c - Period 3 Parts 1 and 2 Final v1.0",Was a neurological examination performed?,356
"S_QSC302573, 05c - Period 3 Parts 1 and 2 Final v1.0",Staff Initials,356
"S_QSC302573, 05c - Period 3 Parts 1 and 2 Final v1.0",Comment,356
"S_QSC302573, 05c - Period 3 Parts 1 and 2 Final v1.0",Neurological Examination: Mental Status #1 Mental Status,356
"S_QSC302573, 05c - Period 3 Parts 1 and 2 Final v1.0",Neurological Examination: Cranial Nerves #1 Cranial Nerves,356
"S_QSC302573, 05c - Period 3 Parts 1 and 2 Final v1.0",Motor Systems,357
"S_QSC302573, 05c - Period 3 Parts 1 and 2 Final v1.0",Staff Initials,357
"S_QSC302573, 05c - Period 3 Parts 1 and 2 Final v1.0",Comment,357
"S_QSC302573, 05c - Period 3 Parts 1 and 2 Final v1.0",Neurological Examination: Reflexes #1 Reflexes,357
"S_QSC302573, 05c - Period 3 Parts 1 and 2 Final v1.0",Sensory System,358
"S_QSC302573, 05c - Period 3 Parts 1 and 2 Final v1.0",Staff Initials,358
"S_QSC302573, 05c - Period 3 Parts 1 and 2 Final v1.0",Comment,358
"S_QSC302573, 05c - Period 3 Parts 1 and 2 Final v1.0",Neurological Examination: Co-ordination #1 Co-ordination,358
"S_QSC302573, 05c - Period 3 Parts 1 and 2 Final v1.0",Station and Gait,359
"S_QSC302573, 05c - Period 3 Parts 1 and 2 Final v1.0",Staff Initials,359
"S_QSC302573, 05c - Period 3 Parts 1 and 2 Final v1.0",Comment,359
"S_QSC302573, 05c - Period 3 Parts 1 and 2 Final v1.0",Neurological Examination: Findings #1 Detailed findings of Neurological Examination,359
"S_QSC302573, 05c - Period 3 Parts 1 and 2 Final v1.0",Discharge Procedures: Trial Participation Card #1 Confirm participant has been provided with a Trial Participation Card,359
"S_QSC302573, 05c - Period 3 Parts 1 and 2 Final v1.0","Discharge Procedures: ICF in Volunteer Folder #1 Is the signed copy of the participant's ICF present in their volunteer folder? (If 'No', escalate immediately)",359
"S_QSC302573, 05c - Period 3 Parts 1 and 2 Final v1.0","Males will refrain from sperm donation from the screening visit through 90 days plus 5 half-lives (ie, 92 days) after the last dose of IMP.",360
"S_QSC302573, 05c - Period 3 Parts 1 and 2 Final v1.0",Staff Initials,360
"S_QSC302573, 05c - Period 3 Parts 1 and 2 Final v1.0",Comment,360
"S_QSC302573, 05c - Period 3 Parts 1 and 2 Final v1.0",Discharge Procedures: AE Discharge Question #1 Have there been any Adverse Events throughout study duration?,360
"S_QSC302573, 05c - Period 3 Parts 1 and 2 Final v1.0",Confirm that all discharge procedures have been completed and the participant is safe to be discharged.,361
"S_QSC302573, 05c - Period 3 Parts 1 and 2 Final v1.0",Staff Initials,361
"S_QSC302573, 05c - Period 3 Parts 1 and 2 Final v1.0",Comment,361
"S_QSC302573, 05c - Period 3 Parts 1 and 2 Final v1.0","Discharge Procedures: Discharge by Medic #1 As participant has had AE(s) on the study, Medic to confirm that all discharge procedures have been completed and the participant is safe to be discharged.",361
"S_QSC302573, 05c - Period 3 Parts 1 and 2 Final v1.0",Pre-dose Triplicate ECG 1: 12 Lead Standard #1 PRE-DOSE Triplicate ECG 1: 12 Lead Standard ECG (Supine for a minimum 3 minutes),361
"S_QSC302573, 05d - Period 3 Part 3 Final v1.0",Pre-dose Triplicate ECG 1: ECG Rhythm Assess/Interpretation #1 PRE-DOSE Triplicate ECG 1: ECG Rhythm assessment and interpretation,362
"S_QSC302573, 05d - Period 3 Part 3 Final v1.0",Staff Initials,362
"S_QSC302573, 05d - Period 3 Part 3 Final v1.0",Comment,362
"S_QSC302573, 05d - Period 3 Part 3 Final v1.0",Pre-dose Triplicate ECG 1: ECG Significance #1 PRE-DOSE Triplicate ECG 1: Was the ECG clinically significant? (Medic to assess),362
"S_QSC302573, 05d - Period 3 Part 3 Final v1.0",Pre-dose Triplicate ECG 1: ECG Findings #1 PRE-DOSE Triplicate ECG 1: ECG Findings,362
"S_QSC302573, 05d - Period 3 Part 3 Final v1.0","PRE-DOSE Triplicate ECG 1: ECG Findings, including rhythm assessment",363
"S_QSC302573, 05d - Period 3 Part 3 Final v1.0",Staff Initials,363
"S_QSC302573, 05d - Period 3 Part 3 Final v1.0",Comment,363
"S_QSC302573, 05d - Period 3 Part 3 Final v1.0",Pre-dose Triplicate ECG 2: 12 Lead Standard #1 PRE-DOSE Triplicate ECG 2: 12 Lead Standard ECG (To be performed at least 2 minutes after ECG1),363
"S_QSC302573, 05d - Period 3 Part 3 Final v1.0",PRE-DOSE Triplicate ECG 2: ECG Rhythm assessment and interpretation,364
"S_QSC302573, 05d - Period 3 Part 3 Final v1.0",Staff Initials,364
"S_QSC302573, 05d - Period 3 Part 3 Final v1.0",Comment,364
"S_QSC302573, 05d - Period 3 Part 3 Final v1.0",Pre-dose Triplicate ECG 2: ECG Significance #1 PRE-DOSE Triplicate ECG 2: Was the ECG clinically significant? (Medic to assess),364
"S_QSC302573, 05d - Period 3 Part 3 Final v1.0",Pre-dose Triplicate ECG 2: ECG Findings #1 PRE-DOSE Triplicate ECG 2: ECG Findings,364
"S_QSC302573, 05d - Period 3 Part 3 Final v1.0","Pre-dose Triplicate ECG 2: ECG Findings inc Rhythm #1 PRE-DOSE Triplicate ECG 2: ECG Findings, including rhythm assessment",364
"S_QSC302573, 05d - Period 3 Part 3 Final v1.0",PRE-DOSE Triplicate ECG 3: 12 Lead Standard ECG (To be performed at least 2 minutes after ECG2),365
"S_QSC302573, 05d - Period 3 Part 3 Final v1.0",Staff Initials,365
"S_QSC302573, 05d - Period 3 Part 3 Final v1.0",Comment,365
"S_QSC302573, 05d - Period 3 Part 3 Final v1.0",Pre-dose Triplicate ECG 3: ECG Rhythm Assess/Interpretation #1 PRE-DOSE Triplicate ECG 3: ECG Rhythm assessment and interpretation,365
"S_QSC302573, 05d - Period 3 Part 3 Final v1.0",Pre-dose Triplicate ECG 3: ECG Findings #1 PRE-DOSE Triplicate ECG 3: ECG Findings,366
"S_QSC302573, 05d - Period 3 Part 3 Final v1.0",Staff Initials,366
"S_QSC302573, 05d - Period 3 Part 3 Final v1.0",Comment,366
"S_QSC302573, 05d - Period 3 Part 3 Final v1.0","Pre-dose Triplicate ECG 3: ECG Findings inc Rhythm #1 PRE-DOSE Triplicate ECG 3: ECG Findings, including rhythm assessment",366
"S_QSC302573, 05d - Period 3 Part 3 Final v1.0","Withdraw if - QT interval corrected for heart rate using Fridericia’s formula (QTcF) >450 msec for male participants or >470 msec for female participants, QRS interval >120 msec, or PR interval >200 msec",366
"S_QSC302573, 05d - Period 3 Part 3 Final v1.0",Please transcribe the baseline value for QTcF for withdrawal purposes for Period 2 post dose from the mean QTcF above,367
"S_QSC302573, 05d - Period 3 Part 3 Final v1.0",Staff Initials,367
"S_QSC302573, 05d - Period 3 Part 3 Final v1.0",Comment,367
"S_QSC302573, 05d - Period 3 Part 3 Final v1.0",Pre-dose Vital Signs: Vital Signs Supine Full Set #1 PRE-DOSE - Vital Signs (Supine for at least 3 minutes),367
"S_QSC302573, 05d - Period 3 Part 3 Final v1.0",Pre-dose Vital Signs: Clinical Significance #1 PRE-DOSE - Clinical Assessment of Vital Signs (Medic or Nurse to assess vital signs),367
"S_QSC302573, 05d - Period 3 Part 3 Final v1.0",Pre-dose Vital Signs Standing: Vital Signs Standing BP and HR #1 PRE-DOSE - Vital Signs (Standing),368
"S_QSC302573, 05d - Period 3 Part 3 Final v1.0",Staff Initials,368
"S_QSC302573, 05d - Period 3 Part 3 Final v1.0",Comment,368
"S_QSC302573, 05d - Period 3 Part 3 Final v1.0",Pre-dose Vital Signs Standing: Drop in BP from Supine to Standing #1 PRE-DOSE - Is there a drop in SYSTOLIC BP from supine to standing?,368
"S_QSC302573, 05d - Period 3 Part 3 Final v1.0",Pre-dose Vital Signs Standing 2: Drop in BP from Supine to Standing #1 PRE-DOSE - Is there a drop in DIASTOLIC BP from supine to standing?,368
"S_QSC302573, 05d - Period 3 Part 3 Final v1.0",Pre-dose Vital Signs Difference: Vital Signs Calculation BP and HR 2 #1 PRE-DOSE - Vital Signs Difference for DIASTOLIC Drop,369
"S_QSC302573, 05d - Period 3 Part 3 Final v1.0",Staff Initials,369
"S_QSC302573, 05d - Period 3 Part 3 Final v1.0",Comment,369
"S_QSC302573, 05d - Period 3 Part 3 Final v1.0",Pre-dose Vital Signs Standing: Clinical Significance #1 PRE-DOSE - Clinical Assessment of Vital Signs (Medic or Nurse to assess vital signs),369
"S_QSC302573, 05d - Period 3 Part 3 Final v1.0",Pre-dose Vital Signs Standing: Vital Signs Findings #1 PRE-DOSE - Vital Sign Findings,369
"S_QSC302573, 05d - Period 3 Part 3 Final v1.0",applicable),370
"S_QSC302573, 05d - Period 3 Part 3 Final v1.0",Staff Initials,370
"S_QSC302573, 05d - Period 3 Part 3 Final v1.0",Comment,370
"S_QSC302573, 05d - Period 3 Part 3 Final v1.0",Exposure: Dosing Eligibility Continues #1 I confirm that the participant continues to be eligible to participate in this clinical study.,370
"S_QSC302573, 05d - Period 3 Part 3 Final v1.0",Exposure x: Prandial state #1 Prandial state,370
"S_QSC302573, 05d - Period 3 Part 3 Final v1.0",Exposure x: Fasted for 10 hours for Breakfast #1 Has the participant fasted for 10 hours prior to breakfast?,370
"S_QSC302573, 05d - Period 3 Part 3 Final v1.0",Meals: Amount Consumed (Breakfast) #1 Total amount of breakfast consumed,371
"S_QSC302573, 05d - Period 3 Part 3 Final v1.0",Staff Initials,371
"S_QSC302573, 05d - Period 3 Part 3 Final v1.0",Comment,371
"S_QSC302573, 05d - Period 3 Part 3 Final v1.0",Meals: Not eaten #1 Please describe what was not eaten,371
"S_QSC302573, 05d - Period 3 Part 3 Final v1.0",Meals: PI Check #1 PI to authorise. Full meal must be consumed within 20 minutes to proceed with dosing.,371
"S_QSC302573, 05d - Period 3 Part 3 Final v1.0","Exposure: Volunteer ID Check #1 Check the Volunteer ID in eSource matches the volunteer (Initials, DOB and Photographic ID)",371
"S_QSC302573, 05d - Period 3 Part 3 Final v1.0",Exposure: Participant Number Check #1 Check the participant number in eSource matches the Instruction to Dispense and Dose,372
"S_QSC302573, 05d - Period 3 Part 3 Final v1.0",Staff Initials,372
"S_QSC302573, 05d - Period 3 Part 3 Final v1.0",Comment,372
"S_QSC302573, 05d - Period 3 Part 3 Final v1.0",Exposure: Has the participant refrained from water #1 Has the participant refrained from drinking water for at least 1 hour prior to dosing?,372
"S_QSC302573, 05d - Period 3 Part 3 Final v1.0",Exposure: Fasted for 10 hours for Dosing #1 Has the participant fasted for 10 hours prior to dosing?,372
"S_QSC302573, 05d - Period 3 Part 3 Final v1.0","Exposure: Consumed breakfast #1 Has the participant consumed breakfast per the protocol requirements, over 20 minutes and the full meal?",372
"S_QSC302573, 05d - Period 3 Part 3 Final v1.0",Exposure: Predose Procedure Check #1 Have all required pre dose procedures been completed?,373
"S_QSC302573, 05d - Period 3 Part 3 Final v1.0",Staff Initials,373
"S_QSC302573, 05d - Period 3 Part 3 Final v1.0",Comment,373
"S_QSC302573, 05d - Period 3 Part 3 Final v1.0",Exposure: Dose Eligibility Check #1 Is the participant eligible to dose?,373
"S_QSC302573, 05d - Period 3 Part 3 Final v1.0",Enter the product details,374
"S_QSC302573, 05d - Period 3 Part 3 Final v1.0",Staff Initials,374
"S_QSC302573, 05d - Period 3 Part 3 Final v1.0",Comment,374
"S_QSC302573, 05d - Period 3 Part 3 Final v1.0",Exposure: Product label check #1 Does the Product label match the Instruction to Dispense and Dose?,374
"S_QSC302573, 05d - Period 3 Part 3 Final v1.0","Exposure: Final Check #1 Final check performed (5 R’s of dosing, Jones 2009 – right participant, right drug, right dose, right route, right time)",374
"S_QSC302573, 05d - Period 3 Part 3 Final v1.0",Exposure: Hand and Mouth Check #1 Has a hand and mouth check been performed?,375
"S_QSC302573, 05d - Period 3 Part 3 Final v1.0",Staff Initials,375
"S_QSC302573, 05d - Period 3 Part 3 Final v1.0",Comment,375
"S_QSC302573, 05d - Period 3 Part 3 Final v1.0",Exposure: Reminder to refrain from water #1 Has the participant been reminded to refrain from water for 2 hours post-dose?,375
"S_QSC302573, 05d - Period 3 Part 3 Final v1.0","Due to the unavailability of phototoxic data, participants will be advised to minimize exposure to sunlight by spending a reduced amount of time outdoors/remaining inside the clinical unit during the residential periods of the study wearing sunglasses and clothing that minimizes exposure to sunlight and using sun cream on exposed areas when going outdoors. They will also be advised not to use sunbeds.",375
"S_QSC302573, 05d - Period 3 Part 3 Final v1.0",Confirm dosing is complete (Operator to complete (switch user)),376
"S_QSC302573, 05d - Period 3 Part 3 Final v1.0",Staff Initials,376
"S_QSC302573, 05d - Period 3 Part 3 Final v1.0",Comment,376
"S_QSC302573, 05d - Period 3 Part 3 Final v1.0",System: Available #1 What is the status of the subject?,376
"S_QSC302573, 05d - Period 3 Part 3 Final v1.0",AE/CM Surveys: AE/CM Check #2 Confirm an AE and Conmed check has been performed (Record any AE and Conmeds if applicable),376
"S_QSC302573, 05d - Period 3 Part 3 Final v1.0",AE/CM Surveys: AE/CM Check #3 Confirm an AE and Conmed check has been performed (Record any AE and Conmeds if applicable),376
"S_QSC302573, 05d - Period 3 Part 3 Final v1.0",Stanford Sleepiness Scale Questionnaire - Date and Time (Transcribe from paper source workbook),377
"S_QSC302573, 05d - Period 3 Part 3 Final v1.0",Staff Initials,377
"S_QSC302573, 05d - Period 3 Part 3 Final v1.0",Comment,377
"S_QSC302573, 05d - Period 3 Part 3 Final v1.0",Stanford Sleepiness Scale: Degree of Sleepiness #1 Degree of Sleepiness,377
"S_QSC302573, 05d - Period 3 Part 3 Final v1.0",ECG: ECG Rhythm Assess/Interpretation #1 ECG Rhythm assessment and interpretation,378
"S_QSC302573, 05d - Period 3 Part 3 Final v1.0",Staff Initials,378
"S_QSC302573, 05d - Period 3 Part 3 Final v1.0",Comment,378
"S_QSC302573, 05d - Period 3 Part 3 Final v1.0",Was the ECG clinically significant? (Medic to assess),379
"S_QSC302573, 05d - Period 3 Part 3 Final v1.0",Staff Initials,379
"S_QSC302573, 05d - Period 3 Part 3 Final v1.0",Comment,379
"S_QSC302573, 05d - Period 3 Part 3 Final v1.0",ECG: ECG Findings #1 ECG Findings,379
"S_QSC302573, 05d - Period 3 Part 3 Final v1.0","ECG: ECG Findings inc Rhythm #1 ECG Findings, including rhythm assessment",379
"S_QSC302573, 05d - Period 3 Part 3 Final v1.0",ECG Difference: ECG Difference Calculation #1 ECG Difference Calculation - a participant will be withdrawn where there is an increase in QTcF interval of >60 msec from baseline (confirmed following a repeat ECG),379
"S_QSC302573, 05d - Period 3 Part 3 Final v1.0",applicable),380
"S_QSC302573, 05d - Period 3 Part 3 Final v1.0",Staff Initials,380
"S_QSC302573, 05d - Period 3 Part 3 Final v1.0",Comment,380
"S_QSC302573, 05d - Period 3 Part 3 Final v1.0",Exposure: Provided with water #1 Has the participant been provided with water 2 hrs post-dose?,380
"S_QSC302573, 05d - Period 3 Part 3 Final v1.0",Stanford Sleepiness Scale: Stanford Sleepiness Scale Date #2 Stanford Sleepiness Scale Questionnaire - Date and Time (Transcribe from paper source workbook),380
"S_QSC302573, 05d - Period 3 Part 3 Final v1.0",Stanford Sleepiness Scale: Degree of Sleepiness #2 Degree of Sleepiness,380
"S_QSC302573, 05d - Period 3 Part 3 Final v1.0","Targeted Physical Examination Findings: Require Targeted PE? #1 Targeted Physical Examination: Does the participant require a targeted physical examination? (If yes, please specify the reason)",381
"S_QSC302573, 05d - Period 3 Part 3 Final v1.0",Staff Initials,381
"S_QSC302573, 05d - Period 3 Part 3 Final v1.0",Comment,381
"S_QSC302573, 05d - Period 3 Part 3 Final v1.0",Yes (Specify) (50 char. max.) (Activates Line,381
"S_QSC302573, 05d - Period 3 Part 3 Final v1.0","Targeted Physical Examination Findings: Any clinically significant abnormal findings? #1 If yes, were there any clinically significant abnormal findings?",381
"S_QSC302573, 05d - Period 3 Part 3 Final v1.0",Targeted Physical Examination Findings: Physical Examination Category #1 Physical Examination Category,381
"S_QSC302573, 05d - Period 3 Part 3 Final v1.0",Targeted Physical Examination Findings: Findings #1 Detailed findings of Physical Examination,382
"S_QSC302573, 05d - Period 3 Part 3 Final v1.0",Staff Initials,382
"S_QSC302573, 05d - Period 3 Part 3 Final v1.0",Comment,382
"S_QSC302573, 05d - Period 3 Part 3 Final v1.0","Targeted Neurological Examination: Does the participant require a targeted neurological examination? (If yes, please specify the reason)",383
"S_QSC302573, 05d - Period 3 Part 3 Final v1.0",Staff Initials,383
"S_QSC302573, 05d - Period 3 Part 3 Final v1.0",Comment,383
"S_QSC302573, 05d - Period 3 Part 3 Final v1.0",Yes (Specify) (50 char. max.) (Activates Line,383
"S_QSC302573, 05d - Period 3 Part 3 Final v1.0","Targeted Neurological Examination: Any clinically significant abnormal findings? #1 If yes, were there any clinically significant abnormal findings?",383
"S_QSC302573, 05d - Period 3 Part 3 Final v1.0",Targeted Neurological Examination: Neurological Examination Category #1 Targeted Neurological Examination Category,383
"S_QSC302573, 05d - Period 3 Part 3 Final v1.0",Targeted Neurological Examination: Findings #1 Detailed findings of Targeted Neurological Examination,384
"S_QSC302573, 05d - Period 3 Part 3 Final v1.0",Staff Initials,384
"S_QSC302573, 05d - Period 3 Part 3 Final v1.0",Comment,384
"S_QSC302573, 05d - Period 3 Part 3 Final v1.0",Vital Signs: Vital Signs Supine Full Set #1 Vital Signs (Supine for at least 3 minutes),384
"S_QSC302573, 05d - Period 3 Part 3 Final v1.0",Clinical Assessment of Vital Signs (Medic or Nurse to assess vital signs),385
"S_QSC302573, 05d - Period 3 Part 3 Final v1.0",Staff Initials,385
"S_QSC302573, 05d - Period 3 Part 3 Final v1.0",Comment,385
"S_QSC302573, 05d - Period 3 Part 3 Final v1.0",Vital Signs: Vital Signs Findings #1 Vital Sign Findings,385
"S_QSC302573, 05d - Period 3 Part 3 Final v1.0",Vital Signs Standing: Vital Signs Standing BP and HR #1 Vital Signs Standing BP and HR (Standing for at least 3 minutes),385
"S_QSC302573, 05d - Period 3 Part 3 Final v1.0",Is there a drop in SYSTOLIC BP from supine to standing?,386
"S_QSC302573, 05d - Period 3 Part 3 Final v1.0",Staff Initials,386
"S_QSC302573, 05d - Period 3 Part 3 Final v1.0",Comment,386
"S_QSC302573, 05d - Period 3 Part 3 Final v1.0",Vital Signs Standing 2: Drop in DBP from Supine to Standing #1 Is there a drop in DIASTOLIC BP from supine to standing?,386
"S_QSC302573, 05d - Period 3 Part 3 Final v1.0",Vital Signs Difference: Vital Signs Calculation BP and HR #1 Vital Signs Difference for SYSTOLIC Drop,386
"S_QSC302573, 05d - Period 3 Part 3 Final v1.0",Vital Signs Difference: Vital Signs Calculation BP and HR 2 #1 Vital Signs Difference for DIASTOLIC Drop,386
"S_QSC302573, 05d - Period 3 Part 3 Final v1.0",Vital Signs Standing: Vital Signs Findings #1 Vital Sign Findings,387
"S_QSC302573, 05d - Period 3 Part 3 Final v1.0",Staff Initials,387
"S_QSC302573, 05d - Period 3 Part 3 Final v1.0",Comment,387
"S_QSC302573, 05d - Period 3 Part 3 Final v1.0",AE/CM Surveys: AE/CM Check #5 Confirm an AE and Conmed check has been performed (Record any AE and Conmeds if applicable),387
"S_QSC302573, 05d - Period 3 Part 3 Final v1.0",Meals: Confirm Lunch #1 Confirm Lunch Provided,387
"S_QSC302573, 05d - Period 3 Part 3 Final v1.0",AE/CM Surveys: AE/CM Check #6 Confirm an AE and Conmed check has been performed (Record any AE and Conmeds if applicable),388
"S_QSC302573, 05d - Period 3 Part 3 Final v1.0",Staff Initials,388
"S_QSC302573, 05d - Period 3 Part 3 Final v1.0",Comment,388
"S_QSC302573, 05d - Period 3 Part 3 Final v1.0",AE/CM Surveys: AE/CM Check #7 Confirm an AE and Conmed check has been performed (Record any AE and Conmeds if applicable),388
"S_QSC302573, 05d - Period 3 Part 3 Final v1.0",AE/CM Surveys: AE/CM Check #8 Confirm an AE and Conmed check has been performed (Record any AE and Conmeds if applicable),388
"S_QSC302573, 05d - Period 3 Part 3 Final v1.0",Vital Signs: Clinical Significance #2 Clinical Assessment of Vital Signs (Medic or Nurse to assess vital signs),389
"S_QSC302573, 05d - Period 3 Part 3 Final v1.0",Staff Initials,389
"S_QSC302573, 05d - Period 3 Part 3 Final v1.0",Comment,389
"S_QSC302573, 05d - Period 3 Part 3 Final v1.0",Vital Signs: Vital Signs Findings #2 Vital Sign Findings,389
"S_QSC302573, 05d - Period 3 Part 3 Final v1.0",Vital Signs Standing: Drop in SBP from Supine to Standing #2 Is there a drop in SYSTOLIC BP from supine to standing?,390
"S_QSC302573, 05d - Period 3 Part 3 Final v1.0",Staff Initials,390
"S_QSC302573, 05d - Period 3 Part 3 Final v1.0",Comment,390
"S_QSC302573, 05d - Period 3 Part 3 Final v1.0",Vital Signs Standing 2: Drop in DBP from Supine to Standing #2 Is there a drop in DIASTOLIC BP from supine to standing?,390
"S_QSC302573, 05d - Period 3 Part 3 Final v1.0",Vital Signs Difference: Vital Signs Calculation BP and HR #2 Vital Signs Difference for SYSTOLIC Drop,390
"S_QSC302573, 05d - Period 3 Part 3 Final v1.0",Vital Signs Difference for DIASTOLIC Drop,391
"S_QSC302573, 05d - Period 3 Part 3 Final v1.0",Staff Initials,391
"S_QSC302573, 05d - Period 3 Part 3 Final v1.0",Comment,391
"S_QSC302573, 05d - Period 3 Part 3 Final v1.0",Vital Signs Standing: Clinical Significance #2 Clinical Assessment of Standing Vital Signs (Medic or Nurse to assess vital signs),391
"S_QSC302573, 05d - Period 3 Part 3 Final v1.0",Vital Signs Standing: Vital Signs Findings #2 Vital Sign Findings,391
"S_QSC302573, 05d - Period 3 Part 3 Final v1.0",AE/CM Surveys: AE/CM Check #9 Confirm an AE and Conmed check has been performed (Record any AE and Conmeds if applicable),391
"S_QSC302573, 05d - Period 3 Part 3 Final v1.0",Stanford Sleepiness Scale Questionnaire - Date and Time (Transcribe from paper source workbook),392
"S_QSC302573, 05d - Period 3 Part 3 Final v1.0",Staff Initials,392
"S_QSC302573, 05d - Period 3 Part 3 Final v1.0",Comment,392
"S_QSC302573, 05d - Period 3 Part 3 Final v1.0",Stanford Sleepiness Scale: Degree of Sleepiness #3 Degree of Sleepiness,392
"S_QSC302573, 05d - Period 3 Part 3 Final v1.0",Confirm an AE and Conmed check has been performed (Record any AE and Conmeds if applicable),393
"S_QSC302573, 05d - Period 3 Part 3 Final v1.0",Staff Initials,393
"S_QSC302573, 05d - Period 3 Part 3 Final v1.0",Comment,393
"S_QSC302573, 05d - Period 3 Part 3 Final v1.0",Vital Signs: Vital Signs Supine Full Set #3 Vital Signs (Supine for at least 3 minutes),393
"S_QSC302573, 05d - Period 3 Part 3 Final v1.0",Vital Signs: Clinical Significance #3 Clinical Assessment of Vital Signs (Medic or Nurse to assess vital signs),393
"S_QSC302573, 05d - Period 3 Part 3 Final v1.0",Vital Sign Findings,394
"S_QSC302573, 05d - Period 3 Part 3 Final v1.0",Staff Initials,394
"S_QSC302573, 05d - Period 3 Part 3 Final v1.0",Comment,394
"S_QSC302573, 05d - Period 3 Part 3 Final v1.0",Vital Signs Standing: Vital Signs Standing BP and HR #3 Vital Signs Standing BP and HR (Standing for at least 3 minutes),394
"S_QSC302573, 05d - Period 3 Part 3 Final v1.0",Vital Signs Standing: Drop in SBP from Supine to Standing #3 Is there a drop in SYSTOLIC BP from supine to standing?,394
"S_QSC302573, 05d - Period 3 Part 3 Final v1.0",Vital Signs Standing 2: Drop in DBP from Supine to Standing #3 Is there a drop in DIASTOLIC BP from supine to standing?,394
"S_QSC302573, 05d - Period 3 Part 3 Final v1.0",Vital Signs Difference for SYSTOLIC Drop,395
"S_QSC302573, 05d - Period 3 Part 3 Final v1.0",Staff Initials,395
"S_QSC302573, 05d - Period 3 Part 3 Final v1.0",Comment,395
"S_QSC302573, 05d - Period 3 Part 3 Final v1.0",Vital Signs Difference: Vital Signs Calculation BP and HR 2 #3 Vital Signs Difference for DIASTOLIC Drop,395
"S_QSC302573, 05d - Period 3 Part 3 Final v1.0",Vital Signs Standing: Clinical Significance #3 Clinical Assessment of Standing Vital Signs (Medic or Nurse to assess vital signs),395
"S_QSC302573, 05d - Period 3 Part 3 Final v1.0",Vital Signs Standing: Vital Signs Findings #3 Vital Sign Findings,395
"S_QSC302573, 05d - Period 3 Part 3 Final v1.0",AE/CM Surveys: AE/CM Check #11 Confirm an AE and Conmed check has been performed (Record any AE and Conmeds if applicable),396
"S_QSC302573, 05d - Period 3 Part 3 Final v1.0",Staff Initials,396
"S_QSC302573, 05d - Period 3 Part 3 Final v1.0",Comment,396
"S_QSC302573, 05d - Period 3 Part 3 Final v1.0",Meals: Confirm Dinner #1 Confirm Dinner Provided,396
"S_QSC302573, 05d - Period 3 Part 3 Final v1.0","Exclude if - QT interval corrected for heart rate using Fridericia’s formula (QTcF) >450 msec for male participants or >470 msec for female participants, QRS interval >120 msec, or PR interval >200 msec. (Supine for a minimum 3 minutes)",396
"S_QSC302573, 05d - Period 3 Part 3 Final v1.0",ECG: ECG Rhythm Assess/Interpretation #2 ECG Rhythm assessment and interpretation,397
"S_QSC302573, 05d - Period 3 Part 3 Final v1.0",Staff Initials,397
"S_QSC302573, 05d - Period 3 Part 3 Final v1.0",Comment,397
"S_QSC302573, 05d - Period 3 Part 3 Final v1.0",ECG: ECG Significance #2 Was the ECG clinically significant? (Medic to assess),397
"S_QSC302573, 05d - Period 3 Part 3 Final v1.0",ECG: ECG Findings #2 ECG Findings,397
"S_QSC302573, 05d - Period 3 Part 3 Final v1.0",ECG Difference: ECG Difference Calculation #2 ECG Difference Calculation - a participant will be withdrawn where there is an increase in QTcF interval of >60 msec from baseline (confirmed following a repeat ECG),398
"S_QSC302573, 05d - Period 3 Part 3 Final v1.0",Staff Initials,398
"S_QSC302573, 05d - Period 3 Part 3 Final v1.0",Comment,398
"S_QSC302573, 05d - Period 3 Part 3 Final v1.0",Vital Signs: Vital Signs Supine Full Set #4 Vital Signs (Supine for at least 3 minutes),398
"S_QSC302573, 05d - Period 3 Part 3 Final v1.0",Clinical Assessment of Vital Signs (Medic or Nurse to assess vital signs),399
"S_QSC302573, 05d - Period 3 Part 3 Final v1.0",Staff Initials,399
"S_QSC302573, 05d - Period 3 Part 3 Final v1.0",Comment,399
"S_QSC302573, 05d - Period 3 Part 3 Final v1.0",Vital Signs: Vital Signs Findings #4 Vital Sign Findings,399
"S_QSC302573, 05d - Period 3 Part 3 Final v1.0",Vital Signs Standing: Vital Signs Standing BP and HR #4 Vital Signs Standing BP and HR (Standing for at least 3 minutes),399
"S_QSC302573, 05d - Period 3 Part 3 Final v1.0",Is there a drop in SYSTOLIC BP from supine to standing?,400
"S_QSC302573, 05d - Period 3 Part 3 Final v1.0",Staff Initials,400
"S_QSC302573, 05d - Period 3 Part 3 Final v1.0",Comment,400
"S_QSC302573, 05d - Period 3 Part 3 Final v1.0",Vital Signs Standing 2: Drop in DBP from Supine to Standing #4 Is there a drop in DIASTOLIC BP from supine to standing?,400
"S_QSC302573, 05d - Period 3 Part 3 Final v1.0",Vital Signs Difference: Vital Signs Calculation BP and HR #4 Vital Signs Difference for SYSTOLIC Drop,400
"S_QSC302573, 05d - Period 3 Part 3 Final v1.0",Vital Signs Difference: Vital Signs Calculation BP and HR 2 #4 Vital Signs Difference for DIASTOLIC Drop,400
"S_QSC302573, 05d - Period 3 Part 3 Final v1.0",Vital Signs Standing: Vital Signs Findings #4 Vital Sign Findings,401
"S_QSC302573, 05d - Period 3 Part 3 Final v1.0",Staff Initials,401
"S_QSC302573, 05d - Period 3 Part 3 Final v1.0",Comment,401
"S_QSC302573, 05d - Period 3 Part 3 Final v1.0",AE/CM Surveys: AE/CM Check #12 Confirm an AE and Conmed check has been performed (Record any AE and Conmeds if applicable),401
"S_QSC302573, 05d - Period 3 Part 3 Final v1.0",Stanford Sleepiness Scale: Stanford Sleepiness Scale Date #4 Stanford Sleepiness Scale Questionnaire - Date and Time (Transcribe from paper source workbook),401
"S_QSC302573, 05d - Period 3 Part 3 Final v1.0",Meals: Confirm Snack #1 Confirm Evening Snack Provided,402
"S_QSC302573, 05d - Period 3 Part 3 Final v1.0",Staff Initials,402
"S_QSC302573, 05d - Period 3 Part 3 Final v1.0",Comment,402
"S_QSC302573, 05d - Period 3 Part 3 Final v1.0",Confirm an AE and Conmed check has been performed (Record any AE and Conmeds if applicable),403
"S_QSC302573, 05d - Period 3 Part 3 Final v1.0",Staff Initials,403
"S_QSC302573, 05d - Period 3 Part 3 Final v1.0",Comment,403
"S_QSC302573, 05d - Period 3 Part 3 Final v1.0","Urinalysis: Bilirubin #1 What was the bilirubin result? If any positive result, inform medic/PI. (Perform urinalysis and read results)",403
"S_QSC302573, 05d - Period 3 Part 3 Final v1.0","What was the urobilinogen result? If any positive result, inform medic/PI. (Perform urinalysis and read results)",404
"S_QSC302573, 05d - Period 3 Part 3 Final v1.0",Staff Initials,404
"S_QSC302573, 05d - Period 3 Part 3 Final v1.0",Comment,404
"S_QSC302573, 05d - Period 3 Part 3 Final v1.0","Urinalysis: Ketones #1 What was the ketone result? If any positive result, inform medic/PI. (Perform urinalysis and read results)",404
"S_QSC302573, 05d - Period 3 Part 3 Final v1.0","Urinalysis: Glucose #1 What was the glucose result? If any positive result, inform medic/PI. (Perform urinalysis and read results)",404
"S_QSC302573, 05d - Period 3 Part 3 Final v1.0","IF PROTEIN ≥ 30mg/dl: Repeat urinalysis as soon as possible, ensuring a clean catch specimen. If protein remains ≥ 30mg/dl on repeat, then inform PI/medic. (Perform urinalysis and read results)",405
"S_QSC302573, 05d - Period 3 Part 3 Final v1.0",Staff Initials,405
"S_QSC302573, 05d - Period 3 Part 3 Final v1.0",Comment,405
"S_QSC302573, 05d - Period 3 Part 3 Final v1.0",Urinalysis: Blood #1 What was the blood result? (Perform urinalysis and read results),405
"S_QSC302573, 05d - Period 3 Part 3 Final v1.0",Urinalysis: Nitrite #1 What was the nitrite result? (Perform urinalysis and read results),406
"S_QSC302573, 05d - Period 3 Part 3 Final v1.0",Staff Initials,406
"S_QSC302573, 05d - Period 3 Part 3 Final v1.0",Comment,406
"S_QSC302573, 05d - Period 3 Part 3 Final v1.0",Urinalysis: pH #1 Record pH value (Perform urinalysis and read results),406
"S_QSC302573, 05d - Period 3 Part 3 Final v1.0",Urinalysis: Specific Gravity #1 Record specific gravity of sample (Perform urinalysis and read results),407
"S_QSC302573, 05d - Period 3 Part 3 Final v1.0",Staff Initials,407
"S_QSC302573, 05d - Period 3 Part 3 Final v1.0",Comment,407
"S_QSC302573, 05d - Period 3 Part 3 Final v1.0",What was the leukocyte result? (Perform urinalysis and read results),408
"S_QSC302573, 05d - Period 3 Part 3 Final v1.0",Staff Initials,408
"S_QSC302573, 05d - Period 3 Part 3 Final v1.0",Comment,408
"S_QSC302573, 05d - Period 3 Part 3 Final v1.0","Urinalysis: Participant menstruating #1 Is participant female and menstruating? (If 'Yes', DO NOT send sample for Microscopy. If 'No', send sample for Microscopy)",408
"S_QSC302573, 05d - Period 3 Part 3 Final v1.0",Urinalysis: Send for microscopy #1 Confirm sample sent for microscopy (Complete associated paperwork),408
"S_QSC302573, 05d - Period 3 Part 3 Final v1.0",Has urinalysis been repeated as soon as possible with a clean catch specimen? Ensure events are repeated to capture this data.,409
"S_QSC302573, 05d - Period 3 Part 3 Final v1.0",Staff Initials,409
"S_QSC302573, 05d - Period 3 Part 3 Final v1.0",Comment,409
"S_QSC302573, 05d - Period 3 Part 3 Final v1.0",Urinalysis: TDL Form Check #1 Confirm TDL form completed:,409
"S_QSC302573, 05d - Period 3 Part 3 Final v1.0",Urinalysis: Urinalysis Medic Assessment #1 Has there been a medic review of the Microscopy results?,409
"S_QSC302573, 05d - Period 3 Part 3 Final v1.0","Exclude if - QT interval corrected for heart rate using Fridericia’s formula (QTcF) >450 msec for male participants or >470 msec for female participants, QRS interval >120 msec, or PR interval >200 msec. (Supine for a minimum 3 minutes)",410
"S_QSC302573, 05d - Period 3 Part 3 Final v1.0",Staff Initials,410
"S_QSC302573, 05d - Period 3 Part 3 Final v1.0",Comment,410
"S_QSC302573, 05d - Period 3 Part 3 Final v1.0",ECG: ECG Rhythm Assess/Interpretation #3 ECG Rhythm assessment and interpretation,410
"S_QSC302573, 05d - Period 3 Part 3 Final v1.0",ECG: ECG Findings #3 ECG Findings,411
"S_QSC302573, 05d - Period 3 Part 3 Final v1.0",Staff Initials,411
"S_QSC302573, 05d - Period 3 Part 3 Final v1.0",Comment,411
"S_QSC302573, 05d - Period 3 Part 3 Final v1.0","ECG: ECG Findings inc Rhythm #3 ECG Findings, including rhythm assessment",411
"S_QSC302573, 05d - Period 3 Part 3 Final v1.0",ECG Difference: ECG Difference Calculation #3 ECG Difference Calculation - a participant will be withdrawn where there is an increase in QTcF interval of >60 msec from baseline (confirmed following a repeat ECG),411
"S_QSC302573, 05d - Period 3 Part 3 Final v1.0",Vital Signs: Vital Signs Supine Full Set #5 Vital Signs (Supine for at least 3 minutes),411
"S_QSC302573, 05d - Period 3 Part 3 Final v1.0",Vital Signs: Clinical Significance #5 Clinical Assessment of Vital Signs (Medic or Nurse to assess vital signs),412
"S_QSC302573, 05d - Period 3 Part 3 Final v1.0",Staff Initials,412
"S_QSC302573, 05d - Period 3 Part 3 Final v1.0",Comment,412
"S_QSC302573, 05d - Period 3 Part 3 Final v1.0",Vital Signs: Vital Signs Findings #5 Vital Sign Findings,412
"S_QSC302573, 05d - Period 3 Part 3 Final v1.0",Vital Signs Standing BP and HR (Standing for at least 3 minutes),413
"S_QSC302573, 05d - Period 3 Part 3 Final v1.0",Staff Initials,413
"S_QSC302573, 05d - Period 3 Part 3 Final v1.0",Comment,413
"S_QSC302573, 05d - Period 3 Part 3 Final v1.0",Vital Signs Standing: Drop in SBP from Supine to Standing #5 Is there a drop in SYSTOLIC BP from supine to standing?,413
"S_QSC302573, 05d - Period 3 Part 3 Final v1.0",Vital Signs Standing 2: Drop in DBP from Supine to Standing #5 Is there a drop in DIASTOLIC BP from supine to standing?,413
"S_QSC302573, 05d - Period 3 Part 3 Final v1.0",Vital Signs Difference: Vital Signs Calculation BP and HR #5 Vital Signs Difference for SYSTOLIC Drop,413
"S_QSC302573, 05d - Period 3 Part 3 Final v1.0",Vital Signs Difference for DIASTOLIC Drop,414
"S_QSC302573, 05d - Period 3 Part 3 Final v1.0",Staff Initials,414
"S_QSC302573, 05d - Period 3 Part 3 Final v1.0",Comment,414
"S_QSC302573, 05d - Period 3 Part 3 Final v1.0",Vital Signs Standing: Clinical Significance #5 Clinical Assessment of Standing Vital Signs (Medic or Nurse to assess vital signs),414
"S_QSC302573, 05d - Period 3 Part 3 Final v1.0",Vital Signs Standing: Vital Signs Findings #5 Vital Sign Findings,414
"S_QSC302573, 05d - Period 3 Part 3 Final v1.0",Safety: Fasted #1 Has the participant fasted for 8 hours?,414
"S_QSC302573, 05d - Period 3 Part 3 Final v1.0",Safety: Haematology Medic Assessment #1 Has there been a medic review of the Haematology blood results?,415
"S_QSC302573, 05d - Period 3 Part 3 Final v1.0",Staff Initials,415
"S_QSC302573, 05d - Period 3 Part 3 Final v1.0",Comment,415
"S_QSC302573, 05d - Period 3 Part 3 Final v1.0",Safety: Chemistry Medic Assessment #1 Has there been a medic review of the Clinical Chemistry blood results?,415
"S_QSC302573, 05d - Period 3 Part 3 Final v1.0",Confirm TDL form completed:,416
"S_QSC302573, 05d - Period 3 Part 3 Final v1.0",Staff Initials,416
"S_QSC302573, 05d - Period 3 Part 3 Final v1.0",Comment,416
"S_QSC302573, 05d - Period 3 Part 3 Final v1.0",AE/CM Surveys: AE/CM Check #14 Confirm an AE and Conmed check has been performed (Record any AE and Conmeds if applicable),416
"S_QSC302573, 05d - Period 3 Part 3 Final v1.0",Stanford Sleepiness Scale: Stanford Sleepiness Scale Date #5 Stanford Sleepiness Scale Questionnaire - Date and Time (Transcribe from paper source workbook),416
"S_QSC302573, 05d - Period 3 Part 3 Final v1.0",AE/CM Surveys: AE/CM Check #15 Confirm an AE and Conmed check has been performed (Record any AE and Conmeds if applicable),417
"S_QSC302573, 05d - Period 3 Part 3 Final v1.0",Staff Initials,417
"S_QSC302573, 05d - Period 3 Part 3 Final v1.0",Comment,417
"S_QSC302573, 05d - Period 3 Part 3 Final v1.0",applicable),418
"S_QSC302573, 05d - Period 3 Part 3 Final v1.0",Staff Initials,418
"S_QSC302573, 05d - Period 3 Part 3 Final v1.0",Comment,418
"S_QSC302573, 05d - Period 3 Part 3 Final v1.0",Vital Signs: Vital Signs Supine Full Set #6 Vital Signs (Supine for at least 3 minutes),418
"S_QSC302573, 05d - Period 3 Part 3 Final v1.0",Vital Signs: Clinical Significance #6 Clinical Assessment of Vital Signs (Medic or Nurse to assess vital signs),418
"S_QSC302573, 05d - Period 3 Part 3 Final v1.0",Vital Sign Findings,419
"S_QSC302573, 05d - Period 3 Part 3 Final v1.0",Staff Initials,419
"S_QSC302573, 05d - Period 3 Part 3 Final v1.0",Comment,419
"S_QSC302573, 05d - Period 3 Part 3 Final v1.0",Vital Signs Standing: Vital Signs Standing BP and HR #6 Vital Signs Standing BP and HR (Standing for at least 3 minutes),419
"S_QSC302573, 05d - Period 3 Part 3 Final v1.0",Vital Signs Standing: Drop in SBP from Supine to Standing #6 Is there a drop in SYSTOLIC BP from supine to standing?,419
"S_QSC302573, 05d - Period 3 Part 3 Final v1.0",Vital Signs Standing 2: Drop in DBP from Supine to Standing #6 Is there a drop in DIASTOLIC BP from supine to standing?,419
"S_QSC302573, 05d - Period 3 Part 3 Final v1.0",Vital Signs Difference for SYSTOLIC Drop,420
"S_QSC302573, 05d - Period 3 Part 3 Final v1.0",Staff Initials,420
"S_QSC302573, 05d - Period 3 Part 3 Final v1.0",Comment,420
"S_QSC302573, 05d - Period 3 Part 3 Final v1.0",Vital Signs Difference: Vital Signs Calculation BP and HR 2 #6 Vital Signs Difference for DIASTOLIC Drop,420
"S_QSC302573, 05d - Period 3 Part 3 Final v1.0",Vital Signs Standing: Clinical Significance #6 Clinical Assessment of Standing Vital Signs (Medic or Nurse to assess vital signs),420
"S_QSC302573, 05d - Period 3 Part 3 Final v1.0",Vital Signs Standing: Vital Signs Findings #6 Vital Sign Findings,420
"S_QSC302573, 05d - Period 3 Part 3 Final v1.0",AE/CM Surveys: AE/CM Check #17 Confirm an AE and Conmed check has been performed (Record any AE and Conmeds if applicable),421
"S_QSC302573, 05d - Period 3 Part 3 Final v1.0",Staff Initials,421
"S_QSC302573, 05d - Period 3 Part 3 Final v1.0",Comment,421
"S_QSC302573, 05d - Period 3 Part 3 Final v1.0",C-SSRS Assessment: Date of Assessment #1 C-SSRS Questionnaire - Date and Time (Transcribe from C-SSRS paper source workbook),421
"S_QSC302573, 05d - Period 3 Part 3 Final v1.0","Subject endorses thoughts about a wish to be dead or not alive anymore, or a wish to fall asleep and not wake up. (Have you wished you were dead or wished you could go to sleep and not wake up?)",421
"S_QSC302573, 05d - Period 3 Part 3 Final v1.0","Yes (Specify) (500 char. max.) (Activates Line 215, 212, 213, 214, 217, 216)",421
"S_QSC302573, 05d - Period 3 Part 3 Final v1.0","General non-specific thoughts of wanting to end one's life / commit suicide (e.g. ""I've thought about killing myself"") without thoughts of ways to kill oneself / associated methods, intent, or plan during the assessment period. (Have you actually had any thoughts of killing yourself?)",422
"S_QSC302573, 05d - Period 3 Part 3 Final v1.0",Staff Initials,422
"S_QSC302573, 05d - Period 3 Part 3 Final v1.0",Comment,422
"S_QSC302573, 05d - Period 3 Part 3 Final v1.0","Yes (Specify) (500 char. max.) (Activates Line 215, 209, 210, 212, 213, 211, 214, 217, 216)",422
"S_QSC302573, 05d - Period 3 Part 3 Final v1.0","Subject endorses thoughts of suicide and has thought of at least one method during the assessment period. This is different from a specific plan with time, place or method details worked out (e.g. thought of method to kill self but not a specific plan). Includes person who would say, ""I thought about taking an overdose but I never made a specific plan as to when, where or how I would actually do it… and I would never go through with it"". (Have you been thinking about how you might do this?)",422
"S_QSC302573, 05d - Period 3 Part 3 Final v1.0","Active suicidal thoughts of killing oneself and subject reports having some intent to act on such thoughts, as opposed to ""I have the thoughts but I definitely will not do anything about them"". (Have you had these thoughts and had some intention of acting on them?)",422
"S_QSC302573, 05d - Period 3 Part 3 Final v1.0",Thoughts of killing oneself with details of plan fully or partially worked out and subject has some intent to carry it out. (Have you started to work out or worked out the details of how to kill yourself? Do you intend to carry out this plan?),423
"S_QSC302573, 05d - Period 3 Part 3 Final v1.0",Staff Initials,423
"S_QSC302573, 05d - Period 3 Part 3 Final v1.0",Comment,423
"S_QSC302573, 05d - Period 3 Part 3 Final v1.0","The following feature should be rated with respect to the most severe type of ideation (i.e. 1-5 from above, with 1 being the least severe and 5 being the most severe). Ask about time he/she was feeling the most suicidal.",423
"S_QSC302573, 05d - Period 3 Part 3 Final v1.0",(How many times have you had these thoughts?),424
"S_QSC302573, 05d - Period 3 Part 3 Final v1.0",Staff Initials,424
"S_QSC302573, 05d - Period 3 Part 3 Final v1.0",Comment,424
"S_QSC302573, 05d - Period 3 Part 3 Final v1.0","(When you have the thoughts, how long do they last?)",424
"S_QSC302573, 05d - Period 3 Part 3 Final v1.0","(Are there things - anyone or anything (e.g. family, religion, pain of death) - that stopped you from wanting to die or acting on thoughts of committing suicide?)",425
"S_QSC302573, 05d - Period 3 Part 3 Final v1.0",Staff Initials,425
"S_QSC302573, 05d - Period 3 Part 3 Final v1.0",Comment,425
"S_QSC302573, 05d - Period 3 Part 3 Final v1.0","(What sort of reasons did you have for thinking about wanting to die or killing yourself? Was it to end the pain or stop the way you were feeling (in other words you couldn't go on living with this pain or how you were feeling) or was it to get attention, revenge or a reaction from others? Or both?)",426
"S_QSC302573, 05d - Period 3 Part 3 Final v1.0",Staff Initials,426
"S_QSC302573, 05d - Period 3 Part 3 Final v1.0",Comment,426
"S_QSC302573, 05d - Period 3 Part 3 Final v1.0","trying to end your life when you___? Or did you think it was possible you could have died from___?) Or did you do it purely for other reasons / without ANY intention of killing yourself (like to relieve stress, feel better, get sympathy, or get something else to happen)? (Self-Injurious Behaviour without suicidal intent))",427
"S_QSC302573, 05d - Period 3 Part 3 Final v1.0",Staff Initials,427
"S_QSC302573, 05d - Period 3 Part 3 Final v1.0",Comment,427
"S_QSC302573, 05d - Period 3 Part 3 Final v1.0","Yes (Specify) (500 char. max.) (Activates Line 229, 228, 230)",427
"S_QSC302573, 05d - Period 3 Part 3 Final v1.0",C-SSRS Since Last Visit: 12. Total Number of Attempts #1 Total Number of Attempts,427
"S_QSC302573, 05d - Period 3 Part 3 Final v1.0",Has subject engaged in Non-Suicidal Self-Injurious Behaviour (Since Last Visit),428
"S_QSC302573, 05d - Period 3 Part 3 Final v1.0",Staff Initials,428
"S_QSC302573, 05d - Period 3 Part 3 Final v1.0",Comment,428
"S_QSC302573, 05d - Period 3 Part 3 Final v1.0","When the person is interrupted (by an outside circumstance) from starting the potentially self- injurious act (if not for that, actual attempt would have occurred). Overdose: Person has pills in hand but is stopped from ingesting. Once they ingest any pills, this becomes an attempt rather than an interrupted attempt. Shooting: Person has gun pointed towards self, gun is taken away by someone else, or he/she is somehow prevented from pulling trigger. Once they pull the trigger, even if the gun fails to fire, it is an attempt. Jumping: Person is poised to jump, is grabbed and taken down from ledge. Hanging: Person has noose around neck but has not yet started to hang - is stopped from doing so. (Has there been a time when you started to do something to end your life but someone or something stopped you before you actually did anything?)",428
"S_QSC302573, 05d - Period 3 Part 3 Final v1.0",C-SSRS Since Last Visit: 14. Total Number of Interrupted #1 Total Number of Interrupted,428
"S_QSC302573, 05d - Period 3 Part 3 Final v1.0","When person begins to take steps towards making a suicide attempt, but stops themselves before they actually have engaged in any self-destructive behaviour. Examples are similar to interrupted attempts, except that the individual stops him/herself instead of being stopped by something else. (Has there been a time when you started to do something to try to end your life but you stopped yourself before you actually did anything?)",429
"S_QSC302573, 05d - Period 3 Part 3 Final v1.0",Staff Initials,429
"S_QSC302573, 05d - Period 3 Part 3 Final v1.0",Comment,429
"S_QSC302573, 05d - Period 3 Part 3 Final v1.0","Acts or preparation towards imminently making a suicide attempt. This can include anything beyond a verbalisation or thought, such as assembling a specific method (e.g. buying pills, purchasing a gun) or preparing for one's death by suicide (e.g. giving things away, writing a suicide note). (Have you taken any steps towards making a suicide attempt or preparing to kill yourself (such as collecting pills, getting a gun, giving valuables away or writing a suicide note)?)",429
"S_QSC302573, 05d - Period 3 Part 3 Final v1.0","Acts or preparation towards imminently making a suicide attempt. This can include anything beyond a verbalisation or thought, such as assembling a specific method (e.g. buying pills, purchasing a gun) or preparing for one's death by suicide (e.g. giving things away, writing a suicide note). (Have you taken any steps towards making a suicide attempt or preparing to kill yourself (such as collecting pills, getting a gun, giving valuables away or writing a suicide note)?)",430
"S_QSC302573, 05d - Period 3 Part 3 Final v1.0",Staff Initials,430
"S_QSC302573, 05d - Period 3 Part 3 Final v1.0",Comment,430
"S_QSC302573, 05d - Period 3 Part 3 Final v1.0",Suicidal behaviour was present during the assessment period?,430
"S_QSC302573, 05d - Period 3 Part 3 Final v1.0",C-SSRS Since Last Visit: 18. Suicide #1 Suicide (Since Last Visit),430
"S_QSC302573, 05d - Period 3 Part 3 Final v1.0",Most Lethal Attempt Date,431
"S_QSC302573, 05d - Period 3 Part 3 Final v1.0",Staff Initials,431
"S_QSC302573, 05d - Period 3 Part 3 Final v1.0",Comment,431
"S_QSC302573, 05d - Period 3 Part 3 Final v1.0",C-SSRS Since Last Visit: 19. Actual Lethality Most Lethal Attempt #1 Actual Lethality/Medical Damage - Most Lethal Attempt,431
"S_QSC302573, 05d - Period 3 Part 3 Final v1.0",Potential Lethality - Most Lethal Attempt Code (only answer if Actual Lethality = 0),432
"S_QSC302573, 05d - Period 3 Part 3 Final v1.0",Staff Initials,432
"S_QSC302573, 05d - Period 3 Part 3 Final v1.0",Comment,432
"S_QSC302573, 05d - Period 3 Part 3 Final v1.0",Meals: Confirm Snack #2 Confirm Evening Snack Provided,432
"S_QSC302573, 05d - Period 3 Part 3 Final v1.0",Pre-dose Triplicate ECG 1: 12 Lead Standard #1 PRE-DOSE Triplicate ECG 1: 12 Lead Standard ECG (Supine for a minimum 3 minutes),432
"S_QSC302573, 05e - Period 4 Part 3 Final v1.0",Pre-dose Triplicate ECG 1: ECG Rhythm Assess/Interpretation #1 PRE-DOSE Triplicate ECG 1: ECG Rhythm assessment and interpretation,433
"S_QSC302573, 05e - Period 4 Part 3 Final v1.0",Staff Initials,433
"S_QSC302573, 05e - Period 4 Part 3 Final v1.0",Comment,433
"S_QSC302573, 05e - Period 4 Part 3 Final v1.0",Pre-dose Triplicate ECG 1: ECG Significance #1 PRE-DOSE Triplicate ECG 1: Was the ECG clinically significant? (Medic to assess),433
"S_QSC302573, 05e - Period 4 Part 3 Final v1.0",PRE-DOSE Triplicate ECG 1: ECG Findings,434
"S_QSC302573, 05e - Period 4 Part 3 Final v1.0",Staff Initials,434
"S_QSC302573, 05e - Period 4 Part 3 Final v1.0",Comment,434
"S_QSC302573, 05e - Period 4 Part 3 Final v1.0","Pre-dose Triplicate ECG 1: ECG Findings inc Rhythm #1 PRE-DOSE Triplicate ECG 1: ECG Findings, including rhythm assessment",434
"S_QSC302573, 05e - Period 4 Part 3 Final v1.0",Pre-dose Triplicate ECG 2: 12 Lead Standard #1 PRE-DOSE Triplicate ECG 2: 12 Lead Standard ECG (To be performed at least 2 minutes after ECG1),434
"S_QSC302573, 05e - Period 4 Part 3 Final v1.0",Pre-dose Triplicate ECG 2: ECG Significance #1 PRE-DOSE Triplicate ECG 2: Was the ECG clinically significant? (Medic to assess),435
"S_QSC302573, 05e - Period 4 Part 3 Final v1.0",Staff Initials,435
"S_QSC302573, 05e - Period 4 Part 3 Final v1.0",Comment,435
"S_QSC302573, 05e - Period 4 Part 3 Final v1.0",Pre-dose Triplicate ECG 2: ECG Findings #1 PRE-DOSE Triplicate ECG 2: ECG Findings,435
"S_QSC302573, 05e - Period 4 Part 3 Final v1.0","Pre-dose Triplicate ECG 2: ECG Findings inc Rhythm #1 PRE-DOSE Triplicate ECG 2: ECG Findings, including rhythm assessment",435
"S_QSC302573, 05e - Period 4 Part 3 Final v1.0",Pre-dose Triplicate ECG 3: ECG Rhythm Assess/Interpretation #1 PRE-DOSE Triplicate ECG 3: ECG Rhythm assessment and interpretation,436
"S_QSC302573, 05e - Period 4 Part 3 Final v1.0",Staff Initials,436
"S_QSC302573, 05e - Period 4 Part 3 Final v1.0",Comment,436
"S_QSC302573, 05e - Period 4 Part 3 Final v1.0",PRE-DOSE Triplicate ECG 3: Was the ECG clinically significant? (Medic to assess),437
"S_QSC302573, 05e - Period 4 Part 3 Final v1.0",Staff Initials,437
"S_QSC302573, 05e - Period 4 Part 3 Final v1.0",Comment,437
"S_QSC302573, 05e - Period 4 Part 3 Final v1.0",Pre-dose Triplicate ECG 3: ECG Findings #1 PRE-DOSE Triplicate ECG 3: ECG Findings,437
"S_QSC302573, 05e - Period 4 Part 3 Final v1.0","Pre-dose Triplicate ECG 3: ECG Findings inc Rhythm #1 PRE-DOSE Triplicate ECG 3: ECG Findings, including rhythm assessment",437
"S_QSC302573, 05e - Period 4 Part 3 Final v1.0","Withdraw if - QT interval corrected for heart rate using Fridericia’s formula (QTcF) >450 msec for male participants or >470 msec for female participants, QRS interval >120 msec, or PR interval >200 msec",438
"S_QSC302573, 05e - Period 4 Part 3 Final v1.0",Staff Initials,438
"S_QSC302573, 05e - Period 4 Part 3 Final v1.0",Comment,438
"S_QSC302573, 05e - Period 4 Part 3 Final v1.0",ECG Difference: Baseline values #1 Please transcribe the baseline value for QTcF for withdrawal purposes for Period 4 post dose from the mean QTcF above,438
"S_QSC302573, 05e - Period 4 Part 3 Final v1.0",Pre-dose Vital Signs: Vital Signs Supine Full Set #1 PRE-DOSE - Vital Signs (Supine for at least 3 minutes),438
"S_QSC302573, 05e - Period 4 Part 3 Final v1.0",PRE-DOSE - Clinical Assessment of Vital Signs (Medic or Nurse to assess vital signs),439
"S_QSC302573, 05e - Period 4 Part 3 Final v1.0",Staff Initials,439
"S_QSC302573, 05e - Period 4 Part 3 Final v1.0",Comment,439
"S_QSC302573, 05e - Period 4 Part 3 Final v1.0",Pre-dose Vital Signs: Vital Signs Findings #1 PRE-DOSE - Vital Sign Findings,439
"S_QSC302573, 05e - Period 4 Part 3 Final v1.0",Pre-dose Vital Signs Standing: Vital Signs Standing BP and HR #1 PRE-DOSE - Vital Signs (Standing),439
"S_QSC302573, 05e - Period 4 Part 3 Final v1.0",PRE-DOSE - Is there a drop in SYSTOLIC BP from supine to standing?,440
"S_QSC302573, 05e - Period 4 Part 3 Final v1.0",Staff Initials,440
"S_QSC302573, 05e - Period 4 Part 3 Final v1.0",Comment,440
"S_QSC302573, 05e - Period 4 Part 3 Final v1.0",Pre-dose Vital Signs Standing 2: Drop in BP from Supine to Standing #1 PRE-DOSE - Is there a drop in DIASTOLIC BP from supine to standing?,440
"S_QSC302573, 05e - Period 4 Part 3 Final v1.0",Pre-dose Vital Signs Difference: Vital Signs Calculation BP and HR #1 PRE-DOSE - Vital Signs Difference for SYSTOLIC Drop,440
"S_QSC302573, 05e - Period 4 Part 3 Final v1.0",Pre-dose Vital Signs Difference: Vital Signs Calculation BP and HR 2 #1 PRE-DOSE - Vital Signs Difference for DIASTOLIC Drop,440
"S_QSC302573, 05e - Period 4 Part 3 Final v1.0",Pre-dose Vital Signs Standing: Vital Signs Findings #1 PRE-DOSE - Vital Sign Findings,441
"S_QSC302573, 05e - Period 4 Part 3 Final v1.0",Staff Initials,441
"S_QSC302573, 05e - Period 4 Part 3 Final v1.0",Comment,441
"S_QSC302573, 05e - Period 4 Part 3 Final v1.0",AE/CM Surveys: AE/CM Check #1 Confirm an AE and Conmed check has been performed (Record any AE and Conmeds if applicable),441
"S_QSC302573, 05e - Period 4 Part 3 Final v1.0",Exposure: Dosing Eligibility Continues #1 I confirm that the participant continues to be eligible to participate in this clinical study.,441
"S_QSC302573, 05e - Period 4 Part 3 Final v1.0",Exposure x: Fasted for 10 hours for Breakfast #1 Has the participant fasted for 10 hours prior to breakfast?,442
"S_QSC302573, 05e - Period 4 Part 3 Final v1.0",Staff Initials,442
"S_QSC302573, 05e - Period 4 Part 3 Final v1.0",Comment,442
"S_QSC302573, 05e - Period 4 Part 3 Final v1.0",Meals: Amount Consumed (Breakfast) #1 Total amount of breakfast consumed,442
"S_QSC302573, 05e - Period 4 Part 3 Final v1.0",Please describe what was not eaten,443
"S_QSC302573, 05e - Period 4 Part 3 Final v1.0",Staff Initials,443
"S_QSC302573, 05e - Period 4 Part 3 Final v1.0",Comment,443
"S_QSC302573, 05e - Period 4 Part 3 Final v1.0",Meals: PI Check #1 PI to authorise. Full meal must be consumed within 20 minutes to proceed with dosing.,443
"S_QSC302573, 05e - Period 4 Part 3 Final v1.0","Exposure: Volunteer ID Check #1 Check the Volunteer ID in eSource matches the volunteer (Initials, DOB and Photographic ID)",443
"S_QSC302573, 05e - Period 4 Part 3 Final v1.0",Exposure: Panel Number Check #1 Check the volunteer panel number on the wristband matches eSource,443
"S_QSC302573, 05e - Period 4 Part 3 Final v1.0",Exposure: Participant Number Check #1 Check the participant number in eSource matches the Instruction to Dispense and Dose,443
"S_QSC302573, 05e - Period 4 Part 3 Final v1.0",Has the participant refrained from drinking water for at least 1 hour prior to dosing?,444
"S_QSC302573, 05e - Period 4 Part 3 Final v1.0",Staff Initials,444
"S_QSC302573, 05e - Period 4 Part 3 Final v1.0",Comment,444
"S_QSC302573, 05e - Period 4 Part 3 Final v1.0",Exposure: Fasted for 10 hours for Dosing #1 Has the participant fasted for 10 hours prior to dosing?,444
"S_QSC302573, 05e - Period 4 Part 3 Final v1.0","Exposure: Consumed breakfast #1 Has the participant consumed breakfast per the protocol requirements, over 20 minutes and the full meal?",444
"S_QSC302573, 05e - Period 4 Part 3 Final v1.0",Exposure: Predose Blood Draw #1 Pre dose blood draws for PK sample taken?,444
"S_QSC302573, 05e - Period 4 Part 3 Final v1.0",Have all required pre dose procedures been completed?,445
"S_QSC302573, 05e - Period 4 Part 3 Final v1.0",Staff Initials,445
"S_QSC302573, 05e - Period 4 Part 3 Final v1.0",Comment,445
"S_QSC302573, 05e - Period 4 Part 3 Final v1.0",Exposure: Dose Eligibility Check #1 Is the participant eligible to dose?,445
"S_QSC302573, 05e - Period 4 Part 3 Final v1.0",Exposure: Subject/regimen #1 Enter the product details,445
"S_QSC302573, 05e - Period 4 Part 3 Final v1.0",Does the Product label match the Instruction to Dispense and Dose?,446
"S_QSC302573, 05e - Period 4 Part 3 Final v1.0",Staff Initials,446
"S_QSC302573, 05e - Period 4 Part 3 Final v1.0",Comment,446
"S_QSC302573, 05e - Period 4 Part 3 Final v1.0","Exposure: Final Check #1 Final check performed (5 R’s of dosing, Jones 2009 – right participant, right drug, right dose, right route, right time)",446
"S_QSC302573, 05e - Period 4 Part 3 Final v1.0",Exposure: Post Administration Water #1 Has the participant been provided with 240 mL of water?,446
"S_QSC302573, 05e - Period 4 Part 3 Final v1.0",Exposure: Hand and Mouth Check #1 Has a hand and mouth check been performed?,446
"S_QSC302573, 05e - Period 4 Part 3 Final v1.0",Has the participant been reminded to refrain from water for 2 hours post-dose?,447
"S_QSC302573, 05e - Period 4 Part 3 Final v1.0",Staff Initials,447
"S_QSC302573, 05e - Period 4 Part 3 Final v1.0",Comment,447
"S_QSC302573, 05e - Period 4 Part 3 Final v1.0","Due to the unavailability of phototoxic data, participants will be advised to minimize exposure to sunlight by spending a reduced amount of time outdoors/remaining inside the clinical unit during the residential periods of the study wearing sunglasses and clothing that minimizes exposure to sunlight and using sun cream on exposed areas when going outdoors. They will also be advised not to use sunbeds.",447
"S_QSC302573, 05e - Period 4 Part 3 Final v1.0",Exposure: Witness Check #1 Confirm dosing is complete (Operator to complete (switch user)),447
"S_QSC302573, 05e - Period 4 Part 3 Final v1.0",System: Available #1 What is the status of the subject?,447
"S_QSC302573, 05e - Period 4 Part 3 Final v1.0",AE/CM Surveys: AE/CM Check #2 Confirm an AE and Conmed check has been performed (Record any AE and Conmeds if applicable),448
"S_QSC302573, 05e - Period 4 Part 3 Final v1.0",Staff Initials,448
"S_QSC302573, 05e - Period 4 Part 3 Final v1.0",Comment,448
"S_QSC302573, 05e - Period 4 Part 3 Final v1.0",AE/CM Surveys: AE/CM Check #3 Confirm an AE and Conmed check has been performed (Record any AE and Conmeds if applicable),448
"S_QSC302573, 05e - Period 4 Part 3 Final v1.0",Stanford Sleepiness Scale: Stanford Sleepiness Scale Date #1 Stanford Sleepiness Scale Questionnaire - Date and Time (Transcribe from paper source workbook),448
"S_QSC302573, 05e - Period 4 Part 3 Final v1.0","Exclude if - QT interval corrected for heart rate using Fridericia’s formula (QTcF) >450 msec for male participants or >470 msec for female participants, QRS interval >120 msec, or PR interval >200 msec. (Supine for a minimum 3 minutes)",450
"S_QSC302573, 05e - Period 4 Part 3 Final v1.0",Staff Initials,450
"S_QSC302573, 05e - Period 4 Part 3 Final v1.0",Comment,450
"S_QSC302573, 05e - Period 4 Part 3 Final v1.0",ECG: ECG Rhythm Assess/Interpretation #1 ECG Rhythm assessment and interpretation,450
"S_QSC302573, 05e - Period 4 Part 3 Final v1.0",ECG: ECG Findings #1 ECG Findings,451
"S_QSC302573, 05e - Period 4 Part 3 Final v1.0",Staff Initials,451
"S_QSC302573, 05e - Period 4 Part 3 Final v1.0",Comment,451
"S_QSC302573, 05e - Period 4 Part 3 Final v1.0","ECG: ECG Findings inc Rhythm #1 ECG Findings, including rhythm assessment",451
"S_QSC302573, 05e - Period 4 Part 3 Final v1.0",ECG Difference: ECG Difference Calculation #1 ECG Difference Calculation - a participant will be withdrawn where there is an increase in QTcF interval of >60 msec from baseline (confirmed following a repeat ECG),451
"S_QSC302573, 05e - Period 4 Part 3 Final v1.0",applicable),452
"S_QSC302573, 05e - Period 4 Part 3 Final v1.0",Staff Initials,452
"S_QSC302573, 05e - Period 4 Part 3 Final v1.0",Comment,452
"S_QSC302573, 05e - Period 4 Part 3 Final v1.0",Exposure: Provided with water #1 Has the volunteer been provided with water 2 hrs post-dose?,452
"S_QSC302573, 05e - Period 4 Part 3 Final v1.0",Stanford Sleepiness Scale: Stanford Sleepiness Scale Date #2 Stanford Sleepiness Scale Questionnaire - Date and Time (Transcribe from paper source workbook),452
"S_QSC302573, 05e - Period 4 Part 3 Final v1.0",Stanford Sleepiness Scale: Degree of Sleepiness #2 Degree of Sleepiness,452
"S_QSC302573, 05e - Period 4 Part 3 Final v1.0","Targeted Physical Examination Findings: Require Targeted PE? #1 Targeted Physical Examination: Does the participant require a targeted physical examination? (If yes, please specify the reason)",453
"S_QSC302573, 05e - Period 4 Part 3 Final v1.0",Staff Initials,453
"S_QSC302573, 05e - Period 4 Part 3 Final v1.0",Comment,453
"S_QSC302573, 05e - Period 4 Part 3 Final v1.0",Yes (Specify) (50 char. max.) (Activates Line,453
"S_QSC302573, 05e - Period 4 Part 3 Final v1.0","Targeted Physical Examination Findings: Any clinically significant abnormal findings? #1 If yes, were there any clinically significant abnormal findings?",453
"S_QSC302573, 05e - Period 4 Part 3 Final v1.0",Targeted Physical Examination Findings: Physical Examination Category #1 Physical Examination Category,453
"S_QSC302573, 05e - Period 4 Part 3 Final v1.0",Targeted Physical Examination Findings: Findings #1 Detailed findings of Physical Examination,454
"S_QSC302573, 05e - Period 4 Part 3 Final v1.0",Staff Initials,454
"S_QSC302573, 05e - Period 4 Part 3 Final v1.0",Comment,454
"S_QSC302573, 05e - Period 4 Part 3 Final v1.0","Targeted Neurological Examination: Does the participant require a targeted neurological examination? (If yes, please specify the reason)",455
"S_QSC302573, 05e - Period 4 Part 3 Final v1.0",Staff Initials,455
"S_QSC302573, 05e - Period 4 Part 3 Final v1.0",Comment,455
"S_QSC302573, 05e - Period 4 Part 3 Final v1.0",Yes (Specify) (50 char. max.) (Activates Line,455
"S_QSC302573, 05e - Period 4 Part 3 Final v1.0","Targeted Neurological Examination: Any clinically significant abnormal findings? #1 If yes, were there any clinically significant abnormal findings?",455
"S_QSC302573, 05e - Period 4 Part 3 Final v1.0",Targeted Neurological Examination: Neurological Examination Category #1 Targeted Neurological Examination Category,455
"S_QSC302573, 05e - Period 4 Part 3 Final v1.0",Targeted Neurological Examination: Findings #1 Detailed findings of Targeted Neurological Examination,456
"S_QSC302573, 05e - Period 4 Part 3 Final v1.0",Staff Initials,456
"S_QSC302573, 05e - Period 4 Part 3 Final v1.0",Comment,456
"S_QSC302573, 05e - Period 4 Part 3 Final v1.0",Vital Signs: Vital Signs Supine Full Set #1 Vital Signs (Supine for at least 3 minutes),456
"S_QSC302573, 05e - Period 4 Part 3 Final v1.0",Clinical Assessment of Vital Signs (Medic or Nurse to assess vital signs),457
"S_QSC302573, 05e - Period 4 Part 3 Final v1.0",Staff Initials,457
"S_QSC302573, 05e - Period 4 Part 3 Final v1.0",Comment,457
"S_QSC302573, 05e - Period 4 Part 3 Final v1.0",Vital Signs: Vital Signs Findings #1 Vital Sign Findings,457
"S_QSC302573, 05e - Period 4 Part 3 Final v1.0",Vital Signs Standing: Vital Signs Standing BP and HR #1 Vital Signs Standing BP and HR (Standing for at least 3 minutes),457
"S_QSC302573, 05e - Period 4 Part 3 Final v1.0",Is there a drop in SYSTOLIC BP from supine to standing?,458
"S_QSC302573, 05e - Period 4 Part 3 Final v1.0",Staff Initials,458
"S_QSC302573, 05e - Period 4 Part 3 Final v1.0",Comment,458
"S_QSC302573, 05e - Period 4 Part 3 Final v1.0",Vital Signs Standing 2: Drop in DBP from Supine to Standing #1 Is there a drop in DIASTOLIC BP from supine to standing?,458
"S_QSC302573, 05e - Period 4 Part 3 Final v1.0",Vital Signs Difference: Vital Signs Calculation BP and HR #1 Vital Signs Difference for SYSTOLIC Drop,458
"S_QSC302573, 05e - Period 4 Part 3 Final v1.0",Vital Signs Difference: Vital Signs Calculation BP and HR 2 #1 Vital Signs Difference for DIASTOLIC Drop,458
"S_QSC302573, 05e - Period 4 Part 3 Final v1.0",Vital Signs Standing: Vital Signs Findings #1 Vital Sign Findings,459
"S_QSC302573, 05e - Period 4 Part 3 Final v1.0",Staff Initials,459
"S_QSC302573, 05e - Period 4 Part 3 Final v1.0",Comment,459
"S_QSC302573, 05e - Period 4 Part 3 Final v1.0",AE/CM Surveys: AE/CM Check #5 Confirm an AE and Conmed check has been performed (Record any AE and Conmeds if applicable),459
"S_QSC302573, 05e - Period 4 Part 3 Final v1.0",Meals: Confirm Lunch #1 Confirm Lunch Provided,459
"S_QSC302573, 05e - Period 4 Part 3 Final v1.0",AE/CM Surveys: AE/CM Check #6 Confirm an AE and Conmed check has been performed (Record any AE and Conmeds if applicable),460
"S_QSC302573, 05e - Period 4 Part 3 Final v1.0",Staff Initials,460
"S_QSC302573, 05e - Period 4 Part 3 Final v1.0",Comment,460
"S_QSC302573, 05e - Period 4 Part 3 Final v1.0",AE/CM Surveys: AE/CM Check #7 Confirm an AE and Conmed check has been performed (Record any AE and Conmeds if applicable),460
"S_QSC302573, 05e - Period 4 Part 3 Final v1.0",AE/CM Surveys: AE/CM Check #8 Confirm an AE and Conmed check has been performed (Record any AE and Conmeds if applicable),460
"S_QSC302573, 05e - Period 4 Part 3 Final v1.0",Vital Signs: Clinical Significance #2 Clinical Assessment of Vital Signs (Medic or Nurse to assess vital signs),461
"S_QSC302573, 05e - Period 4 Part 3 Final v1.0",Staff Initials,461
"S_QSC302573, 05e - Period 4 Part 3 Final v1.0",Comment,461
"S_QSC302573, 05e - Period 4 Part 3 Final v1.0",Vital Signs: Vital Signs Findings #2 Vital Sign Findings,461
"S_QSC302573, 05e - Period 4 Part 3 Final v1.0",Vital Signs Standing: Drop in SBP from Supine to Standing #2 Is there a drop in SYSTOLIC BP from supine to standing?,462
"S_QSC302573, 05e - Period 4 Part 3 Final v1.0",Staff Initials,462
"S_QSC302573, 05e - Period 4 Part 3 Final v1.0",Comment,462
"S_QSC302573, 05e - Period 4 Part 3 Final v1.0",Vital Signs Standing 2: Drop in DBP from Supine to Standing #2 Is there a drop in DIASTOLIC BP from supine to standing?,462
"S_QSC302573, 05e - Period 4 Part 3 Final v1.0",Vital Signs Difference: Vital Signs Calculation BP and HR #2 Vital Signs Difference for SYSTOLIC Drop,462
"S_QSC302573, 05e - Period 4 Part 3 Final v1.0",Vital Signs Difference for DIASTOLIC Drop,463
"S_QSC302573, 05e - Period 4 Part 3 Final v1.0",Staff Initials,463
"S_QSC302573, 05e - Period 4 Part 3 Final v1.0",Comment,463
"S_QSC302573, 05e - Period 4 Part 3 Final v1.0",Vital Signs Standing: Clinical Significance #2 Clinical Assessment of Standing Vital Signs (Medic or Nurse to assess vital signs),463
"S_QSC302573, 05e - Period 4 Part 3 Final v1.0",Vital Signs Standing: Vital Signs Findings #2 Vital Sign Findings,463
"S_QSC302573, 05e - Period 4 Part 3 Final v1.0",AE/CM Surveys: AE/CM Check #9 Confirm an AE and Conmed check has been performed (Record any AE and Conmeds if applicable),463
"S_QSC302573, 05e - Period 4 Part 3 Final v1.0",Stanford Sleepiness Scale Questionnaire - Date and Time (Transcribe from paper source workbook),464
"S_QSC302573, 05e - Period 4 Part 3 Final v1.0",Staff Initials,464
"S_QSC302573, 05e - Period 4 Part 3 Final v1.0",Comment,464
"S_QSC302573, 05e - Period 4 Part 3 Final v1.0",Stanford Sleepiness Scale: Degree of Sleepiness #3 Degree of Sleepiness,464
"S_QSC302573, 05e - Period 4 Part 3 Final v1.0",Confirm an AE and Conmed check has been performed (Record any AE and Conmeds if applicable),465
"S_QSC302573, 05e - Period 4 Part 3 Final v1.0",Staff Initials,465
"S_QSC302573, 05e - Period 4 Part 3 Final v1.0",Comment,465
"S_QSC302573, 05e - Period 4 Part 3 Final v1.0",Vital Signs: Vital Signs Supine Full Set #3 Vital Signs (Supine for at least 3 minutes),465
"S_QSC302573, 05e - Period 4 Part 3 Final v1.0",Vital Signs: Clinical Significance #3 Clinical Assessment of Vital Signs (Medic or Nurse to assess vital signs),465
"S_QSC302573, 05e - Period 4 Part 3 Final v1.0",Vital Sign Findings,466
"S_QSC302573, 05e - Period 4 Part 3 Final v1.0",Staff Initials,466
"S_QSC302573, 05e - Period 4 Part 3 Final v1.0",Comment,466
"S_QSC302573, 05e - Period 4 Part 3 Final v1.0",Vital Signs Standing: Vital Signs Standing BP and HR #3 Vital Signs Standing BP and HR (Standing for at least 3 minutes),466
"S_QSC302573, 05e - Period 4 Part 3 Final v1.0",Vital Signs Standing: Drop in SBP from Supine to Standing #3 Is there a drop in SYSTOLIC BP from supine to standing?,466
"S_QSC302573, 05e - Period 4 Part 3 Final v1.0",Vital Signs Standing 2: Drop in DBP from Supine to Standing #3 Is there a drop in DIASTOLIC BP from supine to standing?,466
"S_QSC302573, 05e - Period 4 Part 3 Final v1.0",Vital Signs Difference for SYSTOLIC Drop,467
"S_QSC302573, 05e - Period 4 Part 3 Final v1.0",Staff Initials,467
"S_QSC302573, 05e - Period 4 Part 3 Final v1.0",Comment,467
"S_QSC302573, 05e - Period 4 Part 3 Final v1.0",Vital Signs Difference: Vital Signs Calculation BP and HR 2 #3 Vital Signs Difference for DIASTOLIC Drop,467
"S_QSC302573, 05e - Period 4 Part 3 Final v1.0",Vital Signs Standing: Clinical Significance #3 Clinical Assessment of Standing Vital Signs (Medic or Nurse to assess vital signs),467
"S_QSC302573, 05e - Period 4 Part 3 Final v1.0",Vital Signs Standing: Vital Signs Findings #3 Vital Sign Findings,467
"S_QSC302573, 05e - Period 4 Part 3 Final v1.0",AE/CM Surveys: AE/CM Check #11 Confirm an AE and Conmed check has been performed (Record any AE and Conmeds if applicable),468
"S_QSC302573, 05e - Period 4 Part 3 Final v1.0",Staff Initials,468
"S_QSC302573, 05e - Period 4 Part 3 Final v1.0",Comment,468
"S_QSC302573, 05e - Period 4 Part 3 Final v1.0",Meals: Confirm Dinner #1 Confirm Dinner Provided,468
"S_QSC302573, 05e - Period 4 Part 3 Final v1.0","Exclude if - QT interval corrected for heart rate using Fridericia’s formula (QTcF) >450 msec for male participants or >470 msec for female participants, QRS interval >120 msec, or PR interval >200 msec. (Supine for a minimum 3 minutes)",468
"S_QSC302573, 05e - Period 4 Part 3 Final v1.0",ECG: ECG Rhythm Assess/Interpretation #2 ECG Rhythm assessment and interpretation,469
"S_QSC302573, 05e - Period 4 Part 3 Final v1.0",Staff Initials,469
"S_QSC302573, 05e - Period 4 Part 3 Final v1.0",Comment,469
"S_QSC302573, 05e - Period 4 Part 3 Final v1.0",ECG: ECG Significance #2 Was the ECG clinically significant? (Medic to assess),469
"S_QSC302573, 05e - Period 4 Part 3 Final v1.0",ECG: ECG Findings #2 ECG Findings,469
"S_QSC302573, 05e - Period 4 Part 3 Final v1.0",ECG Difference: ECG Difference Calculation #2 ECG Difference Calculation - a participant will be withdrawn where there is an increase in QTcF interval of >60 msec from baseline (confirmed following a repeat ECG),470
"S_QSC302573, 05e - Period 4 Part 3 Final v1.0",Staff Initials,470
"S_QSC302573, 05e - Period 4 Part 3 Final v1.0",Comment,470
"S_QSC302573, 05e - Period 4 Part 3 Final v1.0",Vital Signs: Vital Signs Supine Full Set #4 Vital Signs (Supine for at least 3 minutes),470
"S_QSC302573, 05e - Period 4 Part 3 Final v1.0",Clinical Assessment of Vital Signs (Medic or Nurse to assess vital signs),471
"S_QSC302573, 05e - Period 4 Part 3 Final v1.0",Staff Initials,471
"S_QSC302573, 05e - Period 4 Part 3 Final v1.0",Comment,471
"S_QSC302573, 05e - Period 4 Part 3 Final v1.0",Vital Signs: Vital Signs Findings #4 Vital Sign Findings,471
"S_QSC302573, 05e - Period 4 Part 3 Final v1.0",Vital Signs Standing: Vital Signs Standing BP and HR #4 Vital Signs Standing BP and HR (Standing for at least 3 minutes),471
"S_QSC302573, 05e - Period 4 Part 3 Final v1.0",Is there a drop in SYSTOLIC BP from supine to standing?,472
"S_QSC302573, 05e - Period 4 Part 3 Final v1.0",Staff Initials,472
"S_QSC302573, 05e - Period 4 Part 3 Final v1.0",Comment,472
"S_QSC302573, 05e - Period 4 Part 3 Final v1.0",Vital Signs Standing 2: Drop in DBP from Supine to Standing #4 Is there a drop in DIASTOLIC BP from supine to standing?,472
"S_QSC302573, 05e - Period 4 Part 3 Final v1.0",Vital Signs Difference: Vital Signs Calculation BP and HR #4 Vital Signs Difference for SYSTOLIC Drop,472
"S_QSC302573, 05e - Period 4 Part 3 Final v1.0",Vital Signs Difference: Vital Signs Calculation BP and HR 2 #4 Vital Signs Difference for DIASTOLIC Drop,472
"S_QSC302573, 05e - Period 4 Part 3 Final v1.0",Vital Signs Standing: Vital Signs Findings #4 Vital Sign Findings,473
"S_QSC302573, 05e - Period 4 Part 3 Final v1.0",Staff Initials,473
"S_QSC302573, 05e - Period 4 Part 3 Final v1.0",Comment,473
"S_QSC302573, 05e - Period 4 Part 3 Final v1.0",AE/CM Surveys: AE/CM Check #12 Confirm an AE and Conmed check has been performed (Record any AE and Conmeds if applicable),473
"S_QSC302573, 05e - Period 4 Part 3 Final v1.0",Stanford Sleepiness Scale: Stanford Sleepiness Scale Date #4 Stanford Sleepiness Scale Questionnaire - Date and Time (Transcribe from paper source workbook),473
"S_QSC302573, 05e - Period 4 Part 3 Final v1.0",Meals: Confirm Snack #1 Confirm Evening Snack Provided,474
"S_QSC302573, 05e - Period 4 Part 3 Final v1.0",Staff Initials,474
"S_QSC302573, 05e - Period 4 Part 3 Final v1.0",Comment,474
"S_QSC302573, 05e - Period 4 Part 3 Final v1.0",Confirm an AE and Conmed check has been performed (Record any AE and Conmeds if applicable),475
"S_QSC302573, 05e - Period 4 Part 3 Final v1.0",Staff Initials,475
"S_QSC302573, 05e - Period 4 Part 3 Final v1.0",Comment,475
"S_QSC302573, 05e - Period 4 Part 3 Final v1.0","Urinalysis: Bilirubin #1 What was the bilirubin result? If any positive result, inform medic/PI. (Perform urinalysis and read results)",475
"S_QSC302573, 05e - Period 4 Part 3 Final v1.0","What was the urobilinogen result? If any positive result, inform medic/PI. (Perform urinalysis and read results)",476
"S_QSC302573, 05e - Period 4 Part 3 Final v1.0",Staff Initials,476
"S_QSC302573, 05e - Period 4 Part 3 Final v1.0",Comment,476
"S_QSC302573, 05e - Period 4 Part 3 Final v1.0","Urinalysis: Ketones #1 What was the ketone result? If any positive result, inform medic/PI. (Perform urinalysis and read results)",476
"S_QSC302573, 05e - Period 4 Part 3 Final v1.0","Urinalysis: Glucose #1 What was the glucose result? If any positive result, inform medic/PI. (Perform urinalysis and read results)",476
"S_QSC302573, 05e - Period 4 Part 3 Final v1.0","IF PROTEIN ≥ 30mg/dl: Repeat urinalysis as soon as possible, ensuring a clean catch specimen. If protein remains ≥ 30mg/dl on repeat, then inform PI/medic. (Perform urinalysis and read results)",477
"S_QSC302573, 05e - Period 4 Part 3 Final v1.0",Staff Initials,477
"S_QSC302573, 05e - Period 4 Part 3 Final v1.0",Comment,477
"S_QSC302573, 05e - Period 4 Part 3 Final v1.0",Urinalysis: Blood #1 What was the blood result? (Perform urinalysis and read results),477
"S_QSC302573, 05e - Period 4 Part 3 Final v1.0",Urinalysis: Nitrite #1 What was the nitrite result? (Perform urinalysis and read results),478
"S_QSC302573, 05e - Period 4 Part 3 Final v1.0",Staff Initials,478
"S_QSC302573, 05e - Period 4 Part 3 Final v1.0",Comment,478
"S_QSC302573, 05e - Period 4 Part 3 Final v1.0",Urinalysis: pH #1 Record pH value (Perform urinalysis and read results),478
"S_QSC302573, 05e - Period 4 Part 3 Final v1.0",Urinalysis: Specific Gravity #1 Record specific gravity of sample (Perform urinalysis and read results),479
"S_QSC302573, 05e - Period 4 Part 3 Final v1.0",Staff Initials,479
"S_QSC302573, 05e - Period 4 Part 3 Final v1.0",Comment,479
"S_QSC302573, 05e - Period 4 Part 3 Final v1.0",What was the leukocyte result? (Perform urinalysis and read results),480
"S_QSC302573, 05e - Period 4 Part 3 Final v1.0",Staff Initials,480
"S_QSC302573, 05e - Period 4 Part 3 Final v1.0",Comment,480
"S_QSC302573, 05e - Period 4 Part 3 Final v1.0","Urinalysis: Participant menstruating #1 Is participant female and menstruating? (If 'Yes', DO NOT send sample for Microscopy. If 'No', send sample for Microscopy)",480
"S_QSC302573, 05e - Period 4 Part 3 Final v1.0",Urinalysis: Send for microscopy #1 Confirm sample sent for microscopy (Complete associated paperwork),480
"S_QSC302573, 05e - Period 4 Part 3 Final v1.0",Has urinalysis been repeated as soon as possible with a clean catch specimen? Ensure events are repeated to capture this data.,481
"S_QSC302573, 05e - Period 4 Part 3 Final v1.0",Staff Initials,481
"S_QSC302573, 05e - Period 4 Part 3 Final v1.0",Comment,481
"S_QSC302573, 05e - Period 4 Part 3 Final v1.0",Urinalysis: TDL Form Check #1 Confirm TDL form completed:,481
"S_QSC302573, 05e - Period 4 Part 3 Final v1.0",Urinalysis: Urinalysis Medic Assessment #1 Has there been a medic review of the Microscopy results?,481
"S_QSC302573, 05e - Period 4 Part 3 Final v1.0",Safety: Prompt for Medic for Urine Pregnancy #1 Positive result for Urine Pregnancy (Medic to exclude subject),482
"S_QSC302573, 05e - Period 4 Part 3 Final v1.0",Staff Initials,482
"S_QSC302573, 05e - Period 4 Part 3 Final v1.0",Comment,482
"S_QSC302573, 05e - Period 4 Part 3 Final v1.0","Exclude if - QT interval corrected for heart rate using Fridericia’s formula (QTcF) >450 msec for male participants or >470 msec for female participants, QRS interval >120 msec, or PR interval >200 msec. (Supine for a minimum 3 minutes)",482
"S_QSC302573, 05e - Period 4 Part 3 Final v1.0",ECG: ECG Significance #3 Was the ECG clinically significant? (Medic to assess),483
"S_QSC302573, 05e - Period 4 Part 3 Final v1.0",Staff Initials,483
"S_QSC302573, 05e - Period 4 Part 3 Final v1.0",Comment,483
"S_QSC302573, 05e - Period 4 Part 3 Final v1.0",ECG: ECG Findings #3 ECG Findings,483
"S_QSC302573, 05e - Period 4 Part 3 Final v1.0","ECG: ECG Findings inc Rhythm #3 ECG Findings, including rhythm assessment",483
"S_QSC302573, 05e - Period 4 Part 3 Final v1.0",interval of >60 msec from baseline (confirmed following a repeat ECG),484
"S_QSC302573, 05e - Period 4 Part 3 Final v1.0",Staff Initials,484
"S_QSC302573, 05e - Period 4 Part 3 Final v1.0",Comment,484
"S_QSC302573, 05e - Period 4 Part 3 Final v1.0",Vital Signs: Vital Signs Supine Full Set #5 Vital Signs (Supine for at least 3 minutes),484
"S_QSC302573, 05e - Period 4 Part 3 Final v1.0",Vital Signs: Clinical Significance #5 Clinical Assessment of Vital Signs (Medic or Nurse to assess vital signs),484
"S_QSC302573, 05e - Period 4 Part 3 Final v1.0",Vital Sign Findings,485
"S_QSC302573, 05e - Period 4 Part 3 Final v1.0",Staff Initials,485
"S_QSC302573, 05e - Period 4 Part 3 Final v1.0",Comment,485
"S_QSC302573, 05e - Period 4 Part 3 Final v1.0",Vital Signs Standing: Vital Signs Standing BP and HR #5 Vital Signs Standing BP and HR (Standing for at least 3 minutes),485
"S_QSC302573, 05e - Period 4 Part 3 Final v1.0",Vital Signs Standing: Drop in SBP from Supine to Standing #5 Is there a drop in SYSTOLIC BP from supine to standing?,485
"S_QSC302573, 05e - Period 4 Part 3 Final v1.0",Vital Signs Standing 2: Drop in DBP from Supine to Standing #5 Is there a drop in DIASTOLIC BP from supine to standing?,485
"S_QSC302573, 05e - Period 4 Part 3 Final v1.0",Vital Signs Difference for SYSTOLIC Drop,486
"S_QSC302573, 05e - Period 4 Part 3 Final v1.0",Staff Initials,486
"S_QSC302573, 05e - Period 4 Part 3 Final v1.0",Comment,486
"S_QSC302573, 05e - Period 4 Part 3 Final v1.0",Vital Signs Difference: Vital Signs Calculation BP and HR 2 #5 Vital Signs Difference for DIASTOLIC Drop,486
"S_QSC302573, 05e - Period 4 Part 3 Final v1.0",Vital Signs Standing: Clinical Significance #5 Clinical Assessment of Standing Vital Signs (Medic or Nurse to assess vital signs),486
"S_QSC302573, 05e - Period 4 Part 3 Final v1.0",Vital Signs Standing: Vital Signs Findings #5 Vital Sign Findings,486
"S_QSC302573, 05e - Period 4 Part 3 Final v1.0",Safety: Haematology Medic Assessment #1 Has there been a medic review of the Haematology blood results?,487
"S_QSC302573, 05e - Period 4 Part 3 Final v1.0",Staff Initials,487
"S_QSC302573, 05e - Period 4 Part 3 Final v1.0",Comment,487
"S_QSC302573, 05e - Period 4 Part 3 Final v1.0",Safety: Chemistry Medic Assessment #1 Has there been a medic review of the Clinical Chemistry blood results?,487
"S_QSC302573, 05e - Period 4 Part 3 Final v1.0",AE/CM Surveys: AE/CM Check #14 Confirm an AE and Conmed check has been performed (Record any AE and Conmeds if applicable),488
"S_QSC302573, 05e - Period 4 Part 3 Final v1.0",Staff Initials,488
"S_QSC302573, 05e - Period 4 Part 3 Final v1.0",Comment,488
"S_QSC302573, 05e - Period 4 Part 3 Final v1.0",Stanford Sleepiness Scale: Stanford Sleepiness Scale Date #5 Stanford Sleepiness Scale Questionnaire - Date and Time (Transcribe from paper source workbook),488
"S_QSC302573, 05e - Period 4 Part 3 Final v1.0",AE/CM Surveys: AE/CM Check #15 Confirm an AE and Conmed check has been performed (Record any AE and Conmeds if applicable),489
"S_QSC302573, 05e - Period 4 Part 3 Final v1.0",Staff Initials,489
"S_QSC302573, 05e - Period 4 Part 3 Final v1.0",Comment,489
"S_QSC302573, 05e - Period 4 Part 3 Final v1.0",Confirm an AE and Conmed check has been performed (Record any AE and Conmeds if applicable),490
"S_QSC302573, 05e - Period 4 Part 3 Final v1.0",Staff Initials,490
"S_QSC302573, 05e - Period 4 Part 3 Final v1.0",Comment,490
"S_QSC302573, 05e - Period 4 Part 3 Final v1.0",Vital Signs: Vital Signs Supine Full Set #6 Vital Signs (Supine for at least 3 minutes),490
"S_QSC302573, 05e - Period 4 Part 3 Final v1.0",Vital Signs: Clinical Significance #6 Clinical Assessment of Vital Signs (Medic or Nurse to assess vital signs),490
"S_QSC302573, 05e - Period 4 Part 3 Final v1.0",Vital Sign Findings,491
"S_QSC302573, 05e - Period 4 Part 3 Final v1.0",Staff Initials,491
"S_QSC302573, 05e - Period 4 Part 3 Final v1.0",Comment,491
"S_QSC302573, 05e - Period 4 Part 3 Final v1.0",Vital Signs Standing: Vital Signs Standing BP and HR #6 Vital Signs Standing BP and HR (Standing for at least 3 minutes),491
"S_QSC302573, 05e - Period 4 Part 3 Final v1.0",Vital Signs Standing: Drop in SBP from Supine to Standing #6 Is there a drop in SYSTOLIC BP from supine to standing?,491
"S_QSC302573, 05e - Period 4 Part 3 Final v1.0",Vital Signs Standing 2: Drop in DBP from Supine to Standing #6 Is there a drop in DIASTOLIC BP from supine to standing?,491
"S_QSC302573, 05e - Period 4 Part 3 Final v1.0",Vital Signs Difference for SYSTOLIC Drop,492
"S_QSC302573, 05e - Period 4 Part 3 Final v1.0",Staff Initials,492
"S_QSC302573, 05e - Period 4 Part 3 Final v1.0",Comment,492
"S_QSC302573, 05e - Period 4 Part 3 Final v1.0",Vital Signs Difference: Vital Signs Calculation BP and HR 2 #6 Vital Signs Difference for DIASTOLIC Drop,492
"S_QSC302573, 05e - Period 4 Part 3 Final v1.0",Vital Signs Standing: Clinical Significance #6 Clinical Assessment of Standing Vital Signs (Medic or Nurse to assess vital signs),492
"S_QSC302573, 05e - Period 4 Part 3 Final v1.0",Vital Signs Standing: Vital Signs Findings #6 Vital Sign Findings,492
"S_QSC302573, 05e - Period 4 Part 3 Final v1.0",AE/CM Surveys: AE/CM Check #17 Confirm an AE and Conmed check has been performed (Record any AE and Conmeds if applicable),493
"S_QSC302573, 05e - Period 4 Part 3 Final v1.0",Staff Initials,493
"S_QSC302573, 05e - Period 4 Part 3 Final v1.0",Comment,493
"S_QSC302573, 05e - Period 4 Part 3 Final v1.0","Urinalysis: Bilirubin #2 What was the bilirubin result? If any positive result, inform medic/PI. (Perform urinalysis and read results)",493
"S_QSC302573, 05e - Period 4 Part 3 Final v1.0","Urinalysis: Urobilinogen #2 What was the urobilinogen result? If any positive result, inform medic/PI. (Perform urinalysis and read results)",493
"S_QSC302573, 05e - Period 4 Part 3 Final v1.0","Urinalysis: Ketones #2 What was the ketone result? If any positive result, inform medic/PI. (Perform urinalysis and read results)",494
"S_QSC302573, 05e - Period 4 Part 3 Final v1.0",Staff Initials,494
"S_QSC302573, 05e - Period 4 Part 3 Final v1.0",Comment,494
"S_QSC302573, 05e - Period 4 Part 3 Final v1.0","Urinalysis: Glucose #2 What was the glucose result? If any positive result, inform medic/PI. (Perform urinalysis and read results)",494
"S_QSC302573, 05e - Period 4 Part 3 Final v1.0","IF PROTEIN ≥ 30mg/dl: Repeat urinalysis as soon as possible, ensuring a clean catch specimen. If protein remains ≥ 30mg/dl on repeat, then inform PI/medic. (Perform urinalysis and read results)",495
"S_QSC302573, 05e - Period 4 Part 3 Final v1.0",Staff Initials,495
"S_QSC302573, 05e - Period 4 Part 3 Final v1.0",Comment,495
"S_QSC302573, 05e - Period 4 Part 3 Final v1.0",Urinalysis: Blood #2 What was the blood result? (Perform urinalysis and read results),495
"S_QSC302573, 05e - Period 4 Part 3 Final v1.0",Urinalysis: Nitrite #2 What was the nitrite result? (Perform urinalysis and read results),496
"S_QSC302573, 05e - Period 4 Part 3 Final v1.0",Staff Initials,496
"S_QSC302573, 05e - Period 4 Part 3 Final v1.0",Comment,496
"S_QSC302573, 05e - Period 4 Part 3 Final v1.0",Record pH value (Perform urinalysis and read results),497
"S_QSC302573, 05e - Period 4 Part 3 Final v1.0",Staff Initials,497
"S_QSC302573, 05e - Period 4 Part 3 Final v1.0",Comment,497
"S_QSC302573, 05e - Period 4 Part 3 Final v1.0",Urinalysis: Specific Gravity #2 Record specific gravity of sample (Perform urinalysis and read results),497
"S_QSC302573, 05e - Period 4 Part 3 Final v1.0",What was the leukocyte result? (Perform urinalysis and read results),498
"S_QSC302573, 05e - Period 4 Part 3 Final v1.0",Staff Initials,498
"S_QSC302573, 05e - Period 4 Part 3 Final v1.0",Comment,498
"S_QSC302573, 05e - Period 4 Part 3 Final v1.0","Urinalysis: Participant menstruating #2 Is participant female and menstruating? (If 'Yes', DO NOT send sample for Microscopy. If 'No', send sample for Microscopy)",498
"S_QSC302573, 05e - Period 4 Part 3 Final v1.0",Urinalysis: Send for microscopy #2 Confirm sample sent for microscopy (Complete associated paperwork),498
"S_QSC302573, 05e - Period 4 Part 3 Final v1.0",Has urinalysis been repeated as soon as possible with a clean catch specimen? Ensure events are repeated to capture this data.,499
"S_QSC302573, 05e - Period 4 Part 3 Final v1.0",Staff Initials,499
"S_QSC302573, 05e - Period 4 Part 3 Final v1.0",Comment,499
"S_QSC302573, 05e - Period 4 Part 3 Final v1.0",Urinalysis: TDL Form Check #2 Confirm TDL form completed:,499
"S_QSC302573, 05e - Period 4 Part 3 Final v1.0",Urinalysis: Urinalysis Medic Assessment #2 Has there been a medic review of the Microscopy results?,499
"S_QSC302573, 05e - Period 4 Part 3 Final v1.0","Exclude if - QT interval corrected for heart rate using Fridericia’s formula (QTcF) >450 msec for male participants or >470 msec for female participants, QRS interval >120 msec, or PR interval >200 msec. (Supine for a minimum 3 minutes)",500
"S_QSC302573, 05e - Period 4 Part 3 Final v1.0",Staff Initials,500
"S_QSC302573, 05e - Period 4 Part 3 Final v1.0",Comment,500
"S_QSC302573, 05e - Period 4 Part 3 Final v1.0",ECG: ECG Rhythm Assess/Interpretation #4 ECG Rhythm assessment and interpretation,500
"S_QSC302573, 05e - Period 4 Part 3 Final v1.0",ECG: ECG Findings #4 ECG Findings,501
"S_QSC302573, 05e - Period 4 Part 3 Final v1.0",Staff Initials,501
"S_QSC302573, 05e - Period 4 Part 3 Final v1.0",Comment,501
"S_QSC302573, 05e - Period 4 Part 3 Final v1.0","ECG: ECG Findings inc Rhythm #4 ECG Findings, including rhythm assessment",501
"S_QSC302573, 05e - Period 4 Part 3 Final v1.0",ECG Difference: ECG Difference Calculation #4 ECG Difference Calculation - a participant will be withdrawn where there is an increase in QTcF interval of >60 msec from baseline (confirmed following a repeat ECG),501
"S_QSC302573, 05e - Period 4 Part 3 Final v1.0",Vital Signs: Vital Signs Supine Full Set #7 Vital Signs (Supine for at least 3 minutes),501
"S_QSC302573, 05e - Period 4 Part 3 Final v1.0",Vital Signs: Clinical Significance #7 Clinical Assessment of Vital Signs (Medic or Nurse to assess vital signs),502
"S_QSC302573, 05e - Period 4 Part 3 Final v1.0",Staff Initials,502
"S_QSC302573, 05e - Period 4 Part 3 Final v1.0",Comment,502
"S_QSC302573, 05e - Period 4 Part 3 Final v1.0",Vital Signs: Vital Signs Findings #7 Vital Sign Findings,502
"S_QSC302573, 05e - Period 4 Part 3 Final v1.0",Vital Signs Standing BP and HR (Standing for at least 3 minutes),503
"S_QSC302573, 05e - Period 4 Part 3 Final v1.0",Staff Initials,503
"S_QSC302573, 05e - Period 4 Part 3 Final v1.0",Comment,503
"S_QSC302573, 05e - Period 4 Part 3 Final v1.0",Vital Signs Standing: Drop in SBP from Supine to Standing #7 Is there a drop in SYSTOLIC BP from supine to standing?,503
"S_QSC302573, 05e - Period 4 Part 3 Final v1.0",Vital Signs Standing 2: Drop in DBP from Supine to Standing #7 Is there a drop in DIASTOLIC BP from supine to standing?,503
"S_QSC302573, 05e - Period 4 Part 3 Final v1.0",Vital Signs Difference: Vital Signs Calculation BP and HR #7 Vital Signs Difference for SYSTOLIC Drop,503
"S_QSC302573, 05e - Period 4 Part 3 Final v1.0",Vital Signs Difference for DIASTOLIC Drop,504
"S_QSC302573, 05e - Period 4 Part 3 Final v1.0",Staff Initials,504
"S_QSC302573, 05e - Period 4 Part 3 Final v1.0",Comment,504
"S_QSC302573, 05e - Period 4 Part 3 Final v1.0",Vital Signs Standing: Clinical Significance #7 Clinical Assessment of Standing Vital Signs (Medic or Nurse to assess vital signs),504
"S_QSC302573, 05e - Period 4 Part 3 Final v1.0",Vital Signs Standing: Vital Signs Findings #7 Vital Sign Findings,504
"S_QSC302573, 05e - Period 4 Part 3 Final v1.0",Safety: Fasted #2 Has the participant fasted for 8 hours?,504
"S_QSC302573, 05e - Period 4 Part 3 Final v1.0",Safety: Haematology Medic Assessment #2 Has there been a medic review of the Haematology blood results?,505
"S_QSC302573, 05e - Period 4 Part 3 Final v1.0",Staff Initials,505
"S_QSC302573, 05e - Period 4 Part 3 Final v1.0",Comment,505
"S_QSC302573, 05e - Period 4 Part 3 Final v1.0",Safety: Chemistry Medic Assessment #2 Has there been a medic review of the Clinical Chemistry blood results?,505
"S_QSC302573, 05e - Period 4 Part 3 Final v1.0",Confirm TDL form completed:,506
"S_QSC302573, 05e - Period 4 Part 3 Final v1.0",Staff Initials,506
"S_QSC302573, 05e - Period 4 Part 3 Final v1.0",Comment,506
"S_QSC302573, 05e - Period 4 Part 3 Final v1.0",AE/CM Surveys: AE/CM Check #18 Confirm an AE and Conmed check has been performed (Record any AE and Conmeds if applicable),506
"S_QSC302573, 05e - Period 4 Part 3 Final v1.0",C-SSRS Assessment: Date of Assessment #1 C-SSRS Questionnaire - Date and Time (Transcribe from C-SSRS paper source workbook),506
"S_QSC302573, 05e - Period 4 Part 3 Final v1.0","Subject endorses thoughts about a wish to be dead or not alive anymore, or a wish to fall asleep and not wake up. (Have you wished you were dead or wished you could go to sleep and not wake up?)",507
"S_QSC302573, 05e - Period 4 Part 3 Final v1.0",Staff Initials,507
"S_QSC302573, 05e - Period 4 Part 3 Final v1.0",Comment,507
"S_QSC302573, 05e - Period 4 Part 3 Final v1.0","Yes (Specify) (500 char. max.) (Activates Line 253, 251, 252, 254, 256, 255)",507
"S_QSC302573, 05e - Period 4 Part 3 Final v1.0","General non-specific thoughts of wanting to end one's life / commit suicide (e.g. ""I've thought about killing myself"") without thoughts of ways to kill oneself / associated methods, intent, or plan during the assessment period. (Have you actually had any thoughts of killing yourself?)",507
"S_QSC302573, 05e - Period 4 Part 3 Final v1.0","Yes (Specify) (500 char. max.) (Activates Line 249, 253, 251, 252, 250, 254, 256, 248, 255)",507
"S_QSC302573, 05e - Period 4 Part 3 Final v1.0","Subject endorses thoughts of suicide and has thought of at least one method during the assessment period. This is different from a specific plan with time, place or method details worked out (e.g. thought of method to kill self but not a specific plan). Includes person who would say, ""I thought about taking an overdose but I never made a specific plan as to when, where or how I would actually do it… and I would never go through with it"". (Have you been thinking about how you might do this?)",508
"S_QSC302573, 05e - Period 4 Part 3 Final v1.0",Staff Initials,508
"S_QSC302573, 05e - Period 4 Part 3 Final v1.0",Comment,508
"S_QSC302573, 05e - Period 4 Part 3 Final v1.0","Active suicidal thoughts of killing oneself and subject reports having some intent to act on such thoughts, as opposed to ""I have the thoughts but I definitely will not do anything about them"". (Have you had these thoughts and had some intention of acting on them?)",508
"S_QSC302573, 05e - Period 4 Part 3 Final v1.0",Thoughts of killing oneself with details of plan fully or partially worked out and subject has some intent to carry it out. (Have you started to work out or worked out the details of how to kill yourself? Do you intend to carry out this plan?),509
"S_QSC302573, 05e - Period 4 Part 3 Final v1.0",Staff Initials,509
"S_QSC302573, 05e - Period 4 Part 3 Final v1.0",Comment,509
"S_QSC302573, 05e - Period 4 Part 3 Final v1.0","The following feature should be rated with respect to the most severe type of ideation (i.e. 1-5 from above, with 1 being the least severe and 5 being the most severe). Ask about time he/she was feeling the most suicidal.",509
"S_QSC302573, 05e - Period 4 Part 3 Final v1.0",(How many times have you had these thoughts?),510
"S_QSC302573, 05e - Period 4 Part 3 Final v1.0",Staff Initials,510
"S_QSC302573, 05e - Period 4 Part 3 Final v1.0",Comment,510
"S_QSC302573, 05e - Period 4 Part 3 Final v1.0","(When you have the thoughts, how long do they last?)",510
"S_QSC302573, 05e - Period 4 Part 3 Final v1.0","(Are there things - anyone or anything (e.g. family, religion, pain of death) - that stopped you from wanting to die or acting on thoughts of committing suicide?)",511
"S_QSC302573, 05e - Period 4 Part 3 Final v1.0",Staff Initials,511
"S_QSC302573, 05e - Period 4 Part 3 Final v1.0",Comment,511
"S_QSC302573, 05e - Period 4 Part 3 Final v1.0","(What sort of reasons did you have for thinking about wanting to die or killing yourself? Was it to end the pain or stop the way you were feeling (in other words you couldn't go on living with this pain or how you were feeling) or was it to get attention, revenge or a reaction from others? Or both?)",512
"S_QSC302573, 05e - Period 4 Part 3 Final v1.0",Staff Initials,512
"S_QSC302573, 05e - Period 4 Part 3 Final v1.0",Comment,512
"S_QSC302573, 05e - Period 4 Part 3 Final v1.0","trying to end your life when you___? Or did you think it was possible you could have died from___?) Or did you do it purely for other reasons / without ANY intention of killing yourself (like to relieve stress, feel better, get sympathy, or get something else to happen)? (Self-Injurious Behaviour without suicidal intent))",513
"S_QSC302573, 05e - Period 4 Part 3 Final v1.0",Staff Initials,513
"S_QSC302573, 05e - Period 4 Part 3 Final v1.0",Comment,513
"S_QSC302573, 05e - Period 4 Part 3 Final v1.0","Yes (Specify) (500 char. max.) (Activates Line 268, 267, 269)",513
"S_QSC302573, 05e - Period 4 Part 3 Final v1.0",C-SSRS Since Last Visit: 12. Total Number of Attempts #1 Total Number of Attempts,513
"S_QSC302573, 05e - Period 4 Part 3 Final v1.0",Has subject engaged in Non-Suicidal Self-Injurious Behaviour (Since Last Visit),514
"S_QSC302573, 05e - Period 4 Part 3 Final v1.0",Staff Initials,514
"S_QSC302573, 05e - Period 4 Part 3 Final v1.0",Comment,514
"S_QSC302573, 05e - Period 4 Part 3 Final v1.0","When the person is interrupted (by an outside circumstance) from starting the potentially self- injurious act (if not for that, actual attempt would have occurred). Overdose: Person has pills in hand but is stopped from ingesting. Once they ingest any pills, this becomes an attempt rather than an interrupted attempt. Shooting: Person has gun pointed towards self, gun is taken away by someone else, or he/she is somehow prevented from pulling trigger. Once they pull the trigger, even if the gun fails to fire, it is an attempt. Jumping: Person is poised to jump, is grabbed and taken down from ledge. Hanging: Person has noose around neck but has not yet started to hang - is stopped from doing so. (Has there been a time when you started to do something to end your life but someone or something stopped you before you actually did anything?)",514
"S_QSC302573, 05e - Period 4 Part 3 Final v1.0",C-SSRS Since Last Visit: 14. Total Number of Interrupted #1 Total Number of Interrupted,514
"S_QSC302573, 05e - Period 4 Part 3 Final v1.0","When person begins to take steps towards making a suicide attempt, but stops themselves before they actually have engaged in any self-destructive behaviour. Examples are similar to interrupted attempts, except that the individual stops him/herself instead of being stopped by something else. (Has there been a time when you started to do something to try to end your life but you stopped yourself before you actually did anything?)",515
"S_QSC302573, 05e - Period 4 Part 3 Final v1.0",Staff Initials,515
"S_QSC302573, 05e - Period 4 Part 3 Final v1.0",Comment,515
"S_QSC302573, 05e - Period 4 Part 3 Final v1.0","Acts or preparation towards imminently making a suicide attempt. This can include anything beyond a verbalisation or thought, such as assembling a specific method (e.g. buying pills, purchasing a gun) or preparing for one's death by suicide (e.g. giving things away, writing a suicide note). (Have you taken any steps towards making a suicide attempt or preparing to kill yourself (such as collecting pills, getting a gun, giving valuables away or writing a suicide note)?)",515
"S_QSC302573, 05e - Period 4 Part 3 Final v1.0","Acts or preparation towards imminently making a suicide attempt. This can include anything beyond a verbalisation or thought, such as assembling a specific method (e.g. buying pills, purchasing a gun) or preparing for one's death by suicide (e.g. giving things away, writing a suicide note). (Have you taken any steps towards making a suicide attempt or preparing to kill yourself (such as collecting pills, getting a gun, giving valuables away or writing a suicide note)?)",516
"S_QSC302573, 05e - Period 4 Part 3 Final v1.0",Staff Initials,516
"S_QSC302573, 05e - Period 4 Part 3 Final v1.0",Comment,516
"S_QSC302573, 05e - Period 4 Part 3 Final v1.0",Suicidal behaviour was present during the assessment period?,516
"S_QSC302573, 05e - Period 4 Part 3 Final v1.0",C-SSRS Since Last Visit: 18. Suicide #1 Suicide (Since Last Visit),516
"S_QSC302573, 05e - Period 4 Part 3 Final v1.0",Most Lethal Attempt Date,517
"S_QSC302573, 05e - Period 4 Part 3 Final v1.0",Staff Initials,517
"S_QSC302573, 05e - Period 4 Part 3 Final v1.0",Comment,517
"S_QSC302573, 05e - Period 4 Part 3 Final v1.0",C-SSRS Since Last Visit: 19. Actual Lethality Most Lethal Attempt #1 Actual Lethality/Medical Damage - Most Lethal Attempt,517
"S_QSC302573, 05e - Period 4 Part 3 Final v1.0",Potential Lethality - Most Lethal Attempt Code (only answer if Actual Lethality = 0),518
"S_QSC302573, 05e - Period 4 Part 3 Final v1.0",Staff Initials,518
"S_QSC302573, 05e - Period 4 Part 3 Final v1.0",Comment,518
"S_QSC302573, 05e - Period 4 Part 3 Final v1.0","Targeted Physical Examination Findings: Require Targeted PE? #2 Targeted Physical Examination: Does the participant require a targeted physical examination? (If yes, please specify the reason)",518
"S_QSC302573, 05e - Period 4 Part 3 Final v1.0",Yes (Specify) (50 char. max.) (Activates Line,518
"S_QSC302573, 05e - Period 4 Part 3 Final v1.0","Targeted Physical Examination Findings: Any clinically significant abnormal findings? #2 If yes, were there any clinically significant abnormal findings?",518
"S_QSC302573, 05e - Period 4 Part 3 Final v1.0",Targeted Physical Examination Findings: Physical Examination Category #2 Physical Examination Category,518
"S_QSC302573, 05e - Period 4 Part 3 Final v1.0",Targeted Physical Examination Findings: Findings #2 Detailed findings of Physical Examination,519
"S_QSC302573, 05e - Period 4 Part 3 Final v1.0",Staff Initials,519
"S_QSC302573, 05e - Period 4 Part 3 Final v1.0",Comment,519
"S_QSC302573, 05e - Period 4 Part 3 Final v1.0",Was a neurological examination performed?,520
"S_QSC302573, 05e - Period 4 Part 3 Final v1.0",Staff Initials,520
"S_QSC302573, 05e - Period 4 Part 3 Final v1.0",Comment,520
"S_QSC302573, 05e - Period 4 Part 3 Final v1.0",Neurological Examination: Mental Status #1 Mental Status,520
"S_QSC302573, 05e - Period 4 Part 3 Final v1.0",Neurological Examination: Cranial Nerves #1 Cranial Nerves,520
"S_QSC302573, 05e - Period 4 Part 3 Final v1.0",Motor Systems,521
"S_QSC302573, 05e - Period 4 Part 3 Final v1.0",Staff Initials,521
"S_QSC302573, 05e - Period 4 Part 3 Final v1.0",Comment,521
"S_QSC302573, 05e - Period 4 Part 3 Final v1.0",Neurological Examination: Reflexes #1 Reflexes,521
"S_QSC302573, 05e - Period 4 Part 3 Final v1.0",Sensory System,522
"S_QSC302573, 05e - Period 4 Part 3 Final v1.0",Staff Initials,522
"S_QSC302573, 05e - Period 4 Part 3 Final v1.0",Comment,522
"S_QSC302573, 05e - Period 4 Part 3 Final v1.0",Neurological Examination: Co-ordination #1 Co-ordination,522
"S_QSC302573, 05e - Period 4 Part 3 Final v1.0",Station and Gait,523
"S_QSC302573, 05e - Period 4 Part 3 Final v1.0",Staff Initials,523
"S_QSC302573, 05e - Period 4 Part 3 Final v1.0",Comment,523
"S_QSC302573, 05e - Period 4 Part 3 Final v1.0",Neurological Examination: Findings #1 Detailed findings of Neurological Examination,523
"S_QSC302573, 05e - Period 4 Part 3 Final v1.0",Discharge Procedures: Trial Participation Card #1 Confirm participant has been provided with a Trial Participation Card,523
"S_QSC302573, 05e - Period 4 Part 3 Final v1.0","Discharge Procedures: ICF in Volunteer Folder #1 Is the signed copy of the participant's ICF present in their volunteer folder? (If 'No', escalate immediately)",523
"S_QSC302573, 05e - Period 4 Part 3 Final v1.0","Males will refrain from sperm donation from the screening visit through 90 days plus 5 half-lives (ie, 92 days) after the last dose of IMP.",524
"S_QSC302573, 05e - Period 4 Part 3 Final v1.0",Staff Initials,524
"S_QSC302573, 05e - Period 4 Part 3 Final v1.0",Comment,524
"S_QSC302573, 05e - Period 4 Part 3 Final v1.0",Discharge Procedures: AE Discharge Question #1 Have there been any Adverse Events throughout study duration?,524
"S_QSC302573, 05e - Period 4 Part 3 Final v1.0",Confirm that all discharge procedures have been completed and the participant is safe to be discharged.,525
"S_QSC302573, 05e - Period 4 Part 3 Final v1.0",Staff Initials,525
"S_QSC302573, 05e - Period 4 Part 3 Final v1.0",Comment,525
"S_QSC302573, 05e - Period 4 Part 3 Final v1.0","Discharge Procedures: Discharge by Medic #1 As participant has had AE(s) on the study, Medic to confirm that all discharge procedures have been completed and the participant is safe to be discharged.",525
"S_QSC302573, 05e - Period 4 Part 3 Final v1.0",Follow Up Call: Last dose #1 Has it been 30 to 32 days since participant's last dose?,525
"S_QSC302573, 06 - Follow Up Call Final v1.0","Males will refrain from sperm donation from the screening visit through 90 days plus 5 half-lives (ie, 92 days) after the last dose of IMP.",526
"S_QSC302573, 06 - Follow Up Call Final v1.0",Staff Initials,526
"S_QSC302573, 06 - Follow Up Call Final v1.0",Comment,526
"S_QSC302573, 06 - Follow Up Call Final v1.0",Follow Up Call: Unwell #1 Has the participant been unwell since their last visit?,526
"S_QSC302573, 06 - Follow Up Call Final v1.0",Follow Up Call: Concomitant Meds #1 Has the participant taken any medication since their last visit?,526
"S_QSC302573, 06 - Follow Up Call Final v1.0",System: Available #1 What is the status of the subject?,527
"S_QSC302573, 06 - Follow Up Call Final v1.0",Staff Initials,527
"S_QSC302573, 06 - Follow Up Call Final v1.0",Comment,527
"S_QSC302573, 07 - Early Termination Final v1.0","What was the bilirubin result? If any positive result, inform medic/PI. (Perform urinalysis and read results)",528
"S_QSC302573, 07 - Early Termination Final v1.0",Staff Initials,528
"S_QSC302573, 07 - Early Termination Final v1.0",Comment,528
"S_QSC302573, 07 - Early Termination Final v1.0","Urinalysis: Urobilinogen #1 What was the urobilinogen result? If any positive result, inform medic/PI. (Perform urinalysis and read results)",528
"S_QSC302573, 07 - Early Termination Final v1.0","Urinalysis: Ketones #1 What was the ketone result? If any positive result, inform medic/PI. (Perform urinalysis and read results)",528
"S_QSC302573, 07 - Early Termination Final v1.0","Urinalysis: Glucose #1 What was the glucose result? If any positive result, inform medic/PI. (Perform urinalysis and read results)",529
"S_QSC302573, 07 - Early Termination Final v1.0",Staff Initials,529
"S_QSC302573, 07 - Early Termination Final v1.0",Comment,529
"S_QSC302573, 07 - Early Termination Final v1.0","IF PROTEIN ≥ 30mg/dl: Repeat urinalysis as soon as possible, ensuring a clean catch specimen. If protein remains ≥ 30mg/dl on repeat, then inform PI/medic. (Perform urinalysis and read results)",529
"S_QSC302573, 07 - Early Termination Final v1.0",Urinalysis: Blood #1 What was the blood result? (Perform urinalysis and read results),530
"S_QSC302573, 07 - Early Termination Final v1.0",Staff Initials,530
"S_QSC302573, 07 - Early Termination Final v1.0",Comment,530
"S_QSC302573, 07 - Early Termination Final v1.0",What was the nitrite result? (Perform urinalysis and read results),531
"S_QSC302573, 07 - Early Termination Final v1.0",Staff Initials,531
"S_QSC302573, 07 - Early Termination Final v1.0",Comment,531
"S_QSC302573, 07 - Early Termination Final v1.0",Urinalysis: pH #1 Record pH value (Perform urinalysis and read results),531
"S_QSC302573, 07 - Early Termination Final v1.0",Urinalysis: Specific Gravity #1 Record specific gravity of sample (Perform urinalysis and read results),531
"S_QSC302573, 07 - Early Termination Final v1.0",Urinalysis: Leukocytes #1 What was the leukocyte result? (Perform urinalysis and read results),532
"S_QSC302573, 07 - Early Termination Final v1.0",Staff Initials,532
"S_QSC302573, 07 - Early Termination Final v1.0",Comment,532
"S_QSC302573, 07 - Early Termination Final v1.0","Urinalysis: Participant menstruating #1 Is participant female and menstruating? (If 'Yes', DO NOT send sample for Microscopy. If 'No', send sample for Microscopy)",532
"S_QSC302573, 07 - Early Termination Final v1.0",Urinalysis: Repeat Urinalysis #1 Has urinalysis been repeated as soon as possible with a clean catch specimen? Ensure events are repeated to capture this data.,533
"S_QSC302573, 07 - Early Termination Final v1.0",Staff Initials,533
"S_QSC302573, 07 - Early Termination Final v1.0",Comment,533
"S_QSC302573, 07 - Early Termination Final v1.0",Urinalysis: TDL Form Check #1 Confirm TDL form completed:,533
"S_QSC302573, 07 - Early Termination Final v1.0",Has there been a medic review of the Microscopy results?,534
"S_QSC302573, 07 - Early Termination Final v1.0",Staff Initials,534
"S_QSC302573, 07 - Early Termination Final v1.0",Comment,534
"S_QSC302573, 07 - Early Termination Final v1.0",Normal QTCF upper range 450 msec for male participants or 470 msec for female participants (Supine for a minimum 3 minutes),534
"S_QSC302573, 07 - Early Termination Final v1.0",ECG: ECG Rhythm Assess/Interpretation #1 ECG Rhythm assessment and interpretation,534
"S_QSC302573, 07 - Early Termination Final v1.0",ECG: ECG Significance #1 Was the ECG clinically significant? (Medic to assess),535
"S_QSC302573, 07 - Early Termination Final v1.0",Staff Initials,535
"S_QSC302573, 07 - Early Termination Final v1.0",Comment,535
"S_QSC302573, 07 - Early Termination Final v1.0",ECG: ECG Findings #1 ECG Findings,535
"S_QSC302573, 07 - Early Termination Final v1.0","ECG: ECG Findings inc Rhythm #1 ECG Findings, including rhythm assessment",535
"S_QSC302573, 07 - Early Termination Final v1.0",Vital Signs: Vital Signs Supine Full Set #1 Vital Signs (Supine for at least 3 minutes),535
"S_QSC302573, 07 - Early Termination Final v1.0",Vital Signs: Clinical Significance #1 Clinical Assessment of Vital Signs (Medic or Nurse to assess vital signs),536
"S_QSC302573, 07 - Early Termination Final v1.0",Staff Initials,536
"S_QSC302573, 07 - Early Termination Final v1.0",Comment,536
"S_QSC302573, 07 - Early Termination Final v1.0",Vital Signs: Vital Signs Findings #1 Vital Sign Findings,536
"S_QSC302573, 07 - Early Termination Final v1.0",Vital Signs Standing BP and HR (Standing for at least 3 minutes),537
"S_QSC302573, 07 - Early Termination Final v1.0",Staff Initials,537
"S_QSC302573, 07 - Early Termination Final v1.0",Comment,537
"S_QSC302573, 07 - Early Termination Final v1.0",Vital Signs Standing: Drop in SBP from Supine to Standing #1 Is there a drop in SYSTOLIC BP from supine to standing?,537
"S_QSC302573, 07 - Early Termination Final v1.0",Vital Signs Standing 2: Drop in DBP from Supine to Standing #1 Is there a drop in DIASTOLIC BP from supine to standing?,537
"S_QSC302573, 07 - Early Termination Final v1.0",Vital Signs Difference: Vital Signs Calculation BP and HR #1 Vital Signs Difference for SYSTOLIC Drop,537
"S_QSC302573, 07 - Early Termination Final v1.0",Vital Signs Difference for DIASTOLIC Drop,538
"S_QSC302573, 07 - Early Termination Final v1.0",Staff Initials,538
"S_QSC302573, 07 - Early Termination Final v1.0",Comment,538
"S_QSC302573, 07 - Early Termination Final v1.0",Vital Signs Standing: Clinical Significance #1 Clinical Assessment of Standing Vital Signs (Medic or Nurse to assess vital signs),538
"S_QSC302573, 07 - Early Termination Final v1.0",Vital Signs Standing: Vital Signs Findings #1 Vital Sign Findings,538
"S_QSC302573, 07 - Early Termination Final v1.0",Safety: Fasted #1 Has the participant fasted for 8 hours?,538
"S_QSC302573, 07 - Early Termination Final v1.0",Safety: Haematology Medic Assessment #1 Has there been a medic review of the Haematology blood results?,539
"S_QSC302573, 07 - Early Termination Final v1.0",Staff Initials,539
"S_QSC302573, 07 - Early Termination Final v1.0",Comment,539
"S_QSC302573, 07 - Early Termination Final v1.0",Safety: Chemistry Medic Assessment #1 Has there been a medic review of the Clinical Chemistry blood results?,539
"S_QSC302573, 07 - Early Termination Final v1.0",Confirm TDL form completed:,540
"S_QSC302573, 07 - Early Termination Final v1.0",Staff Initials,540
"S_QSC302573, 07 - Early Termination Final v1.0",Comment,540
"S_QSC302573, 07 - Early Termination Final v1.0",AE/CM Surveys: AE/CM Check #1 Confirm an AE and Conmed check has been performed (Record any AE and Conmeds if applicable),540
"S_QSC302573, 07 - Early Termination Final v1.0","Targeted Physical Examination Findings: Require Targeted PE? #1 Targeted Physical Examination: Does the participant require a targeted physical examination? (If yes, please specify the reason)",540
"S_QSC302573, 07 - Early Termination Final v1.0",Yes (Specify) (50 char. max.) (Activates Line,540
"S_QSC302573, 07 - Early Termination Final v1.0",Physical Examination Category,542
"S_QSC302573, 07 - Early Termination Final v1.0",Staff Initials,542
"S_QSC302573, 07 - Early Termination Final v1.0",Comment,542
"S_QSC302573, 07 - Early Termination Final v1.0",Targeted Physical Examination Findings: Findings #1 Detailed findings of Physical Examination,542
"S_QSC302573, 07 - Early Termination Final v1.0",Was a neurological examination performed?,543
"S_QSC302573, 07 - Early Termination Final v1.0",Staff Initials,543
"S_QSC302573, 07 - Early Termination Final v1.0",Comment,543
"S_QSC302573, 07 - Early Termination Final v1.0",Neurological Examination: Mental Status #1 Mental Status,543
"S_QSC302573, 07 - Early Termination Final v1.0",Neurological Examination: Cranial Nerves #1 Cranial Nerves,543
"S_QSC302573, 07 - Early Termination Final v1.0",Motor Systems,544
"S_QSC302573, 07 - Early Termination Final v1.0",Staff Initials,544
"S_QSC302573, 07 - Early Termination Final v1.0",Comment,544
"S_QSC302573, 07 - Early Termination Final v1.0",Neurological Examination: Reflexes #1 Reflexes,544
"S_QSC302573, 07 - Early Termination Final v1.0",Sensory System,545
"S_QSC302573, 07 - Early Termination Final v1.0",Staff Initials,545
"S_QSC302573, 07 - Early Termination Final v1.0",Comment,545
"S_QSC302573, 07 - Early Termination Final v1.0",Neurological Examination: Co-ordination #1 Co-ordination,545
"S_QSC302573, 07 - Early Termination Final v1.0",Station and Gait,546
"S_QSC302573, 07 - Early Termination Final v1.0",Staff Initials,546
"S_QSC302573, 07 - Early Termination Final v1.0",Comment,546
"S_QSC302573, 07 - Early Termination Final v1.0",Neurological Examination: Findings #1 Detailed findings of Neurological Examination,546
"S_QSC302573, 07 - Early Termination Final v1.0",C-SSRS Assessment: Date of Assessment #1 Was the C-SSRS completed?,546
"S_QSC302573, 07 - Early Termination Final v1.0","Subject endorses thoughts about a wish to be dead or not alive anymore, or a wish to fall asleep and not wake up. (Have you wished you were dead or wished you could go to sleep and not wake up?)",547
"S_QSC302573, 07 - Early Termination Final v1.0",Staff Initials,547
"S_QSC302573, 07 - Early Termination Final v1.0",Comment,547
"S_QSC302573, 07 - Early Termination Final v1.0","Yes (Specify) (500 char. max.) (Activates Line 61, 56, 59, 57, 58, 60, 62)",547
"S_QSC302573, 07 - Early Termination Final v1.0","General non-specific thoughts of wanting to end one's life / commit suicide (e.g. ""I've thought about killing myself"") without thoughts of ways to kill oneself / associated methods, intent, or plan during the assessment period. (Have you actually had any thoughts of killing yourself?)",547
"S_QSC302573, 07 - Early Termination Final v1.0","Yes (Specify) (500 char. max.) (Activates Line 61, 53, 56, 59, 57, 55, 58, 60, 62, 54)",547
"S_QSC302573, 07 - Early Termination Final v1.0","Subject endorses thoughts of suicide and has thought of at least one method during the assessment period. This is different from a specific plan with time, place or method details worked out (e.g. thought of method to kill self but not a specific plan). Includes person who would say, ""I thought about taking an overdose but I never made a specific plan as to when, where or how I would actually do it… and I would never go through with it"". (Have you been thinking about how you might do this?)",548
"S_QSC302573, 07 - Early Termination Final v1.0",Staff Initials,548
"S_QSC302573, 07 - Early Termination Final v1.0",Comment,548
"S_QSC302573, 07 - Early Termination Final v1.0","Active suicidal thoughts of killing oneself and subject reports having some intent to act on such thoughts, as opposed to ""I have the thoughts but I definitely will not do anything about them"". (Have you had these thoughts and had some intention of acting on them?)",548
"S_QSC302573, 07 - Early Termination Final v1.0",Thoughts of killing oneself with details of plan fully or partially worked out and subject has some intent to carry it out. (Have you started to work out or worked out the details of how to kill yourself? Do you intend to carry out this plan?),549
"S_QSC302573, 07 - Early Termination Final v1.0",Staff Initials,549
"S_QSC302573, 07 - Early Termination Final v1.0",Comment,549
"S_QSC302573, 07 - Early Termination Final v1.0","The following feature should be rated with respect to the most severe type of ideation (i.e. 1-5 from above, with 1 being the least severe and 5 being the most severe). Ask about time he/she was feeling the most suicidal.",549
"S_QSC302573, 07 - Early Termination Final v1.0",C-SSRS Since Last Visit: 6. Description of Ideation #1 Description of Ideation,549
"S_QSC302573, 07 - Early Termination Final v1.0",(How many times have you had these thoughts?),549
"S_QSC302573, 07 - Early Termination Final v1.0","(When you have the thoughts, how long do they last?)",550
"S_QSC302573, 07 - Early Termination Final v1.0",Staff Initials,550
"S_QSC302573, 07 - Early Termination Final v1.0",Comment,550
"S_QSC302573, 07 - Early Termination Final v1.0",(Could/can you stop thinking about killing yourself or wanting to die if you want to?),550
"S_QSC302573, 07 - Early Termination Final v1.0","(Are there things - anyone or anything (e.g. family, religion, pain of death) - that stopped you from wanting to die or acting on thoughts of committing suicide?)",551
"S_QSC302573, 07 - Early Termination Final v1.0",Staff Initials,551
"S_QSC302573, 07 - Early Termination Final v1.0",Comment,551
"S_QSC302573, 07 - Early Termination Final v1.0","(What sort of reasons did you have for thinking about wanting to die or killing yourself? Was it to end the pain or stop the way you were feeling (in other words you couldn't go on living with this pain or how you were feeling) or was it to get attention, revenge or a reaction from others? Or both?)",551
"S_QSC302573, 07 - Early Termination Final v1.0","trying to end your life when you___? Or did you think it was possible you could have died from___?) Or did you do it purely for other reasons / without ANY intention of killing yourself (like to relieve stress, feel better, get sympathy, or get something else to happen)? (Self-Injurious Behaviour without suicidal intent))",553
"S_QSC302573, 07 - Early Termination Final v1.0",Staff Initials,553
"S_QSC302573, 07 - Early Termination Final v1.0",Comment,553
"S_QSC302573, 07 - Early Termination Final v1.0","Yes (Specify) (500 char. max.) (Activates Line 74, 75, 73)",553
"S_QSC302573, 07 - Early Termination Final v1.0",C-SSRS Since Last Visit: 12. Total Number of Attempts #1 Total Number of Attempts,553
"S_QSC302573, 07 - Early Termination Final v1.0","When the person is interrupted (by an outside circumstance) from starting the potentially self- injurious act (if not for that, actual attempt would have occurred). Overdose: Person has pills in hand but is stopped from ingesting. Once they ingest any pills, this becomes an attempt rather than an interrupted attempt. Shooting: Person has gun pointed towards self, gun is taken away by someone else, or he/she is somehow prevented from pulling trigger. Once they pull the trigger, even if the gun fails to fire, it is an attempt. Jumping: Person is poised to jump, is grabbed and taken down from ledge. Hanging: Person has noose around neck but has not yet started to hang - is stopped from doing so. (Has there been a time when you started to do something to end your life but someone or something stopped you before you actually did anything?)",554
"S_QSC302573, 07 - Early Termination Final v1.0",Staff Initials,554
"S_QSC302573, 07 - Early Termination Final v1.0",Comment,554
"S_QSC302573, 07 - Early Termination Final v1.0",C-SSRS Since Last Visit: 14. Total Number of Interrupted #1 Total Number of Interrupted,554
"S_QSC302573, 07 - Early Termination Final v1.0","Acts or preparation towards imminently making a suicide attempt. This can include anything beyond a verbalisation or thought, such as assembling a specific method (e.g. buying pills, purchasing a gun) or preparing for one's death by suicide (e.g. giving things away, writing a suicide note). (Have you taken any steps towards making a suicide attempt or preparing to kill yourself (such as collecting pills, getting a gun, giving valuables away or writing a suicide note)?)",555
"S_QSC302573, 07 - Early Termination Final v1.0",Staff Initials,555
"S_QSC302573, 07 - Early Termination Final v1.0",Comment,555
"S_QSC302573, 07 - Early Termination Final v1.0",C-SSRS Since Last Visit: 18. Suicide #1 Suicide (Since Last Visit),556
"S_QSC302573, 07 - Early Termination Final v1.0",Staff Initials,556
"S_QSC302573, 07 - Early Termination Final v1.0",Comment,556
"S_QSC302573, 07 - Early Termination Final v1.0",C-SSRS Since Last Visit: 19. Most Lethal Attempt Date #1 Most Lethal Attempt Date,556
"S_QSC302573, 07 - Early Termination Final v1.0",C-SSRS Since Last Visit: 19. Actual Lethality Most Lethal Attempt #1 Actual Lethality/Medical Damage - Most Lethal Attempt,556
"S_QSC302573, 07 - Early Termination Final v1.0",C-SSRS Since Last Visit: 19. Potential Lethality Most Lethal Attempt #1 Potential Lethality - Most Lethal Attempt Code (only answer if Actual Lethality = 0),557
"S_QSC302573, 07 - Early Termination Final v1.0",Staff Initials,557
"S_QSC302573, 07 - Early Termination Final v1.0",Comment,557
"S_QSC302573, 07 - Early Termination Final v1.0",Discharge Procedures: Trial Participation Card #1 Confirm participant has been provided with a Trial Participation Card,557
"S_QSC302573, 07 - Early Termination Final v1.0","Discharge Procedures: ICF in Volunteer Folder #1 Is the signed copy of the participant's ICF present in their volunteer folder? (If 'No', escalate immediately)",557
"S_QSC302573, 07 - Early Termination Final v1.0",Bag search performed?,558
"S_QSC302573, 07 - Early Termination Final v1.0",Staff Initials,558
"S_QSC302573, 07 - Early Termination Final v1.0",Comment,558
"S_QSC302573, 07 - Early Termination Final v1.0","Males will refrain from sperm donation from the screening visit through 90 days plus 5 half-lives (ie, 92 days) after the last dose of IMP.",558
"S_QSC302573, 07 - Early Termination Final v1.0",Discharge Procedures: AE Discharge Question #1 Have there been any Adverse Events throughout study duration?,558
"S_QSC302573, 07 - Early Termination Final v1.0",Confirm that all discharge procedures have been completed and the participant is safe to be discharged.,559
"S_QSC302573, 07 - Early Termination Final v1.0",Staff Initials,559
"S_QSC302573, 07 - Early Termination Final v1.0",Comment,559
"S_QSC302573, 07 - Early Termination Final v1.0","Discharge Procedures: Discharge by Medic #1 As participant has had AE(s) on the study, Medic to confirm that all discharge procedures have been completed and the participant is safe to be discharged.",559
"S_QSC302573, 07 - Early Termination Final v1.0",System: Available #1 What is the status of the subject?,559
"S_QSC302573, 07 - Early Termination Final v1.0",Completion: Completed Study #1 Did the participant complete the study?,559
"S_QSC302573, 08 - Completion Final v1.0",Date participant completed,560
"S_QSC302573, 08 - Completion Final v1.0",Staff Initials,560
"S_QSC302573, 08 - Completion Final v1.0",Comment,560
"S_QSC302573, 08 - Completion Final v1.0",Completion: Date of Discontinuation #1 Date of discontinuation / withdrawal,560
"S_QSC302573, 08 - Completion Final v1.0",Completion: Date of Last Dose #1 Date of Last Dose,560
"S_QSC302573, 08 - Completion Final v1.0",Completion: Date of Last Procedure/Last Contact #1 Date of last study procedure/last contact with participant,560
"S_QSC302573, 08 - Completion Final v1.0",Completion: Reason for Discontinuation #1 What was the reason for participant discontinuation?,560
"S_QSC302573, 08 - Completion Final v1.0","If ""Protocol specific withdrawal criteria"" or “Other” is selected from the Status list, provide the criteria met or verbatim reason.",562
"S_QSC302573, 08 - Completion Final v1.0",Staff Initials,562
"S_QSC302573, 08 - Completion Final v1.0",Comment,562
"S_QSC302573, 08 - Completion Final v1.0",Completion: Date and Time of Death #1 Date and time of death,562
"S_QSC302573, 08 - Completion Final v1.0","(For a participant who experiences an elevation in AST or ALT that is ≥3 times the ULN, a total bilirubin level should also be evaluated. If the total bilirubin is ≥2 times the ULN, complete an IRE form with all values listed and send to sponsor within 24 hours, see protocol section 8.7.3.)",562
"S_QSC302573, 08 - Completion Final v1.0",Adverse Event: Start Date #1 What is the date the adverse event started? (Start Date),562
"S_QSC302573, Adverse Events Final v1.0",At what time did the adverse event start? (Start Time),563
"S_QSC302573, Adverse Events Final v1.0",Staff Initials,563
"S_QSC302573, Adverse Events Final v1.0",Comment,563
"S_QSC302573, Adverse Events Final v1.0",Adverse Event: Severity #1 What was the severity of the adverse event? (Severity),563
"S_QSC302573, Adverse Events Final v1.0","Adverse Event: Serious Event #1 Is the adverse event serious? (If 'Yes', inform PI. SAE form will be required.)",563
"S_QSC302573, Adverse Events Final v1.0",Adverse Event: Seriousness Criteria #1 Seriousness Criteria (tick all that apply),563
"S_QSC302573, Adverse Events Final v1.0",Death,563
"S_QSC302573, Adverse Events Final v1.0",Life-threatening,563
"S_QSC302573, Adverse Events Final v1.0",Hospitalisation,564
"S_QSC302573, Adverse Events Final v1.0",Prolonged Hospitalisation,564
"S_QSC302573, Adverse Events Final v1.0",Resulted in persistent or significant disability/incapacity,564
"S_QSC302573, Adverse Events Final v1.0",Congenital anomaly/birth defect,564
"S_QSC302573, Adverse Events Final v1.0",Important medical event (Activates Line 7),564
"S_QSC302573, Adverse Events Final v1.0",Adverse Event: Specify Important Medical Event #1 Specify important medical event,564
"S_QSC302573, Adverse Events Final v1.0",Staff Initials,564
"S_QSC302573, Adverse Events Final v1.0",Comment,564
"S_QSC302573, Adverse Events Final v1.0","• Any SAE. • Potential serious hepatotoxicity - Participants with abnormal liver function and or hepatic impairment, defined as participants with AST, ALT, or alkaline phosphatase > the ULN or total bilirubin > the ULN will be excluded from the trial. For a participant who experiences an elevation in AST or ALT that is ≥3 times the ULN, a total bilirubin level should also be evaluated. If the total bilirubin is ≥2 times the ULN. • Any AE related to occupational exposure (eg, an investigator getting a skin rash after exposure to a medication). Nonparticipant AEs would not be recorded on the eCRF form but must be recorded on an IRE form to the sponsor. • Pregnancies are also defined as IREs. Although normal pregnancy is not an AE, pregnancy of a trial participant will mandate trial intervention discontinuation and pregnancy of a participant or a participant’s partner must be reported on an IRE form and the Pregnancy Surveillance Form (s) to the sponsor. Pregnancy will only be documented on the AE eCRF if the pregnancy occurs in a trial participant and there is an abnormality or complication. (Please complete an IRE form and inform sponsor)",565
"S_QSC302573, Adverse Events Final v1.0",Staff Initials,565
"S_QSC302573, Adverse Events Final v1.0",Comment,565
"S_QSC302573, Adverse Events Final v1.0",Adverse Event: IMP Causality #1 Is this event related to study treatment? (IMP Causality),565
"S_QSC302573, Adverse Events Final v1.0",Adverse Event: Relationship Cause #1 Underlying Cause (Underlying Cause),565
"S_QSC302573, Adverse Events Final v1.0",Adverse Event: Outcome #1 What was the outcome of this adverse event? (Outcome),566
"S_QSC302573, Adverse Events Final v1.0",Staff Initials,566
"S_QSC302573, Adverse Events Final v1.0",Comment,566
"S_QSC302573, Adverse Events Final v1.0",Specify sequelae,567
"S_QSC302573, Adverse Events Final v1.0",Staff Initials,567
"S_QSC302573, Adverse Events Final v1.0",Comment,567
"S_QSC302573, Adverse Events Final v1.0",Adverse Event: End Date #1 What date did the adverse event end? (End Date),567
"S_QSC302573, Adverse Events Final v1.0",Adverse Event: End Time #1 At what time did the adverse event end? (End Time),567
"S_QSC302573, Adverse Events Final v1.0",Adverse Event: Progress Notes #1 Progress Notes (Progress Notes),567
"S_QSC302573, Adverse Events Final v1.0",MD Order UK: Subject Number #1 Subject number,567
"S_QSC302573, MD Orders Final v1.0",MD Order UK: Date of Birth #1 What is the subject's date of birth?,568
"S_QSC302573, MD Orders Final v1.0",Staff Initials,568
"S_QSC302573, MD Orders Final v1.0",Comment,568
"S_QSC302573, MD Orders Final v1.0",MD Order UK: Allergies #1 Any known drug allergies?,568
"S_QSC302573, MD Orders Final v1.0",MD Order UK: Allergies specify #1 Specify allergies,568
"S_QSC302573, MD Orders Final v1.0",MD Order UK: Medication #1 Name of Concomitant Medication,568
"S_QSC302573, MD Orders Final v1.0",MD Order UK: Dose #1 Dose of Concomitant Medication (Dose),568
"S_QSC302573, MD Orders Final v1.0",Other (Specify) (50 char. max.) (Activates Line 8),569
"S_QSC302573, MD Orders Final v1.0",MD Order UK: Unit Specify #1 Specify Other dose unit,569
"S_QSC302573, MD Orders Final v1.0",Staff Initials,569
"S_QSC302573, MD Orders Final v1.0",Comment,569
"S_QSC302573, MD Orders Final v1.0",MD Order UK: Frequency #1 Frequency,569
"S_QSC302573, MD Orders Final v1.0",Other (specify) (100 char. max.) (Activates Line 10),569
"S_QSC302573, MD Orders Final v1.0",MD Order UK: Frequency Specify #1 Specify Other Frequency,569
"S_QSC302573, MD Orders Final v1.0",MD Order UK: Route #1 Route,569
"S_QSC302573, MD Orders Final v1.0",Other (specify) (100 char. max.) (Activates Line 12),570
"S_QSC302573, MD Orders Final v1.0",MD Order UK: Route Specify #1 Specify Other Route,570
"S_QSC302573, MD Orders Final v1.0",Staff Initials,570
"S_QSC302573, MD Orders Final v1.0",Comment,570
"S_QSC302573, MD Orders Final v1.0",MD Order UK: Maximum Dose #1 Maximum total dose in 24 hours,570
"S_QSC302573, MD Orders Final v1.0",MD Order UK: Total Doses #1 Total number of doses to be administered,570
"S_QSC302573, MD Orders Final v1.0","MD Order UK: AE Number #1 Adverse Event Number/s (If multiple, ensure separated by comma e.g. 1, 2)",570
"S_QSC302573, MD Orders Final v1.0","Indication specified on AE/s (If multiple, ensure separated by comma e.g. Headache, Sore throat)",571
"S_QSC302573, MD Orders Final v1.0",Staff Initials,571
"S_QSC302573, MD Orders Final v1.0",Comment,571
"S_QSC302573, MD Orders Final v1.0",MD Order UK: Date/Time of prescribing #1 Date/Time of prescribing,571
"S_QSC302573, MD Orders Final v1.0",MD Order UK: Comments #1 Additional Information,571
"S_QSC302573, MD Orders Final v1.0",Medical History: Body System #1 Affected Body System,571
"S_QSC302573, Medical History Final v1.0",Other (Specify) (100 char. max.) (Activates Line 7),572
"S_QSC302573, Medical History Final v1.0",Medical History: MH Term without Dictionary #1 What is the verbatim term for the medical history condition/event?,572
"S_QSC302573, Medical History Final v1.0",Staff Initials,572
"S_QSC302573, Medical History Final v1.0",Comment,572
"S_QSC302573, Medical History Final v1.0",What was the date the Medical History event or condition started?,573
"S_QSC302573, Medical History Final v1.0",Staff Initials,573
"S_QSC302573, Medical History Final v1.0",Comment,573
"S_QSC302573, Medical History Final v1.0",Medical History: Ongoing #1 Is the Medical History event or condition still ongoing?,573
"S_QSC302573, Medical History Final v1.0",Medical History: End Date #1 What was the date the Medical History event or condition ended?,573
"S_QSC302573, Medical History Final v1.0",Medical History: Details #1 What are the Medical History event or condition details?,573
"S_QSC302573, Medical History Final v1.0","Other Body System, Specify",574
"S_QSC302573, Medical History Final v1.0",Staff Initials,574
"S_QSC302573, Medical History Final v1.0",Comment,574
"S_QSC302573, Medical History Final v1.0",Notes: Date #1 Date,574
"S_QSC302573, Medical History Final v1.0",Notes: Time #1 Time,574
"S_QSC302573, Medical History Final v1.0",Notes: Notes #1 Notes,574
"S_QSC302573, Prior and Concomitant Medications Final v1.0",Concomitant Medication: Start Date #1 What was the start date of the medication? (Start Date) (**START DATE AND TIME SHOULD MATCH THE DATE AND TIME OF 1st ADMINISTRATION**),575
"S_QSC302573, Prior and Concomitant Medications Final v1.0",Staff Initials,575
"S_QSC302573, Prior and Concomitant Medications Final v1.0",Comment,575
"S_QSC302573, Prior and Concomitant Medications Final v1.0",Concomitant Medication: Start Time #1 What was the start time of the medication? (Start Time),575
"S_QSC302573, Prior and Concomitant Medications Final v1.0",Concomitant Medication: Mark if Ongoing #1 Is the medication still ongoing? (Ongoing),575
"S_QSC302573, Prior and Concomitant Medications Final v1.0",Concomitant Medication: End Date #1 What was the end date of the medication? (End Date),575
"S_QSC302573, Prior and Concomitant Medications Final v1.0",What was the end time of the medication? (End Time),576
"S_QSC302573, Prior and Concomitant Medications Final v1.0",Staff Initials,576
"S_QSC302573, Prior and Concomitant Medications Final v1.0",Comment,576
"S_QSC302573, Prior and Concomitant Medications Final v1.0",Concomitant Medication: Dose #1 What was the individual dose of the medication? (Dose),576
"S_QSC302573, Prior and Concomitant Medications Final v1.0",Concomitant Medication: Unit #1 What was the unit of the medication? (Dose Unit),576
"S_QSC302573, Prior and Concomitant Medications Final v1.0","Concomitant Medication: Other Unit #1 Other Unit (Other, specify)",576
"S_QSC302573, Prior and Concomitant Medications Final v1.0",What was the frequency of the medication? (Frequency),578
"S_QSC302573, Prior and Concomitant Medications Final v1.0",Staff Initials,578
"S_QSC302573, Prior and Concomitant Medications Final v1.0",Comment,578
"S_QSC302573, Prior and Concomitant Medications Final v1.0",Concomitant Medication: Route #1 What was the route of administration of the medication? (Route),579
"S_QSC302573, Prior and Concomitant Medications Final v1.0",Staff Initials,579
"S_QSC302573, Prior and Concomitant Medications Final v1.0","Concomitant Medication: Other Route #1 Other Route (Other, specify)",580
"S_QSC302573, Prior and Concomitant Medications Final v1.0",Staff Initials,580
"S_QSC302573, Prior and Concomitant Medications Final v1.0",Comment,580
"S_QSC302573, Prior and Concomitant Medications Final v1.0",Concomitant Medication: Med taken in Clinical Unit? #1 Is this concomitant medication being taken in the clinical unit?,580
"S_QSC302573, Prior and Concomitant Medications Final v1.0",Concomitant Medication: CM Administration Record 1 #1 Administration Record 1,580
"S_QSC302573, Prior and Concomitant Medications Final v1.0","Confirm Volunteer ID (volunteer number, initials, date of birth)",580
"S_QSC302573, Prior and Concomitant Medications Final v1.0",Confirm AE(s) open,580
"S_QSC302573, Prior and Concomitant Medications Final v1.0",Frequency since last dose checked,580
"S_QSC302573, Prior and Concomitant Medications Final v1.0",Total Dosage within 24 hours (20 char. max.) Batch Number (25 char. max.),580
"S_QSC302573, Prior and Concomitant Medications Final v1.0",Tick if Expiry Date available (leave blank if Date is N/A) (Activates Line 17),580
"S_QSC302573, Prior and Concomitant Medications Final v1.0",Concomitant Medication: CM Expiry Date 1 #1 Expiry Date (Administration Record 1),580
"S_QSC302573, Prior and Concomitant Medications Final v1.0",Other Route (Administration Record 1),582
"S_QSC302573, Prior and Concomitant Medications Final v1.0",Staff Initials,582
"S_QSC302573, Prior and Concomitant Medications Final v1.0",Comment,582
"S_QSC302573, Prior and Concomitant Medications Final v1.0",Concomitant Medication: CM Last Dose Date Time 1 #1 When was the last date/time the Con Med was given? (Administration Record 1),582
"S_QSC302573, Prior and Concomitant Medications Final v1.0",Concomitant Medication: CM Dose 1 #1 Dose at this administration (Administration Record 1),582
"S_QSC302573, Prior and Concomitant Medications Final v1.0","Concomitant Medication: CM Witness Check 1 #1 Confirm administration is complete, and all details entered are correct (Administration Record 1) (**OPERATOR TO COMPLETE** - SWITCH USER)",582
"S_QSC302573, Prior and Concomitant Medications Final v1.0",Concomitant Medication: CM Administration Record 2 #1 Administration Record 2,582
"S_QSC302573, Prior and Concomitant Medications Final v1.0","Confirm Volunteer ID (volunteer number, initials, date of birth)",582
"S_QSC302573, Prior and Concomitant Medications Final v1.0",Confirm AE(s) open,582
"S_QSC302573, Prior and Concomitant Medications Final v1.0",Frequency since last dose checked,582
"S_QSC302573, Prior and Concomitant Medications Final v1.0",Total Dosage within 24 hours (20 char. max.) Batch Number (25 char. max.),583
"S_QSC302573, Prior and Concomitant Medications Final v1.0",Tick if Expiry Date available (leave blank if Date is N/A) (Activates Line 24),583
"S_QSC302573, Prior and Concomitant Medications Final v1.0",Concomitant Medication: CM Expiry Date 2 #1 Expiry Date (Administration Record 2),583
"S_QSC302573, Prior and Concomitant Medications Final v1.0",Staff Initials,583
"S_QSC302573, Prior and Concomitant Medications Final v1.0",Comment,583
"S_QSC302573, Prior and Concomitant Medications Final v1.0",Concomitant Medication: CM Route 2 #1 Route Administered (Administration Record 2),583
"S_QSC302573, Prior and Concomitant Medications Final v1.0",Concomitant Medication: CM Other Route 2 #1 Other Route (Administration Record 2),584
"S_QSC302573, Prior and Concomitant Medications Final v1.0",Staff Initials,584
"S_QSC302573, Prior and Concomitant Medications Final v1.0",Comment,584
"S_QSC302573, Prior and Concomitant Medications Final v1.0",Concomitant Medication: CM Last Dose Date Time 2 #1 When was the last date/time the Con Med was given? (Administration Record 2),584
"S_QSC302573, Prior and Concomitant Medications Final v1.0",Concomitant Medication: CM Dose 2 #1 Dose at this administration (Administration Record 2),584
"S_QSC302573, Prior and Concomitant Medications Final v1.0","Confirm administration is complete, and all details entered are correct (Administration Record 2) (**OPERATOR TO COMPLETE** - SWITCH USER)",585
"S_QSC302573, Prior and Concomitant Medications Final v1.0",Staff Initials,585
"S_QSC302573, Prior and Concomitant Medications Final v1.0",Comment,585
"S_QSC302573, Prior and Concomitant Medications Final v1.0",Concomitant Medication: CM Administration Record 3 #1 Administration Record 3,585
"S_QSC302573, Prior and Concomitant Medications Final v1.0","Confirm Volunteer ID (volunteer number, initials, date of birth)",585
"S_QSC302573, Prior and Concomitant Medications Final v1.0",Confirm AE(s) open,585
"S_QSC302573, Prior and Concomitant Medications Final v1.0",Frequency since last dose checked,585
"S_QSC302573, Prior and Concomitant Medications Final v1.0",Total Dosage within 24 hours (20 char. max.) Batch Number (25 char. max.),585
"S_QSC302573, Prior and Concomitant Medications Final v1.0",Tick if Expiry Date available (leave blank if Date is N/A) (Activates Line 31),585
"S_QSC302573, Prior and Concomitant Medications Final v1.0",Concomitant Medication: CM Expiry Date 3 #1 Expiry Date (Administration Record 3),585
"S_QSC302573, Prior and Concomitant Medications Final v1.0",Concomitant Medication: CM Route 3 #1 Route Administered (Administration Record 3),585
"S_QSC302573, Prior and Concomitant Medications Final v1.0",Concomitant Medication: CM Other Route 3 #1 Other Route (Administration Record 3),586
"S_QSC302573, Prior and Concomitant Medications Final v1.0",Staff Initials,586
"S_QSC302573, Prior and Concomitant Medications Final v1.0",Comment,586
"S_QSC302573, Prior and Concomitant Medications Final v1.0",When was the last date/time the Con Med was given? (Administration Record 3),587
"S_QSC302573, Prior and Concomitant Medications Final v1.0",Staff Initials,587
"S_QSC302573, Prior and Concomitant Medications Final v1.0",Comment,587
"S_QSC302573, Prior and Concomitant Medications Final v1.0",Concomitant Medication: CM Dose 3 #1 Dose at this administration (Administration Record 3),587
"S_QSC302573, Prior and Concomitant Medications Final v1.0","Concomitant Medication: CM Witness Check 3 #1 Confirm administration is complete, and all details entered are correct (Administration Record 3) (**OPERATOR TO COMPLETE** - SWITCH USER)",587
"S_QSC302573, Prior and Concomitant Medications Final v1.0",Concomitant Medication: CM Administration Record 4 #1 Administration Record 4,587
"S_QSC302573, Prior and Concomitant Medications Final v1.0","Confirm Volunteer ID (volunteer number, initials, date of birth)",587
"S_QSC302573, Prior and Concomitant Medications Final v1.0",Confirm AE(s) open,587
"S_QSC302573, Prior and Concomitant Medications Final v1.0",Frequency since last dose checked,587
"S_QSC302573, Prior and Concomitant Medications Final v1.0",Total Dosage within 24 hours (20 char. max.) Batch Number (25 char. max.),587
"S_QSC302573, Prior and Concomitant Medications Final v1.0",Tick if Expiry Date available (leave blank if Date is N/A) (Activates Line 38),587
"S_QSC302573, Prior and Concomitant Medications Final v1.0",Expiry Date (Administration Record 4),588
"S_QSC302573, Prior and Concomitant Medications Final v1.0",Staff Initials,588
"S_QSC302573, Prior and Concomitant Medications Final v1.0",Comment,588
"S_QSC302573, Prior and Concomitant Medications Final v1.0",Concomitant Medication: CM Route 4 #1 Route Administered (Administration Record 4),588
"S_QSC302573, Prior and Concomitant Medications Final v1.0",Concomitant Medication: CM Other Route 4 #1 Other Route (Administration Record 4),589
"S_QSC302573, Prior and Concomitant Medications Final v1.0",Staff Initials,589
"S_QSC302573, Prior and Concomitant Medications Final v1.0",Comment,589
"S_QSC302573, Prior and Concomitant Medications Final v1.0",Concomitant Medication: CM Last Dose Date Time 4 #1 When was the last date/time the Con Med was given? (Administration Record 4),589
"S_QSC302573, Prior and Concomitant Medications Final v1.0",Concomitant Medication: CM Dose 4 #1 Dose at this administration (Administration Record 4),589
"S_QSC302573, Prior and Concomitant Medications Final v1.0","Concomitant Medication: CM Witness Check 4 #1 Confirm administration is complete, and all details entered are correct (Administration Record 4) (**OPERATOR TO COMPLETE** - SWITCH USER)",589
"S_QSC302573, Prior and Concomitant Medications Final v1.0",Concomitant Medication: CM Administration Record 5 #1 Administration Record 5,589
"S_QSC302573, Prior and Concomitant Medications Final v1.0","Confirm Volunteer ID (volunteer number, initials, date of birth)",589
"S_QSC302573, Prior and Concomitant Medications Final v1.0",Confirm AE(s) open,590
"S_QSC302573, Prior and Concomitant Medications Final v1.0",Frequency since last dose checked,590
"S_QSC302573, Prior and Concomitant Medications Final v1.0",Total Dosage within 24 hours (20 char. max.) Batch Number (25 char. max.),590
"S_QSC302573, Prior and Concomitant Medications Final v1.0",Tick if Expiry Date available (leave blank if Date is N/A) (Activates Line 45),590
"S_QSC302573, Prior and Concomitant Medications Final v1.0",Concomitant Medication: CM Expiry Date 5 #1 Expiry Date (Administration Record 5),590
"S_QSC302573, Prior and Concomitant Medications Final v1.0",Staff Initials,590
"S_QSC302573, Prior and Concomitant Medications Final v1.0",Comment,590
"S_QSC302573, Prior and Concomitant Medications Final v1.0",Concomitant Medication: CM Route 5 #1 Route Administered (Administration Record 5),590
"S_QSC302573, Prior and Concomitant Medications Final v1.0",Concomitant Medication: CM Other Route 5 #1 Other Route (Administration Record 5),591
"S_QSC302573, Prior and Concomitant Medications Final v1.0",Staff Initials,591
"S_QSC302573, Prior and Concomitant Medications Final v1.0",Comment,591
"S_QSC302573, Prior and Concomitant Medications Final v1.0",Concomitant Medication: CM Last Dose Date Time 5 #1 When was the last date/time the Con Med was given? (Administration Record 5),591
"S_QSC302573, Prior and Concomitant Medications Final v1.0",Concomitant Medication: CM Dose 5 #1 Dose at this administration (Administration Record 5),591
"S_QSC302573, Prior and Concomitant Medications Final v1.0",5) (**OPERATOR TO COMPLETE** - SWITCH USER),592
"S_QSC302573, Prior and Concomitant Medications Final v1.0",Staff Initials,592
"S_QSC302573, Prior and Concomitant Medications Final v1.0",Comment,592
"S_QSC302573, Prior and Concomitant Medications Final v1.0",Concomitant Medication: CM Administration Record 6 #1 Administration Record 6,592
"S_QSC302573, Prior and Concomitant Medications Final v1.0","Confirm Volunteer ID (volunteer number, initials, date of birth)",592
"S_QSC302573, Prior and Concomitant Medications Final v1.0",Confirm AE(s) open,592
"S_QSC302573, Prior and Concomitant Medications Final v1.0",Frequency since last dose checked,592
"S_QSC302573, Prior and Concomitant Medications Final v1.0",Total Dosage within 24 hours (20 char. max.) Batch Number (25 char. max.),592
"S_QSC302573, Prior and Concomitant Medications Final v1.0",Tick if Expiry Date available (leave blank if Date is N/A) (Activates Line 52),592
"S_QSC302573, Prior and Concomitant Medications Final v1.0",Concomitant Medication: CM Expiry Date 6 #1 Expiry Date (Administration Record 6),592
"S_QSC302573, Prior and Concomitant Medications Final v1.0",Concomitant Medication: CM Route 6 #1 Route Administered (Administration Record 6),592
"S_QSC302573, Prior and Concomitant Medications Final v1.0",Concomitant Medication: CM Other Route 6 #1 Other Route (Administration Record 6),593
"S_QSC302573, Prior and Concomitant Medications Final v1.0",Staff Initials,593
"S_QSC302573, Prior and Concomitant Medications Final v1.0",Comment,593
"S_QSC302573, Prior and Concomitant Medications Final v1.0",When was the last date/time the Con Med was given? (Administration Record 6),594
"S_QSC302573, Prior and Concomitant Medications Final v1.0",Staff Initials,594
"S_QSC302573, Prior and Concomitant Medications Final v1.0",Comment,594
"S_QSC302573, Prior and Concomitant Medications Final v1.0",Concomitant Medication: CM Dose 6 #1 Dose at this administration (Administration Record 6),594
"S_QSC302573, Prior and Concomitant Medications Final v1.0","Concomitant Medication: CM Witness Check 6 #1 Confirm administration is complete, and all details entered are correct (Administration Record 6) (**OPERATOR TO COMPLETE** - SWITCH USER)",594
"S_QSC302573, Prior and Concomitant Medications Final v1.0",Concomitant Medication: CM Administration Record 7 #1 Administration Record 7,594
"S_QSC302573, Prior and Concomitant Medications Final v1.0","Confirm Volunteer ID (volunteer number, initials, date of birth)",594
"S_QSC302573, Prior and Concomitant Medications Final v1.0",Confirm AE(s) open,594
"S_QSC302573, Prior and Concomitant Medications Final v1.0",Frequency since last dose checked,594
"S_QSC302573, Prior and Concomitant Medications Final v1.0",Total Dosage within 24 hours (20 char. max.) Batch Number (25 char. max.),594
"S_QSC302573, Prior and Concomitant Medications Final v1.0",Tick if Expiry Date available (leave blank if Date is N/A) (Activates Line 59),594
"S_QSC302573, Prior and Concomitant Medications Final v1.0",Expiry Date (Administration Record 7),595
"S_QSC302573, Prior and Concomitant Medications Final v1.0",Staff Initials,595
"S_QSC302573, Prior and Concomitant Medications Final v1.0",Comment,595
"S_QSC302573, Prior and Concomitant Medications Final v1.0",Concomitant Medication: CM Route 7 #1 Route Administered (Administration Record 7),595
"S_QSC302573, Prior and Concomitant Medications Final v1.0",Concomitant Medication: CM Other Route 7 #1 Other Route (Administration Record 7),596
"S_QSC302573, Prior and Concomitant Medications Final v1.0",Staff Initials,596
"S_QSC302573, Prior and Concomitant Medications Final v1.0",Comment,596
"S_QSC302573, Prior and Concomitant Medications Final v1.0",Concomitant Medication: CM Last Dose Date Time 7 #1 When was the last date/time the Con Med was given? (Administration Record 7),596
"S_QSC302573, Prior and Concomitant Medications Final v1.0",Concomitant Medication: CM Dose 7 #1 Dose at this administration (Administration Record 7),596
"S_QSC302573, Prior and Concomitant Medications Final v1.0","Concomitant Medication: CM Witness Check 7 #1 Confirm administration is complete, and all details entered are correct (Administration Record 7) (**OPERATOR TO COMPLETE** - SWITCH USER)",596
"S_QSC302573, Prior and Concomitant Medications Final v1.0",Concomitant Medication: CM Administration Record 8 #1 Administration Record 8,596
"S_QSC302573, Prior and Concomitant Medications Final v1.0","Confirm Volunteer ID (volunteer number, initials, date of birth)",596
"S_QSC302573, Prior and Concomitant Medications Final v1.0",Confirm AE(s) open,597
"S_QSC302573, Prior and Concomitant Medications Final v1.0",Frequency since last dose checked,597
"S_QSC302573, Prior and Concomitant Medications Final v1.0",Total Dosage within 24 hours (20 char. max.) Batch Number (25 char. max.),597
"S_QSC302573, Prior and Concomitant Medications Final v1.0",Tick if Expiry Date available (leave blank if Date is N/A) (Activates Line 66),597
"S_QSC302573, Prior and Concomitant Medications Final v1.0",Concomitant Medication: CM Expiry Date 8 #1 Expiry Date (Administration Record 8),597
"S_QSC302573, Prior and Concomitant Medications Final v1.0",Staff Initials,597
"S_QSC302573, Prior and Concomitant Medications Final v1.0",Comment,597
"S_QSC302573, Prior and Concomitant Medications Final v1.0",Concomitant Medication: CM Route 8 #1 Route Administered (Administration Record 8),597
"S_QSC302573, Prior and Concomitant Medications Final v1.0",Concomitant Medication: CM Other Route 8 #1 Other Route (Administration Record 8),598
"S_QSC302573, Prior and Concomitant Medications Final v1.0",Staff Initials,598
"S_QSC302573, Prior and Concomitant Medications Final v1.0",Comment,598
"S_QSC302573, Prior and Concomitant Medications Final v1.0",Concomitant Medication: CM Last Dose Date Time 8 #1 When was the last date/time the Con Med was given? (Administration Record 8),598
"S_QSC302573, Prior and Concomitant Medications Final v1.0",Concomitant Medication: CM Dose 8 #1 Dose at this administration (Administration Record 8),598
"S_QSC302573, Prior and Concomitant Medications Final v1.0",8) (**OPERATOR TO COMPLETE** - SWITCH USER),599
"S_QSC302573, Prior and Concomitant Medications Final v1.0",Staff Initials,599
"S_QSC302573, Prior and Concomitant Medications Final v1.0",Comment,599
"S_QSC302573, Prior and Concomitant Medications Final v1.0",Concomitant Medication: CM Administration Record 9 #1 Administration Record 9,599
"S_QSC302573, Prior and Concomitant Medications Final v1.0","Confirm Volunteer ID (volunteer number, initials, date of birth)",599
"S_QSC302573, Prior and Concomitant Medications Final v1.0",Confirm AE(s) open,599
"S_QSC302573, Prior and Concomitant Medications Final v1.0",Frequency since last dose checked,599
"S_QSC302573, Prior and Concomitant Medications Final v1.0",Total Dosage within 24 hours (20 char. max.) Batch Number (25 char. max.),599
"S_QSC302573, Prior and Concomitant Medications Final v1.0",Tick if Expiry Date available (leave blank if Date is N/A) (Activates Line 73),599
"S_QSC302573, Prior and Concomitant Medications Final v1.0",Concomitant Medication: CM Expiry Date 9 #1 Expiry Date (Administration Record 9),599
"S_QSC302573, Prior and Concomitant Medications Final v1.0",Concomitant Medication: CM Route 9 #1 Route Administered (Administration Record 9),599
"S_QSC302573, Prior and Concomitant Medications Final v1.0",Concomitant Medication: CM Other Route 9 #1 Other Route (Administration Record 9),600
"S_QSC302573, Prior and Concomitant Medications Final v1.0",Staff Initials,600
"S_QSC302573, Prior and Concomitant Medications Final v1.0",Comment,600
"S_QSC302573, Prior and Concomitant Medications Final v1.0",When was the last date/time the Con Med was given? (Administration Record 9),601
"S_QSC302573, Prior and Concomitant Medications Final v1.0",Staff Initials,601
"S_QSC302573, Prior and Concomitant Medications Final v1.0",Comment,601
"S_QSC302573, Prior and Concomitant Medications Final v1.0",Concomitant Medication: CM Dose 9 #1 Dose at this administration (Administration Record 9),601
"S_QSC302573, Prior and Concomitant Medications Final v1.0","Concomitant Medication: CM Witness Check 9 #1 Confirm administration is complete, and all details entered are correct (Administration Record 9) (**OPERATOR TO COMPLETE** - SWITCH USER)",601
"S_QSC302573, Prior and Concomitant Medications Final v1.0",Concomitant Medication: CM Administration Record 10 #1 Administration Record 10,601
"S_QSC302573, Prior and Concomitant Medications Final v1.0","Confirm Volunteer ID (volunteer number, initials, date of birth)",601
"S_QSC302573, Prior and Concomitant Medications Final v1.0",Confirm AE(s) open,601
"S_QSC302573, Prior and Concomitant Medications Final v1.0",Frequency since last dose checked,601
"S_QSC302573, Prior and Concomitant Medications Final v1.0",Total Dosage within 24 hours (20 char. max.) Batch Number (25 char. max.),601
"S_QSC302573, Prior and Concomitant Medications Final v1.0",Tick if Expiry Date available (leave blank if Date is N/A) (Activates Line 80),601
"S_QSC302573, Prior and Concomitant Medications Final v1.0",Expiry Date (Administration Record 10),602
"S_QSC302573, Prior and Concomitant Medications Final v1.0",Staff Initials,602
"S_QSC302573, Prior and Concomitant Medications Final v1.0",Comment,602
"S_QSC302573, Prior and Concomitant Medications Final v1.0",Concomitant Medication: CM Route 10 #1 Route Administered (Administration Record 10),602
"S_QSC302573, Prior and Concomitant Medications Final v1.0",Concomitant Medication: CM Other Route 10 #1 Other Route (Administration Record 10),603
"S_QSC302573, Prior and Concomitant Medications Final v1.0",Staff Initials,603
"S_QSC302573, Prior and Concomitant Medications Final v1.0",Comment,603
"S_QSC302573, Prior and Concomitant Medications Final v1.0",Concomitant Medication: CM Last Dose Date Time 10 #1 When was the last date/time the Con Med was given? (Administration Record 10),603
"S_QSC302573, Prior and Concomitant Medications Final v1.0",Concomitant Medication: CM Dose 10 #1 Dose at this administration (Administration Record 10),603
"S_QSC302573, Prior and Concomitant Medications Final v1.0",(**OPERATOR TO COMPLETE** - SWITCH USER),603
"S_QSC302573, Protocol Deviations Final v1.0",Protocol Deviations: Study Part #1 Study Part,604
"S_QSC302573, Protocol Deviations Final v1.0",Staff Initials,604
"S_QSC302573, Protocol Deviations Final v1.0",Comment,604
"S_QSC302573, Protocol Deviations Final v1.0",Protocol Deviations: Timepoint (Period) #1 Timepoint (Period),604
"S_QSC302573, Protocol Deviations Final v1.0",Protocol Deviations: Timepoint (Hour) #1 Timepoint (Hour),606
"S_QSC302573, Protocol Deviations Final v1.0",Staff Initials,606
"S_QSC302573, Protocol Deviations Final v1.0",Protocol Deviations: Nature of Deviation #1 Select option the protocol deviation relates to from the list,607
"S_QSC302573, Protocol Deviations Final v1.0",Staff Initials,607
"S_QSC302573, Protocol Deviations Final v1.0","Protocol Deviations: Other Specify #1 Nature of Deviation Other, Please Specify",608
"S_QSC302573, Protocol Deviations Final v1.0",Staff Initials,608
"S_QSC302573, Protocol Deviations Final v1.0",Comment,608
"S_QSC302573, Protocol Deviations Final v1.0",Protocol Deviations: Full Description #1 Full Description,608
"S_QSC302573, Protocol Deviations Final v1.0",Protocol Deviations: Impact of Deviation #1 Assess impact of PD on study objectives,608
"S_QSC302573, Protocol Deviations Final v1.0",Justification for assessment of impact,609
"S_QSC302573, Protocol Deviations Final v1.0",Staff Initials,609
"S_QSC302573, Protocol Deviations Final v1.0",Comment,609
