form_name,field_name,page
Informed Consent: Photo ID #1,Staff Initials:,1
Informed Consent: Photo ID #1,Comment:,1
Group Information: Group Info Session #1,Staff Initials:,1
Group Information: Group Info Session #1,Comment:,1
Group Information: Group info held by #1,Staff Initials:,1
Group Information: Group info held by #1,Comment:,1
Informed Consent: Study ICF Database Check #1,Staff Initials:,1
Informed Consent: Study ICF Database Check #1,Comment:,1
Informed Consent: Study ICF Participant #1,Staff Initials:,1
Informed Consent: Study ICF Participant #1,Comment:,1
Informed Consent: Photo ID #1,Does the participant have a valid photo ID?,1
Group Information: Group Info Session #1,Did participant complete group information or remote information session?,1
Group Information: Group info held by #1,Record who held Group Information Session (full name),1
Informed Consent: Study ICF Database Check #1,Does the Anju study number match the study number in the participants' paper PIS/ICF?,1
Informed Consent: Study ICF Participant #1,Study ICF Signed and Dated by the participant?,1
Informed Consent: Study ICF Date #1,Comment:,2
Informed Consent: Study ICF Time #1,Staff Initials:,2
Informed Consent: Study ICF Time #1,Comment:,2
Informed Consent: Study ICF Part #1,Staff Initials:,2
Informed Consent: Study ICF Part #1,Comment:,2
Informed Consent: Study ICF Version #1,Staff Initials:,2
Informed Consent: Study ICF Version #1,Comment:,2
Informed Consent: Study ICF Date #1,Date Study ICF was signed by participant,2
Informed Consent: Study ICF Time #1,Time Study ICF was signed by participant,2
Informed Consent: Study ICF Part #1,Study ICF Part Number,2
Informed Consent: Study ICF Version #1,Study ICF Version Number (Version must be checked against ICF present in the RSF – escalate any discrepancies),2
Informed Consent: Study ICF Signed by Physician/Nurse #1,Staff Initials:,3
Informed Consent: Study ICF Signed by Physician/Nurse #1,Comment:,3
Informed Consent: Study ICF copy #1,Staff Initials:,3
Informed Consent: Study ICF copy #1,Comment:,3
Informed Consent Addition: Consented to Additional ICF #1,Staff Initials:,3
Informed Consent Addition: Consented to Additional ICF #1,Comment:,3
Informed Consent Addition: Add ICF Participant #1,Staff Initials:,3
Informed Consent Addition: Add ICF Participant #1,Comment:,3
Informed Consent Addition: Add ICF Date #1,Staff Initials:,3
Informed Consent: Study ICF Signed by Physician/Nurse #1,Study ICF signed and dated by the physician/nurse?,3
Informed Consent: Study ICF copy #1,Was a copy of the Study ICF given to the participant?,3
Informed Consent Addition: Consented to Additional ICF #1,"Has the participant read, understood and signed the consent for the Future Use Sub Study, where a DNA sample will be taken and other data collected may be used for potential future research?",3
Informed Consent Addition: Add ICF Participant #1,Additional ICF Signed and Dated by the Participant?,3
Informed Consent Addition: Add ICF Date #1,Date Additional ICF was signed by participant,3
Informed Consent Addition: Add ICF Time #1,Staff Initials:,4
Informed Consent Addition: Add ICF Time #1,Comment:,4
Informed Consent Addition: Add ICF Signed by Physician/Nurse #1,Staff Initials:,4
Informed Consent Addition: Add ICF Signed by Physician/Nurse #1,Comment:,4
System: Available #1,Staff Initials:,4
System: Available #1,Comment:,4
Informed Consent Addition: Add ICF Time #1,Time Additional ICF was signed by participant,4
Informed Consent Addition: Add ICF Signed by Physician/Nurse #1,Additional ICF signed and dated by the physician/nurse?,4
System: Available #1,What is the status of the subject?,4
On Study Demographics x: Sponsor Specific Participation Number #1,Staff Initials:,5
On Study Demographics x: Sponsor Specific Participation Number #1,Comment:,5
Screening Restrictions: Alcohol #1,Staff Initials:,5
Screening Restrictions: Alcohol #1,Comment:,5
Screening Restrictions: Poppy seeds #1,Staff Initials:,5
Screening Restrictions: Poppy seeds #1,Comment:,5
Screening Restrictions: Exercise #1,Staff Initials:,5
Screening Restrictions: Exercise #1,Comment:,5
Screening Restrictions: Smoking #1,Staff Initials:,5
Screening Restrictions: Smoking #1,Comment:,5
On Study Demographics x: Sponsor Specific Participation Number #1,Sponsor Specific Participation Number (allocated sequentially from S00001),5
Screening Restrictions: Alcohol #1,Has the participant consumed any alcohol within 24 hours prior to Screening visit?,5
Screening Restrictions: Poppy seeds #1,Has the participant consumed any food containing poppy seeds within 48 hours prior to Screening visit?,5
Screening Restrictions: Exercise #1,Has the participant taken part in any strenuous exercise within 72 hours prior to Screening visit?,5
Screening Restrictions: Smoking #1,Has the participant use of tobacco products or experience daily exposure to second-hand smoke in the previous 2 months? (If 'Yes' exclude per exclusion criteria #14),5
Prompts: PD Prompt #1,Comment:,6
On Study Demographics: Year of Birth #1,Staff Initials:,6
On Study Demographics: Year of Birth #1,Comment:,6
On Study Demographics: Age #1,Staff Initials:,6
On Study Demographics: Age #1,Comment:,6
On Study Demographics: Ethnicity #1,Staff Initials:,6
On Study Demographics: Ethnicity #1,Comment:,6
On Study Demographics: Race #1,Staff Initials:,6
On Study Demographics: Year of Birth #1,Year of Birth,6
On Study Demographics: Ethnicity #1,What is the ethnicity of the participant?,6
On Study Demographics: Race #1,What is the race of the participant?,6
On Study Demographics: Race #1,Comment:,7
On Study Demographics: Sex #1,Staff Initials:,7
On Study Demographics: Sex #1,Comment:,7
Contraception Female: Childbearing Potential #1,Staff Initials:,7
Contraception Female: Childbearing Potential #1,Comment:,7
On Study Demographics: Sex #1,What is the sex of the participant?,7
Contraception Female: Childbearing Potential #1,Is participant of childbearing potential?,7
Contraception Female: Non-Childbearing Potential #1,Staff Initials:,8
Contraception Female: Non-Childbearing Potential #1,Comment:,8
Contraception Female: MH Prompt #1,Staff Initials:,8
Contraception Female: MH Prompt #1,Comment:,8
Contraception Female: Date of LMP #1,Staff Initials:,8
Contraception Female: Date of LMP #1,Comment:,8
Contraception Male: Contraception Male #1,Staff Initials:,8
Contraception Female: Non-Childbearing Potential #1,"If no, please complete reason:",8
Contraception Male: Contraception Male #1,Select all contraception options that apply:,8
Contraception Male: Contraception Male #1,[] Partner's use of implantable progestogen-only hormone contraception associated with inhibition of ovulation (Activates Line 19) [] Partner's use of intrauterine device (Activates Line 19),8
Contraception Male: Contraception Male #1,[] Partner's use of intrauterine hormone-releasing system (Activates Line 19),8
Contraception Male: Contraception Male #1,[] Partner's bilateral tubal occlusion (Activates Line 19),8
Contraception Male: Contraception Male #1,Comment:,9
Contraception Male: MH Prompt #1,Staff Initials:,9
Contraception Male: MH Prompt #1,Comment:,9
Contraception Male: Date of Abstinence #1,Staff Initials:,9
Contraception Male: Date of Abstinence #1,Comment:,9
Contraception Male: Contraception Male #1,"[] Partner's use of combined (oestrogen and progestogen-containing) hormonal contraception associated with inhibition of ovulation; oral, intravaginal, transdermal, injectable) (Activates Line 19)",9
Contraception Male: Contraception Male #1,"[] Partner's use of progestogen-only hormonal contraception associated with inhibition of ovulation; oral, injectable (Activates Line 19)",9
Contraception Male: Contraception Male #1,[] Partner's use of progestogen-only oral hormonal contraception where inhibition of ovulation isn’t the primary mode of action (Activates Line 19) [] Partners use of female cap or diaphragm or sponge with spermicide,9
Contraception Male: Contraception Male #1,"[] Participants use of condom plus partners use of a cap, diaphragm or sponge with spermicide [] Partner of non-childbearing potential (Activates Line 19)",9
Contraception Male: Partner Procedure #1,Staff Initials:,10
Contraception Male: Partner Procedure #1,Comment:,10
On Study Alcohol: Alcohol Intake Units #1,Staff Initials:,10
On Study Alcohol: Alcohol Intake Units #1,Comment:,10
On Study Tobacco: Participant Smoke #1,Staff Initials:,10
On Study Tobacco: Participant Smoke #1,Comment:,10
On Study Tobacco: Date of stopping (smoking) #1,Staff Initials:,10
On Study Tobacco: Date of stopping (smoking) #1,Comment:,10
Contraception Male: Partner Procedure #1,Does the contraceptive method/procedure/status fall in line with the protocol requirements to be considered highly effective?,10
On Study Alcohol: Alcohol Intake Units #1,"Amount of alcohol units consumed per week. If participant drinks no alcohol, record as ‘0’. (1 unit = ½ pint beer, or a 25 mL shot of 40% spirit, 1.5 to 2 units = 125 mL glass of wine, depending on type)",10
On Study Tobacco: Participant Smoke #1,"Does the participant smoke, use e-cigarettes or any nicotine replacement products? (If yes, exclude participant)",10
On Study Tobacco: Prompt for Medic #1,Staff Initials:,11
On Study Tobacco: Prompt for Medic #1,Comment:,11
AE/CM Surveys: MH Survey #1,Staff Initials:,11
AE/CM Surveys: MH Survey #1,Comment:,11
AE/CM Surveys: CM Survey #1,Staff Initials:,11
AE/CM Surveys: CM Survey #1,Comment:,11
Vein Assessment: Suitable #1,Staff Initials:,11
Vein Assessment: Suitable #1,Comment:,11
On Study Tobacco: Prompt for Medic #1,Exclude participant if answer yes to smoking (Medic to exclude participant),11
AE/CM Surveys: MH Survey #1,Does the participant have any clinically relevant medical/surgical history? (If 'Yes' complete Medical History quicklist),11
AE/CM Surveys: CM Survey #1,Has the participant taken any medication in the last 30 days?,11
Vein Assessment: Suitable #1,Is the participant suitable for the collection of blood volume required for this study? (Will not exceed 550 mL in a 4-week period),11
Urinalysis: Collection Time #1,Staff Initials:,12
Urinalysis: Collection Time #1,Comment:,12
Safety: Urine Cotinine #1,Staff Initials:,12
Safety: Urine Cotinine #1,Comment:,12
Safety: Prompt for Medic #1,Staff Initials:,12
Safety: Prompt for Medic #1,Comment:,12
Urinalysis: Bilirubin #1,Staff Initials:,12
Urinalysis: Bilirubin #1,Comment:,12
Urinalysis: Collection Time #1,Record time of urine sample (For all Urine Assessments) (Collect Urine Sample),12
Safety: Prompt for Medic #1,Positive result for Urine Cotinine (Medic to exclude participant),12
Urinalysis: Urobilinogen #1,Comment:,13
Urinalysis: Ketones #1,Staff Initials:,13
Urinalysis: Ketones #1,Comment:,13
Urinalysis: Glucose #1,Staff Initials:,13
Urinalysis: Glucose #1,Comment:,14
Urinalysis: Protein #1,Staff Initials:,14
Urinalysis: Protein #1,Comment:,14
Urinalysis: Blood #1,Staff Initials:,14
Urinalysis: Protein #1,What was the protein result?,14
Urinalysis: Blood #1,Comment:,15
Urinalysis: Nitrite #1,Staff Initials:,15
Urinalysis: Nitrite #1,Comment:,15
Urinalysis: pH #1,Staff Initials:,16
Urinalysis: pH #1,Comment:,16
Urinalysis: Specific Gravity #1,Staff Initials:,16
Urinalysis: pH #1,Record pH value (Perform urinalysis and read results),16
Urinalysis: Specific Gravity #1,Record specific gravity of sample (Perform urinalysis and read results),16
Urinalysis: Leukocytes #1,Staff Initials:,17
Urinalysis: Leukocytes #1,Comment:,17
Urinalysis: Participant menstruating #1,Staff Initials:,17
Urinalysis: Participant menstruating #1,Comment:,17
Urinalysis: Send for microscopy #1,Staff Initials:,17
Urinalysis: Send for microscopy #1,Comment:,17
Urinalysis: Participant menstruating #1,"Is participant female and menstruating? (If 'Yes', DO NOT send sample for Microscopy. If 'No', send sample for Microscopy)",17
Urinalysis: Send for microscopy #1,Confirm sample sent for microscopy (Complete associated paperwork),17
Urinalysis: Repeat Urinalysis #1,Staff Initials:,18
Urinalysis: Repeat Urinalysis #1,Comment:,18
Urinalysis: Urinalysis Microscopy #1,Staff Initials:,18
Urinalysis: Urinalysis Microscopy #1,Comment:,18
Urinalysis: TDL Form Check #1,Staff Initials:,18
Urinalysis: TDL Form Check #1,Comment:,18
Urinalysis: Urinalysis Medic Assessment #1,Staff Initials:,18
Urinalysis: Urinalysis Medic Assessment #1,Comment:,18
Urinalysis: Repeat Urinalysis #1,Has urinalysis been repeated as soon as possible with a clean catch specimen?,18
Urinalysis: TDL Form Check #1,Confirm TDL form completed:,18
Urinalysis: Urinalysis Medic Assessment #1,Has there been a medic review of the Microscopy results?,18
Urine Drug Screen: Amphetamines #1,Comment:,19
Urine Drug Screen: Barbiturates #1,Staff Initials:,19
Urine Drug Screen: Barbiturates #1,Comment:,19
Urine Drug Screen: Benzodiazepines #1,Staff Initials:,19
Urine Drug Screen: Benzodiazepines #1,Comment:,19
Urine Drug Screen: Methadone #1,Staff Initials:,19
Urine Drug Screen: Methadone #1,Comment:,19
Urine Drug Screen: Tricyclic Antidepressants #1,Comment:,20
Urine Drug Screen: Cocaine #1,Staff Initials:,20
Urine Drug Screen: Cocaine #1,Comment:,20
Urine Drug Screen: Morphine/Opiates #1,Staff Initials:,20
Urine Drug Screen: Morphine/Opiates #1,Comment:,20
Urine Drug Screen: Methamphetamine/Ecstasy #1,Staff Initials:,20
Urine Drug Screen: Methamphetamine/Ecstasy #1,Comment:,20
Urine Drug Screen: Phencyclidine #1,Comment:,21
Urine Drug Screen: Marijuana/Cannabis #1,Staff Initials:,21
Urine Drug Screen: Marijuana/Cannabis #1,Comment:,21
Urine Drug Screen: Medic Prompt #1,Staff Initials:,21
Urine Drug Screen: Medic Prompt #1,Comment:,21
Breath Tests: Alcohol #1,Staff Initials:,21
Breath Tests: Alcohol #1,Comment:,21
Breath Tests: Prompt for Medic #1,Staff Initials:,21
Breath Tests: Prompt for Medic #1,Comment:,21
Urine Drug Screen: Medic Prompt #1,Positive Drugs of Abuse result (Medic to exclude participant),21
Breath Tests: Prompt for Medic #1,Positive result for Alcohol Breath Test (Medic to exclude participant),21
Anthropometrics: Height (cm) #1,Staff Initials:,22
Anthropometrics: Height (cm) #1,Comment:,22
Anthropometrics: Weight (kg) #1,Staff Initials:,22
Anthropometrics: Weight (kg) #1,Comment:,22
Anthropometrics: BMI #1,Staff Initials:,22
Anthropometrics: BMI #1,Comment:,22
ECG: 12 Lead Standard #1,Staff Initials:,22
ECG: 12 Lead Standard #1,Exclude if - QT interval corrected for heart rate using Fridericia’s formula (QTcF) >450 msec for,22
ECG: 12 Lead Standard #1,"male participants or >470 msec for female participants, QRS interval >120 msec, or PR interval >200 msec. (Supine for a minimum 3 minutes)",22
ECG: 12 Lead Standard #1,Comment:,23
ECG: ECG Rhythm Assess/Interpretation #1,Staff Initials:,23
ECG: ECG Rhythm Assess/Interpretation #1,Comment:,23
ECG: ECG Significance #1,Staff Initials:,23
ECG: ECG Significance #1,Comment:,23
ECG: ECG Findings #1,Staff Initials:,24
ECG: ECG Findings #1,Comment:,24
ECG: ECG Findings inc Rhythm #1,Staff Initials:,24
ECG: ECG Findings inc Rhythm #1,Comment:,24
Vital Signs: Vital Signs Supine Full Set #1,Staff Initials:,24
Vital Signs: Vital Signs Supine Full Set #1,Comment:,24
Vital Signs: Clinical Significance #1,Staff Initials:,24
Vital Signs: Vital Signs Supine Full Set #1,Exclude if - Systolic blood pressure [SBP] >140 mmHg or diastolic blood pressure [DBP] >90,24
Vital Signs: Vital Signs Supine Full Set #1,"mmHg in the supine position. Supine heart rate, after resting for at least 3 minutes, outside the",24
Vital Signs: Vital Signs Supine Full Set #1,Systolic mmHg (##0),24
Vital Signs: Vital Signs Supine Full Set #1,Diastolic mmHg (##0),24
Vital Signs: Vital Signs Supine Full Set #1,Heart Rate beats/min (##0),24
Vital Signs: Vital Signs Supine Full Set #1,Respiratory Rate breaths/mi (##0),24
Vital Signs: Vital Signs Supine Full Set #1,Oral Temperature - Degrees Celsius _ _. _ C,24
Vital Signs: Clinical Significance #1,Clinical Assessment of Vital Signs (Medic or Nurse to assess vital signs),24
Vital Signs: Clinical Significance #1,Comment:,25
Vital Signs: Vital Signs Findings #1,Staff Initials:,25
Vital Signs: Vital Signs Findings #1,Comment:,25
Vital Signs Standing: Vital Signs Standing BP and HR #1,Staff Initials:,25
Vital Signs Standing: Vital Signs Standing BP and HR #1,Comment:,25
Vital Signs Standing: Vital Signs Standing BP and HR #1,Systolic mmHg (##0),25
Vital Signs Standing: Vital Signs Standing BP and HR #1,Diastolic mmHg (##0),25
Vital Signs Standing: Vital Signs Standing BP and HR #1,Heart Rate beats/min (##0),25
Vital Signs Standing: Drop in SBP from Supine to Standing #1,Staff Initials:,26
Vital Signs Standing: Drop in SBP from Supine to Standing #1,Comment:,26
Vital Signs Standing 2: Drop in DBP from Supine to Standing #1,Staff Initials:,26
Vital Signs Standing 2: Drop in DBP from Supine to Standing #1,Comment:,26
Vital Signs Difference: Vital Signs Calculation BP and HR #1,Staff Initials:,26
Vital Signs Difference: Vital Signs Calculation BP and HR #1,Comment:,26
Vital Signs Difference: Vital Signs Calculation BP and HR 2 #1,Staff Initials:,26
Vital Signs Difference: Vital Signs Calculation BP and HR 2 #1,Comment:,26
Vital Signs Standing: Drop in SBP from Supine to Standing #1,Is there a drop in SYSTOLIC BP from supine to standing?,26
Vital Signs Standing 2: Drop in DBP from Supine to Standing #1,Is there a drop in DIASTOLIC BP from supine to standing?,26
Vital Signs Difference: Vital Signs Calculation BP and HR #1,Vital Signs Difference for SYSTOLIC Drop,26
Vital Signs Difference: Vital Signs Calculation BP and HR #1,Systolic Drop mmHg,26
Vital Signs Difference: Vital Signs Calculation BP and HR 2 #1,Vital Signs Difference for DIASTOLIC Drop,26
Vital Signs Difference: Vital Signs Calculation BP and HR 2 #1,Diastolic Drop mmHg,26
Vital Signs Standing: Clinical Significance #1,Clinical Assessment of Standing Vital Signs (Medic or Nurse to assess vital signs),26
Vital Signs Standing: Clinical Significance #1,Comment:,27
Vital Signs Standing: Vital Signs Findings #1,Staff Initials:,27
Vital Signs Standing: Vital Signs Findings #1,Comment:,27
Safety: Fasted #1,Staff Initials:,27
Safety: Fasted #1,Comment:,27
Safety: Haematology #1,Staff Initials:,27
Safety: Haematology #1,Comment:,27
Safety: Haematology Medic Assessment #1,Staff Initials:,27
Safety: Haematology Medic Assessment #1,Comment:,27
Safety: Fasted #1,"Has the participant fasted for 8 hours? (If no, reschedule blood sample collection)",27
Safety: Haematology Medic Assessment #1,Has there been a medic review of the Haematology blood results?,27
Safety: Chemistry and Virology #1,Staff Initials:,28
Safety: Chemistry and Virology #1,Comment:,28
Safety: Chemistry and Virology Medic Assessment #1,Staff Initials:,28
Safety: Chemistry and Virology Medic Assessment #1,Comment:,28
Safety: Chemistry and Virology (Including Serum Pregnancy Test) #1,Staff Initials:,28
Safety: Chemistry and Virology (Including Serum Pregnancy Test) #1,Comment:,28
Safety: Chemistry and Virology/Serum Preg Medic Assessment #1,Staff Initials:,28
Safety: Chemistry and Virology/Serum Preg Medic Assessment #1,Comment:,28
Safety: Chemistry and Virology/FSH/SPreg Medic Assessment #1,Staff Initials:,28
Safety: Chemistry and Virology Medic Assessment #1,Has there been a medic review of the Clinical Chemistry and Virology blood results?,28
Safety: Chemistry and Virology/Serum Preg Medic Assessment #1,Has there been a medic review of the Clinical Chemistry and Virology (inc Serum Pregnancy) blood results?,28
Safety: Chemistry and Virology/FSH/SPreg Medic Assessment #1,Has there been a medic review of the Clinical Chemistry and Virology (inc FSH and Serum Pregnancy) blood results?,28
Safety: Serum Pregnancy test #1,Staff Initials:,29
Safety: Serum Pregnancy test #1,Comment:,29
Safety: FSH Result #1,Staff Initials:,29
Safety: FSH Result #1,Comment:,29
Safety: TDL Form Check #1,Staff Initials:,29
Safety: TDL Form Check #1,Comment:,29
Safety: TDL Form Check #1,Confirm TDL form completed:,29
Inclusion: I01 #1,Staff Initials:,30
Inclusion: I01 #1,Comment:,30
Inclusion: I02 #1,Staff Initials:,30
Inclusion: I02 #1,Comment:,30
Inclusion: I03 #1,Staff Initials:,30
Inclusion: I03 #1,Comment:,30
Inclusion: I01 #1,"Inclusion 1. Male or NCBP female participants between 18 and 55 years of age, inclusive.",30
Inclusion: I03 #1,Inclusion 3. In good health as determined by:,30
Inclusion: I04 #1,Staff Initials:,31
Inclusion: I04 #1,Comment:,31
Inclusion: I05 #1,Staff Initials:,31
Inclusion: I05 #1,Comment:,31
Inclusion: I06 #1,Staff Initials:,31
Inclusion: I04 #1,Inclusion 4. Sexually active males who:,31
Exclusion: E01 #1,Staff Initials:,32
Exclusion: E01 #1,Comment:,32
Exclusion: E02 #1,Staff Initials:,32
Exclusion: E02 #1,Comment:,32
Exclusion: E03 #1,Staff Initials:,32
Exclusion: E03 #1,Comment:,32
Exclusion: E01 #1,Exclusion 1. Non-English speakers and those with language or hearing impairments will not participate in the trial.,32
Exclusion: E02 #1,Exclusion 2. Participants who are breast-feeding and/or who have a positive pregnancy test result prior to receiving the IMP.,32
Exclusion: E04 #1,Comment:,33
Exclusion: E05 #1,Staff Initials:,33
Exclusion: E05 #1,Comment:,33
Exclusion: E06 #1,Staff Initials:,33
Exclusion: E06 #1,Comment:,33
Exclusion: E07 #1,Staff Initials:,33
Exclusion: E07 #1,Comment:,33
Exclusion: E08 #1,Staff Initials:,34
Exclusion: E08 #1,Comment:,34
Exclusion: E09 #1,Staff Initials:,34
Exclusion: E09 #1,Comment:,34
Exclusion: E10 #1,Staff Initials:,34
Exclusion: E10 #1,Comment:,34
Exclusion: E11 #1,Staff Initials:,34
Exclusion: E11 #1,Exclusion 11. Participants having taken an investigational drug within 90 days prior to first dose.,34
Exclusion: E12 #1,Staff Initials:,35
Exclusion: E12 #1,Comment:,35
Exclusion: E13 #1,Staff Initials:,35
Exclusion: E13 #1,Comment:,35
Exclusion: E14 #1,Staff Initials:,35
Exclusion: E14 #1,Comment:,35
Exclusion: E15 #1,"Exclusion 15. Participants presenting with, or having a history of, uncontrolled hypertension",35
Exclusion: E15 #1,(systolic blood pressure [SBP] >140 mmHg or diastolic blood pressure [DBP] >90 mmHg in the,35
Exclusion: E15 #1,Comment:,36
Exclusion: E16 #1,Staff Initials:,36
Exclusion: E16 #1,Comment:,36
Exclusion: E17 #1,Staff Initials:,36
Exclusion: E17 #1,Comment:,36
Exclusion: E18 #1,Staff Initials:,36
Exclusion: E16 #1,"Exclusion 16. Participants who have a supine heart rate, after resting for at least 3 minutes,",36
Exclusion: E18 #1,heart rate using Fridericia’s formula (QTcF) >450 msec for male participants or >470 msec for,36
Exclusion: E18 #1,"female participants, QRS interval >120 msec, or PR interval >200 msec.",36
Exclusion: E19 #1,Staff Initials:,37
Exclusion: E19 #1,Comment:,37
Exclusion: E20 #1,Staff Initials:,37
Exclusion: E20 #1,Comment:,37
Exclusion: E21 #1,Staff Initials:,37
Exclusion: E21 #1,Comment:,37
Exclusion: E22 #1,Staff Initials:,37
Exclusion: E20 #1,"Exclusion 20. History of serious mental disorders that, in the opinion of the investigator, would exclude the participant from participating in this trial.",37
Exclusion: E21 #1,Exclusion 21. Participants with no permanent place of residence.,37
Exclusion: E22 #1,"Exclusion 22. Any participant who, in the opinion of the investigator, should not participate in the trial.",37
Exclusion: E23 #1,Staff Initials:,38
Exclusion: E23 #1,Comment:,38
Exclusion: E24 #1,Staff Initials:,38
Exclusion: E24 #1,Comment:,38
Exclusion: E25 #1,Staff Initials:,38
Exclusion: E25 #1,Comment:,38
Exclusion: E26 #1,Staff Initials:,38
Exclusion: E26 #1,Exclusion 26. Not able to consume the FDA HFM (High Fat Meal) for Part 2 and Part 3 within 20 minutes.,38
Exclusion: E26 #1,Comment:,39
Exclusion: E27 #1,Staff Initials:,39
Exclusion: E27 #1,Comment:,39
Exclusion: E28 #1,Staff Initials:,39
Exclusion: E28 #1,Comment:,39
Exclusion: AST Level #1,Staff Initials:,39
Exclusion: AST Level #1,Comment:,39
Exclusion: ALT Level #1,Staff Initials:,40
Exclusion: ALT Level #1,Comment:,40
Exclusion: ALP Level #1,Staff Initials:,40
Exclusion: ALP Level #1,Comment:,40
Exclusion: Total Bilirubin #1,Staff Initials:,40
Exclusion: Total Bilirubin #1,Comment:,40
Physical Examination Findings (non standard): Physical Examination,Staff Initials:,40
Physical Examination Findings (non standard): Physical Examination,Comment:,40
Physical Examination Findings (non standard): Physical Examination,Physical Examination Findings (non standard): Physical Examination Performed? #1 Was a physical examination performed?,40
Physical Examination Findings (non standard): HEENT Assessment #1,"Head, Eyes, Ears, Nose, Throat - What was the body system assessment?",40
Physical Examination Findings (non standard): HEENT Assessment #1,Comment:,41
Physical Examination Findings (non standard): HEENT Findings #1,Staff Initials:,41
Physical Examination Findings (non standard): HEENT Findings #1,Comment:,41
Physical Examination Findings (non standard): Thorax Assessment #1,Staff Initials:,41
Physical Examination Findings (non standard): Thorax Assessment #1,Comment:,41
Physical Examination Findings (non standard): Thorax Assessment #1,Thorax - What was the body system assessment?,41
Physical Examination Findings (non standard): Thorax Findings #1,Staff Initials:,42
Physical Examination Findings (non standard): Thorax Findings #1,Comment:,42
Physical Examination Findings (non standard): Abdomen Assessment #1,Staff Initials:,42
Physical Examination Findings (non standard): Abdomen Assessment #1,Comment:,42
Physical Examination Findings (non standard): Abdomen Findings #1,Staff Initials:,42
Physical Examination Findings (non standard): Abdomen Findings #1,Comment:,42
Physical Examination Findings (non standard): Skin Assessment #1,Staff Initials:,42
Physical Examination Findings (non standard): Abdomen Assessment #1,Abdomen - What was the body system assessment?,42
Physical Examination Findings (non standard): Skin Assessment #1,Skin and Mucosae - What was the body system assessment?,42
Physical Examination Findings (non standard): Skin Assessment #1,Comment:,43
Physical Examination Findings (non standard): Skin Findings #1,Staff Initials:,43
Physical Examination Findings (non standard): Skin Findings #1,Comment:,43
Physical Examination Findings (non standard): Urogenital Assessment #1,Staff Initials:,43
Physical Examination Findings (non standard): Urogenital Assessment #1,Comment:,43
Physical Examination Findings (non standard): Urogenital Findings #1,Staff Initials:,43
Physical Examination Findings (non standard): Urogenital Findings #1,Comment:,43
Physical Examination Findings (non standard): Neurological Assessment #1,Comment:,44
Physical Examination Findings (non standard): Neurological Findings #1,Staff Initials:,44
Physical Examination Findings (non standard): Neurological Findings #1,Comment:,44
Physical Examination Findings (non standard): Extremities Assessment #1,Staff Initials:,44
Physical Examination Findings (non standard): Extremities Assessment #1,Comment:,44
Physical Examination Findings (non standard): Neurological Assessment #1,Neurological System - What was the body system assessment?,44
Physical Examination Findings (non standard): Extremities Assessment #1,Extremities - What was the body system assessment?,44
Physical Examination Findings (non standard): Extremities Findings #1,Staff Initials:,45
Physical Examination Findings (non standard): Extremities Findings #1,Comment:,45
Neurological Examination: Neurological Examination Performed? #1,Staff Initials:,45
Neurological Examination: Neurological Examination Performed? #1,Comment:,45
Neurological Examination: Mental Status #1,Staff Initials:,45
Neurological Examination: Mental Status #1,Comment:,45
Neurological Examination: Cranial Nerves #1,Staff Initials:,45
Neurological Examination: Neurological Examination Performed? #1,Was a neurological examination performed?,45
Neurological Examination: Cranial Nerves #1,Comment:,46
Neurological Examination: Motor Systems #1,Staff Initials:,46
Neurological Examination: Motor Systems #1,Comment:,46
Neurological Examination: Reflexes #1,Staff Initials:,46
Neurological Examination: Reflexes #1,Comment:,46
Neurological Examination: Sensory System #1,Comment:,47
Neurological Examination: Co-ordination #1,Staff Initials:,47
Neurological Examination: Co-ordination #1,Comment:,47
Neurological Examination: Station and Gait #1,Staff Initials:,48
Neurological Examination: Station and Gait #1,Comment:,48
Neurological Examination: Findings #1,Staff Initials:,48
Neurological Examination: Findings #1,Comment:,48
C-SSRS Assessment: Date of Assessment #1,Staff Initials:,48
C-SSRS Assessment: Date of Assessment #1,Comment:,48
C-SSRS Baseline: 1. Wish to be Dead (lifetime) #1,Staff Initials:,48
C-SSRS Baseline: 1. Wish to be Dead (lifetime) #1,Comment:,49
C-SSRS Baseline: 1. Wish to be Dead (month) #1,Staff Initials:,49
C-SSRS Baseline: 1. Wish to be Dead (month) #1,Comment:,49
C-SSRS Baseline: 2. Non-specific Thoughts (lifetime) #1,Staff Initials:,49
C-SSRS Baseline: 2. Non-specific Thoughts (lifetime) #1,Comment:,49
C-SSRS Baseline: 2. Non-specific Thoughts (month) #1,Staff Initials:,50
C-SSRS Baseline: 2. Non-specific Thoughts (month) #1,Comment:,50
C-SSRS Baseline: 3. Active Ideation No Intent (lifetime) #1,Staff Initials:,50
C-SSRS Baseline: 3. Active Ideation No Intent (lifetime) #1,Comment:,50
C-SSRS Baseline: 3. Active Ideation No Intent (month) #1,Staff Initials:,51
C-SSRS Baseline: 3. Active Ideation No Intent (month) #1,Comment:,51
C-SSRS Baseline: 4. Active Ideation Some Intent (lifetime) #1,Staff Initials:,51
C-SSRS Baseline: 4. Active Ideation Some Intent (lifetime) #1,Comment:,51
C-SSRS Baseline: 4. Active Ideation Some Intent (month) #1,Staff Initials:,51
C-SSRS Baseline: 5. Active Ideation Specific Intent (lifetime) #1,Staff Initials:,52
C-SSRS Baseline: 5. Active Ideation Specific Intent (lifetime) #1,Comment:,52
C-SSRS Baseline: 5. Active Ideation Specific Intent (month) #1,Staff Initials:,52
C-SSRS Baseline: 5. Active Ideation Specific Intent (month) #1,Comment:,52
C-SSRS Baseline: 6. Most Severe Ideation (lifetime) #1,Staff Initials:,52
C-SSRS Baseline: 6. Most Severe Ideation (lifetime) #1,Comment:,52
C-SSRS Baseline: 5. Active Ideation Specific Intent (lifetime) #1,5. Active Suicidal Ideation with Specific Plan and Intent (Lifetime) Thoughts of killing oneself with details of plan fully or partially worked out and subject has some intent to carry it out. (Have you started to work out or worked out the details of how to kill yourself? Do you intend to carry out this plan?),52
C-SSRS Baseline: 5. Active Ideation Specific Intent (month) #1,5. Active Suicidal Ideation with Specific Plan and Intent (Months) Thoughts of killing oneself with details of plan fully or partially worked out and subject has some intent to carry it out. (Have you started to work out or worked out the details of how to kill yourself? Do you intend to carry out this plan?),52
C-SSRS Baseline: 6. Description of Ideation (lifetime) #1,Comment:,53
C-SSRS Baseline: 7. Most Severe Ideation (month) #1,Staff Initials:,53
C-SSRS Baseline: 7. Most Severe Ideation (month) #1,Comment:,53
C-SSRS Baseline: 7. Description of Ideation (month) #1,Staff Initials:,53
C-SSRS Baseline: 7. Description of Ideation (month) #1,Comment:,53
C-SSRS Baseline: 8. Frequency (lifetime) #1,Staff Initials:,54
C-SSRS Baseline: 8. Frequency (lifetime) #1,Comment:,54
C-SSRS Baseline: 8. Frequency (month) #1,Staff Initials:,54
C-SSRS Baseline: 8. Frequency (month) #1,Comment:,54
C-SSRS Baseline: 9. Duration (lifetime) #1,Comment:,55
C-SSRS Baseline: 9. Duration (months) #1,Staff Initials:,55
C-SSRS Baseline: 9. Duration (months) #1,Comment:,55
C-SSRS Baseline: 10. Controllability (lifetime) #1,Staff Initials:,55
C-SSRS Baseline: 10. Controllability (lifetime) #1,Comment:,56
C-SSRS Baseline: 10. Controllability (month) #1,Staff Initials:,56
C-SSRS Baseline: 10. Controllability (month) #1,Comment:,56
C-SSRS Baseline: 11. Deterrents (lifetime) #1,Staff Initials:,56
C-SSRS Baseline: 11. Deterrents (lifetime) #1,Comment:,57
C-SSRS Baseline: 11. Deterrents (month) #1,Staff Initials:,57
C-SSRS Baseline: 11. Deterrents (month) #1,Comment:,57
C-SSRS Baseline: 12. Reasons for Ideation (lifetime) #1,"Reasons for Ideation (Lifetime) (What sort of reasons did you have for thinking about wanting to die or killing yourself? Was it to end the pain or stop the way you were feeling (in other words you couldn't go on living with this pain or how you were feeling) or was it to get attention, revenge or a reaction from others?",57
C-SSRS Baseline: 12. Reasons for Ideation (lifetime) #1,Comment:,58
C-SSRS Baseline: 12. Reasons for Ideation (month) #1,Staff Initials:,59
C-SSRS Baseline: 12. Reasons for Ideation (month) #1,Comment:,59
C-SSRS Baseline: 12. Reasons for Ideation (month) #1,"Reasons for Ideation (Months) (What sort of reasons did you have for thinking about wanting to die or killing yourself? Was it to end the pain or stop the way you were feeling (in other words you couldn't go on living with this pain or how you were feeling) or was it to get attention, revenge or a reaction from others?",59
C-SSRS Baseline: 13. Actual Attempt (lifetime) #1,Staff Initials:,60
C-SSRS Baseline: 13. Actual Attempt (lifetime) #1,Comment:,60
C-SSRS Baseline: 13. Total Number of Attempts (lifetime) #1,Staff Initials:,60
C-SSRS Baseline: 13. Total Number of Attempts (lifetime) #1,Comment:,60
C-SSRS Baseline: 13. Actual Attempt (lifetime) #1,"Actual Attempt (Lifetime) A potentially self-injurious act committed with at least some wish to die, as a result of act. Behaviour was in part thought of as method to kill oneself. Intent does not have to be 100%. If there is any intent/desire to die associated with the act, then it can be considered an actual suicide attempt. There does not have to be any injury or harm, just the potential for injury or harm. If person pulls trigger while gun is in mouth but gun is broken so no injury results, this is considered an attempt. Inferring Intent: Even if an individual denies intent/wish to die, it may be inferred clinically from the behaviour or circumstances. For example, a highly lethal act that is clearly not an accident so no other intent but suicide can be inferred (e.g. gunshot to head, jumping from window of a high floor/storey). Also, if someone denies intent to die, but they thought that what they did could be lethal, intent maybe inferred. (Have you made a suicide attempt?",60
C-SSRS Baseline: 13. Actual Attempt (lifetime) #1,Have you done anything to harm yourself?,60
C-SSRS Baseline: 13. Actual Attempt (years) #1,Staff Initials:,61
C-SSRS Baseline: 13. Actual Attempt (years) #1,Comment:,61
C-SSRS Baseline: 13. Total Number of Attempts (years) #1,Staff Initials:,61
C-SSRS Baseline: 13. Total Number of Attempts (years) #1,Comment:,61
C-SSRS Baseline: 13. Actual Attempt (years) #1,"Actual Attempt (Years) A potentially self-injurious act committed with at least some wish to die, as a result of act. Behaviour was in part thought of as method to kill oneself. Intent does not have to be 100%. If there is any intent/desire to die associated with the act, then it can be considered an actual suicide attempt. There does not have to be any injury or harm, just the potential for injury or harm. If person pulls trigger while gun is in mouth but gun is broken so no injury results, this is considered an attempt. Inferring Intent: Even if an individual denies intent/wish to die, it may be inferred clinically from the behaviour or circumstances. For example, a highly lethal act that is clearly not an accident so no other intent but suicide can be inferred (e.g. gunshot to head, jumping from window of a high floor/storey). Also, if someone denies intent to die, but they thought that what they did could be lethal, intent maybe inferred. (Have you made a suicide attempt?",61
C-SSRS Baseline: 13. Actual Attempt (years) #1,Have you done anything to harm yourself?,61
C-SSRS Baseline: 14. Has Subject Engaged (lifetime) #1,Staff Initials:,62
C-SSRS Baseline: 14. Has Subject Engaged (lifetime) #1,Comment:,62
C-SSRS Baseline: 14. Has Subject Engaged (years) #1,Staff Initials:,62
C-SSRS Baseline: 14. Has Subject Engaged (years) #1,Comment:,62
C-SSRS Baseline: 15. Interrupted Attempt (lifetime) #1,Staff Initials:,62
C-SSRS Baseline: 15. Interrupted Attempt (lifetime) #1,Comment:,62
C-SSRS Baseline: 15. Total Number of Interrupted (lifetime) #1,Comment:,63
C-SSRS Baseline: 15. Interrupted Attempt (years) #1,Staff Initials:,63
C-SSRS Baseline: 15. Interrupted Attempt (years) #1,Comment:,63
C-SSRS Baseline: 15. Total Number of Interrupted (years) #1,Staff Initials:,63
C-SSRS Baseline: 15. Total Number of Interrupted (years) #1,Comment:,63
C-SSRS Baseline: 16. Aborted Attempt (lifetime) #1,Staff Initials:,64
C-SSRS Baseline: 16. Aborted Attempt (lifetime) #1,Comment:,64
C-SSRS Baseline: 16. Total Number of Aborted (lifetime) #1,Staff Initials:,64
C-SSRS Baseline: 16. Total Number of Aborted (lifetime) #1,Comment:,64
C-SSRS Baseline: 16. Aborted Attempt (years) #1,Staff Initials:,65
C-SSRS Baseline: 16. Aborted Attempt (years) #1,Comment:,65
C-SSRS Baseline: 16. Total Number of Aborted (years) #1,Staff Initials:,65
C-SSRS Baseline: 16. Total Number of Aborted (years) #1,Comment:,65
C-SSRS Baseline: 17. Preparatory Acts or Behaviour (lifetime) #1,Staff Initials:,66
C-SSRS Baseline: 17. Preparatory Acts or Behaviour (lifetime) #1,Comment:,66
C-SSRS Baseline: 17. Preparatory Acts or Behaviour (years) #1,Staff Initials:,66
C-SSRS Baseline: 17. Preparatory Acts or Behaviour (years) #1,Comment:,66
C-SSRS Baseline: 18. Suicidal Behaviour (lifetime) #1,Staff Initials:,67
C-SSRS Baseline: 18. Suicidal Behaviour (lifetime) #1,Comment:,67
C-SSRS Baseline: 18. Suicidal Behaviour (years) #1,Staff Initials:,67
C-SSRS Baseline: 18. Suicidal Behaviour (years) #1,Comment:,67
C-SSRS Baseline: 19. Most Recent Attempt Date #1,Staff Initials:,67
C-SSRS Baseline: 19. Most Recent Attempt Date #1,Comment:,67
C-SSRS Baseline: 19. Actual Lethality Most Recent Attempt #1,Staff Initials:,67
C-SSRS Baseline: 18. Suicidal Behaviour (lifetime) #1,Suicidal Behaviour (Lifetime) Suicidal behaviour was present during the assessment period?,67
C-SSRS Baseline: 18. Suicidal Behaviour (years) #1,Suicidal Behaviour (Years) Suicidal behaviour was present during the assessment period?,67
C-SSRS Baseline: 19. Actual Lethality Most Recent Attempt #1,Comment:,68
C-SSRS Baseline: 19. Potential Lethality Most Recent Attempt #1,Staff Initials:,68
C-SSRS Baseline: 19. Potential Lethality Most Recent Attempt #1,Comment:,68
C-SSRS Baseline: 20. Most Lethal Attempt Date #1,Staff Initials:,68
C-SSRS Baseline: 20. Most Lethal Attempt Date #1,Comment:,68
C-SSRS Baseline: 20. Actual Lethality Most Lethal Attempt #1,Staff Initials:,68
C-SSRS Baseline: 20. Actual Lethality Most Lethal Attempt #1,Comment:,69
C-SSRS Baseline: 20. Potential Lethality Most Lethal Attempt #1,Staff Initials:,69
C-SSRS Baseline: 20. Potential Lethality Most Lethal Attempt #1,Comment:,69
C-SSRS Baseline: 21. Initial First Attempt Date #1,Staff Initials:,69
C-SSRS Baseline: 21. Initial First Attempt Date #1,Comment:,69
C-SSRS Baseline: 21. Actual Lethality Initial First Attempt #1,Staff Initials:,70
C-SSRS Baseline: 21. Actual Lethality Initial First Attempt #1,Comment:,70
C-SSRS Baseline: 21. Potential Lethality Initial First Attempt #1,Staff Initials:,70
C-SSRS Baseline: 21. Potential Lethality Initial First Attempt #1,Comment:,70
Identifiers: GP Report Date #1,Staff Initials:,71
Identifiers: GP Report Date #1,Comment:,71
Identifiers: Previous Study Participation #1,Staff Initials:,71
Identifiers: Previous Study Participation #1,Comment:,71
Identifiers: GP Report Within 24 Months #1,Staff Initials:,71
Identifiers: GP Report Within 24 Months #1,Comment:,71
Identifiers: GP Report Within 12 Months #1,Staff Initials:,71
Identifiers: GP Report Within 12 Months #1,Comment:,71
Identifiers: TOPS check #1,Staff Initials:,71
Identifiers: TOPS check #1,Comment:,71
Identifiers: GP Report Date #1,Date of GP report,71
Identifiers: Previous Study Participation #1,Has the participant taken part in a study at Quotient before?,71
Identifiers: GP Report Within 24 Months #1,Confirm GP report is dated within 24 months,71
Identifiers: GP Report Within 12 Months #1,Confirm GP report is dated within 12 months,71
Identifiers: TOPS check #1,Confirm if TOPS check is present with source documents,71
Identifiers: Physician Comment #1,Comment:,72
Sign In: Screening Eligibility #1,Staff Initials:,72
Sign In: Screening Eligibility #1,Comment:,72
Outcome Screening: Final Screening Outcome #1,Staff Initials:,72
Outcome Screening: Final Screening Outcome #1,Comment:,72
Sign In: Rejection #1,Staff Initials:,72
Sign In: Rejection #1,Comment:,72
Sign In: Screening Eligibility #1,I confirm that the screening criteria have been reviewed and the participant is eligible to admit for this clinical study,72
Outcome Screening: Final Screening Outcome #1,What was the final Screening outcome?,72
Outcome Screening: Date of Screening Failure #1,Comment:,73
System: Available #1,Staff Initials:,73
System: Available #1,Comment:,73
Outcome Screening: Date of Screening Failure #1,Record date of screening failure (or date of last contact),73
System: Available #1,What is the status of the subject?,73
Admission Restrictions: Photo ID #1,Has the participant's photographic and wristband ID been verified and wristband applied to participant's wrist?,73
Admission Restrictions: Photo ID #1,Comment:,74
Admission Restrictions: Bag Search #1,Staff Initials:,74
Admission Restrictions: Bag Search #1,Comment:,74
Admission Restrictions: Bag Search Items Removed #1,Staff Initials:,74
Admission Restrictions: Bag Search Items Removed #1,Comment:,74
Admission Restrictions: ICF Check #1,Staff Initials:,74
Admission Restrictions: ICF Check #1,Comment:,74
Admission Restrictions: ICF Version/Date #1,Staff Initials:,74
Admission Restrictions: ICF Version/Date #1,Comment:,74
Admission Restrictions: Bag Search #1,Bag search performed?,74
Admission Restrictions: ICF Check #1,Has the ICF version been checked?,74
Admission Restrictions: ICF Version/Date #1,Signed ICF Version / Date (Version must be checked against ICF present in the CSF – escalate any discrepancies),74
Admission Restrictions: Screening #1,Has it been more than 20 days since the Screening visit?,74
Admission Restrictions: Screening #1,Comment:,75
Admission Restrictions: Alcohol #1,Staff Initials:,75
Admission Restrictions: Alcohol #1,Comment:,75
Admission Restrictions: Alcohol Units #1,Staff Initials:,75
Admission Restrictions: Alcohol Units #1,Comment:,75
Admission Restrictions: Caffeine #1,Staff Initials:,75
Admission Restrictions: Caffeine #1,Comment:,75
Admission Restrictions: Grapefruit #1,Staff Initials:,75
Admission Restrictions: Grapefruit #1,Comment:,75
Admission Restrictions: Alcohol #1,Has the participant consumed any alcohol within 48 hours (72hrs prior to dosing) prior to Admission visit? (If 'Yes' exclude per exclusion criteria #24),75
Admission Restrictions: Caffeine #1,"Has the participant consumed food and beverages containing methylxanthines (caffeinated coffee, caffeinated tea, caffeinated soda, and chocolate) within 48 hours (72hrs prior to dosing) prior to Admission visit? (If 'Yes' exclude per exclusion criteria #24)",75
Admission Restrictions: Grapefruit #1,"Has participant consumed food or beverages containing pomelo, grapefruit, grapefruit juice, Seville oranges, Seville orange juice, blueberry juice, or cranberry juice within 48 hours (72hrs prior to dosing) prior to Admission visit? (If 'Yes' exclude per exclusion criteria #24)",75
Admission Restrictions: Poppy seeds #1,Comment:,76
Admission Restrictions: Activity #1,Staff Initials:,76
Admission Restrictions: Activity #1,Comment:,76
Admission Restrictions: Smoking #1,Staff Initials:,76
Admission Restrictions: Smoking #1,Comment:,76
Prompts: PD Prompt #1,Staff Initials:,76
Prompts: PD Prompt #1,Comment:,76
Admission Restrictions: Adverse Event #1,Staff Initials:,76
Admission Restrictions: Adverse Event #1,Comment:,76
Admission Restrictions: Poppy seeds #1,Has the participant consumed any food containing poppy seeds within 48 hours prior to Admission visit?,76
Admission Restrictions: Activity #1,Has the participant had strenuous activity (e.g. weightlifting) within 72 hours prior to Admission visit?,76
Admission Restrictions: Smoking #1,Has the participant use of tobacco products or experience daily exposure to second-hand smoke since Screening? (If 'Yes' exclude per exclusion criteria #14),76
Admission Restrictions: Adverse Event #1,Has the participant been unwell or have they had any accidents or injuries since Screening?,76
Prompts: AE Prompt #1,Staff Initials:,77
Prompts: AE Prompt #1,Comment:,77
Admission Restrictions: Concomitant Meds #1,Staff Initials:,77
Admission Restrictions: Concomitant Meds #1,Comment:,77
Prompts: CM Prompt #1,Staff Initials:,77
Prompts: CM Prompt #1,Comment:,77
Urinalysis: Collection Time #1,Staff Initials:,77
Urinalysis: Collection Time #1,Comment:,77
Urinalysis: Bilirubin #1,Staff Initials:,77
Urinalysis: Bilirubin #1,Comment:,77
Admission Restrictions: Concomitant Meds #1,Has the participant taken any new medication since the screening visit?,77
Urinalysis: Collection Time #1,Record time of urine sample (For all Urine Assessments) (Collect Urine Sample),77
Urinalysis: Urobilinogen #1,Comment:,78
Urinalysis: Ketones #1,Staff Initials:,78
Urinalysis: Ketones #1,Comment:,78
Urinalysis: Glucose #1,Staff Initials:,78
Urinalysis: Glucose #1,Comment:,79
Urinalysis: Protein #1,Staff Initials:,79
Urinalysis: Protein #1,Comment:,79
Urinalysis: Blood #1,Staff Initials:,79
Urinalysis: Protein #1,What was the protein result?,79
Urinalysis: Blood #1,Comment:,80
Urinalysis: Nitrite #1,Staff Initials:,80
Urinalysis: Nitrite #1,Comment:,80
Urinalysis: pH #1,Staff Initials:,80
Urinalysis: pH #1,Record pH value (Perform urinalysis and read results),80
Urinalysis: pH #1,Comment:,81
Urinalysis: Specific Gravity #1,Staff Initials:,81
Urinalysis: Specific Gravity #1,Comment:,81
Urinalysis: Specific Gravity #1,Record specific gravity of sample (Perform urinalysis and read results),81
Urinalysis: Leukocytes #1,Staff Initials:,82
Urinalysis: Leukocytes #1,Comment:,82
Urinalysis: Participant menstruating #1,Staff Initials:,82
Urinalysis: Participant menstruating #1,Comment:,82
Urinalysis: Send for microscopy #1,Staff Initials:,82
Urinalysis: Send for microscopy #1,Comment:,82
Urinalysis: Participant menstruating #1,"Is participant female and menstruating? (If 'Yes', DO NOT send sample for Microscopy. If 'No', send sample for Microscopy)",82
Urinalysis: Send for microscopy #1,Confirm sample sent for microscopy (Complete associated paperwork),82
Urinalysis: Repeat Urinalysis #1,Staff Initials:,83
Urinalysis: Repeat Urinalysis #1,Comment:,83
Urinalysis: Urinalysis Microscopy #1,Staff Initials:,83
Urinalysis: Urinalysis Microscopy #1,Comment:,83
Urinalysis: TDL Form Check #1,Staff Initials:,83
Urinalysis: TDL Form Check #1,Comment:,83
Urinalysis: Urinalysis Medic Assessment #1,Staff Initials:,83
Urinalysis: Urinalysis Medic Assessment #1,Comment:,83
Urinalysis: Repeat Urinalysis #1,Has urinalysis been repeated as soon as possible with a clean catch specimen?,83
Urinalysis: TDL Form Check #1,Confirm TDL form completed:,83
Urinalysis: Urinalysis Medic Assessment #1,Has there been a medic review of the Microscopy results?,83
Urine Drug Screen: Amphetamines #1,Comment:,84
Urine Drug Screen: Barbiturates #1,Staff Initials:,84
Urine Drug Screen: Barbiturates #1,Comment:,84
Urine Drug Screen: Benzodiazepines #1,Staff Initials:,84
Urine Drug Screen: Benzodiazepines #1,Comment:,84
Urine Drug Screen: Methadone #1,Staff Initials:,84
Urine Drug Screen: Methadone #1,Comment:,84
Urine Drug Screen: Tricyclic Antidepressants #1,Comment:,85
Urine Drug Screen: Cocaine #1,Staff Initials:,85
Urine Drug Screen: Cocaine #1,Comment:,85
Urine Drug Screen: Morphine/Opiates #1,Staff Initials:,85
Urine Drug Screen: Morphine/Opiates #1,Comment:,85
Urine Drug Screen: Methamphetamine/Ecstasy #1,Staff Initials:,85
Urine Drug Screen: Methamphetamine/Ecstasy #1,Comment:,85
Urine Drug Screen: Phencyclidine #1,Comment:,86
Urine Drug Screen: Marijuana/Cannabis #1,Staff Initials:,86
Urine Drug Screen: Marijuana/Cannabis #1,Comment:,86
Urine Drug Screen: Medic Prompt #1,Staff Initials:,86
Urine Drug Screen: Medic Prompt #1,Comment:,86
Safety: Urine Cotinine #1,Staff Initials:,86
Safety: Urine Cotinine #1,Comment:,86
Safety: Prompt for Medic for Cotinine #1,Staff Initials:,86
Safety: Prompt for Medic for Cotinine #1,Comment:,86
Safety: Prompt for Medic for Cotinine #1,Positive result for Urine Cotinine (Medic to exclude participant),86
Safety: Urine Pregnancy test #1,Staff Initials:,87
Safety: Urine Pregnancy test #1,Comment:,87
Safety: Prompt for Medic for Urine Pregnancy #1,Staff Initials:,87
Safety: Prompt for Medic for Urine Pregnancy #1,Comment:,87
Breath Tests: Alcohol #1,Staff Initials:,87
Breath Tests: Alcohol #1,Comment:,87
Breath Tests: Prompt for Medic #1,Staff Initials:,87
Breath Tests: Prompt for Medic #1,Comment:,87
Safety: Prompt for Medic for Urine Pregnancy #1,Positive result for Urine Pregnancy (Medic to exclude participant),87
Breath Tests: Prompt for Medic #1,Positive result for Alcohol Breath Test (Medic to exclude participant),87
Anthropometrics: Weight (kg) #1,Staff Initials:,88
Anthropometrics: Weight (kg) #1,Comment:,88
ECG: 12 Lead Standard #1,Staff Initials:,88
ECG: 12 Lead Standard #1,Comment:,88
ECG: ECG Rhythm Assess/Interpretation #1,Staff Initials:,88
ECG: 12 Lead Standard #1,Exclude if - QT interval corrected for heart rate using Fridericia’s formula (QTcF) >450 msec for,88
ECG: 12 Lead Standard #1,"male participants or >470 msec for female participants, QRS interval >120 msec, or PR interval >200 msec. (Supine for a minimum 3 minutes)",88
ECG: ECG Rhythm Assess/Interpretation #1,Comment:,89
ECG: ECG Significance #1,Staff Initials:,89
ECG: ECG Significance #1,Comment:,89
ECG: ECG Findings #1,Staff Initials:,89
ECG: ECG Findings #1,Comment:,89
ECG: ECG Findings inc Rhythm #1,Staff Initials:,89
ECG: ECG Findings inc Rhythm #1,Comment:,89
Vital Signs: Vital Signs Supine Full Set #1,Staff Initials:,89
Vital Signs: Vital Signs Supine Full Set #1,Exclude if - Systolic blood pressure [SBP] >140 mmHg or diastolic blood pressure [DBP] >90,89
Vital Signs: Vital Signs Supine Full Set #1,"mmHg in the supine position. Supine heart rate, after resting for at least 3 minutes, outside the",89
Vital Signs: Vital Signs Supine Full Set #1,Comment:,90
Vital Signs: Clinical Significance #1,Staff Initials:,90
Vital Signs: Clinical Significance #1,Comment:,90
Vital Signs: Vital Signs Findings #1,Staff Initials:,90
Vital Signs: Vital Signs Findings #1,Comment:,90
Vital Signs: Vital Signs Supine Full Set #1,Systolic mmHg (##0),90
Vital Signs: Vital Signs Supine Full Set #1,Diastolic mmHg (##0),90
Vital Signs: Vital Signs Supine Full Set #1,Heart Rate beats/min (##0),90
Vital Signs: Vital Signs Supine Full Set #1,Respiratory Rate breaths/mi (##0),90
Vital Signs: Vital Signs Supine Full Set #1,Oral Temperature - Degrees Celsius _ _. _ C,90
Vital Signs: Clinical Significance #1,Clinical Assessment of Vital Signs (Medic or Nurse to assess vital signs),90
Vital Signs Standing: Vital Signs Standing BP and HR #1,Comment:,91
Vital Signs Standing: Drop in SBP from Supine to Standing #1,Staff Initials:,91
Vital Signs Standing: Drop in SBP from Supine to Standing #1,Comment:,91
Vital Signs Standing 2: Drop in DBP from Supine to Standing #1,Staff Initials:,91
Vital Signs Standing 2: Drop in DBP from Supine to Standing #1,Comment:,91
Vital Signs Difference: Vital Signs Calculation BP and HR #1,Staff Initials:,91
Vital Signs Difference: Vital Signs Calculation BP and HR #1,Comment:,91
Vital Signs Standing: Vital Signs Standing BP and HR #1,Systolic mmHg (##0),91
Vital Signs Standing: Vital Signs Standing BP and HR #1,Diastolic mmHg (##0),91
Vital Signs Standing: Vital Signs Standing BP and HR #1,Heart Rate beats/min (##0),91
Vital Signs Standing: Drop in SBP from Supine to Standing #1,Is there a drop in SYSTOLIC BP from supine to standing?,91
Vital Signs Standing 2: Drop in DBP from Supine to Standing #1,Is there a drop in DIASTOLIC BP from supine to standing?,91
Vital Signs Difference: Vital Signs Calculation BP and HR #1,Vital Signs Difference for SYSTOLIC Drop,91
Vital Signs Difference: Vital Signs Calculation BP and HR #1,Systolic Drop mmHg,91
Vital Signs Difference: Vital Signs Calculation BP and HR 2 #1,Staff Initials:,92
Vital Signs Difference: Vital Signs Calculation BP and HR 2 #1,Comment:,92
Vital Signs Standing: Clinical Significance #1,Staff Initials:,92
Vital Signs Standing: Clinical Significance #1,Comment:,92
Vital Signs Standing: Vital Signs Findings #1,Staff Initials:,92
Vital Signs Standing: Vital Signs Findings #1,Comment:,92
Safety: Fasted #1,Staff Initials:,92
Safety: Fasted #1,Comment:,92
Vital Signs Difference: Vital Signs Calculation BP and HR 2 #1,Vital Signs Difference for DIASTOLIC Drop,92
Vital Signs Difference: Vital Signs Calculation BP and HR 2 #1,Diastolic Drop mmHg,92
Vital Signs Standing: Clinical Significance #1,Clinical Assessment of Standing Vital Signs (Medic or Nurse to assess vital signs),92
Safety: Fasted #1,Has the participant fasted for 8 hours?,92
Whole Blood: FBR Sample Collected #1,Comment:,93
Whole Blood: FBR #1,Staff Initials:,93
Whole Blood: FBR #1,Comment:,93
Safety: Haematology #1,Staff Initials:,93
Safety: Haematology #1,Comment:,93
Safety: Haematology Medic Assessment #1,Staff Initials:,93
Safety: Haematology Medic Assessment #1,Comment:,93
Safety: Chemistry #1,Staff Initials:,93
Safety: Chemistry #1,Comment:,93
Safety: Chemistry Medic Assessment #1,Staff Initials:,93
Safety: Chemistry Medic Assessment #1,Comment:,93
Whole Blood: FBR Sample Collected #1,Has the optional Future Biospecimen Research Sample been consented to and can be collected?,93
Safety: Haematology Medic Assessment #1,Has there been a medic review of the Haematology blood results?,93
Safety: Chemistry Medic Assessment #1,Has there been a medic review of the Clinical Chemistry blood results?,93
Safety: TDL Form Check #1,Staff Initials:,94
Safety: TDL Form Check #1,Comment:,94
Targeted Physical Examination Findings: Require Targeted PE? #1,Staff Initials:,94
Targeted Physical Examination Findings: Require Targeted PE? #1,Comment:,94
Targeted Physical Examination Findings: Any clinically significant abnormal,Staff Initials:,94
Targeted Physical Examination Findings: Any clinically significant abnormal,Comment:,94
Targeted Physical Examination Findings: Physical Examination Category #1,Staff Initials:,94
Safety: TDL Form Check #1,Confirm TDL form completed:,94
Targeted Physical Examination Findings: Require Targeted PE? #1,Targeted Physical Examination: Does the participant require a targeted physical examination?,94
Targeted Physical Examination Findings: Any clinically significant abnormal,"If yes, were there any clinically significant abnormal findings?",94
Targeted Physical Examination Findings: Physical Examination Category #1,Physical Examination Category,94
Targeted Physical Examination Findings: Physical Examination Category #1,Comment:,95
Targeted Physical Examination Findings: Findings #1,Staff Initials:,95
Targeted Physical Examination Findings: Findings #1,Comment:,95
Neurological Examination: Neurological Examination Performed? #1,Was a neurological examination performed?,95
Neurological Examination: Neurological Examination Performed? #1,Comment:,96
Neurological Examination: Mental Status #1,Staff Initials:,96
Neurological Examination: Mental Status #1,Comment:,96
Neurological Examination: Cranial Nerves #1,Staff Initials:,96
Neurological Examination: Cranial Nerves #1,Comment:,96
Neurological Examination: Motor Systems #1,Comment:,97
Neurological Examination: Reflexes #1,Staff Initials:,97
Neurological Examination: Reflexes #1,Comment:,97
Neurological Examination: Sensory System #1,Staff Initials:,98
Neurological Examination: Sensory System #1,Comment:,98
Neurological Examination: Co-ordination #1,Staff Initials:,98
Neurological Examination: Co-ordination #1,Comment:,98
Neurological Examination: Station and Gait #1,Staff Initials:,99
Neurological Examination: Station and Gait #1,Comment:,99
Neurological Examination: Findings #1,Staff Initials:,99
Neurological Examination: Findings #1,Comment:,99
Stanford Sleepiness Scale: Stanford Sleepiness Scale Date #1,Staff Initials:,99
Stanford Sleepiness Scale: Stanford Sleepiness Scale Date #1,Comment:,99
Stanford Sleepiness Scale: Degree of Sleepiness #1,Staff Initials:,99
Stanford Sleepiness Scale: Degree of Sleepiness #1,Comment:,100
C-SSRS Assessment: Date of Assessment #1,Staff Initials:,100
C-SSRS Assessment: Date of Assessment #1,Comment:,100
C-SSRS Since Last Visit: 1. Wish to be Dead #1,Staff Initials:,101
C-SSRS Since Last Visit: 1. Wish to be Dead #1,Comment:,101
C-SSRS Since Last Visit: 2. Non-specific Thoughts #1,Staff Initials:,101
C-SSRS Since Last Visit: 2. Non-specific Thoughts #1,Comment:,101
C-SSRS Since Last Visit: 3. Active Ideation No Intent #1,Staff Initials:,102
C-SSRS Since Last Visit: 3. Active Ideation No Intent #1,Comment:,102
C-SSRS Since Last Visit: 4. Active Ideation Some Intent #1,Staff Initials:,102
C-SSRS Since Last Visit: 4. Active Ideation Some Intent #1,Comment:,102
C-SSRS Since Last Visit: 5. Active Ideation Specific Intent #1,Staff Initials:,103
C-SSRS Since Last Visit: 5. Active Ideation Specific Intent #1,Comment:,103
C-SSRS Since Last Visit: 6. Most Severe Ideation #1,Staff Initials:,103
C-SSRS Since Last Visit: 6. Most Severe Ideation #1,Comment:,103
C-SSRS Since Last Visit: 6. Description of Ideation #1,Staff Initials:,103
C-SSRS Since Last Visit: 6. Description of Ideation #1,Comment:,103
C-SSRS Since Last Visit: 7. Frequency #1,Staff Initials:,103
C-SSRS Since Last Visit: 5. Active Ideation Specific Intent #1,5. Active Suicidal Ideation with Specific Plan and Intent Thoughts of killing oneself with details of plan fully or partially worked out and subject has some intent to carry it out. (Have you started to work out or worked out the details of how to kill yourself? Do you intend to carry out this plan?),103
C-SSRS Since Last Visit: 7. Frequency #1,Comment:,104
C-SSRS Since Last Visit: 8. Duration #1,Staff Initials:,104
C-SSRS Since Last Visit: 8. Duration #1,Comment:,104
C-SSRS Since Last Visit: 9. Controllability #1,Staff Initials:,104
C-SSRS Since Last Visit: 9. Controllability #1,Comment:,105
C-SSRS Since Last Visit: 10. Deterrents #1,Staff Initials:,105
C-SSRS Since Last Visit: 10. Deterrents #1,Comment:,105
C-SSRS Since Last Visit: 11. Reasons for Ideation #1,Staff Initials:,105
C-SSRS Since Last Visit: 11. Reasons for Ideation #1,"Reasons for Ideation (What sort of reasons did you have for thinking about wanting to die or killing yourself? Was it to end the pain or stop the way you were feeling (in other words you couldn't go on living with this pain or how you were feeling) or was it to get attention, revenge or a reaction from others?",105
C-SSRS Since Last Visit: 11. Reasons for Ideation #1,Comment:,106
C-SSRS Since Last Visit: 12. Actual Attempt #1,Staff Initials:,107
C-SSRS Since Last Visit: 12. Actual Attempt #1,Comment:,107
C-SSRS Since Last Visit: 12. Total Number of Attempts #1,Staff Initials:,107
C-SSRS Since Last Visit: 12. Total Number of Attempts #1,Comment:,107
C-SSRS Since Last Visit: 12. Actual Attempt #1,"Actual Attempt (Since Last Visit) A potentially self-injurious act committed with at least some wish to die, as a result of act. Behaviour was in part thought of as method to kill oneself. Intent does not have to be 100%. If there is any intent/desire to die associated with the act, then it can be considered an actual suicide attempt. There does not have to be any injury or harm, just the potential for injury or harm. If person pulls trigger while gun is in mouth but gun is broken so no injury results, this is considered an attempt. Inferring Intent: Even if an individual denies intent/wish to die, it may be inferred clinically from the behaviour or circumstances. For example, a highly lethal act that is clearly not an accident so no other intent but suicide can be inferred (e.g. gunshot to head, jumping from window of a high floor/storey). Also, if someone denies intent to die, but they thought that what they did could be lethal, intent maybe inferred. (Have you made a suicide attempt?",107
C-SSRS Since Last Visit: 12. Actual Attempt #1,Have you done anything to harm yourself?,107
C-SSRS Since Last Visit: 13. Has Subject Engaged #1,Comment:,108
C-SSRS Since Last Visit: 14. Interrupted Attempt #1,Staff Initials:,108
C-SSRS Since Last Visit: 14. Interrupted Attempt #1,Comment:,108
C-SSRS Since Last Visit: 14. Total Number of Interrupted #1,Staff Initials:,108
C-SSRS Since Last Visit: 14. Total Number of Interrupted #1,Comment:,108
C-SSRS Since Last Visit: 15. Aborted Attempt #1,Comment:,109
C-SSRS Since Last Visit: 15. Total Number of Aborted #1,Staff Initials:,109
C-SSRS Since Last Visit: 15. Total Number of Aborted #1,Comment:,109
C-SSRS Since Last Visit: 16. Preparatory Acts or Behaviour #1,Staff Initials:,109
C-SSRS Since Last Visit: 16. Preparatory Acts or Behaviour #1,Comment:,109
C-SSRS Since Last Visit: 17. Suicidal Behaviour #1,Suicidal Behaviour (Since Last Visit) Suicidal behaviour was present during the assessment period?,109
C-SSRS Since Last Visit: 17. Suicidal Behaviour #1,Comment:,110
C-SSRS Since Last Visit: 18. Suicide #1,Staff Initials:,110
C-SSRS Since Last Visit: 18. Suicide #1,Comment:,110
C-SSRS Since Last Visit: 19. Most Lethal Attempt Date #1,Staff Initials:,110
C-SSRS Since Last Visit: 19. Most Lethal Attempt Date #1,Comment:,110
C-SSRS Since Last Visit: 19. Actual Lethality Most Lethal Attempt #1,Staff Initials:,110
C-SSRS Since Last Visit: 19. Actual Lethality Most Lethal Attempt #1,Comment:,111
C-SSRS Since Last Visit: 19. Potential Lethality Most Lethal Attempt #1,Staff Initials:,111
C-SSRS Since Last Visit: 19. Potential Lethality Most Lethal Attempt #1,Comment:,111
Meals: Confirm Snack #1,Staff Initials:,111
Meals: Confirm Snack #1,Comment:,111
Meals: Start Fast #1,Staff Initials:,111
Meals: Start Fast #1,Comment:,111
System: Available #1,Staff Initials:,111
Meals: Confirm Snack #1,Confirm Evening Snack Provided,111
Meals: Start Fast #1,Start time of fast (Includes all food and drink except water) (Fast for at least 10 hours before breakfast or dosing depending on Part & Cohort),111
System: Available #1,What is the status of the subject?,111
System: Available #1,Comment:,112
Admission and Discharge: Pre-Dose Check In #1,Staff Initials:,112
Admission and Discharge: Pre-Dose Check In #1,Comment:,112
Pre-dose Triplicate ECG 1: 12 Lead Standard #1,Staff Initials:,112
Pre-dose Triplicate ECG 1: 12 Lead Standard #1,Comment:,112
Admission and Discharge: Pre-Dose Check In #1,Check the participant in for predose assessments.,112
Pre-dose Triplicate ECG 1: 12 Lead Standard #1,Exclude if - QT interval corrected for heart rate using Fridericia’s formula (QTcF) >450 msec for,112
Pre-dose Triplicate ECG 1: 12 Lead Standard #1,"male participants or >470 msec for female participants, QRS interval >120 msec, or PR interval >200 msec. (Supine for a minimum 3 minutes)",112
Pre-dose Triplicate ECG 1: ECG Rhythm Assess/Interpretation #1,Comment:,113
Pre-dose Triplicate ECG 1: ECG Significance #1,Staff Initials:,113
Pre-dose Triplicate ECG 1: ECG Significance #1,Comment:,113
Pre-dose Triplicate ECG 1: ECG Findings #1,Staff Initials:,113
Pre-dose Triplicate ECG 1: ECG Findings #1,Comment:,113
Pre-dose Triplicate ECG 1: ECG Findings inc Rhythm #1,Staff Initials:,113
Pre-dose Triplicate ECG 1: ECG Findings inc Rhythm #1,Comment:,113
Pre-dose Triplicate ECG 2: 12 Lead Standard #1,Comment:,114
Pre-dose Triplicate ECG 2: ECG Rhythm Assess/Interpretation #1,Staff Initials:,114
Pre-dose Triplicate ECG 2: ECG Rhythm Assess/Interpretation #1,Comment:,114
Pre-dose Triplicate ECG 2: ECG Significance #1,Staff Initials:,115
Pre-dose Triplicate ECG 2: ECG Significance #1,Comment:,115
Pre-dose Triplicate ECG 2: ECG Findings #1,Staff Initials:,115
Pre-dose Triplicate ECG 2: ECG Findings #1,Comment:,115
Pre-dose Triplicate ECG 2: ECG Findings inc Rhythm #1,Staff Initials:,115
Pre-dose Triplicate ECG 2: ECG Findings inc Rhythm #1,Comment:,115
Pre-dose Triplicate ECG 3: 12 Lead Standard #1,Staff Initials:,115
Pre-dose Triplicate ECG 3: 12 Lead Standard #1,Comment:,116
Pre-dose Triplicate ECG 3: ECG Rhythm Assess/Interpretation #1,Staff Initials:,116
Pre-dose Triplicate ECG 3: ECG Rhythm Assess/Interpretation #1,Comment:,116
Pre-dose Triplicate ECG 3: ECG Significance #1,Staff Initials:,116
Pre-dose Triplicate ECG 3: ECG Significance #1,Comment:,116
Pre-dose Triplicate ECG 3: ECG Findings #1,Staff Initials:,117
Pre-dose Triplicate ECG 3: ECG Findings #1,Comment:,117
Pre-dose Triplicate ECG 3: ECG Findings inc Rhythm #1,Staff Initials:,117
Pre-dose Triplicate ECG 3: ECG Findings inc Rhythm #1,Comment:,117
Mean Values: Pre-dose Mean values #1,Staff Initials:,117
Mean Values: Pre-dose Mean values #1,Comment:,117
ECG Difference: Baseline values #1,Staff Initials:,117
ECG Difference: Baseline values #1,Comment:,117
Mean Values: Pre-dose Mean values #1,Exclude if - QT interval corrected for heart rate using Fridericia’s formula (QTcF) >450 msec for,117
Mean Values: Pre-dose Mean values #1,"male participants or >470 msec for female participants, QRS interval >120 msec, or PR interval >200 msec",117
Pre-dose Vital Signs: Vital Signs Supine Full Set #1,Staff Initials:,118
Pre-dose Vital Signs: Vital Signs Supine Full Set #1,Comment:,118
Pre-dose Vital Signs: Clinical Significance #1,Staff Initials:,118
Pre-dose Vital Signs: Clinical Significance #1,Comment:,118
Pre-dose Vital Signs: Vital Signs Findings #1,Staff Initials:,118
Pre-dose Vital Signs: Vital Signs Findings #1,Comment:,118
Pre-dose Vital Signs: Vital Signs Supine Full Set #1,Exclude if - Systolic blood pressure [SBP] >140 mmHg or diastolic blood pressure [DBP] >90,118
Pre-dose Vital Signs: Vital Signs Supine Full Set #1,"mmHg in the supine position. Supine heart rate, after resting for at least 3 minutes, outside the",118
Pre-dose Vital Signs: Vital Signs Supine Full Set #1,Systolic mmHg (##0),118
Pre-dose Vital Signs: Vital Signs Supine Full Set #1,Diastolic mmHg (##0),118
Pre-dose Vital Signs: Vital Signs Supine Full Set #1,Heart Rate beats/min (##0),118
Pre-dose Vital Signs: Vital Signs Supine Full Set #1,Respiratory Rate breaths/mi (##0),118
Pre-dose Vital Signs: Vital Signs Supine Full Set #1,Oral Temperature - Degrees Celsius _ _. _ C,118
Pre-dose Vital Signs Standing: Vital Signs Standing BP and HR #1,Comment:,119
Pre-dose Vital Signs Standing: Drop in BP from Supine to Standing #1,Staff Initials:,119
Pre-dose Vital Signs Standing: Drop in BP from Supine to Standing #1,Comment:,119
Pre-dose Vital Signs Standing 2: Drop in BP from Supine to Standing #1,Staff Initials:,119
Pre-dose Vital Signs Standing 2: Drop in BP from Supine to Standing #1,Comment:,119
Pre-dose Vital Signs Difference: Vital Signs Calculation BP and HR #1,Staff Initials:,119
Pre-dose Vital Signs Difference: Vital Signs Calculation BP and HR #1,Comment:,119
Pre-dose Vital Signs Standing: Vital Signs Standing BP and HR #1,Systolic mmHg (##0),119
Pre-dose Vital Signs Standing: Vital Signs Standing BP and HR #1,Diastolic mmHg (##0),119
Pre-dose Vital Signs Standing: Vital Signs Standing BP and HR #1,Heart Rate beats/min (##0),119
Pre-dose Vital Signs Standing: Drop in BP from Supine to Standing #1,PRE-DOSE - Is there a drop in SYSTOLIC BP from supine to standing?,119
Pre-dose Vital Signs Standing 2: Drop in BP from Supine to Standing #1,PRE-DOSE - Is there a drop in DIASTOLIC BP from supine to standing?,119
Pre-dose Vital Signs Difference: Vital Signs Calculation BP and HR #1,PRE-DOSE - Vital Signs Difference for SYSTOLIC Drop,119
Pre-dose Vital Signs Difference: Vital Signs Calculation BP and HR #1,Systolic mmHg,119
Pre-dose Vital Signs Difference: Vital Signs Calculation BP and HR 2 #1,Comment:,120
Pre-dose Vital Signs Standing: Clinical Significance #1,Staff Initials:,120
Pre-dose Vital Signs Standing: Clinical Significance #1,Comment:,120
Pre-dose Vital Signs Standing: Vital Signs Findings #1,Staff Initials:,120
Pre-dose Vital Signs Standing: Vital Signs Findings #1,Comment:,120
Predose Targeted Physical Examination: Require Targeted PE? #1,Staff Initials:,120
Predose Targeted Physical Examination: Require Targeted PE? #1,Comment:,120
Pre-dose Vital Signs Difference: Vital Signs Calculation BP and HR 2 #1,PRE-DOSE - Vital Signs Difference for DIASTOLIC Drop,120
Pre-dose Vital Signs Difference: Vital Signs Calculation BP and HR 2 #1,Diastolic mmHg,120
Predose Targeted Physical Examination: Require Targeted PE? #1,"If yes, please specify the reason)",120
Predose Targeted Physical Examination: Any clinically significant abnormal,Comment:,121
Predose Targeted Physical Examination: Physical Examination Category #1,Staff Initials:,121
Predose Targeted Physical Examination: Physical Examination Category #1,Comment:,121
Predose Targeted Physical Examination: Any clinically significant abnormal,"PRE-DOSE - If yes, were there any clinically significant abnormal findings?",121
Predose Targeted Physical Examination: Physical Examination Category #1,PRE-DOSE - Physical Examination Category,121
Predose Targeted Physical Examination: Findings #1,Staff Initials:,122
Predose Targeted Physical Examination: Findings #1,Comment:,122
Targeted Neurological Examination: Require Targeted NE? #1,Staff Initials:,122
Targeted Neurological Examination: Require Targeted NE? #1,Comment:,122
Targeted Neurological Examination: Any clinically significant abnormal,Staff Initials:,122
Targeted Neurological Examination: Any clinically significant abnormal,Comment:,122
Targeted Neurological Examination: Neurological Examination Category #1,Staff Initials:,122
Targeted Neurological Examination: Require Targeted NE? #1,"If yes, please specify the reason)",122
Targeted Neurological Examination: Any clinically significant abnormal,"If yes, were there any clinically significant abnormal findings?",122
Targeted Neurological Examination: Neurological Examination Category #1,Targeted Neurological Examination Category,122
Targeted Neurological Examination: Neurological Examination Category #1,Comment:,123
Targeted Neurological Examination: Findings #1,Staff Initials:,123
Targeted Neurological Examination: Findings #1,Comment:,123
Inclusion: I01 #1,Staff Initials:,123
Inclusion: I01 #1,Comment:,123
Inclusion: I01 #1,"Inclusion 1. Male or NCBP female participants between 18 and 55 years of age, inclusive.",123
Inclusion: I02 #1,Staff Initials:,124
Inclusion: I02 #1,Comment:,124
Inclusion: I03 #1,Staff Initials:,124
Inclusion: I03 #1,Comment:,124
Inclusion: I03 #1,Inclusion 3. In good health as determined by:,124
Inclusion: I04 #1,Staff Initials:,125
Inclusion: I04 #1,Comment:,125
Inclusion: I05 #1,Staff Initials:,125
Inclusion: I05 #1,Comment:,125
Inclusion: I04 #1,Inclusion 4. Sexually active males who:,125
Inclusion: I06 #1,Staff Initials:,126
Inclusion: I06 #1,Comment:,126
Exclusion: E01 #1,Staff Initials:,126
Exclusion: E01 #1,Comment:,126
Exclusion: E02 #1,Staff Initials:,126
Exclusion: E02 #1,Comment:,126
Exclusion: E01 #1,Exclusion 1. Non-English speakers and those with language or hearing impairments will not participate in the trial.,126
Exclusion: E02 #1,Exclusion 2. Participants who are breast-feeding and/or who have a positive pregnancy test result prior to receiving the IMP.,126
Exclusion: E03 #1,Comment:,127
Exclusion: E04 #1,Staff Initials:,127
Exclusion: E04 #1,Comment:,127
Exclusion: E05 #1,Staff Initials:,127
Exclusion: E05 #1,Comment:,127
Exclusion: E06 #1,Staff Initials:,128
Exclusion: E06 #1,Comment:,128
Exclusion: E07 #1,Staff Initials:,128
Exclusion: E07 #1,Comment:,128
Exclusion: E08 #1,Staff Initials:,128
Exclusion: E08 #1,Comment:,128
Exclusion: E09 #1,Staff Initials:,128
Exclusion: E10 #1,Staff Initials:,129
Exclusion: E10 #1,Comment:,129
Exclusion: E11 #1,Staff Initials:,129
Exclusion: E11 #1,Comment:,129
Exclusion: E12 #1,Staff Initials:,129
Exclusion: E12 #1,Comment:,129
Exclusion: E11 #1,Exclusion 11. Participants having taken an investigational drug within 90 days prior to first dose.,129
Exclusion: E13 #1,Staff Initials:,130
Exclusion: E13 #1,Comment:,130
Exclusion: E14 #1,Staff Initials:,130
Exclusion: E14 #1,Comment:,130
Exclusion: E15 #1,Staff Initials:,130
Exclusion: E15 #1,Comment:,130
Exclusion: E15 #1,"Exclusion 15. Participants presenting with, or having a history of, uncontrolled hypertension",130
Exclusion: E15 #1,(systolic blood pressure [SBP] >140 mmHg or diastolic blood pressure [DBP] >90 mmHg in the,130
Exclusion: E16 #1,Staff Initials:,131
Exclusion: E16 #1,Comment:,131
Exclusion: E17 #1,Staff Initials:,131
Exclusion: E17 #1,Comment:,131
Exclusion: E18 #1,Staff Initials:,131
Exclusion: E18 #1,Comment:,131
Exclusion: E16 #1,"Exclusion 16. Participants who have a supine heart rate, after resting for at least 3 minutes,",131
Exclusion: E18 #1,heart rate using Fridericia’s formula (QTcF) >450 msec for male participants or >470 msec for,131
Exclusion: E18 #1,"female participants, QRS interval >120 msec, or PR interval >200 msec.",131
Exclusion: E19 #1,Staff Initials:,132
Exclusion: E19 #1,Comment:,132
Exclusion: E20 #1,Staff Initials:,132
Exclusion: E20 #1,Comment:,132
Exclusion: E21 #1,Staff Initials:,132
Exclusion: E21 #1,Comment:,132
Exclusion: E22 #1,Staff Initials:,132
Exclusion: E20 #1,"Exclusion 20. History of serious mental disorders that, in the opinion of the investigator, would exclude the participant from participating in this trial.",132
Exclusion: E21 #1,Exclusion 21. Participants with no permanent place of residence.,132
Exclusion: E22 #1,"Exclusion 22. Any participant who, in the opinion of the investigator, should not participate in the trial.",132
Exclusion: E23 #1,Staff Initials:,133
Exclusion: E23 #1,Comment:,133
Exclusion: E24 #1,Staff Initials:,133
Exclusion: E24 #1,Comment:,133
Exclusion: E25 #1,Staff Initials:,133
Exclusion: E25 #1,Comment:,133
Exclusion: E26 #1,Staff Initials:,133
Exclusion: E26 #1,Exclusion 26. Not able to consume the FDA HFM (High Fat Meal) for Part 2 and Part 3 within 20 minutes.,133
Exclusion: E26 #1,Comment:,134
Exclusion: E27 #1,Staff Initials:,134
Exclusion: E27 #1,Comment:,134
Exclusion: E28 #1,Staff Initials:,134
Exclusion: E28 #1,Comment:,134
Exclusion: AST Level #1,Staff Initials:,134
Exclusion: AST Level #1,Comment:,134
Exclusion: ALT Level #1,Staff Initials:,135
Exclusion: ALT Level #1,Comment:,135
Exclusion: ALP Level #1,Staff Initials:,135
Exclusion: ALP Level #1,Comment:,135
Exclusion: Total Bilirubin #1,Staff Initials:,135
Exclusion: Total Bilirubin #1,Comment:,135
Sign In: Admission Eligibility #1,Staff Initials:,135
Sign In: Admission Eligibility #1,Comment:,135
Sign In: Admission Eligibility #1,I confirm that the relevant admission criteria have been reviewed and the participant is eligible to proceed in this clinical study,135
Outcome Admission: Final Admission Outcome #1,Staff Initials:,136
Outcome Admission: Final Admission Outcome #1,Comment:,136
Sign In: Rejection #1,Staff Initials:,136
Sign In: Rejection #1,Comment:,136
Outcome Admission: Date of Admission Failure #1,Staff Initials:,136
Outcome Admission: Date of Admission Failure #1,Comment:,136
PK Samples: PK Plasma #1,Staff Initials:,136
Outcome Admission: Final Admission Outcome #1,What was the final Admission outcome?,136
Outcome Admission: Date of Admission Failure #1,Record date of admission failure (or date of last contact),136
Whole Blood: PGx #1,Staff Initials:,137
Whole Blood: PGx #1,Comment:,137
AE/CM Surveys: AE/CM Check #1,Staff Initials:,137
AE/CM Surveys: AE/CM Check #1,Comment:,137
Exposure: Dosing Eligibility #1,Staff Initials:,137
Exposure: Dosing Eligibility #1,Comment:,137
Exposure x: Prandial state #1,Staff Initials:,137
Exposure x: Prandial state #1,Comment:,137
Exposure x: Fasted for 10 hours for Breakfast #1,Staff Initials:,137
AE/CM Surveys: AE/CM Check #1,Confirm an AE and Conmed check has been performed (Record any AE and Conmeds if applicable),137
Exposure: Dosing Eligibility #1,I confirm that the inclusion/exclusion criteria and all relevant pre dose assessments have been reviewed and the participant continues to be eligible to participate in this clinical study.,137
Exposure x: Fasted for 10 hours for Breakfast #1,Has the participant fasted for 10 hours prior to breakfast?,137
Meals: Start Breakfast #1,Staff Initials:,138
Meals: Start Breakfast #1,Comment:,138
Meals: End Breakfast #1,Staff Initials:,138
Meals: End Breakfast #1,Comment:,138
Meals: Amount Consumed (Breakfast) #1,Staff Initials:,138
Meals: Amount Consumed (Breakfast) #1,Comment:,138
Meals: Not eaten #1,Staff Initials:,138
Meals: Not eaten #1,Comment:,138
Meals: PI Check #1,Staff Initials:,138
Meals: PI Check #1,Comment:,138
Exposure: Volunteer ID Check #1,Comment:,139
Exposure: Panel Number Check #1,Staff Initials:,139
Exposure: Panel Number Check #1,Comment:,139
Exposure: Participant Number Check #1,Staff Initials:,139
Exposure: Participant Number Check #1,Comment:,139
Exposure: Has the participant refrained from water #1,Staff Initials:,139
Exposure: Has the participant refrained from water #1,Comment:,139
Exposure: Fasted for 10 hours for Dosing #1,Staff Initials:,139
Exposure: Fasted for 10 hours for Dosing #1,Comment:,139
Exposure: Participant Number Check #1,Check the participant number in eSource matches the Instruction to Dispense and Dose,139
Exposure: Has the participant refrained from water #1,Has the participant refrained from drinking water for at least 1 hour prior to dosing?,139
Exposure: Fasted for 10 hours for Dosing #1,Has the participant fasted for 10 hours prior to dosing?,139
Exposure: Consumed breakfast #1,"Has the participant consumed breakfast per the protocol requirements, over 20 minutes and the full meal?",139
Exposure: Consumed breakfast #1,Comment:,140
Exposure: Predose Blood Draw #1,Staff Initials:,140
Exposure: Predose Blood Draw #1,Comment:,140
Exposure: Predose Procedure Check #1,Staff Initials:,140
Exposure: Predose Procedure Check #1,Comment:,140
Exposure: Dose Eligibility Check #1,Staff Initials:,140
Exposure: Dose Eligibility Check #1,Comment:,140
Exposure: Subject/regimen v2 #1,Staff Initials:,140
Exposure: Predose Blood Draw #1,Pre dose blood draws for PK and PGx samples taken?,140
Exposure: Predose Procedure Check #1,Have all required pre dose procedures been completed?,140
Exposure: Dose Eligibility Check #1,Is the participant eligible to dose?,140
Exposure: Subject/regimen v2 #1,Comment:,141
Exposure: Product label check #1,Staff Initials:,141
Exposure: Product label check #1,Comment:,141
Exposure: Randomisation Number #1,Staff Initials:,141
Exposure: Randomisation Number #1,Comment:,141
Exposure: Final Check #1,Staff Initials:,141
Exposure: Final Check #1,Comment:,141
Exposure: Dose #1,Staff Initials:,141
Exposure: Dose #1,Comment:,141
Exposure: Product label check #1,Does the Product label match the Instruction to Dispense and Dose?,141
Exposure: Final Check #1,"Final check performed (5 R’s of dosing, Jones 2009 – right participant, right drug, right dose, right route, right time)",141
Exposure: Dose #1,Time of administration of study treatment,141
Exposure: Post Administration Water #1,Staff Initials:,142
Exposure: Post Administration Water #1,Comment:,142
Exposure: Hand and Mouth Check #1,Staff Initials:,142
Exposure: Hand and Mouth Check #1,Comment:,142
Exposure: Reminder to refrain from water #1,Staff Initials:,142
Exposure: Reminder to refrain from water #1,Comment:,142
Exposure x: Reminder to minimise sunlight exposure #1,Staff Initials:,142
Exposure x: Reminder to minimise sunlight exposure #1,Comment:,142
Exposure: Post Administration Water #1,Has the participant been provided with 240 mL of water?,142
Exposure: Hand and Mouth Check #1,Has a hand and mouth check been performed?,142
Exposure: Reminder to refrain from water #1,Has the participant been reminded to refrain from water for 2 hours post-dose?,142
Exposure x: Reminder to minimise sunlight exposure #1,Has the participant been advised to minimise exposure to sunlight from dosing for at least 7 days post final dose?,142
Exposure: Witness Check #1,Staff Initials:,143
Exposure: Witness Check #1,Comment:,143
System: Available #1,Staff Initials:,143
System: Available #1,Comment:,143
ECG Difference: Baseline values #1,Staff Initials:,143
ECG Difference: Baseline values #1,Comment:,143
PK Samples: PK Plasma #2,Staff Initials:,143
PK Samples: PK Plasma #2,Comment:,143
AE/CM Surveys: AE/CM Check #2,Staff Initials:,143
AE/CM Surveys: AE/CM Check #2,Comment:,143
Exposure: Witness Check #1,Confirm dosing is complete (Operator to complete (switch user)),143
System: Available #1,What is the status of the subject?,143
AE/CM Surveys: AE/CM Check #2,Confirm an AE and Conmed check has been performed (Record any AE and Conmeds if applicable),143
PK Samples: PK Plasma #3,Staff Initials:,144
PK Samples: PK Plasma #3,Comment:,144
AE/CM Surveys: AE/CM Check #3,Staff Initials:,144
AE/CM Surveys: AE/CM Check #3,Comment:,144
Stanford Sleepiness Scale: Stanford Sleepiness Scale Date #1,Staff Initials:,144
Stanford Sleepiness Scale: Stanford Sleepiness Scale Date #1,Comment:,144
Stanford Sleepiness Scale: Degree of Sleepiness #1,Staff Initials:,144
AE/CM Surveys: AE/CM Check #3,Confirm an AE and Conmed check has been performed (Record any AE and Conmeds if applicable),144
Stanford Sleepiness Scale: Degree of Sleepiness #1,Comment:,145
ECG: 12 Lead Standard #1,Staff Initials:,145
ECG: 12 Lead Standard #1,Comment:,145
ECG: ECG Rhythm Assess/Interpretation #1,Staff Initials:,145
ECG: 12 Lead Standard #1,Exclude if - QT interval corrected for heart rate using Fridericia’s formula (QTcF) >450 msec for,145
ECG: 12 Lead Standard #1,"male participants or >470 msec for female participants, QRS interval >120 msec, or PR interval >200 msec. (Supine for a minimum 3 minutes)",145
ECG: ECG Rhythm Assess/Interpretation #1,Comment:,146
ECG: ECG Significance #1,Staff Initials:,146
ECG: ECG Significance #1,Comment:,146
ECG: ECG Findings #1,Staff Initials:,146
ECG: ECG Findings #1,Comment:,146
ECG: ECG Findings inc Rhythm #1,Staff Initials:,146
ECG: ECG Findings inc Rhythm #1,Comment:,146
ECG Difference: ECG Difference Calculation #1,Staff Initials:,146
ECG Difference: ECG Difference Calculation #1,Comment:,146
ECG Difference: ECG Difference Calculation #1,ECG Difference Calculation - a participant will be withdrawn where there is an increase in QTcF interval of >60 msec from baseline (confirmed following a repeat ECG),146
PK Samples: PK Plasma #4,Staff Initials:,147
PK Samples: PK Plasma #4,Comment:,147
AE/CM Surveys: AE/CM Check #4,Staff Initials:,147
AE/CM Surveys: AE/CM Check #4,Comment:,147
Exposure: Provided with water #1,Staff Initials:,147
Exposure: Provided with water #1,Comment:,147
Stanford Sleepiness Scale: Stanford Sleepiness Scale Date #2,Staff Initials:,147
Stanford Sleepiness Scale: Stanford Sleepiness Scale Date #2,Comment:,147
Stanford Sleepiness Scale: Degree of Sleepiness #2,Staff Initials:,147
AE/CM Surveys: AE/CM Check #4,Confirm an AE and Conmed check has been performed (Record any AE and Conmeds if applicable),147
Exposure: Provided with water #1,Has the participant been provided with water 2 hrs post-dose?,147
Stanford Sleepiness Scale: Degree of Sleepiness #2,Comment:,148
Vital Signs: Vital Signs Supine Full Set #1,Staff Initials:,148
Vital Signs: Vital Signs Supine Full Set #1,Comment:,148
Vital Signs: Vital Signs Supine Full Set #1,Systolic mmHg (##0),148
Vital Signs: Vital Signs Supine Full Set #1,Diastolic mmHg (##0),148
Vital Signs: Vital Signs Supine Full Set #1,Heart Rate beats/min (##0),148
Vital Signs: Vital Signs Supine Full Set #1,Respiratory Rate breaths/mi (##0),148
Vital Signs: Vital Signs Supine Full Set #1,Oral Temperature - Degrees Celsius _ _. _ C,148
Vital Signs: Clinical Significance #1,Staff Initials:,149
Vital Signs: Clinical Significance #1,Comment:,149
Vital Signs: Vital Signs Findings #1,Staff Initials:,149
Vital Signs: Vital Signs Findings #1,Comment:,149
Vital Signs Standing: Vital Signs Standing BP and HR #1,Staff Initials:,149
Vital Signs Standing: Vital Signs Standing BP and HR #1,Comment:,149
Vital Signs: Clinical Significance #1,Clinical Assessment of Vital Signs (Medic or Nurse to assess vital signs),149
Vital Signs Standing: Vital Signs Standing BP and HR #1,Systolic mmHg (##0),149
Vital Signs Standing: Vital Signs Standing BP and HR #1,Diastolic mmHg (##0),149
Vital Signs Standing: Vital Signs Standing BP and HR #1,Heart Rate beats/min (##0),149
Vital Signs Standing: Drop in SBP from Supine to Standing #1,Staff Initials:,150
Vital Signs Standing: Drop in SBP from Supine to Standing #1,Comment:,150
Vital Signs Standing 2: Drop in DBP from Supine to Standing #1,Staff Initials:,150
Vital Signs Standing 2: Drop in DBP from Supine to Standing #1,Comment:,150
Vital Signs Difference: Vital Signs Calculation BP and HR #1,Staff Initials:,150
Vital Signs Difference: Vital Signs Calculation BP and HR #1,Comment:,150
Vital Signs Difference: Vital Signs Calculation BP and HR 2 #1,Staff Initials:,150
Vital Signs Difference: Vital Signs Calculation BP and HR 2 #1,Comment:,150
Vital Signs Standing: Drop in SBP from Supine to Standing #1,Is there a drop in SYSTOLIC BP from supine to standing?,150
Vital Signs Standing 2: Drop in DBP from Supine to Standing #1,Is there a drop in DIASTOLIC BP from supine to standing?,150
Vital Signs Difference: Vital Signs Calculation BP and HR #1,Vital Signs Difference for SYSTOLIC Drop,150
Vital Signs Difference: Vital Signs Calculation BP and HR #1,Systolic Drop mmHg,150
Vital Signs Difference: Vital Signs Calculation BP and HR 2 #1,Vital Signs Difference for DIASTOLIC Drop,150
Vital Signs Difference: Vital Signs Calculation BP and HR 2 #1,Diastolic Drop mmHg,150
Vital Signs Standing: Clinical Significance #1,Clinical Assessment of Standing Vital Signs (Medic or Nurse to assess vital signs),150
Vital Signs Standing: Clinical Significance #1,Comment:,151
Vital Signs Standing: Vital Signs Findings #1,Staff Initials:,151
Vital Signs Standing: Vital Signs Findings #1,Comment:,151
PK Samples: PK Plasma #5,Staff Initials:,151
PK Samples: PK Plasma #5,Comment:,151
AE/CM Surveys: AE/CM Check #5,Staff Initials:,151
AE/CM Surveys: AE/CM Check #5,Comment:,151
Meals: Confirm Lunch #1,Staff Initials:,151
Meals: Confirm Lunch #1,Comment:,151
AE/CM Surveys: AE/CM Check #5,Confirm an AE and Conmed check has been performed (Record any AE and Conmeds if applicable),151
Meals: Confirm Lunch #1,Confirm Lunch Provided,151
PK Samples: PK Plasma #6,Staff Initials:,152
PK Samples: PK Plasma #6,Comment:,152
AE/CM Surveys: AE/CM Check #6,Staff Initials:,152
AE/CM Surveys: AE/CM Check #6,Comment:,152
PK Samples: PK Plasma #7,Staff Initials:,152
PK Samples: PK Plasma #7,Comment:,152
AE/CM Surveys: AE/CM Check #7,Staff Initials:,152
AE/CM Surveys: AE/CM Check #7,Comment:,152
PK Samples: PK Plasma #8,Staff Initials:,152
PK Samples: PK Plasma #8,Comment:,152
AE/CM Surveys: AE/CM Check #8,Staff Initials:,152
AE/CM Surveys: AE/CM Check #8,Comment:,152
AE/CM Surveys: AE/CM Check #6,Confirm an AE and Conmed check has been performed (Record any AE and Conmeds if applicable),152
AE/CM Surveys: AE/CM Check #7,Confirm an AE and Conmed check has been performed (Record any AE and Conmeds if applicable),152
AE/CM Surveys: AE/CM Check #8,Confirm an AE and Conmed check has been performed (Record any AE and Conmeds if applicable),152
Vital Signs: Vital Signs Supine Full Set #2,Comment:,153
Vital Signs: Clinical Significance #2,Staff Initials:,153
Vital Signs: Clinical Significance #2,Comment:,153
Vital Signs: Vital Signs Findings #2,Staff Initials:,153
Vital Signs: Vital Signs Findings #2,Comment:,153
Vital Signs Standing: Vital Signs Standing BP and HR #2,Staff Initials:,153
Vital Signs: Vital Signs Supine Full Set #2,Systolic mmHg (##0),153
Vital Signs: Vital Signs Supine Full Set #2,Diastolic mmHg (##0),153
Vital Signs: Vital Signs Supine Full Set #2,Heart Rate beats/min (##0),153
Vital Signs: Vital Signs Supine Full Set #2,Respiratory Rate breaths/mi (##0),153
Vital Signs: Vital Signs Supine Full Set #2,Oral Temperature - Degrees Celsius _ _. _ C,153
Vital Signs: Clinical Significance #2,Clinical Assessment of Vital Signs (Medic or Nurse to assess vital signs),153
Vital Signs Standing: Vital Signs Standing BP and HR #2,Comment:,154
Vital Signs Standing: Drop in SBP from Supine to Standing #2,Staff Initials:,154
Vital Signs Standing: Drop in SBP from Supine to Standing #2,Comment:,154
Vital Signs Standing 2: Drop in DBP from Supine to Standing #2,Staff Initials:,154
Vital Signs Standing 2: Drop in DBP from Supine to Standing #2,Comment:,154
Vital Signs Difference: Vital Signs Calculation BP and HR #2,Staff Initials:,154
Vital Signs Difference: Vital Signs Calculation BP and HR #2,Comment:,154
Vital Signs Standing: Vital Signs Standing BP and HR #2,Systolic mmHg (##0),154
Vital Signs Standing: Vital Signs Standing BP and HR #2,Diastolic mmHg (##0),154
Vital Signs Standing: Vital Signs Standing BP and HR #2,Heart Rate beats/min (##0),154
Vital Signs Standing: Drop in SBP from Supine to Standing #2,Is there a drop in SYSTOLIC BP from supine to standing?,154
Vital Signs Standing 2: Drop in DBP from Supine to Standing #2,Is there a drop in DIASTOLIC BP from supine to standing?,154
Vital Signs Difference: Vital Signs Calculation BP and HR #2,Vital Signs Difference for SYSTOLIC Drop,154
Vital Signs Difference: Vital Signs Calculation BP and HR #2,Systolic Drop mmHg,154
Vital Signs Difference: Vital Signs Calculation BP and HR 2 #2,Staff Initials:,155
Vital Signs Difference: Vital Signs Calculation BP and HR 2 #2,Comment:,155
Vital Signs Standing: Clinical Significance #2,Staff Initials:,155
Vital Signs Standing: Clinical Significance #2,Comment:,155
Vital Signs Standing: Vital Signs Findings #2,Staff Initials:,155
Vital Signs Standing: Vital Signs Findings #2,Comment:,155
PK Samples: PK Plasma #9,Staff Initials:,155
PK Samples: PK Plasma #9,Comment:,155
AE/CM Surveys: AE/CM Check #9,Staff Initials:,155
Vital Signs Difference: Vital Signs Calculation BP and HR 2 #2,Vital Signs Difference for DIASTOLIC Drop,155
Vital Signs Difference: Vital Signs Calculation BP and HR 2 #2,Diastolic Drop mmHg,155
Vital Signs Standing: Clinical Significance #2,Clinical Assessment of Standing Vital Signs (Medic or Nurse to assess vital signs),155
AE/CM Surveys: AE/CM Check #9,Confirm an AE and Conmed check has been performed (Record any AE and Conmeds if applicable),155
Stanford Sleepiness Scale: Stanford Sleepiness Scale Date #3,Staff Initials:,156
Stanford Sleepiness Scale: Stanford Sleepiness Scale Date #3,Comment:,156
Stanford Sleepiness Scale: Degree of Sleepiness #3,Staff Initials:,156
Stanford Sleepiness Scale: Degree of Sleepiness #3,Comment:,156
PK Samples: PK Plasma #10,Staff Initials:,156
PK Samples: PK Plasma #10,Comment:,156
AE/CM Surveys: AE/CM Check #10,Staff Initials:,157
AE/CM Surveys: AE/CM Check #10,Comment:,157
Vital Signs: Vital Signs Supine Full Set #3,Staff Initials:,157
Vital Signs: Vital Signs Supine Full Set #3,Comment:,157
Vital Signs: Clinical Significance #3,Staff Initials:,157
Vital Signs: Clinical Significance #3,Comment:,157
AE/CM Surveys: AE/CM Check #10,Confirm an AE and Conmed check has been performed (Record any AE and Conmeds if applicable),157
Vital Signs: Vital Signs Supine Full Set #3,Systolic mmHg (##0),157
Vital Signs: Vital Signs Supine Full Set #3,Diastolic mmHg (##0),157
Vital Signs: Vital Signs Supine Full Set #3,Heart Rate beats/min (##0),157
Vital Signs: Vital Signs Supine Full Set #3,Respiratory Rate breaths/mi (##0),157
Vital Signs: Vital Signs Supine Full Set #3,Oral Temperature - Degrees Celsius _ _. _ C,157
Vital Signs: Clinical Significance #3,Clinical Assessment of Vital Signs (Medic or Nurse to assess vital signs),157
Vital Signs: Vital Signs Findings #3,Staff Initials:,158
Vital Signs: Vital Signs Findings #3,Comment:,158
Vital Signs Standing: Vital Signs Standing BP and HR #3,Staff Initials:,158
Vital Signs Standing: Vital Signs Standing BP and HR #3,Comment:,158
Vital Signs Standing: Drop in SBP from Supine to Standing #3,Staff Initials:,158
Vital Signs Standing: Drop in SBP from Supine to Standing #3,Comment:,158
Vital Signs Standing 2: Drop in DBP from Supine to Standing #3,Staff Initials:,158
Vital Signs Standing: Vital Signs Standing BP and HR #3,Systolic mmHg (##0),158
Vital Signs Standing: Vital Signs Standing BP and HR #3,Diastolic mmHg (##0),158
Vital Signs Standing: Vital Signs Standing BP and HR #3,Heart Rate beats/min (##0),158
Vital Signs Standing: Drop in SBP from Supine to Standing #3,Is there a drop in SYSTOLIC BP from supine to standing?,158
Vital Signs Standing 2: Drop in DBP from Supine to Standing #3,Is there a drop in DIASTOLIC BP from supine to standing?,158
Vital Signs Difference: Vital Signs Calculation BP and HR #3,Staff Initials:,159
Vital Signs Difference: Vital Signs Calculation BP and HR #3,Comment:,159
Vital Signs Difference: Vital Signs Calculation BP and HR 2 #3,Staff Initials:,159
Vital Signs Difference: Vital Signs Calculation BP and HR 2 #3,Comment:,159
Vital Signs Standing: Clinical Significance #3,Staff Initials:,159
Vital Signs Standing: Clinical Significance #3,Comment:,159
Vital Signs Standing: Vital Signs Findings #3,Staff Initials:,159
Vital Signs Standing: Vital Signs Findings #3,Comment:,159
Vital Signs Difference: Vital Signs Calculation BP and HR #3,Vital Signs Difference for SYSTOLIC Drop,159
Vital Signs Difference: Vital Signs Calculation BP and HR #3,Systolic Drop mmHg,159
Vital Signs Difference: Vital Signs Calculation BP and HR 2 #3,Vital Signs Difference for DIASTOLIC Drop,159
Vital Signs Difference: Vital Signs Calculation BP and HR 2 #3,Diastolic Drop mmHg,159
Vital Signs Standing: Clinical Significance #3,Clinical Assessment of Standing Vital Signs (Medic or Nurse to assess vital signs),159
PK Samples: PK Plasma #11,Staff Initials:,160
PK Samples: PK Plasma #11,Comment:,160
AE/CM Surveys: AE/CM Check #11,Staff Initials:,160
AE/CM Surveys: AE/CM Check #11,Comment:,160
Meals: Confirm Dinner #1,Staff Initials:,160
Meals: Confirm Dinner #1,Comment:,160
ECG: 12 Lead Standard #2,Staff Initials:,160
AE/CM Surveys: AE/CM Check #11,Confirm an AE and Conmed check has been performed (Record any AE and Conmeds if applicable),160
Meals: Confirm Dinner #1,Confirm Dinner Provided,160
ECG: 12 Lead Standard #2,Exclude if - QT interval corrected for heart rate using Fridericia’s formula (QTcF) >450 msec for,160
ECG: 12 Lead Standard #2,"male participants or >470 msec for female participants, QRS interval >120 msec, or PR interval >200 msec. (Supine for a minimum 3 minutes)",160
ECG: 12 Lead Standard #2,Comment:,161
ECG: ECG Rhythm Assess/Interpretation #2,Staff Initials:,161
ECG: ECG Rhythm Assess/Interpretation #2,Comment:,161
ECG: ECG Significance #2,Staff Initials:,161
ECG: ECG Significance #2,Comment:,161
ECG: ECG Findings #2,Staff Initials:,161
ECG: ECG Findings #2,Comment:,161
ECG: ECG Findings inc Rhythm #2,Comment:,162
ECG Difference: ECG Difference Calculation #2,Staff Initials:,162
ECG Difference: ECG Difference Calculation #2,Comment:,162
Vital Signs: Vital Signs Supine Full Set #4,Staff Initials:,162
Vital Signs: Vital Signs Supine Full Set #4,Comment:,162
ECG Difference: ECG Difference Calculation #2,ECG Difference Calculation - a participant will be withdrawn where there is an increase in QTcF interval of >60 msec from baseline (confirmed following a repeat ECG),162
Vital Signs: Vital Signs Supine Full Set #4,Systolic mmHg (##0),162
Vital Signs: Vital Signs Supine Full Set #4,Diastolic mmHg (##0),162
Vital Signs: Vital Signs Supine Full Set #4,Heart Rate beats/min (##0),162
Vital Signs: Vital Signs Supine Full Set #4,Respiratory Rate breaths/mi (##0),162
Vital Signs: Vital Signs Supine Full Set #4,Oral Temperature - Degrees Celsius _ _. _ C,162
Vital Signs: Clinical Significance #4,Staff Initials:,163
Vital Signs: Clinical Significance #4,Comment:,163
Vital Signs: Vital Signs Findings #4,Staff Initials:,163
Vital Signs: Vital Signs Findings #4,Comment:,163
Vital Signs Standing: Vital Signs Standing BP and HR #4,Staff Initials:,163
Vital Signs Standing: Vital Signs Standing BP and HR #4,Comment:,163
Vital Signs: Clinical Significance #4,Clinical Assessment of Vital Signs (Medic or Nurse to assess vital signs),163
Vital Signs Standing: Vital Signs Standing BP and HR #4,Systolic mmHg (##0),163
Vital Signs Standing: Vital Signs Standing BP and HR #4,Diastolic mmHg (##0),163
Vital Signs Standing: Vital Signs Standing BP and HR #4,Heart Rate beats/min (##0),163
Vital Signs Standing: Drop in SBP from Supine to Standing #4,Staff Initials:,164
Vital Signs Standing: Drop in SBP from Supine to Standing #4,Comment:,164
Vital Signs Standing 2: Drop in DBP from Supine to Standing #4,Staff Initials:,164
Vital Signs Standing 2: Drop in DBP from Supine to Standing #4,Comment:,164
Vital Signs Difference: Vital Signs Calculation BP and HR #4,Staff Initials:,164
Vital Signs Difference: Vital Signs Calculation BP and HR #4,Comment:,164
Vital Signs Difference: Vital Signs Calculation BP and HR 2 #4,Staff Initials:,164
Vital Signs Difference: Vital Signs Calculation BP and HR 2 #4,Comment:,164
Vital Signs Standing: Drop in SBP from Supine to Standing #4,Is there a drop in SYSTOLIC BP from supine to standing?,164
Vital Signs Standing 2: Drop in DBP from Supine to Standing #4,Is there a drop in DIASTOLIC BP from supine to standing?,164
Vital Signs Difference: Vital Signs Calculation BP and HR #4,Vital Signs Difference for SYSTOLIC Drop,164
Vital Signs Difference: Vital Signs Calculation BP and HR #4,Systolic Drop mmHg,164
Vital Signs Difference: Vital Signs Calculation BP and HR 2 #4,Vital Signs Difference for DIASTOLIC Drop,164
Vital Signs Difference: Vital Signs Calculation BP and HR 2 #4,Diastolic Drop mmHg,164
Vital Signs Standing: Clinical Significance #4,Clinical Assessment of Standing Vital Signs (Medic or Nurse to assess vital signs),164
Vital Signs Standing: Clinical Significance #4,Comment:,165
Vital Signs Standing: Vital Signs Findings #4,Staff Initials:,165
Vital Signs Standing: Vital Signs Findings #4,Comment:,165
PK Samples: PK Plasma #12,Staff Initials:,165
PK Samples: PK Plasma #12,Comment:,165
AE/CM Surveys: AE/CM Check #12,Staff Initials:,165
AE/CM Surveys: AE/CM Check #12,Comment:,165
Stanford Sleepiness Scale: Stanford Sleepiness Scale Date #4,Staff Initials:,165
Stanford Sleepiness Scale: Stanford Sleepiness Scale Date #4,Comment:,165
AE/CM Surveys: AE/CM Check #12,Confirm an AE and Conmed check has been performed (Record any AE and Conmeds if applicable),165
Stanford Sleepiness Scale: Degree of Sleepiness #4,Comment:,166
Meals: Confirm Snack #1,Staff Initials:,166
Meals: Confirm Snack #1,Comment:,166
PK Samples: PK Plasma #13,Staff Initials:,166
PK Samples: PK Plasma #13,Comment:,166
Meals: Confirm Snack #1,Confirm Evening Snack Provided,166
AE/CM Surveys: AE/CM Check #13,Staff Initials:,167
AE/CM Surveys: AE/CM Check #13,Comment:,167
Urinalysis: Collection Time #1,Staff Initials:,167
Urinalysis: Collection Time #1,Comment:,167
Urinalysis: Bilirubin #1,Staff Initials:,167
Urinalysis: Bilirubin #1,Comment:,167
AE/CM Surveys: AE/CM Check #13,Confirm an AE and Conmed check has been performed (Record any AE and Conmeds if applicable),167
Urinalysis: Collection Time #1,Record time of urine sample (Collect Urine Sample),167
Urinalysis: Urobilinogen #1,Staff Initials:,168
Urinalysis: Urobilinogen #1,Comment:,168
Urinalysis: Ketones #1,Staff Initials:,168
Urinalysis: Ketones #1,Comment:,168
Urinalysis: Glucose #1,Staff Initials:,168
Urinalysis: Glucose #1,Comment:,169
Urinalysis: Protein #1,Staff Initials:,169
Urinalysis: Protein #1,Comment:,169
Urinalysis: Blood #1,Staff Initials:,169
Urinalysis: Protein #1,What was the protein result?,169
Urinalysis: Blood #1,Comment:,170
Urinalysis: Nitrite #1,Staff Initials:,170
Urinalysis: Nitrite #1,Comment:,170
Urinalysis: pH #1,Staff Initials:,170
Urinalysis: pH #1,Record pH value (Perform urinalysis and read results),170
Urinalysis: pH #1,Comment:,171
Urinalysis: Specific Gravity #1,Staff Initials:,171
Urinalysis: Specific Gravity #1,Comment:,171
Urinalysis: Specific Gravity #1,Record specific gravity of sample (Perform urinalysis and read results),171
Urinalysis: Leukocytes #1,Staff Initials:,172
Urinalysis: Leukocytes #1,Comment:,172
Urinalysis: Participant menstruating #1,Staff Initials:,172
Urinalysis: Participant menstruating #1,Comment:,172
Urinalysis: Send for microscopy #1,Staff Initials:,172
Urinalysis: Send for microscopy #1,Comment:,172
Urinalysis: Participant menstruating #1,"Is participant female and menstruating? (If 'Yes', DO NOT send sample for Microscopy. If 'No', send sample for Microscopy)",172
Urinalysis: Send for microscopy #1,Confirm sample sent for microscopy (Complete associated paperwork),172
Urinalysis: Repeat Urinalysis #1,Staff Initials:,173
Urinalysis: Repeat Urinalysis #1,Comment:,173
Urinalysis: Urinalysis Microscopy #1,Staff Initials:,173
Urinalysis: Urinalysis Microscopy #1,Comment:,173
Urinalysis: TDL Form Check #1,Staff Initials:,173
Urinalysis: TDL Form Check #1,Comment:,173
Urinalysis: Urinalysis Medic Assessment #1,Staff Initials:,173
Urinalysis: Urinalysis Medic Assessment #1,Comment:,173
Urinalysis: Repeat Urinalysis #1,Has urinalysis been repeated as soon as possible with a clean catch specimen?,173
Urinalysis: TDL Form Check #1,Confirm TDL form completed:,173
Urinalysis: Urinalysis Medic Assessment #1,Has there been a medic review of the Microscopy results?,173
ECG: 12 Lead Standard #3,Staff Initials:,174
ECG: 12 Lead Standard #3,Comment:,174
ECG: ECG Rhythm Assess/Interpretation #3,Staff Initials:,174
ECG: ECG Rhythm Assess/Interpretation #3,Comment:,174
ECG: 12 Lead Standard #3,Exclude if - QT interval corrected for heart rate using Fridericia’s formula (QTcF) >450 msec for,174
ECG: 12 Lead Standard #3,"male participants or >470 msec for female participants, QRS interval >120 msec, or PR interval >200 msec. (Supine for a minimum 3 minutes)",174
ECG: ECG Significance #3,Comment:,175
ECG: ECG Findings #3,Staff Initials:,175
ECG: ECG Findings #3,Comment:,175
ECG: ECG Findings inc Rhythm #3,Staff Initials:,175
ECG: ECG Findings inc Rhythm #3,Comment:,175
ECG Difference: ECG Difference Calculation #3,Staff Initials:,175
ECG Difference: ECG Difference Calculation #3,Comment:,175
Vital Signs: Vital Signs Supine Full Set #5,Staff Initials:,175
ECG Difference: ECG Difference Calculation #3,ECG Difference Calculation - a participant will be withdrawn where there is an increase in QTcF interval of >60 msec from baseline (confirmed following a repeat ECG),175
Vital Signs: Vital Signs Supine Full Set #5,Systolic mmHg (##0),175
Vital Signs: Vital Signs Supine Full Set #5,Diastolic mmHg (##0),175
Vital Signs: Vital Signs Supine Full Set #5,Comment:,176
Vital Signs: Clinical Significance #5,Staff Initials:,176
Vital Signs: Clinical Significance #5,Comment:,176
Vital Signs: Vital Signs Findings #5,Staff Initials:,176
Vital Signs: Vital Signs Findings #5,Comment:,176
Vital Signs: Vital Signs Supine Full Set #5,Heart Rate beats/min (##0),176
Vital Signs: Vital Signs Supine Full Set #5,Respiratory Rate breaths/mi (##0),176
Vital Signs: Vital Signs Supine Full Set #5,Oral Temperature - Degrees Celsius _ _. _ C,176
Vital Signs: Clinical Significance #5,Clinical Assessment of Vital Signs (Medic or Nurse to assess vital signs),176
Vital Signs Standing: Vital Signs Standing BP and HR #5,Staff Initials:,177
Vital Signs Standing: Vital Signs Standing BP and HR #5,Comment:,177
Vital Signs Standing: Drop in SBP from Supine to Standing #5,Staff Initials:,177
Vital Signs Standing: Drop in SBP from Supine to Standing #5,Comment:,177
Vital Signs Standing 2: Drop in DBP from Supine to Standing #5,Staff Initials:,177
Vital Signs Standing 2: Drop in DBP from Supine to Standing #5,Comment:,177
Vital Signs Difference: Vital Signs Calculation BP and HR #5,Staff Initials:,177
Vital Signs Standing: Vital Signs Standing BP and HR #5,Systolic mmHg (##0),177
Vital Signs Standing: Vital Signs Standing BP and HR #5,Diastolic mmHg (##0),177
Vital Signs Standing: Vital Signs Standing BP and HR #5,Heart Rate beats/min (##0),177
Vital Signs Standing: Drop in SBP from Supine to Standing #5,Is there a drop in SYSTOLIC BP from supine to standing?,177
Vital Signs Standing 2: Drop in DBP from Supine to Standing #5,Is there a drop in DIASTOLIC BP from supine to standing?,177
Vital Signs Difference: Vital Signs Calculation BP and HR #5,Vital Signs Difference for SYSTOLIC Drop,177
Vital Signs Difference: Vital Signs Calculation BP and HR #5,Systolic Drop mmHg,177
Vital Signs Difference: Vital Signs Calculation BP and HR 2 #5,Staff Initials:,178
Vital Signs Difference: Vital Signs Calculation BP and HR 2 #5,Comment:,178
Vital Signs Standing: Clinical Significance #5,Staff Initials:,178
Vital Signs Standing: Clinical Significance #5,Comment:,178
Vital Signs Standing: Vital Signs Findings #5,Staff Initials:,178
Vital Signs Standing: Vital Signs Findings #5,Comment:,178
Safety: Fasted #1,Staff Initials:,178
Safety: Fasted #1,Comment:,178
Vital Signs Difference: Vital Signs Calculation BP and HR 2 #5,Vital Signs Difference for DIASTOLIC Drop,178
Vital Signs Difference: Vital Signs Calculation BP and HR 2 #5,Diastolic Drop mmHg,178
Vital Signs Standing: Clinical Significance #5,Clinical Assessment of Standing Vital Signs (Medic or Nurse to assess vital signs),178
Safety: Fasted #1,Has the participant fasted for 8 hours?,178
Safety: Haematology #1,Staff Initials:,179
Safety: Haematology #1,Comment:,179
Safety: Haematology Medic Assessment #1,Staff Initials:,179
Safety: Haematology Medic Assessment #1,Comment:,179
Safety: Chemistry #1,Staff Initials:,179
Safety: Chemistry #1,Comment:,179
Safety: Chemistry Medic Assessment #1,Staff Initials:,179
Safety: Chemistry Medic Assessment #1,Comment:,179
Safety: Haematology Medic Assessment #1,Has there been a medic review of the Haematology blood results?,179
Safety: Chemistry Medic Assessment #1,Has there been a medic review of the Clinical Chemistry blood results?,179
Safety: TDL Form Check #1,Staff Initials:,180
Safety: TDL Form Check #1,Comment:,180
PK Samples: PK Plasma #14,Staff Initials:,180
PK Samples: PK Plasma #14,Comment:,180
AE/CM Surveys: AE/CM Check #14,Staff Initials:,180
AE/CM Surveys: AE/CM Check #14,Comment:,180
Stanford Sleepiness Scale: Stanford Sleepiness Scale Date #5,Staff Initials:,180
Stanford Sleepiness Scale: Stanford Sleepiness Scale Date #5,Comment:,180
Safety: TDL Form Check #1,Confirm TDL form completed:,180
AE/CM Surveys: AE/CM Check #14,Confirm an AE and Conmed check has been performed (Record any AE and Conmeds if applicable),180
Stanford Sleepiness Scale: Degree of Sleepiness #5,Comment:,181
PK Samples: PK Plasma #15,Staff Initials:,181
PK Samples: PK Plasma #15,Comment:,181
AE/CM Surveys: AE/CM Check #15,Staff Initials:,181
AE/CM Surveys: AE/CM Check #15,Comment:,181
PK Samples: PK Plasma #16,Staff Initials:,181
PK Samples: PK Plasma #16,Comment:,181
AE/CM Surveys: AE/CM Check #15,Confirm an AE and Conmed check has been performed (Record any AE and Conmeds if applicable),181
AE/CM Surveys: AE/CM Check #16,Comment:,182
Vital Signs: Vital Signs Supine Full Set #6,Staff Initials:,182
Vital Signs: Vital Signs Supine Full Set #6,Comment:,182
Vital Signs: Clinical Significance #6,Staff Initials:,182
Vital Signs: Clinical Significance #6,Comment:,182
AE/CM Surveys: AE/CM Check #16,Confirm an AE and Conmed check has been performed (Record any AE and Conmeds if applicable),182
Vital Signs: Vital Signs Supine Full Set #6,Systolic mmHg (##0),182
Vital Signs: Vital Signs Supine Full Set #6,Diastolic mmHg (##0),182
Vital Signs: Vital Signs Supine Full Set #6,Heart Rate beats/min (##0),182
Vital Signs: Vital Signs Supine Full Set #6,Respiratory Rate breaths/mi (##0),182
Vital Signs: Vital Signs Supine Full Set #6,Oral Temperature - Degrees Celsius _ _. _ C,182
Vital Signs: Clinical Significance #6,Clinical Assessment of Vital Signs (Medic or Nurse to assess vital signs),182
Vital Signs: Vital Signs Findings #6,Staff Initials:,183
Vital Signs: Vital Signs Findings #6,Comment:,183
Vital Signs Standing: Vital Signs Standing BP and HR #6,Staff Initials:,183
Vital Signs Standing: Vital Signs Standing BP and HR #6,Comment:,183
Vital Signs Standing: Drop in SBP from Supine to Standing #6,Staff Initials:,183
Vital Signs Standing: Drop in SBP from Supine to Standing #6,Comment:,183
Vital Signs Standing 2: Drop in DBP from Supine to Standing #6,Staff Initials:,183
Vital Signs Standing: Vital Signs Standing BP and HR #6,Systolic mmHg (##0),183
Vital Signs Standing: Vital Signs Standing BP and HR #6,Diastolic mmHg (##0),183
Vital Signs Standing: Vital Signs Standing BP and HR #6,Heart Rate beats/min (##0),183
Vital Signs Standing: Drop in SBP from Supine to Standing #6,Is there a drop in SYSTOLIC BP from supine to standing?,183
Vital Signs Standing 2: Drop in DBP from Supine to Standing #6,Is there a drop in DIASTOLIC BP from supine to standing?,183
Vital Signs Difference: Vital Signs Calculation BP and HR #6,Staff Initials:,184
Vital Signs Difference: Vital Signs Calculation BP and HR #6,Comment:,184
Vital Signs Difference: Vital Signs Calculation BP and HR 2 #6,Staff Initials:,184
Vital Signs Difference: Vital Signs Calculation BP and HR 2 #6,Comment:,184
Vital Signs Standing: Clinical Significance #6,Staff Initials:,184
Vital Signs Standing: Clinical Significance #6,Comment:,184
Vital Signs Standing: Vital Signs Findings #6,Staff Initials:,184
Vital Signs Standing: Vital Signs Findings #6,Comment:,184
Vital Signs Difference: Vital Signs Calculation BP and HR #6,Vital Signs Difference for SYSTOLIC Drop,184
Vital Signs Difference: Vital Signs Calculation BP and HR #6,Systolic Drop mmHg,184
Vital Signs Difference: Vital Signs Calculation BP and HR 2 #6,Vital Signs Difference for DIASTOLIC Drop,184
Vital Signs Difference: Vital Signs Calculation BP and HR 2 #6,Diastolic Drop mmHg,184
Vital Signs Standing: Clinical Significance #6,Clinical Assessment of Standing Vital Signs (Medic or Nurse to assess vital signs),184
PK Samples: PK Plasma #17,Staff Initials:,185
PK Samples: PK Plasma #17,Comment:,185
AE/CM Surveys: AE/CM Check #17,Staff Initials:,185
AE/CM Surveys: AE/CM Check #17,Comment:,185
C-SSRS Assessment: Date of Assessment #1,Staff Initials:,185
C-SSRS Assessment: Date of Assessment #1,Comment:,185
C-SSRS Since Last Visit: 1. Wish to be Dead #1,Staff Initials:,185
C-SSRS Since Last Visit: 1. Wish to be Dead #1,Comment:,185
AE/CM Surveys: AE/CM Check #17,Confirm an AE and Conmed check has been performed (Record any AE and Conmeds if applicable),185
C-SSRS Since Last Visit: 2. Non-specific Thoughts #1,Staff Initials:,186
C-SSRS Since Last Visit: 2. Non-specific Thoughts #1,Comment:,186
C-SSRS Since Last Visit: 3. Active Ideation No Intent #1,Staff Initials:,186
C-SSRS Since Last Visit: 3. Active Ideation No Intent #1,Comment:,186
C-SSRS Since Last Visit: 4. Active Ideation Some Intent #1,Staff Initials:,186
C-SSRS Since Last Visit: 5. Active Ideation Specific Intent #1,Staff Initials:,187
C-SSRS Since Last Visit: 5. Active Ideation Specific Intent #1,Comment:,187
C-SSRS Since Last Visit: 6. Most Severe Ideation #1,Staff Initials:,187
C-SSRS Since Last Visit: 6. Most Severe Ideation #1,Comment:,187
C-SSRS Since Last Visit: 5. Active Ideation Specific Intent #1,5. Active Suicidal Ideation with Specific Plan and Intent Thoughts of killing oneself with details of plan fully or partially worked out and subject has some intent to carry it out. (Have you started to work out or worked out the details of how to kill yourself? Do you intend to carry out this plan?),187
C-SSRS Since Last Visit: 7. Frequency #1,Staff Initials:,188
C-SSRS Since Last Visit: 7. Frequency #1,Comment:,188
C-SSRS Since Last Visit: 8. Duration #1,Staff Initials:,188
C-SSRS Since Last Visit: 8. Duration #1,Comment:,188
C-SSRS Since Last Visit: 9. Controllability #1,Comment:,189
C-SSRS Since Last Visit: 10. Deterrents #1,Staff Initials:,189
C-SSRS Since Last Visit: 10. Deterrents #1,Comment:,189
C-SSRS Since Last Visit: 11. Reasons for Ideation #1,Staff Initials:,190
C-SSRS Since Last Visit: 11. Reasons for Ideation #1,Comment:,190
C-SSRS Since Last Visit: 11. Reasons for Ideation #1,"Reasons for Ideation (What sort of reasons did you have for thinking about wanting to die or killing yourself? Was it to end the pain or stop the way you were feeling (in other words you couldn't go on living with this pain or how you were feeling) or was it to get attention, revenge or a reaction from others?",190
C-SSRS Since Last Visit: 12. Actual Attempt #1,Staff Initials:,191
C-SSRS Since Last Visit: 12. Actual Attempt #1,Comment:,191
C-SSRS Since Last Visit: 12. Total Number of Attempts #1,Staff Initials:,191
C-SSRS Since Last Visit: 12. Total Number of Attempts #1,Comment:,191
C-SSRS Since Last Visit: 12. Actual Attempt #1,"Actual Attempt (Since Last Visit) A potentially self-injurious act committed with at least some wish to die, as a result of act. Behaviour was in part thought of as method to kill oneself. Intent does not have to be 100%. If there is any intent/desire to die associated with the act, then it can be considered an actual suicide attempt. There does not have to be any injury or harm, just the potential for injury or harm. If person pulls trigger while gun is in mouth but gun is broken so no injury results, this is considered an attempt. Inferring Intent: Even if an individual denies intent/wish to die, it may be inferred clinically from the behaviour or circumstances. For example, a highly lethal act that is clearly not an accident so no other intent but suicide can be inferred (e.g. gunshot to head, jumping from window of a high floor/storey). Also, if someone denies intent to die, but they thought that what they did could be lethal, intent maybe inferred. (Have you made a suicide attempt?",191
C-SSRS Since Last Visit: 12. Actual Attempt #1,Have you done anything to harm yourself?,191
C-SSRS Since Last Visit: 13. Has Subject Engaged #1,Staff Initials:,192
C-SSRS Since Last Visit: 13. Has Subject Engaged #1,Comment:,192
C-SSRS Since Last Visit: 14. Interrupted Attempt #1,Staff Initials:,192
C-SSRS Since Last Visit: 14. Interrupted Attempt #1,Comment:,192
C-SSRS Since Last Visit: 14. Total Number of Interrupted #1,Staff Initials:,192
C-SSRS Since Last Visit: 14. Total Number of Interrupted #1,Comment:,192
C-SSRS Since Last Visit: 15. Aborted Attempt #1,Staff Initials:,193
C-SSRS Since Last Visit: 15. Aborted Attempt #1,Comment:,193
C-SSRS Since Last Visit: 15. Total Number of Aborted #1,Staff Initials:,193
C-SSRS Since Last Visit: 15. Total Number of Aborted #1,Comment:,193
C-SSRS Since Last Visit: 16. Preparatory Acts or Behaviour #1,Staff Initials:,194
C-SSRS Since Last Visit: 16. Preparatory Acts or Behaviour #1,Comment:,194
C-SSRS Since Last Visit: 17. Suicidal Behaviour #1,Staff Initials:,194
C-SSRS Since Last Visit: 17. Suicidal Behaviour #1,Comment:,194
C-SSRS Since Last Visit: 18. Suicide #1,Staff Initials:,194
C-SSRS Since Last Visit: 18. Suicide #1,Comment:,194
C-SSRS Since Last Visit: 17. Suicidal Behaviour #1,Suicidal Behaviour (Since Last Visit) Suicidal behaviour was present during the assessment period?,194
C-SSRS Since Last Visit: 19. Most Lethal Attempt Date #1,Staff Initials:,195
C-SSRS Since Last Visit: 19. Most Lethal Attempt Date #1,Comment:,195
C-SSRS Since Last Visit: 19. Actual Lethality Most Lethal Attempt #1,Staff Initials:,195
C-SSRS Since Last Visit: 19. Actual Lethality Most Lethal Attempt #1,Comment:,195
C-SSRS Since Last Visit: 19. Potential Lethality Most Lethal Attempt #1,Staff Initials:,196
C-SSRS Since Last Visit: 19. Potential Lethality Most Lethal Attempt #1,Comment:,196
Meals: Confirm Snack #2,Staff Initials:,196
Meals: Confirm Snack #2,Comment:,196
Meals: Start Fast #1,Staff Initials:,196
Meals: Start Fast #1,Comment:,196
Pre-dose Triplicate ECG 1: 12 Lead Standard #1,Staff Initials:,196
Meals: Confirm Snack #2,Confirm Evening Snack Provided,196
Meals: Start Fast #1,Start time of fast (Includes all food and drink except water) (Fast for at least 10 hours before breakfast or dosing depending on Part & Cohort),196
Pre-dose Triplicate ECG 1: 12 Lead Standard #1,Comment:,197
Pre-dose Triplicate ECG 1: ECG Rhythm Assess/Interpretation #1,Staff Initials:,197
Pre-dose Triplicate ECG 1: ECG Rhythm Assess/Interpretation #1,Comment:,197
Pre-dose Triplicate ECG 1: ECG Significance #1,Staff Initials:,197
Pre-dose Triplicate ECG 1: ECG Findings #1,Staff Initials:,198
Pre-dose Triplicate ECG 1: ECG Findings #1,Comment:,198
Pre-dose Triplicate ECG 1: ECG Findings inc Rhythm #1,Staff Initials:,198
Pre-dose Triplicate ECG 1: ECG Findings inc Rhythm #1,Comment:,198
Pre-dose Triplicate ECG 2: 12 Lead Standard #1,Staff Initials:,198
Pre-dose Triplicate ECG 2: 12 Lead Standard #1,Comment:,198
Pre-dose Triplicate ECG 2: ECG Rhythm Assess/Interpretation #1,Comment:,199
Pre-dose Triplicate ECG 2: ECG Significance #1,Staff Initials:,199
Pre-dose Triplicate ECG 2: ECG Significance #1,Comment:,199
Pre-dose Triplicate ECG 2: ECG Findings #1,Staff Initials:,199
Pre-dose Triplicate ECG 2: ECG Findings #1,Comment:,199
Pre-dose Triplicate ECG 2: ECG Findings inc Rhythm #1,Staff Initials:,199
Pre-dose Triplicate ECG 2: ECG Findings inc Rhythm #1,Comment:,199
Pre-dose Triplicate ECG 3: 12 Lead Standard #1,Comment:,200
Pre-dose Triplicate ECG 3: ECG Rhythm Assess/Interpretation #1,Staff Initials:,200
Pre-dose Triplicate ECG 3: ECG Rhythm Assess/Interpretation #1,Comment:,200
Pre-dose Triplicate ECG 3: ECG Significance #1,Staff Initials:,201
Pre-dose Triplicate ECG 3: ECG Significance #1,Comment:,201
Pre-dose Triplicate ECG 3: ECG Findings #1,Staff Initials:,201
Pre-dose Triplicate ECG 3: ECG Findings #1,Comment:,201
Pre-dose Triplicate ECG 3: ECG Findings inc Rhythm #1,Staff Initials:,201
Pre-dose Triplicate ECG 3: ECG Findings inc Rhythm #1,Comment:,201
Mean Values: Pre-dose Mean values #1,Staff Initials:,202
Mean Values: Pre-dose Mean values #1,Comment:,202
ECG Difference: Baseline values #1,Staff Initials:,202
ECG Difference: Baseline values #1,Comment:,202
Pre-dose Vital Signs: Vital Signs Supine Full Set #1,Staff Initials:,202
Pre-dose Vital Signs: Vital Signs Supine Full Set #1,Comment:,202
Mean Values: Pre-dose Mean values #1,Withdraw if - QT interval corrected for heart rate using Fridericia’s formula (QTcF) >450 msec,202
Mean Values: Pre-dose Mean values #1,"for male participants or >470 msec for female participants, QRS interval >120 msec, or PR interval >200 msec",202
Pre-dose Vital Signs: Vital Signs Supine Full Set #1,Systolic mmHg (##0),202
Pre-dose Vital Signs: Vital Signs Supine Full Set #1,Diastolic mmHg (##0),202
Pre-dose Vital Signs: Vital Signs Supine Full Set #1,Heart Rate beats/min (##0),202
Pre-dose Vital Signs: Vital Signs Supine Full Set #1,Respiratory Rate breaths/mi (##0),202
Pre-dose Vital Signs: Vital Signs Supine Full Set #1,Oral Temperature - Degrees Celsius _ _. _ C,202
Pre-dose Vital Signs: Clinical Significance #1,Staff Initials:,203
Pre-dose Vital Signs: Clinical Significance #1,Comment:,203
Pre-dose Vital Signs: Vital Signs Findings #1,Staff Initials:,203
Pre-dose Vital Signs: Vital Signs Findings #1,Comment:,203
Pre-dose Vital Signs Standing: Vital Signs Standing BP and HR #1,Staff Initials:,203
Pre-dose Vital Signs Standing: Vital Signs Standing BP and HR #1,Comment:,203
Pre-dose Vital Signs Standing: Vital Signs Standing BP and HR #1,Systolic mmHg (##0),203
Pre-dose Vital Signs Standing: Vital Signs Standing BP and HR #1,Diastolic mmHg (##0),203
Pre-dose Vital Signs Standing: Vital Signs Standing BP and HR #1,Heart Rate beats/min (##0),203
Pre-dose Vital Signs Standing: Drop in BP from Supine to Standing #1,Staff Initials:,204
Pre-dose Vital Signs Standing: Drop in BP from Supine to Standing #1,Comment:,204
Pre-dose Vital Signs Standing 2: Drop in BP from Supine to Standing #1,Staff Initials:,204
Pre-dose Vital Signs Standing 2: Drop in BP from Supine to Standing #1,Comment:,204
Pre-dose Vital Signs Difference: Vital Signs Calculation BP and HR #1,Staff Initials:,204
Pre-dose Vital Signs Difference: Vital Signs Calculation BP and HR #1,Comment:,204
Pre-dose Vital Signs Difference: Vital Signs Calculation BP and HR 2 #1,Staff Initials:,204
Pre-dose Vital Signs Difference: Vital Signs Calculation BP and HR 2 #1,Comment:,204
Pre-dose Vital Signs Standing: Drop in BP from Supine to Standing #1,PRE-DOSE - Is there a drop in SYSTOLIC BP from supine to standing?,204
Pre-dose Vital Signs Standing 2: Drop in BP from Supine to Standing #1,PRE-DOSE - Is there a drop in DIASTOLIC BP from supine to standing?,204
Pre-dose Vital Signs Difference: Vital Signs Calculation BP and HR #1,PRE-DOSE - Vital Signs Difference for SYSTOLIC Drop,204
Pre-dose Vital Signs Difference: Vital Signs Calculation BP and HR #1,Systolic mmHg,204
Pre-dose Vital Signs Difference: Vital Signs Calculation BP and HR 2 #1,PRE-DOSE - Vital Signs Difference for DIASTOLIC Drop,204
Pre-dose Vital Signs Difference: Vital Signs Calculation BP and HR 2 #1,Diastolic mmHg,204
Pre-dose Vital Signs Standing: Clinical Significance #1,Comment:,205
Pre-dose Vital Signs Standing: Vital Signs Findings #1,Staff Initials:,205
Pre-dose Vital Signs Standing: Vital Signs Findings #1,Comment:,205
PK Samples: PK Plasma #1,Staff Initials:,205
PK Samples: PK Plasma #1,Comment:,205
AE/CM Surveys: AE/CM Check #1,Staff Initials:,205
AE/CM Surveys: AE/CM Check #1,Comment:,205
Exposure: Dosing Eligibility Continues #1,Staff Initials:,205
Exposure: Dosing Eligibility Continues #1,Comment:,205
AE/CM Surveys: AE/CM Check #1,Confirm an AE and Conmed check has been performed (Record any AE and Conmeds if applicable),205
Exposure: Dosing Eligibility Continues #1,I confirm that the participant continues to be eligible to participate in this clinical study.,205
Exposure x: Prandial state #1,Comment:,206
Exposure x: Fasted for 10 hours for Breakfast #1,Staff Initials:,206
Exposure x: Fasted for 10 hours for Breakfast #1,Comment:,206
Meals: Start Breakfast #1,Staff Initials:,206
Meals: Start Breakfast #1,Comment:,206
Meals: End Breakfast #1,Staff Initials:,206
Meals: End Breakfast #1,Comment:,206
Meals: Amount Consumed (Breakfast) #1,Staff Initials:,206
Meals: Amount Consumed (Breakfast) #1,Comment:,206
Exposure x: Fasted for 10 hours for Breakfast #1,Has the participant fasted for 10 hours prior to breakfast?,206
Meals: Not eaten #1,Staff Initials:,207
Meals: Not eaten #1,Comment:,207
Meals: PI Check #1,Staff Initials:,207
Meals: PI Check #1,Comment:,207
Exposure: Volunteer ID Check #1,Staff Initials:,207
Exposure: Volunteer ID Check #1,Comment:,207
Exposure: Panel Number Check #1,Staff Initials:,207
Exposure: Panel Number Check #1,Comment:,207
Exposure: Participant Number Check #1,Staff Initials:,207
Exposure: Participant Number Check #1,Comment:,207
Exposure: Participant Number Check #1,Check the participant number in eSource matches the Instruction to Dispense and Dose,207
Exposure: Has the participant refrained from water #1,Staff Initials:,208
Exposure: Has the participant refrained from water #1,Comment:,208
Exposure: Fasted for 10 hours for Dosing #1,Staff Initials:,208
Exposure: Fasted for 10 hours for Dosing #1,Comment:,208
Exposure: Consumed breakfast #1,Staff Initials:,208
Exposure: Consumed breakfast #1,Comment:,208
Exposure: Predose Blood Draw #1,Staff Initials:,208
Exposure: Predose Blood Draw #1,Comment:,208
Exposure: Has the participant refrained from water #1,Has the participant refrained from drinking water for at least 1 hour prior to dosing?,208
Exposure: Fasted for 10 hours for Dosing #1,Has the participant fasted for 10 hours prior to dosing?,208
Exposure: Consumed breakfast #1,"Has the participant consumed breakfast per the protocol requirements, over 20 minutes and the full meal?",208
Exposure: Predose Blood Draw #1,Pre dose blood draws for PK sample taken?,208
Exposure: Predose Procedure Check #1,Staff Initials:,209
Exposure: Predose Procedure Check #1,Comment:,209
Exposure: Dose Eligibility Check #1,Staff Initials:,209
Exposure: Dose Eligibility Check #1,Comment:,209
Exposure: Subject/regimen #1,Staff Initials:,209
Exposure: Subject/regimen #1,Comment:,209
Exposure: Predose Procedure Check #1,Have all required pre dose procedures been completed?,209
Exposure: Dose Eligibility Check #1,Is the participant eligible to dose?,209
Exposure: Product label check #1,Staff Initials:,210
Exposure: Product label check #1,Comment:,210
Exposure: Final Check #1,Staff Initials:,210
Exposure: Final Check #1,Comment:,210
Exposure: Dose #1,Staff Initials:,210
Exposure: Dose #1,Comment:,210
Exposure: Post Administration Water #1,Staff Initials:,210
Exposure: Post Administration Water #1,Comment:,210
Exposure: Hand and Mouth Check #1,Staff Initials:,210
Exposure: Hand and Mouth Check #1,Comment:,210
Exposure: Product label check #1,Does the Product label match the Instruction to Dispense and Dose?,210
Exposure: Final Check #1,"Final check performed (5 R’s of dosing, Jones 2009 – right participant, right drug, right dose, right route, right time)",210
Exposure: Dose #1,Time of administration of study treatment,210
Exposure: Post Administration Water #1,Has the participant been provided with 240 mL of water?,210
Exposure: Hand and Mouth Check #1,Has a hand and mouth check been performed?,210
Exposure: Reminder to refrain from water #1,Staff Initials:,211
Exposure: Reminder to refrain from water #1,Comment:,211
Exposure x: Reminder to minimise sunlight exposure #1,Staff Initials:,211
Exposure x: Reminder to minimise sunlight exposure #1,Comment:,211
Exposure: Witness Check #1,Staff Initials:,211
Exposure: Witness Check #1,Comment:,211
System: Available #1,Staff Initials:,211
System: Available #1,Comment:,211
Exposure: Reminder to refrain from water #1,Has the participant been reminded to refrain from water for 2 hours post-dose?,211
Exposure x: Reminder to minimise sunlight exposure #1,Has the participant been advised to minimise exposure to sunlight from dosing for at least 7 days post final dose?,211
Exposure: Witness Check #1,Confirm dosing is complete (Operator to complete (switch user)),211
System: Available #1,What is the status of the subject?,211
PK Samples: PK Plasma #2,Staff Initials:,212
PK Samples: PK Plasma #2,Comment:,212
AE/CM Surveys: AE/CM Check #2,Staff Initials:,212
AE/CM Surveys: AE/CM Check #2,Comment:,212
PK Samples: PK Plasma #3,Staff Initials:,212
PK Samples: PK Plasma #3,Comment:,212
AE/CM Surveys: AE/CM Check #3,Staff Initials:,212
AE/CM Surveys: AE/CM Check #3,Comment:,212
Stanford Sleepiness Scale: Stanford Sleepiness Scale Date #1,Staff Initials:,212
Stanford Sleepiness Scale: Stanford Sleepiness Scale Date #1,Comment:,212
Stanford Sleepiness Scale: Degree of Sleepiness #1,Staff Initials:,212
AE/CM Surveys: AE/CM Check #2,Confirm an AE and Conmed check has been performed (Record any AE and Conmeds if applicable),212
AE/CM Surveys: AE/CM Check #3,Confirm an AE and Conmed check has been performed (Record any AE and Conmeds if applicable),212
ECG: 12 Lead Standard #1,Staff Initials:,214
ECG: 12 Lead Standard #1,Comment:,214
ECG: ECG Rhythm Assess/Interpretation #1,Staff Initials:,214
ECG: ECG Rhythm Assess/Interpretation #1,Comment:,214
ECG: 12 Lead Standard #1,Exclude if - QT interval corrected for heart rate using Fridericia’s formula (QTcF) >450 msec for,214
ECG: 12 Lead Standard #1,"male participants or >470 msec for female participants, QRS interval >120 msec, or PR interval >200 msec. (Supine for a minimum 3 minutes)",214
ECG: ECG Significance #1,Comment:,215
ECG: ECG Findings #1,Staff Initials:,215
ECG: ECG Findings #1,Comment:,215
ECG: ECG Findings inc Rhythm #1,Staff Initials:,215
ECG: ECG Findings inc Rhythm #1,Comment:,215
ECG Difference: ECG Difference Calculation #1,Staff Initials:,215
ECG Difference: ECG Difference Calculation #1,Comment:,215
PK Samples: PK Plasma #4,Staff Initials:,215
PK Samples: PK Plasma #4,Comment:,215
ECG Difference: ECG Difference Calculation #1,ECG Difference Calculation - a participant will be withdrawn where there is an increase in QTcF interval of >60 msec from baseline (confirmed following a repeat ECG),215
AE/CM Surveys: AE/CM Check #4,Comment:,216
Exposure: Provided with water #1,Staff Initials:,216
Exposure: Provided with water #1,Comment:,216
Stanford Sleepiness Scale: Stanford Sleepiness Scale Date #2,Staff Initials:,216
Stanford Sleepiness Scale: Stanford Sleepiness Scale Date #2,Comment:,216
Stanford Sleepiness Scale: Degree of Sleepiness #2,Staff Initials:,216
AE/CM Surveys: AE/CM Check #4,Confirm an AE and Conmed check has been performed (Record any AE and Conmeds if applicable),216
Exposure: Provided with water #1,Has the participant been provided with water 2 hrs post-dose?,216
Stanford Sleepiness Scale: Degree of Sleepiness #2,Comment:,217
Targeted Physical Examination Findings: Require Targeted PE? #1,Staff Initials:,217
Targeted Physical Examination Findings: Require Targeted PE? #1,Comment:,217
Targeted Physical Examination Findings: Any clinically significant abnormal,Staff Initials:,217
Targeted Physical Examination Findings: Any clinically significant abnormal,Comment:,217
Targeted Physical Examination Findings: Physical Examination Category #1,Staff Initials:,217
Targeted Physical Examination Findings: Require Targeted PE? #1,Targeted Physical Examination: Does the participant require a targeted physical examination?,217
Targeted Physical Examination Findings: Any clinically significant abnormal,"If yes, were there any clinically significant abnormal findings?",217
Targeted Physical Examination Findings: Physical Examination Category #1,Physical Examination Category,217
Targeted Physical Examination Findings: Physical Examination Category #1,Comment:,218
Targeted Physical Examination Findings: Findings #1,Staff Initials:,218
Targeted Physical Examination Findings: Findings #1,Comment:,218
Targeted Neurological Examination: Require Targeted NE? #1,Staff Initials:,219
Targeted Neurological Examination: Require Targeted NE? #1,Comment:,219
Targeted Neurological Examination: Any clinically significant abnormal,Staff Initials:,219
Targeted Neurological Examination: Any clinically significant abnormal,Comment:,219
Targeted Neurological Examination: Neurological Examination Category #1,Staff Initials:,219
Targeted Neurological Examination: Require Targeted NE? #1,"If yes, please specify the reason)",219
Targeted Neurological Examination: Any clinically significant abnormal,"If yes, were there any clinically significant abnormal findings?",219
Targeted Neurological Examination: Neurological Examination Category #1,Targeted Neurological Examination Category,219
Targeted Neurological Examination: Neurological Examination Category #1,Comment:,220
Targeted Neurological Examination: Findings #1,Staff Initials:,220
Targeted Neurological Examination: Findings #1,Comment:,220
Vital Signs: Vital Signs Supine Full Set #1,Staff Initials:,220
Vital Signs: Vital Signs Supine Full Set #1,Comment:,220
Vital Signs: Vital Signs Supine Full Set #1,Systolic mmHg (##0),220
Vital Signs: Vital Signs Supine Full Set #1,Diastolic mmHg (##0),220
Vital Signs: Vital Signs Supine Full Set #1,Heart Rate beats/min (##0),220
Vital Signs: Vital Signs Supine Full Set #1,Respiratory Rate breaths/mi (##0),220
Vital Signs: Vital Signs Supine Full Set #1,Oral Temperature - Degrees Celsius _ _. _ C,220
Vital Signs: Clinical Significance #1,Staff Initials:,221
Vital Signs: Clinical Significance #1,Comment:,221
Vital Signs: Vital Signs Findings #1,Staff Initials:,221
Vital Signs: Vital Signs Findings #1,Comment:,221
Vital Signs Standing: Vital Signs Standing BP and HR #1,Staff Initials:,221
Vital Signs Standing: Vital Signs Standing BP and HR #1,Comment:,221
Vital Signs: Clinical Significance #1,Clinical Assessment of Vital Signs (Medic or Nurse to assess vital signs),221
Vital Signs Standing: Vital Signs Standing BP and HR #1,Systolic mmHg (##0),221
Vital Signs Standing: Vital Signs Standing BP and HR #1,Diastolic mmHg (##0),221
Vital Signs Standing: Vital Signs Standing BP and HR #1,Heart Rate beats/min (##0),221
Vital Signs Standing: Drop in SBP from Supine to Standing #1,Staff Initials:,222
Vital Signs Standing: Drop in SBP from Supine to Standing #1,Comment:,222
Vital Signs Standing 2: Drop in DBP from Supine to Standing #1,Staff Initials:,222
Vital Signs Standing 2: Drop in DBP from Supine to Standing #1,Comment:,222
Vital Signs Difference: Vital Signs Calculation BP and HR #1,Staff Initials:,222
Vital Signs Difference: Vital Signs Calculation BP and HR #1,Comment:,222
Vital Signs Difference: Vital Signs Calculation BP and HR 2 #1,Staff Initials:,222
Vital Signs Difference: Vital Signs Calculation BP and HR 2 #1,Comment:,222
Vital Signs Standing: Drop in SBP from Supine to Standing #1,Is there a drop in SYSTOLIC BP from supine to standing?,222
Vital Signs Standing 2: Drop in DBP from Supine to Standing #1,Is there a drop in DIASTOLIC BP from supine to standing?,222
Vital Signs Difference: Vital Signs Calculation BP and HR #1,Vital Signs Difference for SYSTOLIC Drop,222
Vital Signs Difference: Vital Signs Calculation BP and HR #1,Systolic Drop mmHg,222
Vital Signs Difference: Vital Signs Calculation BP and HR 2 #1,Vital Signs Difference for DIASTOLIC Drop,222
Vital Signs Difference: Vital Signs Calculation BP and HR 2 #1,Diastolic Drop mmHg,222
Vital Signs Standing: Clinical Significance #1,Clinical Assessment of Standing Vital Signs (Medic or Nurse to assess vital signs),222
Vital Signs Standing: Clinical Significance #1,Comment:,223
Vital Signs Standing: Vital Signs Findings #1,Staff Initials:,223
Vital Signs Standing: Vital Signs Findings #1,Comment:,223
PK Samples: PK Plasma #5,Staff Initials:,223
PK Samples: PK Plasma #5,Comment:,223
AE/CM Surveys: AE/CM Check #5,Staff Initials:,223
AE/CM Surveys: AE/CM Check #5,Comment:,223
Meals: Confirm Lunch #1,Staff Initials:,223
Meals: Confirm Lunch #1,Comment:,223
AE/CM Surveys: AE/CM Check #5,Confirm an AE and Conmed check has been performed (Record any AE and Conmeds if applicable),223
Meals: Confirm Lunch #1,Confirm Lunch Provided,223
PK Samples: PK Plasma #6,Staff Initials:,224
PK Samples: PK Plasma #6,Comment:,224
AE/CM Surveys: AE/CM Check #6,Staff Initials:,224
AE/CM Surveys: AE/CM Check #6,Comment:,224
PK Samples: PK Plasma #7,Staff Initials:,224
PK Samples: PK Plasma #7,Comment:,224
AE/CM Surveys: AE/CM Check #7,Staff Initials:,224
AE/CM Surveys: AE/CM Check #7,Comment:,224
PK Samples: PK Plasma #8,Staff Initials:,224
PK Samples: PK Plasma #8,Comment:,224
AE/CM Surveys: AE/CM Check #8,Staff Initials:,224
AE/CM Surveys: AE/CM Check #8,Comment:,224
AE/CM Surveys: AE/CM Check #6,Confirm an AE and Conmed check has been performed (Record any AE and Conmeds if applicable),224
AE/CM Surveys: AE/CM Check #7,Confirm an AE and Conmed check has been performed (Record any AE and Conmeds if applicable),224
AE/CM Surveys: AE/CM Check #8,Confirm an AE and Conmed check has been performed (Record any AE and Conmeds if applicable),224
Vital Signs: Vital Signs Supine Full Set #2,Comment:,225
Vital Signs: Clinical Significance #2,Staff Initials:,225
Vital Signs: Clinical Significance #2,Comment:,225
Vital Signs: Vital Signs Findings #2,Staff Initials:,225
Vital Signs: Vital Signs Findings #2,Comment:,225
Vital Signs Standing: Vital Signs Standing BP and HR #2,Staff Initials:,225
Vital Signs: Vital Signs Supine Full Set #2,Systolic mmHg (##0),225
Vital Signs: Vital Signs Supine Full Set #2,Diastolic mmHg (##0),225
Vital Signs: Vital Signs Supine Full Set #2,Heart Rate beats/min (##0),225
Vital Signs: Vital Signs Supine Full Set #2,Respiratory Rate breaths/mi (##0),225
Vital Signs: Vital Signs Supine Full Set #2,Oral Temperature - Degrees Celsius _ _. _ C,225
Vital Signs: Clinical Significance #2,Clinical Assessment of Vital Signs (Medic or Nurse to assess vital signs),225
Vital Signs Standing: Vital Signs Standing BP and HR #2,Comment:,226
Vital Signs Standing: Drop in SBP from Supine to Standing #2,Staff Initials:,226
Vital Signs Standing: Drop in SBP from Supine to Standing #2,Comment:,226
Vital Signs Standing 2: Drop in DBP from Supine to Standing #2,Staff Initials:,226
Vital Signs Standing 2: Drop in DBP from Supine to Standing #2,Comment:,226
Vital Signs Difference: Vital Signs Calculation BP and HR #2,Staff Initials:,226
Vital Signs Difference: Vital Signs Calculation BP and HR #2,Comment:,226
Vital Signs Standing: Vital Signs Standing BP and HR #2,Systolic mmHg (##0),226
Vital Signs Standing: Vital Signs Standing BP and HR #2,Diastolic mmHg (##0),226
Vital Signs Standing: Vital Signs Standing BP and HR #2,Heart Rate beats/min (##0),226
Vital Signs Standing: Drop in SBP from Supine to Standing #2,Is there a drop in SYSTOLIC BP from supine to standing?,226
Vital Signs Standing 2: Drop in DBP from Supine to Standing #2,Is there a drop in DIASTOLIC BP from supine to standing?,226
Vital Signs Difference: Vital Signs Calculation BP and HR #2,Vital Signs Difference for SYSTOLIC Drop,226
Vital Signs Difference: Vital Signs Calculation BP and HR #2,Systolic Drop mmHg,226
Vital Signs Difference: Vital Signs Calculation BP and HR 2 #2,Staff Initials:,227
Vital Signs Difference: Vital Signs Calculation BP and HR 2 #2,Comment:,227
Vital Signs Standing: Clinical Significance #2,Staff Initials:,227
Vital Signs Standing: Clinical Significance #2,Comment:,227
Vital Signs Standing: Vital Signs Findings #2,Staff Initials:,227
Vital Signs Standing: Vital Signs Findings #2,Comment:,227
PK Samples: PK Plasma #9,Staff Initials:,227
PK Samples: PK Plasma #9,Comment:,227
AE/CM Surveys: AE/CM Check #9,Staff Initials:,227
Vital Signs Difference: Vital Signs Calculation BP and HR 2 #2,Vital Signs Difference for DIASTOLIC Drop,227
Vital Signs Difference: Vital Signs Calculation BP and HR 2 #2,Diastolic Drop mmHg,227
Vital Signs Standing: Clinical Significance #2,Clinical Assessment of Standing Vital Signs (Medic or Nurse to assess vital signs),227
AE/CM Surveys: AE/CM Check #9,Confirm an AE and Conmed check has been performed (Record any AE and Conmeds if applicable),227
Stanford Sleepiness Scale: Stanford Sleepiness Scale Date #3,Staff Initials:,228
Stanford Sleepiness Scale: Stanford Sleepiness Scale Date #3,Comment:,228
Stanford Sleepiness Scale: Degree of Sleepiness #3,Staff Initials:,228
Stanford Sleepiness Scale: Degree of Sleepiness #3,Comment:,228
PK Samples: PK Plasma #10,Staff Initials:,228
PK Samples: PK Plasma #10,Comment:,228
AE/CM Surveys: AE/CM Check #10,Staff Initials:,229
AE/CM Surveys: AE/CM Check #10,Comment:,229
Vital Signs: Vital Signs Supine Full Set #3,Staff Initials:,229
Vital Signs: Vital Signs Supine Full Set #3,Comment:,229
Vital Signs: Clinical Significance #3,Staff Initials:,229
Vital Signs: Clinical Significance #3,Comment:,229
AE/CM Surveys: AE/CM Check #10,Confirm an AE and Conmed check has been performed (Record any AE and Conmeds if applicable),229
Vital Signs: Vital Signs Supine Full Set #3,Systolic mmHg (##0),229
Vital Signs: Vital Signs Supine Full Set #3,Diastolic mmHg (##0),229
Vital Signs: Vital Signs Supine Full Set #3,Heart Rate beats/min (##0),229
Vital Signs: Vital Signs Supine Full Set #3,Respiratory Rate breaths/mi (##0),229
Vital Signs: Vital Signs Supine Full Set #3,Oral Temperature - Degrees Celsius _ _. _ C,229
Vital Signs: Clinical Significance #3,Clinical Assessment of Vital Signs (Medic or Nurse to assess vital signs),229
Vital Signs: Vital Signs Findings #3,Staff Initials:,230
Vital Signs: Vital Signs Findings #3,Comment:,230
Vital Signs Standing: Vital Signs Standing BP and HR #3,Staff Initials:,230
Vital Signs Standing: Vital Signs Standing BP and HR #3,Comment:,230
Vital Signs Standing: Drop in SBP from Supine to Standing #3,Staff Initials:,230
Vital Signs Standing: Drop in SBP from Supine to Standing #3,Comment:,230
Vital Signs Standing 2: Drop in DBP from Supine to Standing #3,Staff Initials:,230
Vital Signs Standing: Vital Signs Standing BP and HR #3,Systolic mmHg (##0),230
Vital Signs Standing: Vital Signs Standing BP and HR #3,Diastolic mmHg (##0),230
Vital Signs Standing: Vital Signs Standing BP and HR #3,Heart Rate beats/min (##0),230
Vital Signs Standing: Drop in SBP from Supine to Standing #3,Is there a drop in SYSTOLIC BP from supine to standing?,230
Vital Signs Standing 2: Drop in DBP from Supine to Standing #3,Is there a drop in DIASTOLIC BP from supine to standing?,230
Vital Signs Difference: Vital Signs Calculation BP and HR #3,Staff Initials:,231
Vital Signs Difference: Vital Signs Calculation BP and HR #3,Comment:,231
Vital Signs Difference: Vital Signs Calculation BP and HR 2 #3,Staff Initials:,231
Vital Signs Difference: Vital Signs Calculation BP and HR 2 #3,Comment:,231
Vital Signs Standing: Clinical Significance #3,Staff Initials:,231
Vital Signs Standing: Clinical Significance #3,Comment:,231
Vital Signs Standing: Vital Signs Findings #3,Staff Initials:,231
Vital Signs Standing: Vital Signs Findings #3,Comment:,231
Vital Signs Difference: Vital Signs Calculation BP and HR #3,Vital Signs Difference for SYSTOLIC Drop,231
Vital Signs Difference: Vital Signs Calculation BP and HR #3,Systolic Drop mmHg,231
Vital Signs Difference: Vital Signs Calculation BP and HR 2 #3,Vital Signs Difference for DIASTOLIC Drop,231
Vital Signs Difference: Vital Signs Calculation BP and HR 2 #3,Diastolic Drop mmHg,231
Vital Signs Standing: Clinical Significance #3,Clinical Assessment of Standing Vital Signs (Medic or Nurse to assess vital signs),231
PK Samples: PK Plasma #11,Staff Initials:,232
PK Samples: PK Plasma #11,Comment:,232
AE/CM Surveys: AE/CM Check #11,Staff Initials:,232
AE/CM Surveys: AE/CM Check #11,Comment:,232
Meals: Confirm Dinner #1,Staff Initials:,232
Meals: Confirm Dinner #1,Comment:,232
ECG: 12 Lead Standard #2,Staff Initials:,232
AE/CM Surveys: AE/CM Check #11,Confirm an AE and Conmed check has been performed (Record any AE and Conmeds if applicable),232
Meals: Confirm Dinner #1,Confirm Dinner Provided,232
ECG: 12 Lead Standard #2,Exclude if - QT interval corrected for heart rate using Fridericia’s formula (QTcF) >450 msec for,232
ECG: 12 Lead Standard #2,"male participants or >470 msec for female participants, QRS interval >120 msec, or PR interval >200 msec. (Supine for a minimum 3 minutes)",232
ECG: 12 Lead Standard #2,Comment:,233
ECG: ECG Rhythm Assess/Interpretation #2,Staff Initials:,233
ECG: ECG Rhythm Assess/Interpretation #2,Comment:,233
ECG: ECG Significance #2,Staff Initials:,233
ECG: ECG Significance #2,Comment:,233
ECG: ECG Findings #2,Staff Initials:,233
ECG: ECG Findings #2,Comment:,233
ECG: ECG Findings inc Rhythm #2,Comment:,234
ECG Difference: ECG Difference Calculation #2,Staff Initials:,234
ECG Difference: ECG Difference Calculation #2,Comment:,234
Vital Signs: Vital Signs Supine Full Set #4,Staff Initials:,234
Vital Signs: Vital Signs Supine Full Set #4,Comment:,234
ECG Difference: ECG Difference Calculation #2,ECG Difference Calculation - a participant will be withdrawn where there is an increase in QTcF interval of >60 msec from baseline (confirmed following a repeat ECG),234
Vital Signs: Vital Signs Supine Full Set #4,Systolic mmHg (##0),234
Vital Signs: Vital Signs Supine Full Set #4,Diastolic mmHg (##0),234
Vital Signs: Vital Signs Supine Full Set #4,Heart Rate beats/min (##0),234
Vital Signs: Vital Signs Supine Full Set #4,Respiratory Rate breaths/mi (##0),234
Vital Signs: Vital Signs Supine Full Set #4,Oral Temperature - Degrees Celsius _ _. _ C,234
Vital Signs: Clinical Significance #4,Staff Initials:,235
Vital Signs: Clinical Significance #4,Comment:,235
Vital Signs: Vital Signs Findings #4,Staff Initials:,235
Vital Signs: Vital Signs Findings #4,Comment:,235
Vital Signs Standing: Vital Signs Standing BP and HR #4,Staff Initials:,235
Vital Signs Standing: Vital Signs Standing BP and HR #4,Comment:,235
Vital Signs: Clinical Significance #4,Clinical Assessment of Vital Signs (Medic or Nurse to assess vital signs),235
Vital Signs Standing: Vital Signs Standing BP and HR #4,Systolic mmHg (##0),235
Vital Signs Standing: Vital Signs Standing BP and HR #4,Diastolic mmHg (##0),235
Vital Signs Standing: Vital Signs Standing BP and HR #4,Heart Rate beats/min (##0),235
Vital Signs Standing: Drop in SBP from Supine to Standing #4,Staff Initials:,236
Vital Signs Standing: Drop in SBP from Supine to Standing #4,Comment:,236
Vital Signs Standing 2: Drop in DBP from Supine to Standing #4,Staff Initials:,236
Vital Signs Standing 2: Drop in DBP from Supine to Standing #4,Comment:,236
Vital Signs Difference: Vital Signs Calculation BP and HR #4,Staff Initials:,236
Vital Signs Difference: Vital Signs Calculation BP and HR #4,Comment:,236
Vital Signs Difference: Vital Signs Calculation BP and HR 2 #4,Staff Initials:,236
Vital Signs Difference: Vital Signs Calculation BP and HR 2 #4,Comment:,236
Vital Signs Standing: Drop in SBP from Supine to Standing #4,Is there a drop in SYSTOLIC BP from supine to standing?,236
Vital Signs Standing 2: Drop in DBP from Supine to Standing #4,Is there a drop in DIASTOLIC BP from supine to standing?,236
Vital Signs Difference: Vital Signs Calculation BP and HR #4,Vital Signs Difference for SYSTOLIC Drop,236
Vital Signs Difference: Vital Signs Calculation BP and HR #4,Systolic Drop mmHg,236
Vital Signs Difference: Vital Signs Calculation BP and HR 2 #4,Vital Signs Difference for DIASTOLIC Drop,236
Vital Signs Difference: Vital Signs Calculation BP and HR 2 #4,Diastolic Drop mmHg,236
Vital Signs Standing: Clinical Significance #4,Clinical Assessment of Standing Vital Signs (Medic or Nurse to assess vital signs),236
Vital Signs Standing: Clinical Significance #4,Comment:,237
Vital Signs Standing: Vital Signs Findings #4,Staff Initials:,237
Vital Signs Standing: Vital Signs Findings #4,Comment:,237
PK Samples: PK Plasma #12,Staff Initials:,237
PK Samples: PK Plasma #12,Comment:,237
AE/CM Surveys: AE/CM Check #12,Staff Initials:,237
AE/CM Surveys: AE/CM Check #12,Comment:,237
Stanford Sleepiness Scale: Stanford Sleepiness Scale Date #4,Staff Initials:,237
Stanford Sleepiness Scale: Stanford Sleepiness Scale Date #4,Comment:,237
AE/CM Surveys: AE/CM Check #12,Confirm an AE and Conmed check has been performed (Record any AE and Conmeds if applicable),237
Stanford Sleepiness Scale: Degree of Sleepiness #4,Comment:,238
Meals: Confirm Snack #1,Staff Initials:,238
Meals: Confirm Snack #1,Comment:,238
PK Samples: PK Plasma #13,Staff Initials:,238
PK Samples: PK Plasma #13,Comment:,238
Meals: Confirm Snack #1,Confirm Evening Snack Provided,238
AE/CM Surveys: AE/CM Check #13,Staff Initials:,239
AE/CM Surveys: AE/CM Check #13,Comment:,239
Urinalysis: Collection Time #1,Staff Initials:,239
Urinalysis: Collection Time #1,Comment:,239
Urinalysis: Bilirubin #1,Staff Initials:,239
Urinalysis: Bilirubin #1,Comment:,239
AE/CM Surveys: AE/CM Check #13,Confirm an AE and Conmed check has been performed (Record any AE and Conmeds if applicable),239
Urinalysis: Collection Time #1,Record time of urine sample (Collect Urine Sample),239
Urinalysis: Urobilinogen #1,Staff Initials:,240
Urinalysis: Urobilinogen #1,Comment:,240
Urinalysis: Ketones #1,Staff Initials:,240
Urinalysis: Ketones #1,Comment:,240
Urinalysis: Glucose #1,Staff Initials:,240
Urinalysis: Glucose #1,Comment:,241
Urinalysis: Protein #1,Staff Initials:,241
Urinalysis: Protein #1,Comment:,241
Urinalysis: Blood #1,Staff Initials:,241
Urinalysis: Protein #1,What was the protein result?,241
Urinalysis: Blood #1,Comment:,242
Urinalysis: Nitrite #1,Staff Initials:,242
Urinalysis: Nitrite #1,Comment:,242
Urinalysis: pH #1,Staff Initials:,242
Urinalysis: pH #1,Record pH value (Perform urinalysis and read results),242
Urinalysis: pH #1,Comment:,243
Urinalysis: Specific Gravity #1,Staff Initials:,243
Urinalysis: Specific Gravity #1,Comment:,243
Urinalysis: Specific Gravity #1,Record specific gravity of sample (Perform urinalysis and read results),243
Urinalysis: Leukocytes #1,Staff Initials:,244
Urinalysis: Leukocytes #1,Comment:,244
Urinalysis: Participant menstruating #1,Staff Initials:,244
Urinalysis: Participant menstruating #1,Comment:,244
Urinalysis: Send for microscopy #1,Staff Initials:,244
Urinalysis: Send for microscopy #1,Comment:,244
Urinalysis: Participant menstruating #1,"Is participant female and menstruating? (If 'Yes', DO NOT send sample for Microscopy. If 'No', send sample for Microscopy)",244
Urinalysis: Send for microscopy #1,Confirm sample sent for microscopy (Complete associated paperwork),244
Urinalysis: Repeat Urinalysis #1,Staff Initials:,245
Urinalysis: Repeat Urinalysis #1,Comment:,245
Urinalysis: Urinalysis Microscopy #1,Staff Initials:,245
Urinalysis: Urinalysis Microscopy #1,Comment:,245
Urinalysis: TDL Form Check #1,Staff Initials:,245
Urinalysis: TDL Form Check #1,Comment:,245
Urinalysis: Urinalysis Medic Assessment #1,Staff Initials:,245
Urinalysis: Urinalysis Medic Assessment #1,Comment:,245
Urinalysis: Repeat Urinalysis #1,Has urinalysis been repeated as soon as possible with a clean catch specimen?,245
Urinalysis: TDL Form Check #1,Confirm TDL form completed:,245
Urinalysis: Urinalysis Medic Assessment #1,Has there been a medic review of the Microscopy results?,245
ECG: 12 Lead Standard #3,Staff Initials:,246
ECG: 12 Lead Standard #3,Comment:,246
ECG: ECG Rhythm Assess/Interpretation #3,Staff Initials:,246
ECG: ECG Rhythm Assess/Interpretation #3,Comment:,246
ECG: 12 Lead Standard #3,Exclude if - QT interval corrected for heart rate using Fridericia’s formula (QTcF) >450 msec for,246
ECG: 12 Lead Standard #3,"male participants or >470 msec for female participants, QRS interval >120 msec, or PR interval >200 msec. (Supine for a minimum 3 minutes)",246
ECG: ECG Significance #3,Comment:,247
ECG: ECG Findings #3,Staff Initials:,247
ECG: ECG Findings #3,Comment:,247
ECG: ECG Findings inc Rhythm #3,Staff Initials:,247
ECG: ECG Findings inc Rhythm #3,Comment:,247
ECG Difference: ECG Difference Calculation #3,Staff Initials:,247
ECG Difference: ECG Difference Calculation #3,Comment:,247
Vital Signs: Vital Signs Supine Full Set #5,Staff Initials:,247
ECG Difference: ECG Difference Calculation #3,ECG Difference Calculation - a participant will be withdrawn where there is an increase in QTcF interval of >60 msec from baseline (confirmed following a repeat ECG),247
Vital Signs: Vital Signs Supine Full Set #5,Systolic mmHg (##0),247
Vital Signs: Vital Signs Supine Full Set #5,Diastolic mmHg (##0),247
Vital Signs: Vital Signs Supine Full Set #5,Comment:,248
Vital Signs: Clinical Significance #5,Staff Initials:,248
Vital Signs: Clinical Significance #5,Comment:,248
Vital Signs: Vital Signs Findings #5,Staff Initials:,248
Vital Signs: Vital Signs Findings #5,Comment:,248
Vital Signs: Vital Signs Supine Full Set #5,Heart Rate beats/min (##0),248
Vital Signs: Vital Signs Supine Full Set #5,Respiratory Rate breaths/mi (##0),248
Vital Signs: Vital Signs Supine Full Set #5,Oral Temperature - Degrees Celsius _ _. _ C,248
Vital Signs: Clinical Significance #5,Clinical Assessment of Vital Signs (Medic or Nurse to assess vital signs),248
Vital Signs Standing: Vital Signs Standing BP and HR #5,Staff Initials:,249
Vital Signs Standing: Vital Signs Standing BP and HR #5,Comment:,249
Vital Signs Standing: Drop in SBP from Supine to Standing #5,Staff Initials:,249
Vital Signs Standing: Drop in SBP from Supine to Standing #5,Comment:,249
Vital Signs Standing 2: Drop in DBP from Supine to Standing #5,Staff Initials:,249
Vital Signs Standing 2: Drop in DBP from Supine to Standing #5,Comment:,249
Vital Signs Difference: Vital Signs Calculation BP and HR #5,Staff Initials:,249
Vital Signs Standing: Vital Signs Standing BP and HR #5,Systolic mmHg (##0),249
Vital Signs Standing: Vital Signs Standing BP and HR #5,Diastolic mmHg (##0),249
Vital Signs Standing: Vital Signs Standing BP and HR #5,Heart Rate beats/min (##0),249
Vital Signs Standing: Drop in SBP from Supine to Standing #5,Is there a drop in SYSTOLIC BP from supine to standing?,249
Vital Signs Standing 2: Drop in DBP from Supine to Standing #5,Is there a drop in DIASTOLIC BP from supine to standing?,249
Vital Signs Difference: Vital Signs Calculation BP and HR #5,Vital Signs Difference for SYSTOLIC Drop,249
Vital Signs Difference: Vital Signs Calculation BP and HR #5,Systolic Drop mmHg,249
Vital Signs Difference: Vital Signs Calculation BP and HR 2 #5,Staff Initials:,250
Vital Signs Difference: Vital Signs Calculation BP and HR 2 #5,Comment:,250
Vital Signs Standing: Clinical Significance #5,Staff Initials:,250
Vital Signs Standing: Clinical Significance #5,Comment:,250
Vital Signs Standing: Vital Signs Findings #5,Staff Initials:,250
Vital Signs Standing: Vital Signs Findings #5,Comment:,250
Safety: Fasted #1,Staff Initials:,250
Safety: Fasted #1,Comment:,250
Vital Signs Difference: Vital Signs Calculation BP and HR 2 #5,Vital Signs Difference for DIASTOLIC Drop,250
Vital Signs Difference: Vital Signs Calculation BP and HR 2 #5,Diastolic Drop mmHg,250
Vital Signs Standing: Clinical Significance #5,Clinical Assessment of Standing Vital Signs (Medic or Nurse to assess vital signs),250
Safety: Fasted #1,Has the participant fasted for 8 hours?,250
Safety: Haematology #1,Staff Initials:,251
Safety: Haematology #1,Comment:,251
Safety: Haematology Medic Assessment #1,Staff Initials:,251
Safety: Haematology Medic Assessment #1,Comment:,251
Safety: Chemistry #1,Staff Initials:,251
Safety: Chemistry #1,Comment:,251
Safety: Chemistry Medic Assessment #1,Staff Initials:,251
Safety: Chemistry Medic Assessment #1,Comment:,251
Safety: Haematology Medic Assessment #1,Has there been a medic review of the Haematology blood results?,251
Safety: Chemistry Medic Assessment #1,Has there been a medic review of the Clinical Chemistry blood results?,251
Safety: TDL Form Check #1,Staff Initials:,252
Safety: TDL Form Check #1,Comment:,252
PK Samples: PK Plasma #14,Staff Initials:,252
PK Samples: PK Plasma #14,Comment:,252
AE/CM Surveys: AE/CM Check #14,Staff Initials:,252
AE/CM Surveys: AE/CM Check #14,Comment:,252
Stanford Sleepiness Scale: Stanford Sleepiness Scale Date #5,Staff Initials:,252
Stanford Sleepiness Scale: Stanford Sleepiness Scale Date #5,Comment:,252
Safety: TDL Form Check #1,Confirm TDL form completed:,252
AE/CM Surveys: AE/CM Check #14,Confirm an AE and Conmed check has been performed (Record any AE and Conmeds if applicable),252
Stanford Sleepiness Scale: Degree of Sleepiness #5,Comment:,253
PK Samples: PK Plasma #15,Staff Initials:,253
PK Samples: PK Plasma #15,Comment:,253
AE/CM Surveys: AE/CM Check #15,Staff Initials:,253
AE/CM Surveys: AE/CM Check #15,Comment:,253
PK Samples: PK Plasma #16,Staff Initials:,253
PK Samples: PK Plasma #16,Comment:,253
AE/CM Surveys: AE/CM Check #15,Confirm an AE and Conmed check has been performed (Record any AE and Conmeds if applicable),253
AE/CM Surveys: AE/CM Check #16,Comment:,254
Vital Signs: Vital Signs Supine Full Set #6,Staff Initials:,254
Vital Signs: Vital Signs Supine Full Set #6,Comment:,254
Vital Signs: Clinical Significance #6,Staff Initials:,254
Vital Signs: Clinical Significance #6,Comment:,254
AE/CM Surveys: AE/CM Check #16,Confirm an AE and Conmed check has been performed (Record any AE and Conmeds if applicable),254
Vital Signs: Vital Signs Supine Full Set #6,Systolic mmHg (##0),254
Vital Signs: Vital Signs Supine Full Set #6,Diastolic mmHg (##0),254
Vital Signs: Vital Signs Supine Full Set #6,Heart Rate beats/min (##0),254
Vital Signs: Vital Signs Supine Full Set #6,Respiratory Rate breaths/mi (##0),254
Vital Signs: Vital Signs Supine Full Set #6,Oral Temperature - Degrees Celsius _ _. _ C,254
Vital Signs: Clinical Significance #6,Clinical Assessment of Vital Signs (Medic or Nurse to assess vital signs),254
Vital Signs: Vital Signs Findings #6,Staff Initials:,255
Vital Signs: Vital Signs Findings #6,Comment:,255
Vital Signs Standing: Vital Signs Standing BP and HR #6,Staff Initials:,255
Vital Signs Standing: Vital Signs Standing BP and HR #6,Comment:,255
Vital Signs Standing: Drop in SBP from Supine to Standing #6,Staff Initials:,255
Vital Signs Standing: Drop in SBP from Supine to Standing #6,Comment:,255
Vital Signs Standing 2: Drop in DBP from Supine to Standing #6,Staff Initials:,255
Vital Signs Standing: Vital Signs Standing BP and HR #6,Systolic mmHg (##0),255
Vital Signs Standing: Vital Signs Standing BP and HR #6,Diastolic mmHg (##0),255
Vital Signs Standing: Vital Signs Standing BP and HR #6,Heart Rate beats/min (##0),255
Vital Signs Standing: Drop in SBP from Supine to Standing #6,Is there a drop in SYSTOLIC BP from supine to standing?,255
Vital Signs Standing 2: Drop in DBP from Supine to Standing #6,Is there a drop in DIASTOLIC BP from supine to standing?,255
Vital Signs Difference: Vital Signs Calculation BP and HR #6,Staff Initials:,256
Vital Signs Difference: Vital Signs Calculation BP and HR #6,Comment:,256
Vital Signs Difference: Vital Signs Calculation BP and HR 2 #6,Staff Initials:,256
Vital Signs Difference: Vital Signs Calculation BP and HR 2 #6,Comment:,256
Vital Signs Standing: Clinical Significance #6,Staff Initials:,256
Vital Signs Standing: Clinical Significance #6,Comment:,256
Vital Signs Standing: Vital Signs Findings #6,Staff Initials:,256
Vital Signs Standing: Vital Signs Findings #6,Comment:,256
Vital Signs Difference: Vital Signs Calculation BP and HR #6,Vital Signs Difference for SYSTOLIC Drop,256
Vital Signs Difference: Vital Signs Calculation BP and HR #6,Systolic Drop mmHg,256
Vital Signs Difference: Vital Signs Calculation BP and HR 2 #6,Vital Signs Difference for DIASTOLIC Drop,256
Vital Signs Difference: Vital Signs Calculation BP and HR 2 #6,Diastolic Drop mmHg,256
Vital Signs Standing: Clinical Significance #6,Clinical Assessment of Standing Vital Signs (Medic or Nurse to assess vital signs),256
PK Samples: PK Plasma #17,Staff Initials:,257
PK Samples: PK Plasma #17,Comment:,257
AE/CM Surveys: AE/CM Check #17,Staff Initials:,257
AE/CM Surveys: AE/CM Check #17,Comment:,257
C-SSRS Assessment: Date of Assessment #1,Staff Initials:,257
C-SSRS Assessment: Date of Assessment #1,Comment:,257
C-SSRS Since Last Visit: 1. Wish to be Dead #1,Staff Initials:,257
C-SSRS Since Last Visit: 1. Wish to be Dead #1,Comment:,257
AE/CM Surveys: AE/CM Check #17,Confirm an AE and Conmed check has been performed (Record any AE and Conmeds if applicable),257
C-SSRS Since Last Visit: 2. Non-specific Thoughts #1,Staff Initials:,258
C-SSRS Since Last Visit: 2. Non-specific Thoughts #1,Comment:,258
C-SSRS Since Last Visit: 3. Active Ideation No Intent #1,Staff Initials:,258
C-SSRS Since Last Visit: 3. Active Ideation No Intent #1,Comment:,258
C-SSRS Since Last Visit: 4. Active Ideation Some Intent #1,Staff Initials:,258
C-SSRS Since Last Visit: 5. Active Ideation Specific Intent #1,Staff Initials:,259
C-SSRS Since Last Visit: 5. Active Ideation Specific Intent #1,Comment:,259
C-SSRS Since Last Visit: 6. Most Severe Ideation #1,Staff Initials:,259
C-SSRS Since Last Visit: 6. Most Severe Ideation #1,Comment:,259
C-SSRS Since Last Visit: 5. Active Ideation Specific Intent #1,5. Active Suicidal Ideation with Specific Plan and Intent Thoughts of killing oneself with details of plan fully or partially worked out and subject has some intent to carry it out. (Have you started to work out or worked out the details of how to kill yourself? Do you intend to carry out this plan?),259
C-SSRS Since Last Visit: 7. Frequency #1,Staff Initials:,260
C-SSRS Since Last Visit: 7. Frequency #1,Comment:,260
C-SSRS Since Last Visit: 8. Duration #1,Staff Initials:,260
C-SSRS Since Last Visit: 8. Duration #1,Comment:,260
C-SSRS Since Last Visit: 9. Controllability #1,Comment:,261
C-SSRS Since Last Visit: 10. Deterrents #1,Staff Initials:,261
C-SSRS Since Last Visit: 10. Deterrents #1,Comment:,261
C-SSRS Since Last Visit: 11. Reasons for Ideation #1,Staff Initials:,262
C-SSRS Since Last Visit: 11. Reasons for Ideation #1,Comment:,262
C-SSRS Since Last Visit: 11. Reasons for Ideation #1,"Reasons for Ideation (What sort of reasons did you have for thinking about wanting to die or killing yourself? Was it to end the pain or stop the way you were feeling (in other words you couldn't go on living with this pain or how you were feeling) or was it to get attention, revenge or a reaction from others?",262
C-SSRS Since Last Visit: 12. Actual Attempt #1,Staff Initials:,263
C-SSRS Since Last Visit: 12. Actual Attempt #1,Comment:,263
C-SSRS Since Last Visit: 12. Total Number of Attempts #1,Staff Initials:,263
C-SSRS Since Last Visit: 12. Total Number of Attempts #1,Comment:,263
C-SSRS Since Last Visit: 12. Actual Attempt #1,"Actual Attempt (Since Last Visit) A potentially self-injurious act committed with at least some wish to die, as a result of act. Behaviour was in part thought of as method to kill oneself. Intent does not have to be 100%. If there is any intent/desire to die associated with the act, then it can be considered an actual suicide attempt. There does not have to be any injury or harm, just the potential for injury or harm. If person pulls trigger while gun is in mouth but gun is broken so no injury results, this is considered an attempt. Inferring Intent: Even if an individual denies intent/wish to die, it may be inferred clinically from the behaviour or circumstances. For example, a highly lethal act that is clearly not an accident so no other intent but suicide can be inferred (e.g. gunshot to head, jumping from window of a high floor/storey). Also, if someone denies intent to die, but they thought that what they did could be lethal, intent maybe inferred. (Have you made a suicide attempt?",263
C-SSRS Since Last Visit: 12. Actual Attempt #1,Have you done anything to harm yourself?,263
C-SSRS Since Last Visit: 13. Has Subject Engaged #1,Staff Initials:,264
C-SSRS Since Last Visit: 13. Has Subject Engaged #1,Comment:,264
C-SSRS Since Last Visit: 14. Interrupted Attempt #1,Staff Initials:,264
C-SSRS Since Last Visit: 14. Interrupted Attempt #1,Comment:,264
C-SSRS Since Last Visit: 14. Total Number of Interrupted #1,Staff Initials:,264
C-SSRS Since Last Visit: 14. Total Number of Interrupted #1,Comment:,264
C-SSRS Since Last Visit: 15. Aborted Attempt #1,Staff Initials:,265
C-SSRS Since Last Visit: 15. Aborted Attempt #1,Comment:,265
C-SSRS Since Last Visit: 15. Total Number of Aborted #1,Staff Initials:,265
C-SSRS Since Last Visit: 15. Total Number of Aborted #1,Comment:,265
C-SSRS Since Last Visit: 16. Preparatory Acts or Behaviour #1,Staff Initials:,266
C-SSRS Since Last Visit: 16. Preparatory Acts or Behaviour #1,Comment:,266
C-SSRS Since Last Visit: 17. Suicidal Behaviour #1,Staff Initials:,266
C-SSRS Since Last Visit: 17. Suicidal Behaviour #1,Comment:,266
C-SSRS Since Last Visit: 18. Suicide #1,Staff Initials:,266
C-SSRS Since Last Visit: 18. Suicide #1,Comment:,266
C-SSRS Since Last Visit: 17. Suicidal Behaviour #1,Suicidal Behaviour (Since Last Visit) Suicidal behaviour was present during the assessment period?,266
C-SSRS Since Last Visit: 19. Most Lethal Attempt Date #1,Staff Initials:,267
C-SSRS Since Last Visit: 19. Most Lethal Attempt Date #1,Comment:,267
C-SSRS Since Last Visit: 19. Actual Lethality Most Lethal Attempt #1,Staff Initials:,267
C-SSRS Since Last Visit: 19. Actual Lethality Most Lethal Attempt #1,Comment:,267
C-SSRS Since Last Visit: 19. Potential Lethality Most Lethal Attempt #1,Staff Initials:,268
C-SSRS Since Last Visit: 19. Potential Lethality Most Lethal Attempt #1,Comment:,268
Meals: Confirm Snack #2,Staff Initials:,268
Meals: Confirm Snack #2,Comment:,268
Meals: Start Fast #1,Staff Initials:,268
Meals: Start Fast #1,Comment:,268
Pre-dose Triplicate ECG 1: 12 Lead Standard #1,Staff Initials:,268
Meals: Confirm Snack #2,Confirm Evening Snack Provided,268
Meals: Start Fast #1,Start time of fast (Includes all food and drink except water) (Fast for at least 10 hours before breakfast or dosing depending on Part & Cohort),268
Pre-dose Triplicate ECG 1: 12 Lead Standard #1,Comment:,269
Pre-dose Triplicate ECG 1: ECG Rhythm Assess/Interpretation #1,Staff Initials:,269
Pre-dose Triplicate ECG 1: ECG Rhythm Assess/Interpretation #1,Comment:,269
Pre-dose Triplicate ECG 1: ECG Significance #1,Staff Initials:,269
Pre-dose Triplicate ECG 1: ECG Findings #1,Staff Initials:,270
Pre-dose Triplicate ECG 1: ECG Findings #1,Comment:,270
Pre-dose Triplicate ECG 1: ECG Findings inc Rhythm #1,Staff Initials:,270
Pre-dose Triplicate ECG 1: ECG Findings inc Rhythm #1,Comment:,270
Pre-dose Triplicate ECG 2: 12 Lead Standard #1,Staff Initials:,270
Pre-dose Triplicate ECG 2: 12 Lead Standard #1,Comment:,270
Pre-dose Triplicate ECG 2: ECG Rhythm Assess/Interpretation #1,Comment:,271
Pre-dose Triplicate ECG 2: ECG Significance #1,Staff Initials:,271
Pre-dose Triplicate ECG 2: ECG Significance #1,Comment:,271
Pre-dose Triplicate ECG 2: ECG Findings #1,Staff Initials:,271
Pre-dose Triplicate ECG 2: ECG Findings #1,Comment:,271
Pre-dose Triplicate ECG 2: ECG Findings inc Rhythm #1,Staff Initials:,271
Pre-dose Triplicate ECG 2: ECG Findings inc Rhythm #1,Comment:,271
Pre-dose Triplicate ECG 3: 12 Lead Standard #1,Comment:,272
Pre-dose Triplicate ECG 3: ECG Rhythm Assess/Interpretation #1,Staff Initials:,272
Pre-dose Triplicate ECG 3: ECG Rhythm Assess/Interpretation #1,Comment:,272
Pre-dose Triplicate ECG 3: ECG Significance #1,Staff Initials:,273
Pre-dose Triplicate ECG 3: ECG Significance #1,Comment:,273
Pre-dose Triplicate ECG 3: ECG Findings #1,Staff Initials:,273
Pre-dose Triplicate ECG 3: ECG Findings #1,Comment:,273
Pre-dose Triplicate ECG 3: ECG Findings inc Rhythm #1,Staff Initials:,273
Pre-dose Triplicate ECG 3: ECG Findings inc Rhythm #1,Comment:,273
Mean Values: Pre-dose Mean values #1,Staff Initials:,274
Mean Values: Pre-dose Mean values #1,Comment:,274
ECG Difference: Baseline values #1,Staff Initials:,274
ECG Difference: Baseline values #1,Comment:,274
Pre-dose Vital Signs: Vital Signs Supine Full Set #1,Staff Initials:,274
Pre-dose Vital Signs: Vital Signs Supine Full Set #1,Comment:,274
Mean Values: Pre-dose Mean values #1,Withdraw if - QT interval corrected for heart rate using Fridericia’s formula (QTcF) >450 msec,274
Mean Values: Pre-dose Mean values #1,"for male participants or >470 msec for female participants, QRS interval >120 msec, or PR interval >200 msec",274
Pre-dose Vital Signs: Vital Signs Supine Full Set #1,Systolic mmHg (##0),274
Pre-dose Vital Signs: Vital Signs Supine Full Set #1,Diastolic mmHg (##0),274
Pre-dose Vital Signs: Vital Signs Supine Full Set #1,Heart Rate beats/min (##0),274
Pre-dose Vital Signs: Vital Signs Supine Full Set #1,Respiratory Rate breaths/mi (##0),274
Pre-dose Vital Signs: Vital Signs Supine Full Set #1,Oral Temperature - Degrees Celsius _ _. _ C,274
Pre-dose Vital Signs: Clinical Significance #1,Staff Initials:,275
Pre-dose Vital Signs: Clinical Significance #1,Comment:,275
Pre-dose Vital Signs: Vital Signs Findings #1,Staff Initials:,275
Pre-dose Vital Signs: Vital Signs Findings #1,Comment:,275
Pre-dose Vital Signs Standing: Vital Signs Standing BP and HR #1,Staff Initials:,275
Pre-dose Vital Signs Standing: Vital Signs Standing BP and HR #1,Comment:,275
Pre-dose Vital Signs Standing: Vital Signs Standing BP and HR #1,Systolic mmHg (##0),275
Pre-dose Vital Signs Standing: Vital Signs Standing BP and HR #1,Diastolic mmHg (##0),275
Pre-dose Vital Signs Standing: Vital Signs Standing BP and HR #1,Heart Rate beats/min (##0),275
Pre-dose Vital Signs Standing: Drop in BP from Supine to Standing #1,Staff Initials:,276
Pre-dose Vital Signs Standing: Drop in BP from Supine to Standing #1,Comment:,276
Pre-dose Vital Signs Standing 2: Drop in BP from Supine to Standing #1,Staff Initials:,276
Pre-dose Vital Signs Standing 2: Drop in BP from Supine to Standing #1,Comment:,276
Pre-dose Vital Signs Difference: Vital Signs Calculation BP and HR #1,Staff Initials:,276
Pre-dose Vital Signs Difference: Vital Signs Calculation BP and HR #1,Comment:,276
Pre-dose Vital Signs Difference: Vital Signs Calculation BP and HR 2 #1,Staff Initials:,276
Pre-dose Vital Signs Difference: Vital Signs Calculation BP and HR 2 #1,Comment:,276
Pre-dose Vital Signs Standing: Drop in BP from Supine to Standing #1,PRE-DOSE - Is there a drop in SYSTOLIC BP from supine to standing?,276
Pre-dose Vital Signs Standing 2: Drop in BP from Supine to Standing #1,PRE-DOSE - Is there a drop in DIASTOLIC BP from supine to standing?,276
Pre-dose Vital Signs Difference: Vital Signs Calculation BP and HR #1,PRE-DOSE - Vital Signs Difference for SYSTOLIC Drop,276
Pre-dose Vital Signs Difference: Vital Signs Calculation BP and HR #1,Systolic mmHg,276
Pre-dose Vital Signs Difference: Vital Signs Calculation BP and HR 2 #1,PRE-DOSE - Vital Signs Difference for DIASTOLIC Drop,276
Pre-dose Vital Signs Difference: Vital Signs Calculation BP and HR 2 #1,Diastolic mmHg,276
Pre-dose Vital Signs Standing: Clinical Significance #1,Comment:,277
Pre-dose Vital Signs Standing: Vital Signs Findings #1,Staff Initials:,277
Pre-dose Vital Signs Standing: Vital Signs Findings #1,Comment:,277
PK Samples: PK Plasma #1,Staff Initials:,277
PK Samples: PK Plasma #1,Comment:,277
AE/CM Surveys: AE/CM Check #1,Staff Initials:,277
AE/CM Surveys: AE/CM Check #1,Comment:,277
Exposure: Dosing Eligibility Continues #1,Staff Initials:,277
Exposure: Dosing Eligibility Continues #1,Comment:,277
AE/CM Surveys: AE/CM Check #1,Confirm an AE and Conmed check has been performed (Record any AE and Conmeds if applicable),277
Exposure: Dosing Eligibility Continues #1,I confirm that the participant continues to be eligible to participate in this clinical study.,277
Exposure x: Prandial state #1,Comment:,278
Exposure x: Fasted for 10 hours for Breakfast #1,Staff Initials:,278
Exposure x: Fasted for 10 hours for Breakfast #1,Comment:,278
Meals: Start Breakfast #1,Staff Initials:,278
Meals: Start Breakfast #1,Comment:,278
Meals: End Breakfast #1,Staff Initials:,278
Meals: End Breakfast #1,Comment:,278
Meals: Amount Consumed (Breakfast) #1,Staff Initials:,278
Meals: Amount Consumed (Breakfast) #1,Comment:,278
Exposure x: Fasted for 10 hours for Breakfast #1,Has the participant fasted for 10 hours prior to breakfast?,278
Meals: Not eaten #1,Staff Initials:,279
Meals: Not eaten #1,Comment:,279
Meals: PI Check #1,Staff Initials:,279
Meals: PI Check #1,Comment:,279
Exposure: Volunteer ID Check #1,Staff Initials:,279
Exposure: Volunteer ID Check #1,Comment:,279
Exposure: Panel Number Check #1,Staff Initials:,279
Exposure: Panel Number Check #1,Comment:,279
Exposure: Participant Number Check #1,Staff Initials:,279
Exposure: Participant Number Check #1,Comment:,279
Exposure: Participant Number Check #1,Check the participant number in eSource matches the Instruction to Dispense and Dose,279
Exposure: Has the participant refrained from water #1,Staff Initials:,280
Exposure: Has the participant refrained from water #1,Comment:,280
Exposure: Fasted for 10 hours for Dosing #1,Staff Initials:,280
Exposure: Fasted for 10 hours for Dosing #1,Comment:,280
Exposure: Consumed breakfast #1,Staff Initials:,280
Exposure: Consumed breakfast #1,Comment:,280
Exposure: Predose Blood Draw #1,Staff Initials:,280
Exposure: Predose Blood Draw #1,Comment:,280
Exposure: Has the participant refrained from water #1,Has the participant refrained from drinking water for at least 1 hour prior to dosing?,280
Exposure: Fasted for 10 hours for Dosing #1,Has the participant fasted for 10 hours prior to dosing?,280
Exposure: Consumed breakfast #1,"Has the participant consumed breakfast per the protocol requirements, over 20 minutes and the full meal?",280
Exposure: Predose Blood Draw #1,Pre dose blood draws for PK sample taken?,280
Exposure: Predose Procedure Check #1,Staff Initials:,281
Exposure: Predose Procedure Check #1,Comment:,281
Exposure: Dose Eligibility Check #1,Staff Initials:,281
Exposure: Dose Eligibility Check #1,Comment:,281
Exposure: Subject/regimen #1,Staff Initials:,281
Exposure: Subject/regimen #1,Comment:,281
Exposure: Predose Procedure Check #1,Have all required pre dose procedures been completed?,281
Exposure: Dose Eligibility Check #1,Is the participant eligible to dose?,281
Exposure: Product label check #1,Staff Initials:,282
Exposure: Product label check #1,Comment:,282
Exposure: Final Check #1,Staff Initials:,282
Exposure: Final Check #1,Comment:,282
Exposure: Dose #1,Staff Initials:,282
Exposure: Dose #1,Comment:,282
Exposure: Post Administration Water #1,Staff Initials:,282
Exposure: Post Administration Water #1,Comment:,282
Exposure: Hand and Mouth Check #1,Staff Initials:,282
Exposure: Hand and Mouth Check #1,Comment:,282
Exposure: Product label check #1,Does the Product label match the Instruction to Dispense and Dose?,282
Exposure: Final Check #1,"Final check performed (5 R’s of dosing, Jones 2009 – right participant, right drug, right dose, right route, right time)",282
Exposure: Dose #1,Time of administration of study treatment,282
Exposure: Post Administration Water #1,Has the participant been provided with 240 mL of water?,282
Exposure: Hand and Mouth Check #1,Has a hand and mouth check been performed?,282
Exposure: Reminder to refrain from water #1,Staff Initials:,283
Exposure: Reminder to refrain from water #1,Comment:,283
Exposure x: Reminder to minimise sunlight exposure #1,Staff Initials:,283
Exposure x: Reminder to minimise sunlight exposure #1,Comment:,283
Exposure: Witness Check #1,Staff Initials:,283
Exposure: Witness Check #1,Comment:,283
System: Available #1,Staff Initials:,283
System: Available #1,Comment:,283
Exposure: Reminder to refrain from water #1,Has the participant been reminded to refrain from water for 2 hours post-dose?,283
Exposure x: Reminder to minimise sunlight exposure #1,Has the participant been advised to minimise exposure to sunlight from dosing for at least 7 days post final dose?,283
Exposure: Witness Check #1,Confirm dosing is complete (Operator to complete (switch user)),283
System: Available #1,What is the status of the subject?,283
PK Samples: PK Plasma #2,Staff Initials:,284
PK Samples: PK Plasma #2,Comment:,284
AE/CM Surveys: AE/CM Check #2,Staff Initials:,284
AE/CM Surveys: AE/CM Check #2,Comment:,284
PK Samples: PK Plasma #3,Staff Initials:,284
PK Samples: PK Plasma #3,Comment:,284
AE/CM Surveys: AE/CM Check #3,Staff Initials:,284
AE/CM Surveys: AE/CM Check #3,Comment:,284
Stanford Sleepiness Scale: Stanford Sleepiness Scale Date #1,Staff Initials:,284
Stanford Sleepiness Scale: Stanford Sleepiness Scale Date #1,Comment:,284
Stanford Sleepiness Scale: Degree of Sleepiness #1,Staff Initials:,284
AE/CM Surveys: AE/CM Check #2,Confirm an AE and Conmed check has been performed (Record any AE and Conmeds if applicable),284
AE/CM Surveys: AE/CM Check #3,Confirm an AE and Conmed check has been performed (Record any AE and Conmeds if applicable),284
ECG: 12 Lead Standard #1,Staff Initials:,286
ECG: 12 Lead Standard #1,Comment:,286
ECG: ECG Rhythm Assess/Interpretation #1,Staff Initials:,286
ECG: ECG Rhythm Assess/Interpretation #1,Comment:,286
ECG: 12 Lead Standard #1,Exclude if - QT interval corrected for heart rate using Fridericia’s formula (QTcF) >450 msec for,286
ECG: 12 Lead Standard #1,"male participants or >470 msec for female participants, QRS interval >120 msec, or PR interval >200 msec. (Supine for a minimum 3 minutes)",286
ECG: ECG Significance #1,Comment:,287
ECG: ECG Findings #1,Staff Initials:,287
ECG: ECG Findings #1,Comment:,287
ECG: ECG Findings inc Rhythm #1,Staff Initials:,287
ECG: ECG Findings inc Rhythm #1,Comment:,287
ECG Difference: ECG Difference Calculation #1,Staff Initials:,287
ECG Difference: ECG Difference Calculation #1,Comment:,287
PK Samples: PK Plasma #4,Staff Initials:,287
PK Samples: PK Plasma #4,Comment:,287
ECG Difference: ECG Difference Calculation #1,ECG Difference Calculation - a participant will be withdrawn where there is an increase in QTcF interval of >60 msec from baseline (confirmed following a repeat ECG),287
AE/CM Surveys: AE/CM Check #4,Comment:,288
Exposure: Provided with water #1,Staff Initials:,288
Exposure: Provided with water #1,Comment:,288
Stanford Sleepiness Scale: Stanford Sleepiness Scale Date #2,Staff Initials:,288
Stanford Sleepiness Scale: Stanford Sleepiness Scale Date #2,Comment:,288
Stanford Sleepiness Scale: Degree of Sleepiness #2,Staff Initials:,288
AE/CM Surveys: AE/CM Check #4,Confirm an AE and Conmed check has been performed (Record any AE and Conmeds if applicable),288
Exposure: Provided with water #1,Has the volunteer been provided with water 2 hrs post-dose?,288
Stanford Sleepiness Scale: Degree of Sleepiness #2,Comment:,289
Targeted Physical Examination Findings: Require Targeted PE? #1,Staff Initials:,289
Targeted Physical Examination Findings: Require Targeted PE? #1,Comment:,289
Targeted Physical Examination Findings: Any clinically significant abnormal,Staff Initials:,289
Targeted Physical Examination Findings: Any clinically significant abnormal,Comment:,289
Targeted Physical Examination Findings: Physical Examination Category #1,Staff Initials:,289
Targeted Physical Examination Findings: Require Targeted PE? #1,Targeted Physical Examination: Does the participant require a targeted physical examination?,289
Targeted Physical Examination Findings: Any clinically significant abnormal,"If yes, were there any clinically significant abnormal findings?",289
Targeted Physical Examination Findings: Physical Examination Category #1,Physical Examination Category,289
Targeted Physical Examination Findings: Physical Examination Category #1,Comment:,290
Targeted Physical Examination Findings: Findings #1,Staff Initials:,290
Targeted Physical Examination Findings: Findings #1,Comment:,290
Targeted Neurological Examination: Require Targeted NE? #1,Staff Initials:,291
Targeted Neurological Examination: Require Targeted NE? #1,Comment:,291
Targeted Neurological Examination: Any clinically significant abnormal,Staff Initials:,291
Targeted Neurological Examination: Any clinically significant abnormal,Comment:,291
Targeted Neurological Examination: Neurological Examination Category #1,Staff Initials:,291
Targeted Neurological Examination: Require Targeted NE? #1,"If yes, please specify the reason)",291
Targeted Neurological Examination: Any clinically significant abnormal,"If yes, were there any clinically significant abnormal findings?",291
Targeted Neurological Examination: Neurological Examination Category #1,Targeted Neurological Examination Category,291
Targeted Neurological Examination: Neurological Examination Category #1,Comment:,292
Targeted Neurological Examination: Findings #1,Staff Initials:,292
Targeted Neurological Examination: Findings #1,Comment:,292
Vital Signs: Vital Signs Supine Full Set #1,Staff Initials:,292
Vital Signs: Vital Signs Supine Full Set #1,Comment:,292
Vital Signs: Vital Signs Supine Full Set #1,Systolic mmHg (##0),292
Vital Signs: Vital Signs Supine Full Set #1,Diastolic mmHg (##0),292
Vital Signs: Vital Signs Supine Full Set #1,Heart Rate beats/min (##0),292
Vital Signs: Vital Signs Supine Full Set #1,Respiratory Rate breaths/mi (##0),292
Vital Signs: Vital Signs Supine Full Set #1,Oral Temperature - Degrees Celsius _ _. _ C,292
Vital Signs: Clinical Significance #1,Staff Initials:,293
Vital Signs: Clinical Significance #1,Comment:,293
Vital Signs: Vital Signs Findings #1,Staff Initials:,293
Vital Signs: Vital Signs Findings #1,Comment:,293
Vital Signs Standing: Vital Signs Standing BP and HR #1,Staff Initials:,293
Vital Signs Standing: Vital Signs Standing BP and HR #1,Comment:,293
Vital Signs: Clinical Significance #1,Clinical Assessment of Vital Signs (Medic or Nurse to assess vital signs),293
Vital Signs Standing: Vital Signs Standing BP and HR #1,Systolic mmHg (##0),293
Vital Signs Standing: Vital Signs Standing BP and HR #1,Diastolic mmHg (##0),293
Vital Signs Standing: Vital Signs Standing BP and HR #1,Heart Rate beats/min (##0),293
Vital Signs Standing: Drop in SBP from Supine to Standing #1,Staff Initials:,294
Vital Signs Standing: Drop in SBP from Supine to Standing #1,Comment:,294
Vital Signs Standing 2: Drop in DBP from Supine to Standing #1,Staff Initials:,294
Vital Signs Standing 2: Drop in DBP from Supine to Standing #1,Comment:,294
Vital Signs Difference: Vital Signs Calculation BP and HR #1,Staff Initials:,294
Vital Signs Difference: Vital Signs Calculation BP and HR #1,Comment:,294
Vital Signs Difference: Vital Signs Calculation BP and HR 2 #1,Staff Initials:,294
Vital Signs Difference: Vital Signs Calculation BP and HR 2 #1,Comment:,294
Vital Signs Standing: Drop in SBP from Supine to Standing #1,Is there a drop in SYSTOLIC BP from supine to standing?,294
Vital Signs Standing 2: Drop in DBP from Supine to Standing #1,Is there a drop in DIASTOLIC BP from supine to standing?,294
Vital Signs Difference: Vital Signs Calculation BP and HR #1,Vital Signs Difference for SYSTOLIC Drop,294
Vital Signs Difference: Vital Signs Calculation BP and HR #1,Systolic Drop mmHg,294
Vital Signs Difference: Vital Signs Calculation BP and HR 2 #1,Vital Signs Difference for DIASTOLIC Drop,294
Vital Signs Difference: Vital Signs Calculation BP and HR 2 #1,Diastolic Drop mmHg,294
Vital Signs Standing: Clinical Significance #1,Clinical Assessment of Standing Vital Signs (Medic or Nurse to assess vital signs),294
Vital Signs Standing: Clinical Significance #1,Comment:,295
Vital Signs Standing: Vital Signs Findings #1,Staff Initials:,295
Vital Signs Standing: Vital Signs Findings #1,Comment:,295
PK Samples: PK Plasma #5,Staff Initials:,295
PK Samples: PK Plasma #5,Comment:,295
AE/CM Surveys: AE/CM Check #5,Staff Initials:,295
AE/CM Surveys: AE/CM Check #5,Comment:,295
Meals: Confirm Lunch #1,Staff Initials:,295
Meals: Confirm Lunch #1,Comment:,295
AE/CM Surveys: AE/CM Check #5,Confirm an AE and Conmed check has been performed (Record any AE and Conmeds if applicable),295
Meals: Confirm Lunch #1,Confirm Lunch Provided,295
PK Samples: PK Plasma #6,Staff Initials:,296
PK Samples: PK Plasma #6,Comment:,296
AE/CM Surveys: AE/CM Check #6,Staff Initials:,296
AE/CM Surveys: AE/CM Check #6,Comment:,296
PK Samples: PK Plasma #7,Staff Initials:,296
PK Samples: PK Plasma #7,Comment:,296
AE/CM Surveys: AE/CM Check #7,Staff Initials:,296
AE/CM Surveys: AE/CM Check #7,Comment:,296
PK Samples: PK Plasma #8,Staff Initials:,296
PK Samples: PK Plasma #8,Comment:,296
AE/CM Surveys: AE/CM Check #8,Staff Initials:,296
AE/CM Surveys: AE/CM Check #8,Comment:,296
AE/CM Surveys: AE/CM Check #6,Confirm an AE and Conmed check has been performed (Record any AE and Conmeds if applicable),296
AE/CM Surveys: AE/CM Check #7,Confirm an AE and Conmed check has been performed (Record any AE and Conmeds if applicable),296
AE/CM Surveys: AE/CM Check #8,Confirm an AE and Conmed check has been performed (Record any AE and Conmeds if applicable),296
Vital Signs: Vital Signs Supine Full Set #2,Comment:,297
Vital Signs: Clinical Significance #2,Staff Initials:,297
Vital Signs: Clinical Significance #2,Comment:,297
Vital Signs: Vital Signs Findings #2,Staff Initials:,297
Vital Signs: Vital Signs Findings #2,Comment:,297
Vital Signs Standing: Vital Signs Standing BP and HR #2,Staff Initials:,297
Vital Signs: Vital Signs Supine Full Set #2,Systolic mmHg (##0),297
Vital Signs: Vital Signs Supine Full Set #2,Diastolic mmHg (##0),297
Vital Signs: Vital Signs Supine Full Set #2,Heart Rate beats/min (##0),297
Vital Signs: Vital Signs Supine Full Set #2,Respiratory Rate breaths/mi (##0),297
Vital Signs: Vital Signs Supine Full Set #2,Oral Temperature - Degrees Celsius _ _. _ C,297
Vital Signs: Clinical Significance #2,Clinical Assessment of Vital Signs (Medic or Nurse to assess vital signs),297
Vital Signs Standing: Vital Signs Standing BP and HR #2,Comment:,298
Vital Signs Standing: Drop in SBP from Supine to Standing #2,Staff Initials:,298
Vital Signs Standing: Drop in SBP from Supine to Standing #2,Comment:,298
Vital Signs Standing 2: Drop in DBP from Supine to Standing #2,Staff Initials:,298
Vital Signs Standing 2: Drop in DBP from Supine to Standing #2,Comment:,298
Vital Signs Difference: Vital Signs Calculation BP and HR #2,Staff Initials:,298
Vital Signs Difference: Vital Signs Calculation BP and HR #2,Comment:,298
Vital Signs Standing: Vital Signs Standing BP and HR #2,Systolic mmHg (##0),298
Vital Signs Standing: Vital Signs Standing BP and HR #2,Diastolic mmHg (##0),298
Vital Signs Standing: Vital Signs Standing BP and HR #2,Heart Rate beats/min (##0),298
Vital Signs Standing: Drop in SBP from Supine to Standing #2,Is there a drop in SYSTOLIC BP from supine to standing?,298
Vital Signs Standing 2: Drop in DBP from Supine to Standing #2,Is there a drop in DIASTOLIC BP from supine to standing?,298
Vital Signs Difference: Vital Signs Calculation BP and HR #2,Vital Signs Difference for SYSTOLIC Drop,298
Vital Signs Difference: Vital Signs Calculation BP and HR #2,Systolic Drop mmHg,298
Vital Signs Difference: Vital Signs Calculation BP and HR 2 #2,Staff Initials:,299
Vital Signs Difference: Vital Signs Calculation BP and HR 2 #2,Comment:,299
Vital Signs Standing: Clinical Significance #2,Staff Initials:,299
Vital Signs Standing: Clinical Significance #2,Comment:,299
Vital Signs Standing: Vital Signs Findings #2,Staff Initials:,299
Vital Signs Standing: Vital Signs Findings #2,Comment:,299
PK Samples: PK Plasma #9,Staff Initials:,299
PK Samples: PK Plasma #9,Comment:,299
AE/CM Surveys: AE/CM Check #9,Staff Initials:,299
Vital Signs Difference: Vital Signs Calculation BP and HR 2 #2,Vital Signs Difference for DIASTOLIC Drop,299
Vital Signs Difference: Vital Signs Calculation BP and HR 2 #2,Diastolic Drop mmHg,299
Vital Signs Standing: Clinical Significance #2,Clinical Assessment of Standing Vital Signs (Medic or Nurse to assess vital signs),299
AE/CM Surveys: AE/CM Check #9,Confirm an AE and Conmed check has been performed (Record any AE and Conmeds if applicable),299
Stanford Sleepiness Scale: Stanford Sleepiness Scale Date #3,Staff Initials:,300
Stanford Sleepiness Scale: Stanford Sleepiness Scale Date #3,Comment:,300
Stanford Sleepiness Scale: Degree of Sleepiness #3,Staff Initials:,300
Stanford Sleepiness Scale: Degree of Sleepiness #3,Comment:,300
PK Samples: PK Plasma #10,Staff Initials:,300
PK Samples: PK Plasma #10,Comment:,300
AE/CM Surveys: AE/CM Check #10,Staff Initials:,301
AE/CM Surveys: AE/CM Check #10,Comment:,301
Vital Signs: Vital Signs Supine Full Set #3,Staff Initials:,301
Vital Signs: Vital Signs Supine Full Set #3,Comment:,301
Vital Signs: Clinical Significance #3,Staff Initials:,301
Vital Signs: Clinical Significance #3,Comment:,301
AE/CM Surveys: AE/CM Check #10,Confirm an AE and Conmed check has been performed (Record any AE and Conmeds if applicable),301
Vital Signs: Vital Signs Supine Full Set #3,Systolic mmHg (##0),301
Vital Signs: Vital Signs Supine Full Set #3,Diastolic mmHg (##0),301
Vital Signs: Vital Signs Supine Full Set #3,Heart Rate beats/min (##0),301
Vital Signs: Vital Signs Supine Full Set #3,Respiratory Rate breaths/mi (##0),301
Vital Signs: Vital Signs Supine Full Set #3,Oral Temperature - Degrees Celsius _ _. _ C,301
Vital Signs: Clinical Significance #3,Clinical Assessment of Vital Signs (Medic or Nurse to assess vital signs),301
Vital Signs: Vital Signs Findings #3,Staff Initials:,302
Vital Signs: Vital Signs Findings #3,Comment:,302
Vital Signs Standing: Vital Signs Standing BP and HR #3,Staff Initials:,302
Vital Signs Standing: Vital Signs Standing BP and HR #3,Comment:,302
Vital Signs Standing: Drop in SBP from Supine to Standing #3,Staff Initials:,302
Vital Signs Standing: Drop in SBP from Supine to Standing #3,Comment:,302
Vital Signs Standing 2: Drop in DBP from Supine to Standing #3,Staff Initials:,302
Vital Signs Standing: Vital Signs Standing BP and HR #3,Systolic mmHg (##0),302
Vital Signs Standing: Vital Signs Standing BP and HR #3,Diastolic mmHg (##0),302
Vital Signs Standing: Vital Signs Standing BP and HR #3,Heart Rate beats/min (##0),302
Vital Signs Standing: Drop in SBP from Supine to Standing #3,Is there a drop in SYSTOLIC BP from supine to standing?,302
Vital Signs Standing 2: Drop in DBP from Supine to Standing #3,Is there a drop in DIASTOLIC BP from supine to standing?,302
Vital Signs Difference: Vital Signs Calculation BP and HR #3,Staff Initials:,303
Vital Signs Difference: Vital Signs Calculation BP and HR #3,Comment:,303
Vital Signs Difference: Vital Signs Calculation BP and HR 2 #3,Staff Initials:,303
Vital Signs Difference: Vital Signs Calculation BP and HR 2 #3,Comment:,303
Vital Signs Standing: Clinical Significance #3,Staff Initials:,303
Vital Signs Standing: Clinical Significance #3,Comment:,303
Vital Signs Standing: Vital Signs Findings #3,Staff Initials:,303
Vital Signs Standing: Vital Signs Findings #3,Comment:,303
Vital Signs Difference: Vital Signs Calculation BP and HR #3,Vital Signs Difference for SYSTOLIC Drop,303
Vital Signs Difference: Vital Signs Calculation BP and HR #3,Systolic Drop mmHg,303
Vital Signs Difference: Vital Signs Calculation BP and HR 2 #3,Vital Signs Difference for DIASTOLIC Drop,303
Vital Signs Difference: Vital Signs Calculation BP and HR 2 #3,Diastolic Drop mmHg,303
Vital Signs Standing: Clinical Significance #3,Clinical Assessment of Standing Vital Signs (Medic or Nurse to assess vital signs),303
PK Samples: PK Plasma #11,Staff Initials:,304
PK Samples: PK Plasma #11,Comment:,304
AE/CM Surveys: AE/CM Check #11,Staff Initials:,304
AE/CM Surveys: AE/CM Check #11,Comment:,304
Meals: Confirm Dinner #1,Staff Initials:,304
Meals: Confirm Dinner #1,Comment:,304
ECG: 12 Lead Standard #2,Staff Initials:,304
AE/CM Surveys: AE/CM Check #11,Confirm an AE and Conmed check has been performed (Record any AE and Conmeds if applicable),304
Meals: Confirm Dinner #1,Confirm Dinner Provided,304
ECG: 12 Lead Standard #2,Exclude if - QT interval corrected for heart rate using Fridericia’s formula (QTcF) >450 msec for,304
ECG: 12 Lead Standard #2,"male participants or >470 msec for female participants, QRS interval >120 msec, or PR interval >200 msec. (Supine for a minimum 3 minutes)",304
ECG: 12 Lead Standard #2,Comment:,305
ECG: ECG Rhythm Assess/Interpretation #2,Staff Initials:,305
ECG: ECG Rhythm Assess/Interpretation #2,Comment:,305
ECG: ECG Significance #2,Staff Initials:,305
ECG: ECG Significance #2,Comment:,305
ECG: ECG Findings #2,Staff Initials:,305
ECG: ECG Findings #2,Comment:,305
ECG: ECG Findings inc Rhythm #2,Comment:,306
ECG Difference: ECG Difference Calculation #2,Staff Initials:,306
ECG Difference: ECG Difference Calculation #2,Comment:,306
Vital Signs: Vital Signs Supine Full Set #4,Staff Initials:,306
Vital Signs: Vital Signs Supine Full Set #4,Comment:,306
ECG Difference: ECG Difference Calculation #2,ECG Difference Calculation - a participant will be withdrawn where there is an increase in QTcF interval of >60 msec from baseline (confirmed following a repeat ECG),306
Vital Signs: Vital Signs Supine Full Set #4,Systolic mmHg (##0),306
Vital Signs: Vital Signs Supine Full Set #4,Diastolic mmHg (##0),306
Vital Signs: Vital Signs Supine Full Set #4,Heart Rate beats/min (##0),306
Vital Signs: Vital Signs Supine Full Set #4,Respiratory Rate breaths/mi (##0),306
Vital Signs: Vital Signs Supine Full Set #4,Oral Temperature - Degrees Celsius _ _. _ C,306
Vital Signs: Clinical Significance #4,Staff Initials:,307
Vital Signs: Clinical Significance #4,Comment:,307
Vital Signs: Vital Signs Findings #4,Staff Initials:,307
Vital Signs: Vital Signs Findings #4,Comment:,307
Vital Signs Standing: Vital Signs Standing BP and HR #4,Staff Initials:,307
Vital Signs Standing: Vital Signs Standing BP and HR #4,Comment:,307
Vital Signs: Clinical Significance #4,Clinical Assessment of Vital Signs (Medic or Nurse to assess vital signs),307
Vital Signs Standing: Vital Signs Standing BP and HR #4,Systolic mmHg (##0),307
Vital Signs Standing: Vital Signs Standing BP and HR #4,Diastolic mmHg (##0),307
Vital Signs Standing: Vital Signs Standing BP and HR #4,Heart Rate beats/min (##0),307
Vital Signs Standing: Drop in SBP from Supine to Standing #4,Staff Initials:,308
Vital Signs Standing: Drop in SBP from Supine to Standing #4,Comment:,308
Vital Signs Standing 2: Drop in DBP from Supine to Standing #4,Staff Initials:,308
Vital Signs Standing 2: Drop in DBP from Supine to Standing #4,Comment:,308
Vital Signs Difference: Vital Signs Calculation BP and HR #4,Staff Initials:,308
Vital Signs Difference: Vital Signs Calculation BP and HR #4,Comment:,308
Vital Signs Difference: Vital Signs Calculation BP and HR 2 #4,Staff Initials:,308
Vital Signs Difference: Vital Signs Calculation BP and HR 2 #4,Comment:,308
Vital Signs Standing: Drop in SBP from Supine to Standing #4,Is there a drop in SYSTOLIC BP from supine to standing?,308
Vital Signs Standing 2: Drop in DBP from Supine to Standing #4,Is there a drop in DIASTOLIC BP from supine to standing?,308
Vital Signs Difference: Vital Signs Calculation BP and HR #4,Vital Signs Difference for SYSTOLIC Drop,308
Vital Signs Difference: Vital Signs Calculation BP and HR #4,Systolic Drop mmHg,308
Vital Signs Difference: Vital Signs Calculation BP and HR 2 #4,Vital Signs Difference for DIASTOLIC Drop,308
Vital Signs Difference: Vital Signs Calculation BP and HR 2 #4,Diastolic Drop mmHg,308
Vital Signs Standing: Clinical Significance #4,Clinical Assessment of Standing Vital Signs (Medic or Nurse to assess vital signs),308
Vital Signs Standing: Clinical Significance #4,Comment:,309
Vital Signs Standing: Vital Signs Findings #4,Staff Initials:,309
Vital Signs Standing: Vital Signs Findings #4,Comment:,309
PK Samples: PK Plasma #12,Staff Initials:,309
PK Samples: PK Plasma #12,Comment:,309
AE/CM Surveys: AE/CM Check #12,Staff Initials:,309
AE/CM Surveys: AE/CM Check #12,Comment:,309
Stanford Sleepiness Scale: Stanford Sleepiness Scale Date #4,Staff Initials:,309
Stanford Sleepiness Scale: Stanford Sleepiness Scale Date #4,Comment:,309
AE/CM Surveys: AE/CM Check #12,Confirm an AE and Conmed check has been performed (Record any AE and Conmeds if applicable),309
Stanford Sleepiness Scale: Degree of Sleepiness #4,Comment:,310
Meals: Confirm Snack #1,Staff Initials:,310
Meals: Confirm Snack #1,Comment:,310
PK Samples: PK Plasma #13,Staff Initials:,310
PK Samples: PK Plasma #13,Comment:,310
Meals: Confirm Snack #1,Confirm Evening Snack Provided,310
AE/CM Surveys: AE/CM Check #13,Staff Initials:,311
AE/CM Surveys: AE/CM Check #13,Comment:,311
Urinalysis: Collection Time #1,Staff Initials:,311
Urinalysis: Collection Time #1,Comment:,311
Urinalysis: Bilirubin #1,Staff Initials:,311
Urinalysis: Bilirubin #1,Comment:,311
AE/CM Surveys: AE/CM Check #13,Confirm an AE and Conmed check has been performed (Record any AE and Conmeds if applicable),311
Urinalysis: Collection Time #1,Record time of urine sample (Collect Urine Sample),311
Urinalysis: Urobilinogen #1,Staff Initials:,312
Urinalysis: Urobilinogen #1,Comment:,312
Urinalysis: Ketones #1,Staff Initials:,312
Urinalysis: Ketones #1,Comment:,312
Urinalysis: Glucose #1,Staff Initials:,312
Urinalysis: Glucose #1,Comment:,313
Urinalysis: Protein #1,Staff Initials:,313
Urinalysis: Protein #1,Comment:,313
Urinalysis: Blood #1,Staff Initials:,313
Urinalysis: Protein #1,What was the protein result?,313
Urinalysis: Blood #1,Comment:,314
Urinalysis: Nitrite #1,Staff Initials:,314
Urinalysis: Nitrite #1,Comment:,314
Urinalysis: pH #1,Staff Initials:,314
Urinalysis: pH #1,Record pH value (Perform urinalysis and read results),314
Urinalysis: pH #1,Comment:,315
Urinalysis: Specific Gravity #1,Staff Initials:,315
Urinalysis: Specific Gravity #1,Comment:,315
Urinalysis: Specific Gravity #1,Record specific gravity of sample (Perform urinalysis and read results),315
Urinalysis: Leukocytes #1,Staff Initials:,316
Urinalysis: Leukocytes #1,Comment:,316
Urinalysis: Participant menstruating #1,Staff Initials:,316
Urinalysis: Participant menstruating #1,Comment:,316
Urinalysis: Send for microscopy #1,Staff Initials:,316
Urinalysis: Send for microscopy #1,Comment:,316
Urinalysis: Participant menstruating #1,"Is participant female and menstruating? (If 'Yes', DO NOT send sample for Microscopy. If 'No', send sample for Microscopy)",316
Urinalysis: Send for microscopy #1,Confirm sample sent for microscopy (Complete associated paperwork),316
Urinalysis: Repeat Urinalysis #1,Staff Initials:,317
Urinalysis: Repeat Urinalysis #1,Comment:,317
Urinalysis: Urinalysis Microscopy #1,Staff Initials:,317
Urinalysis: Urinalysis Microscopy #1,Comment:,317
Urinalysis: TDL Form Check #1,Staff Initials:,317
Urinalysis: TDL Form Check #1,Comment:,317
Urinalysis: Urinalysis Medic Assessment #1,Staff Initials:,317
Urinalysis: Urinalysis Medic Assessment #1,Comment:,317
Urinalysis: Repeat Urinalysis #1,Has urinalysis been repeated as soon as possible with a clean catch specimen?,317
Urinalysis: TDL Form Check #1,Confirm TDL form completed:,317
Urinalysis: Urinalysis Medic Assessment #1,Has there been a medic review of the Microscopy results?,317
Safety: Urine Pregnancy test #1,Comment:,318
Safety: Prompt for Medic for Urine Pregnancy #1,Staff Initials:,318
Safety: Prompt for Medic for Urine Pregnancy #1,Comment:,318
ECG: 12 Lead Standard #3,Staff Initials:,318
ECG: 12 Lead Standard #3,Comment:,318
ECG: 12 Lead Standard #3,Exclude if - QT interval corrected for heart rate using Fridericia’s formula (QTcF) >450 msec for,318
ECG: 12 Lead Standard #3,"male participants or >470 msec for female participants, QRS interval >120 msec, or PR interval >200 msec. (Supine for a minimum 3 minutes)",318
ECG: ECG Rhythm Assess/Interpretation #3,Comment:,319
ECG: ECG Significance #3,Staff Initials:,319
ECG: ECG Significance #3,Comment:,319
ECG: ECG Findings #3,Staff Initials:,319
ECG: ECG Findings #3,Comment:,319
ECG: ECG Findings inc Rhythm #3,Staff Initials:,319
ECG: ECG Findings inc Rhythm #3,Comment:,319
ECG Difference: ECG Difference Calculation #3,Comment:,320
Vital Signs: Vital Signs Supine Full Set #5,Staff Initials:,320
Vital Signs: Vital Signs Supine Full Set #5,Comment:,320
Vital Signs: Clinical Significance #5,Staff Initials:,320
Vital Signs: Clinical Significance #5,Comment:,320
ECG Difference: ECG Difference Calculation #3,ECG Difference Calculation - a participant will be withdrawn where there is an increase in QTcF interval of >60 msec from baseline (confirmed following a repeat ECG),320
Vital Signs: Vital Signs Supine Full Set #5,Systolic mmHg (##0),320
Vital Signs: Vital Signs Supine Full Set #5,Diastolic mmHg (##0),320
Vital Signs: Vital Signs Supine Full Set #5,Heart Rate beats/min (##0),320
Vital Signs: Vital Signs Supine Full Set #5,Respiratory Rate breaths/mi (##0),320
Vital Signs: Vital Signs Supine Full Set #5,Oral Temperature - Degrees Celsius _ _. _ C,320
Vital Signs: Clinical Significance #5,Clinical Assessment of Vital Signs (Medic or Nurse to assess vital signs),320
Vital Signs: Vital Signs Findings #5,Staff Initials:,321
Vital Signs: Vital Signs Findings #5,Comment:,321
Vital Signs Standing: Vital Signs Standing BP and HR #5,Staff Initials:,321
Vital Signs Standing: Vital Signs Standing BP and HR #5,Comment:,321
Vital Signs Standing: Drop in SBP from Supine to Standing #5,Staff Initials:,321
Vital Signs Standing: Drop in SBP from Supine to Standing #5,Comment:,321
Vital Signs Standing 2: Drop in DBP from Supine to Standing #5,Staff Initials:,321
Vital Signs Standing: Vital Signs Standing BP and HR #5,Systolic mmHg (##0),321
Vital Signs Standing: Vital Signs Standing BP and HR #5,Diastolic mmHg (##0),321
Vital Signs Standing: Vital Signs Standing BP and HR #5,Heart Rate beats/min (##0),321
Vital Signs Standing: Drop in SBP from Supine to Standing #5,Is there a drop in SYSTOLIC BP from supine to standing?,321
Vital Signs Standing 2: Drop in DBP from Supine to Standing #5,Is there a drop in DIASTOLIC BP from supine to standing?,321
Vital Signs Difference: Vital Signs Calculation BP and HR #5,Staff Initials:,322
Vital Signs Difference: Vital Signs Calculation BP and HR #5,Comment:,322
Vital Signs Difference: Vital Signs Calculation BP and HR 2 #5,Staff Initials:,322
Vital Signs Difference: Vital Signs Calculation BP and HR 2 #5,Comment:,322
Vital Signs Standing: Clinical Significance #5,Staff Initials:,322
Vital Signs Standing: Clinical Significance #5,Comment:,322
Vital Signs Standing: Vital Signs Findings #5,Staff Initials:,322
Vital Signs Standing: Vital Signs Findings #5,Comment:,322
Vital Signs Difference: Vital Signs Calculation BP and HR #5,Vital Signs Difference for SYSTOLIC Drop,322
Vital Signs Difference: Vital Signs Calculation BP and HR #5,Systolic Drop mmHg,322
Vital Signs Difference: Vital Signs Calculation BP and HR 2 #5,Vital Signs Difference for DIASTOLIC Drop,322
Vital Signs Difference: Vital Signs Calculation BP and HR 2 #5,Diastolic Drop mmHg,322
Vital Signs Standing: Clinical Significance #5,Clinical Assessment of Standing Vital Signs (Medic or Nurse to assess vital signs),322
Safety: Fasted #1,Has the participant fasted for 8 hours?,322
Safety: Fasted #1,Comment:,323
Safety: Haematology #1,Staff Initials:,323
Safety: Haematology #1,Comment:,323
Safety: Haematology Medic Assessment #1,Staff Initials:,323
Safety: Haematology Medic Assessment #1,Comment:,323
Safety: Chemistry #1,Staff Initials:,323
Safety: Chemistry #1,Comment:,323
Safety: Chemistry Medic Assessment #1,Staff Initials:,323
Safety: Chemistry Medic Assessment #1,Comment:,323
Safety: Haematology Medic Assessment #1,Has there been a medic review of the Haematology blood results?,323
Safety: Chemistry Medic Assessment #1,Has there been a medic review of the Clinical Chemistry blood results?,323
Safety: TDL Form Check #1,Staff Initials:,324
Safety: TDL Form Check #1,Comment:,324
PK Samples: PK Plasma #14,Staff Initials:,324
PK Samples: PK Plasma #14,Comment:,324
AE/CM Surveys: AE/CM Check #14,Staff Initials:,324
AE/CM Surveys: AE/CM Check #14,Comment:,324
Stanford Sleepiness Scale: Stanford Sleepiness Scale Date #5,Staff Initials:,324
Stanford Sleepiness Scale: Stanford Sleepiness Scale Date #5,Comment:,324
Safety: TDL Form Check #1,Confirm TDL form completed:,324
AE/CM Surveys: AE/CM Check #14,Confirm an AE and Conmed check has been performed (Record any AE and Conmeds if applicable),324
Stanford Sleepiness Scale: Degree of Sleepiness #5,Comment:,325
PK Samples: PK Plasma #15,Staff Initials:,325
PK Samples: PK Plasma #15,Comment:,325
AE/CM Surveys: AE/CM Check #15,Staff Initials:,325
AE/CM Surveys: AE/CM Check #15,Comment:,325
PK Samples: PK Plasma #16,Staff Initials:,325
PK Samples: PK Plasma #16,Comment:,325
AE/CM Surveys: AE/CM Check #15,Confirm an AE and Conmed check has been performed (Record any AE and Conmeds if applicable),325
AE/CM Surveys: AE/CM Check #16,Staff Initials:,326
AE/CM Surveys: AE/CM Check #16,Comment:,326
Vital Signs: Vital Signs Supine Full Set #6,Staff Initials:,326
Vital Signs: Vital Signs Supine Full Set #6,Comment:,326
Vital Signs: Clinical Significance #6,Staff Initials:,326
Vital Signs: Clinical Significance #6,Comment:,326
AE/CM Surveys: AE/CM Check #16,Confirm an AE and Conmed check has been performed (Record any AE and Conmeds if applicable),326
Vital Signs: Vital Signs Supine Full Set #6,Systolic mmHg (##0),326
Vital Signs: Vital Signs Supine Full Set #6,Diastolic mmHg (##0),326
Vital Signs: Vital Signs Supine Full Set #6,Heart Rate beats/min (##0),326
Vital Signs: Vital Signs Supine Full Set #6,Respiratory Rate breaths/mi (##0),326
Vital Signs: Vital Signs Supine Full Set #6,Oral Temperature - Degrees Celsius _ _. _ C,326
Vital Signs: Clinical Significance #6,Clinical Assessment of Vital Signs (Medic or Nurse to assess vital signs),326
Vital Signs: Vital Signs Findings #6,Staff Initials:,327
Vital Signs: Vital Signs Findings #6,Comment:,327
Vital Signs Standing: Vital Signs Standing BP and HR #6,Staff Initials:,327
Vital Signs Standing: Vital Signs Standing BP and HR #6,Comment:,327
Vital Signs Standing: Drop in SBP from Supine to Standing #6,Staff Initials:,327
Vital Signs Standing: Drop in SBP from Supine to Standing #6,Comment:,327
Vital Signs Standing 2: Drop in DBP from Supine to Standing #6,Staff Initials:,327
Vital Signs Standing: Vital Signs Standing BP and HR #6,Systolic mmHg (##0),327
Vital Signs Standing: Vital Signs Standing BP and HR #6,Diastolic mmHg (##0),327
Vital Signs Standing: Vital Signs Standing BP and HR #6,Heart Rate beats/min (##0),327
Vital Signs Standing: Drop in SBP from Supine to Standing #6,Is there a drop in SYSTOLIC BP from supine to standing?,327
Vital Signs Standing 2: Drop in DBP from Supine to Standing #6,Is there a drop in DIASTOLIC BP from supine to standing?,327
Vital Signs Difference: Vital Signs Calculation BP and HR #6,Staff Initials:,328
Vital Signs Difference: Vital Signs Calculation BP and HR #6,Comment:,328
Vital Signs Difference: Vital Signs Calculation BP and HR 2 #6,Staff Initials:,328
Vital Signs Difference: Vital Signs Calculation BP and HR 2 #6,Comment:,328
Vital Signs Standing: Clinical Significance #6,Staff Initials:,328
Vital Signs Standing: Clinical Significance #6,Comment:,328
Vital Signs Standing: Vital Signs Findings #6,Staff Initials:,328
Vital Signs Standing: Vital Signs Findings #6,Comment:,328
Vital Signs Difference: Vital Signs Calculation BP and HR #6,Vital Signs Difference for SYSTOLIC Drop,328
Vital Signs Difference: Vital Signs Calculation BP and HR #6,Systolic Drop mmHg,328
Vital Signs Difference: Vital Signs Calculation BP and HR 2 #6,Vital Signs Difference for DIASTOLIC Drop,328
Vital Signs Difference: Vital Signs Calculation BP and HR 2 #6,Diastolic Drop mmHg,328
Vital Signs Standing: Clinical Significance #6,Clinical Assessment of Standing Vital Signs (Medic or Nurse to assess vital signs),328
PK Samples: PK Plasma #17,Staff Initials:,329
PK Samples: PK Plasma #17,Comment:,329
AE/CM Surveys: AE/CM Check #17,Staff Initials:,329
AE/CM Surveys: AE/CM Check #17,Comment:,329
Urinalysis: Collection Time #2,Staff Initials:,329
Urinalysis: Collection Time #2,Comment:,329
Urinalysis: Bilirubin #2,Staff Initials:,329
Urinalysis: Bilirubin #2,Comment:,329
Urinalysis: Urobilinogen #2,Staff Initials:,329
AE/CM Surveys: AE/CM Check #17,Confirm an AE and Conmed check has been performed (Record any AE and Conmeds if applicable),329
Urinalysis: Collection Time #2,Record time of urine sample (Collect Urine Sample),329
Urinalysis: Urobilinogen #2,Comment:,330
Urinalysis: Ketones #2,Staff Initials:,330
Urinalysis: Ketones #2,Comment:,330
Urinalysis: Glucose #2,Staff Initials:,330
Urinalysis: Glucose #2,Comment:,331
Urinalysis: Protein #2,Staff Initials:,331
Urinalysis: Protein #2,Comment:,331
Urinalysis: Blood #2,Staff Initials:,331
Urinalysis: Protein #2,What was the protein result?,331
Urinalysis: Blood #2,Comment:,332
Urinalysis: Nitrite #2,Staff Initials:,332
Urinalysis: Nitrite #2,Comment:,332
Urinalysis: pH #2,Staff Initials:,333
Urinalysis: pH #2,Comment:,333
Urinalysis: Specific Gravity #2,Staff Initials:,333
Urinalysis: pH #2,Record pH value (Perform urinalysis and read results),333
Urinalysis: Specific Gravity #2,Record specific gravity of sample (Perform urinalysis and read results),333
Urinalysis: Leukocytes #2,Staff Initials:,334
Urinalysis: Leukocytes #2,Comment:,334
Urinalysis: Participant menstruating #2,Staff Initials:,334
Urinalysis: Participant menstruating #2,Comment:,334
Urinalysis: Send for microscopy #2,Staff Initials:,334
Urinalysis: Send for microscopy #2,Comment:,334
Urinalysis: Participant menstruating #2,"Is participant female and menstruating? (If 'Yes', DO NOT send sample for Microscopy. If 'No', send sample for Microscopy)",334
Urinalysis: Send for microscopy #2,Confirm sample sent for microscopy (Complete associated paperwork),334
Urinalysis: Repeat Urinalysis #2,Staff Initials:,335
Urinalysis: Repeat Urinalysis #2,Comment:,335
Urinalysis: Urinalysis Microscopy #2,Staff Initials:,335
Urinalysis: Urinalysis Microscopy #2,Comment:,335
Urinalysis: TDL Form Check #2,Staff Initials:,335
Urinalysis: TDL Form Check #2,Comment:,335
Urinalysis: Urinalysis Medic Assessment #2,Staff Initials:,335
Urinalysis: Urinalysis Medic Assessment #2,Comment:,335
Urinalysis: Repeat Urinalysis #2,Has urinalysis been repeated as soon as possible with a clean catch specimen?,335
Urinalysis: TDL Form Check #2,Confirm TDL form completed:,335
Urinalysis: Urinalysis Medic Assessment #2,Has there been a medic review of the Microscopy results?,335
ECG: 12 Lead Standard #4,Staff Initials:,336
ECG: 12 Lead Standard #4,Comment:,336
ECG: ECG Rhythm Assess/Interpretation #4,Staff Initials:,336
ECG: ECG Rhythm Assess/Interpretation #4,Comment:,336
ECG: 12 Lead Standard #4,Exclude if - QT interval corrected for heart rate using Fridericia’s formula (QTcF) >450 msec for,336
ECG: 12 Lead Standard #4,"male participants or >470 msec for female participants, QRS interval >120 msec, or PR interval >200 msec. (Supine for a minimum 3 minutes)",336
ECG: ECG Significance #4,Comment:,337
ECG: ECG Findings #4,Staff Initials:,337
ECG: ECG Findings #4,Comment:,337
ECG: ECG Findings inc Rhythm #4,Staff Initials:,337
ECG: ECG Findings inc Rhythm #4,Comment:,337
ECG Difference: ECG Difference Calculation #4,Staff Initials:,337
ECG Difference: ECG Difference Calculation #4,Comment:,337
Vital Signs: Vital Signs Supine Full Set #7,Staff Initials:,337
ECG Difference: ECG Difference Calculation #4,ECG Difference Calculation - a participant will be withdrawn where there is an increase in QTcF interval of >60 msec from baseline (confirmed following a repeat ECG),337
Vital Signs: Vital Signs Supine Full Set #7,Systolic mmHg (##0),337
Vital Signs: Vital Signs Supine Full Set #7,Diastolic mmHg (##0),337
Vital Signs: Vital Signs Supine Full Set #7,Comment:,338
Vital Signs: Clinical Significance #7,Staff Initials:,338
Vital Signs: Clinical Significance #7,Comment:,338
Vital Signs: Vital Signs Findings #7,Staff Initials:,338
Vital Signs: Vital Signs Findings #7,Comment:,338
Vital Signs: Vital Signs Supine Full Set #7,Heart Rate beats/min (##0),338
Vital Signs: Vital Signs Supine Full Set #7,Respiratory Rate breaths/mi (##0),338
Vital Signs: Vital Signs Supine Full Set #7,Oral Temperature - Degrees Celsius _ _. _ C,338
Vital Signs: Clinical Significance #7,Clinical Assessment of Vital Signs (Medic or Nurse to assess vital signs),338
Vital Signs Standing: Vital Signs Standing BP and HR #7,Staff Initials:,339
Vital Signs Standing: Vital Signs Standing BP and HR #7,Comment:,339
Vital Signs Standing: Drop in SBP from Supine to Standing #7,Staff Initials:,339
Vital Signs Standing: Drop in SBP from Supine to Standing #7,Comment:,339
Vital Signs Standing 2: Drop in DBP from Supine to Standing #7,Staff Initials:,339
Vital Signs Standing 2: Drop in DBP from Supine to Standing #7,Comment:,339
Vital Signs Difference: Vital Signs Calculation BP and HR #7,Staff Initials:,339
Vital Signs Standing: Vital Signs Standing BP and HR #7,Systolic mmHg (##0),339
Vital Signs Standing: Vital Signs Standing BP and HR #7,Diastolic mmHg (##0),339
Vital Signs Standing: Vital Signs Standing BP and HR #7,Heart Rate beats/min (##0),339
Vital Signs Standing: Drop in SBP from Supine to Standing #7,Is there a drop in SYSTOLIC BP from supine to standing?,339
Vital Signs Standing 2: Drop in DBP from Supine to Standing #7,Is there a drop in DIASTOLIC BP from supine to standing?,339
Vital Signs Difference: Vital Signs Calculation BP and HR #7,Vital Signs Difference for SYSTOLIC Drop,339
Vital Signs Difference: Vital Signs Calculation BP and HR #7,Systolic Drop mmHg,339
Vital Signs Difference: Vital Signs Calculation BP and HR 2 #7,Staff Initials:,340
Vital Signs Difference: Vital Signs Calculation BP and HR 2 #7,Comment:,340
Vital Signs Standing: Clinical Significance #7,Staff Initials:,340
Vital Signs Standing: Clinical Significance #7,Comment:,340
Vital Signs Standing: Vital Signs Findings #7,Staff Initials:,340
Vital Signs Standing: Vital Signs Findings #7,Comment:,340
Safety: Fasted #2,Staff Initials:,340
Safety: Fasted #2,Comment:,340
Vital Signs Difference: Vital Signs Calculation BP and HR 2 #7,Vital Signs Difference for DIASTOLIC Drop,340
Vital Signs Difference: Vital Signs Calculation BP and HR 2 #7,Diastolic Drop mmHg,340
Vital Signs Standing: Clinical Significance #7,Clinical Assessment of Standing Vital Signs (Medic or Nurse to assess vital signs),340
Safety: Fasted #2,Has the participant fasted for 8 hours?,340
Safety: Haematology #2,Staff Initials:,341
Safety: Haematology #2,Comment:,341
Safety: Haematology Medic Assessment #2,Staff Initials:,341
Safety: Haematology Medic Assessment #2,Comment:,341
Safety: Chemistry #2,Staff Initials:,341
Safety: Chemistry #2,Comment:,341
Safety: Chemistry Medic Assessment #2,Staff Initials:,341
Safety: Chemistry Medic Assessment #2,Comment:,341
Safety: Haematology Medic Assessment #2,Has there been a medic review of the Haematology blood results?,341
Safety: Chemistry Medic Assessment #2,Has there been a medic review of the Clinical Chemistry blood results?,341
Safety: TDL Form Check #2,Staff Initials:,342
Safety: TDL Form Check #2,Comment:,342
PK Samples: PK Plasma #18,Staff Initials:,342
PK Samples: PK Plasma #18,Comment:,342
AE/CM Surveys: AE/CM Check #18,Staff Initials:,342
AE/CM Surveys: AE/CM Check #18,Comment:,342
C-SSRS Assessment: Date of Assessment #1,Staff Initials:,342
C-SSRS Assessment: Date of Assessment #1,Comment:,342
Safety: TDL Form Check #2,Confirm TDL form completed:,342
AE/CM Surveys: AE/CM Check #18,Confirm an AE and Conmed check has been performed (Record any AE and Conmeds if applicable),342
C-SSRS Since Last Visit: 1. Wish to be Dead #1,Staff Initials:,343
C-SSRS Since Last Visit: 1. Wish to be Dead #1,Comment:,343
C-SSRS Since Last Visit: 2. Non-specific Thoughts #1,Staff Initials:,343
C-SSRS Since Last Visit: 2. Non-specific Thoughts #1,Comment:,343
C-SSRS Since Last Visit: 3. Active Ideation No Intent #1,Staff Initials:,344
C-SSRS Since Last Visit: 3. Active Ideation No Intent #1,Comment:,344
C-SSRS Since Last Visit: 4. Active Ideation Some Intent #1,Staff Initials:,344
C-SSRS Since Last Visit: 4. Active Ideation Some Intent #1,Comment:,344
C-SSRS Since Last Visit: 5. Active Ideation Specific Intent #1,Staff Initials:,345
C-SSRS Since Last Visit: 5. Active Ideation Specific Intent #1,Comment:,345
C-SSRS Since Last Visit: 6. Most Severe Ideation #1,Staff Initials:,345
C-SSRS Since Last Visit: 6. Most Severe Ideation #1,Comment:,345
C-SSRS Since Last Visit: 5. Active Ideation Specific Intent #1,5. Active Suicidal Ideation with Specific Plan and Intent Thoughts of killing oneself with details of plan fully or partially worked out and subject has some intent to carry it out. (Have you started to work out or worked out the details of how to kill yourself? Do you intend to carry out this plan?),345
C-SSRS Since Last Visit: 7. Frequency #1,Staff Initials:,346
C-SSRS Since Last Visit: 7. Frequency #1,Comment:,346
C-SSRS Since Last Visit: 8. Duration #1,Staff Initials:,346
C-SSRS Since Last Visit: 8. Duration #1,Comment:,346
C-SSRS Since Last Visit: 9. Controllability #1,Comment:,347
C-SSRS Since Last Visit: 10. Deterrents #1,Staff Initials:,347
C-SSRS Since Last Visit: 10. Deterrents #1,Comment:,347
C-SSRS Since Last Visit: 11. Reasons for Ideation #1,Staff Initials:,348
C-SSRS Since Last Visit: 11. Reasons for Ideation #1,Comment:,348
C-SSRS Since Last Visit: 11. Reasons for Ideation #1,"Reasons for Ideation (What sort of reasons did you have for thinking about wanting to die or killing yourself? Was it to end the pain or stop the way you were feeling (in other words you couldn't go on living with this pain or how you were feeling) or was it to get attention, revenge or a reaction from others?",348
C-SSRS Since Last Visit: 12. Actual Attempt #1,Staff Initials:,349
C-SSRS Since Last Visit: 12. Actual Attempt #1,Comment:,349
C-SSRS Since Last Visit: 12. Total Number of Attempts #1,Staff Initials:,349
C-SSRS Since Last Visit: 12. Total Number of Attempts #1,Comment:,349
C-SSRS Since Last Visit: 12. Actual Attempt #1,"Actual Attempt (Since Last Visit) A potentially self-injurious act committed with at least some wish to die, as a result of act. Behaviour was in part thought of as method to kill oneself. Intent does not have to be 100%. If there is any intent/desire to die associated with the act, then it can be considered an actual suicide attempt. There does not have to be any injury or harm, just the potential for injury or harm. If person pulls trigger while gun is in mouth but gun is broken so no injury results, this is considered an attempt. Inferring Intent: Even if an individual denies intent/wish to die, it may be inferred clinically from the behaviour or circumstances. For example, a highly lethal act that is clearly not an accident so no other intent but suicide can be inferred (e.g. gunshot to head, jumping from window of a high floor/storey). Also, if someone denies intent to die, but they thought that what they did could be lethal, intent maybe inferred. (Have you made a suicide attempt?",349
C-SSRS Since Last Visit: 12. Actual Attempt #1,Have you done anything to harm yourself?,349
C-SSRS Since Last Visit: 13. Has Subject Engaged #1,Staff Initials:,350
C-SSRS Since Last Visit: 13. Has Subject Engaged #1,Comment:,350
C-SSRS Since Last Visit: 14. Interrupted Attempt #1,Staff Initials:,350
C-SSRS Since Last Visit: 14. Interrupted Attempt #1,Comment:,350
C-SSRS Since Last Visit: 14. Total Number of Interrupted #1,Staff Initials:,350
C-SSRS Since Last Visit: 14. Total Number of Interrupted #1,Comment:,350
C-SSRS Since Last Visit: 15. Aborted Attempt #1,Staff Initials:,351
C-SSRS Since Last Visit: 15. Aborted Attempt #1,Comment:,351
C-SSRS Since Last Visit: 15. Total Number of Aborted #1,Staff Initials:,351
C-SSRS Since Last Visit: 15. Total Number of Aborted #1,Comment:,351
C-SSRS Since Last Visit: 16. Preparatory Acts or Behaviour #1,Staff Initials:,352
C-SSRS Since Last Visit: 16. Preparatory Acts or Behaviour #1,Comment:,352
C-SSRS Since Last Visit: 17. Suicidal Behaviour #1,Staff Initials:,352
C-SSRS Since Last Visit: 17. Suicidal Behaviour #1,Comment:,352
C-SSRS Since Last Visit: 18. Suicide #1,Staff Initials:,352
C-SSRS Since Last Visit: 18. Suicide #1,Comment:,352
C-SSRS Since Last Visit: 17. Suicidal Behaviour #1,Suicidal Behaviour (Since Last Visit) Suicidal behaviour was present during the assessment period?,352
C-SSRS Since Last Visit: 19. Most Lethal Attempt Date #1,Staff Initials:,353
C-SSRS Since Last Visit: 19. Most Lethal Attempt Date #1,Comment:,353
C-SSRS Since Last Visit: 19. Actual Lethality Most Lethal Attempt #1,Staff Initials:,353
C-SSRS Since Last Visit: 19. Actual Lethality Most Lethal Attempt #1,Comment:,353
C-SSRS Since Last Visit: 19. Potential Lethality Most Lethal Attempt #1,Staff Initials:,354
C-SSRS Since Last Visit: 19. Potential Lethality Most Lethal Attempt #1,Comment:,354
Targeted Physical Examination Findings: Require Targeted PE? #2,Staff Initials:,354
Targeted Physical Examination Findings: Require Targeted PE? #2,Comment:,354
Targeted Physical Examination Findings: Any clinically significant abnormal,Staff Initials:,354
Targeted Physical Examination Findings: Any clinically significant abnormal,Comment:,354
Targeted Physical Examination Findings: Physical Examination Category #2,Staff Initials:,354
Targeted Physical Examination Findings: Require Targeted PE? #2,Targeted Physical Examination: Does the participant require a targeted physical examination?,354
Targeted Physical Examination Findings: Any clinically significant abnormal,"If yes, were there any clinically significant abnormal findings?",354
Targeted Physical Examination Findings: Physical Examination Category #2,Physical Examination Category,354
Targeted Physical Examination Findings: Physical Examination Category #2,Comment:,355
Targeted Physical Examination Findings: Findings #2,Staff Initials:,355
Targeted Physical Examination Findings: Findings #2,Comment:,355
Neurological Examination: Neurological Examination Performed? #1,Staff Initials:,356
Neurological Examination: Neurological Examination Performed? #1,Comment:,356
Neurological Examination: Mental Status #1,Staff Initials:,356
Neurological Examination: Mental Status #1,Comment:,356
Neurological Examination: Cranial Nerves #1,Staff Initials:,356
Neurological Examination: Cranial Nerves #1,Comment:,356
Neurological Examination: Neurological Examination Performed? #1,Was a neurological examination performed?,356
Neurological Examination: Motor Systems #1,Staff Initials:,357
Neurological Examination: Motor Systems #1,Comment:,357
Neurological Examination: Reflexes #1,Staff Initials:,357
Neurological Examination: Reflexes #1,Comment:,357
Neurological Examination: Sensory System #1,Staff Initials:,358
Neurological Examination: Sensory System #1,Comment:,358
Neurological Examination: Co-ordination #1,Staff Initials:,358
Neurological Examination: Co-ordination #1,Comment:,358
Neurological Examination: Station and Gait #1,Staff Initials:,359
Neurological Examination: Station and Gait #1,Comment:,359
Neurological Examination: Findings #1,Staff Initials:,359
Neurological Examination: Findings #1,Comment:,359
Discharge Procedures: Trial Participation Card #1,Staff Initials:,359
Discharge Procedures: Trial Participation Card #1,Comment:,359
Discharge Procedures: ICF in Volunteer Folder #1,Staff Initials:,359
Discharge Procedures: ICF in Volunteer Folder #1,Comment:,359
Discharge Procedures: Trial Participation Card #1,Confirm participant has been provided with a Trial Participation Card,359
Discharge Procedures: ICF in Volunteer Folder #1,"Is the signed copy of the participant's ICF present in their volunteer folder? (If 'No', escalate immediately)",359
Discharge Procedures: Bag Search #1,Comment:,360
Discharge Procedures: Informed of Restrictions #1,Staff Initials:,360
Discharge Procedures: Informed of Restrictions #1,Comment:,360
Discharge Procedures: AE Discharge Question #1,Staff Initials:,360
Discharge Procedures: AE Discharge Question #1,Comment:,360
Discharge Procedures: Bag Search #1,Bag search performed?,360
Discharge Procedures: Informed of Restrictions #1,"Has volunteer been reminded of the restrictions, below?",360
Discharge Procedures: AE Discharge Question #1,Have there been any Adverse Events throughout study duration?,360
Discharge Procedures: Discharge by Clinic #1,Staff Initials:,361
Discharge Procedures: Discharge by Clinic #1,Comment:,361
Discharge Procedures: Discharge by Medic #1,Staff Initials:,361
Discharge Procedures: Discharge by Medic #1,Comment:,361
Pre-dose Triplicate ECG 1: 12 Lead Standard #1,Staff Initials:,361
Discharge Procedures: Discharge by Clinic #1,Confirm that all discharge procedures have been completed and the participant is safe to be discharged.,361
Discharge Procedures: Discharge by Medic #1,"As participant has had AE(s) on the study, Medic to confirm that all discharge procedures have been completed and the participant is safe to be discharged.",361
Pre-dose Triplicate ECG 1: ECG Rhythm Assess/Interpretation #1,Staff Initials:,362
Pre-dose Triplicate ECG 1: ECG Rhythm Assess/Interpretation #1,Comment:,362
Pre-dose Triplicate ECG 1: ECG Significance #1,Staff Initials:,362
Pre-dose Triplicate ECG 1: ECG Significance #1,Comment:,362
Pre-dose Triplicate ECG 1: ECG Findings #1,Staff Initials:,362
Pre-dose Triplicate ECG 1: ECG Findings #1,Comment:,362
Pre-dose Triplicate ECG 1: ECG Findings inc Rhythm #1,Staff Initials:,363
Pre-dose Triplicate ECG 1: ECG Findings inc Rhythm #1,Comment:,363
Pre-dose Triplicate ECG 2: 12 Lead Standard #1,Staff Initials:,363
Pre-dose Triplicate ECG 2: 12 Lead Standard #1,Comment:,363
Pre-dose Triplicate ECG 2: ECG Rhythm Assess/Interpretation #1,Staff Initials:,364
Pre-dose Triplicate ECG 2: ECG Rhythm Assess/Interpretation #1,Comment:,364
Pre-dose Triplicate ECG 2: ECG Significance #1,Staff Initials:,364
Pre-dose Triplicate ECG 2: ECG Significance #1,Comment:,364
Pre-dose Triplicate ECG 2: ECG Findings #1,Staff Initials:,364
Pre-dose Triplicate ECG 2: ECG Findings #1,Comment:,364
Pre-dose Triplicate ECG 2: ECG Findings inc Rhythm #1,Staff Initials:,364
Pre-dose Triplicate ECG 3: 12 Lead Standard #1,Staff Initials:,365
Pre-dose Triplicate ECG 3: 12 Lead Standard #1,Comment:,365
Pre-dose Triplicate ECG 3: ECG Rhythm Assess/Interpretation #1,Staff Initials:,365
Pre-dose Triplicate ECG 3: ECG Rhythm Assess/Interpretation #1,Comment:,365
Pre-dose Triplicate ECG 3: ECG Significance #1,Comment:,366
Pre-dose Triplicate ECG 3: ECG Findings #1,Staff Initials:,366
Pre-dose Triplicate ECG 3: ECG Findings #1,Comment:,366
Pre-dose Triplicate ECG 3: ECG Findings inc Rhythm #1,Staff Initials:,366
Pre-dose Triplicate ECG 3: ECG Findings inc Rhythm #1,Comment:,366
Mean Values: Pre-dose Mean values #1,Staff Initials:,366
Mean Values: Pre-dose Mean values #1,Comment:,366
Mean Values: Pre-dose Mean values #1,Withdraw if - QT interval corrected for heart rate using Fridericia’s formula (QTcF) >450 msec,366
Mean Values: Pre-dose Mean values #1,"for male participants or >470 msec for female participants, QRS interval >120 msec, or PR interval >200 msec",366
ECG Difference: Baseline values #1,Staff Initials:,367
ECG Difference: Baseline values #1,Comment:,367
Pre-dose Vital Signs: Vital Signs Supine Full Set #1,Staff Initials:,367
Pre-dose Vital Signs: Vital Signs Supine Full Set #1,Comment:,367
Pre-dose Vital Signs: Clinical Significance #1,Staff Initials:,367
Pre-dose Vital Signs: Clinical Significance #1,Comment:,367
Pre-dose Vital Signs: Vital Signs Supine Full Set #1,Systolic mmHg (##0),367
Pre-dose Vital Signs: Vital Signs Supine Full Set #1,Diastolic mmHg (##0),367
Pre-dose Vital Signs: Vital Signs Supine Full Set #1,Heart Rate beats/min (##0),367
Pre-dose Vital Signs: Vital Signs Supine Full Set #1,Respiratory Rate breaths/mi (##0),367
Pre-dose Vital Signs: Vital Signs Supine Full Set #1,Oral Temperature - Degrees Celsius _ _. _ C,367
Pre-dose Vital Signs: Vital Signs Findings #1,Comment:,368
Pre-dose Vital Signs Standing: Vital Signs Standing BP and HR #1,Staff Initials:,368
Pre-dose Vital Signs Standing: Vital Signs Standing BP and HR #1,Comment:,368
Pre-dose Vital Signs Standing: Drop in BP from Supine to Standing #1,Staff Initials:,368
Pre-dose Vital Signs Standing: Drop in BP from Supine to Standing #1,Comment:,368
Pre-dose Vital Signs Standing 2: Drop in BP from Supine to Standing #1,Staff Initials:,368
Pre-dose Vital Signs Standing 2: Drop in BP from Supine to Standing #1,Comment:,368
Pre-dose Vital Signs Standing: Vital Signs Standing BP and HR #1,Systolic mmHg (##0),368
Pre-dose Vital Signs Standing: Vital Signs Standing BP and HR #1,Diastolic mmHg (##0),368
Pre-dose Vital Signs Standing: Vital Signs Standing BP and HR #1,Heart Rate beats/min (##0),368
Pre-dose Vital Signs Standing: Drop in BP from Supine to Standing #1,PRE-DOSE - Is there a drop in SYSTOLIC BP from supine to standing?,368
Pre-dose Vital Signs Standing 2: Drop in BP from Supine to Standing #1,PRE-DOSE - Is there a drop in DIASTOLIC BP from supine to standing?,368
Pre-dose Vital Signs Difference: Vital Signs Calculation BP and HR #1,PRE-DOSE - Vital Signs Difference for SYSTOLIC Drop,368
Pre-dose Vital Signs Difference: Vital Signs Calculation BP and HR #1,Comment:,369
Pre-dose Vital Signs Difference: Vital Signs Calculation BP and HR 2 #1,Staff Initials:,369
Pre-dose Vital Signs Difference: Vital Signs Calculation BP and HR 2 #1,Comment:,369
Pre-dose Vital Signs Standing: Clinical Significance #1,Staff Initials:,369
Pre-dose Vital Signs Standing: Clinical Significance #1,Comment:,369
Pre-dose Vital Signs Standing: Vital Signs Findings #1,Staff Initials:,369
Pre-dose Vital Signs Standing: Vital Signs Findings #1,Comment:,369
PK Samples: PK Plasma #1,Staff Initials:,369
PK Samples: PK Plasma #1,Comment:,369
Pre-dose Vital Signs Difference: Vital Signs Calculation BP and HR #1,Systolic mmHg,369
Pre-dose Vital Signs Difference: Vital Signs Calculation BP and HR 2 #1,PRE-DOSE - Vital Signs Difference for DIASTOLIC Drop,369
Pre-dose Vital Signs Difference: Vital Signs Calculation BP and HR 2 #1,Diastolic mmHg,369
AE/CM Surveys: AE/CM Check #1,Comment:,370
Exposure: Dosing Eligibility Continues #1,Staff Initials:,370
Exposure: Dosing Eligibility Continues #1,Comment:,370
Exposure x: Prandial state #1,Staff Initials:,370
Exposure x: Prandial state #1,Comment:,370
Exposure x: Fasted for 10 hours for Breakfast #1,Staff Initials:,370
Exposure x: Fasted for 10 hours for Breakfast #1,Comment:,370
Meals: Start Breakfast #1,Staff Initials:,370
Meals: Start Breakfast #1,Comment:,370
AE/CM Surveys: AE/CM Check #1,Confirm an AE and Conmed check has been performed (Record any AE and Conmeds if applicable),370
Exposure: Dosing Eligibility Continues #1,I confirm that the participant continues to be eligible to participate in this clinical study.,370
Exposure x: Fasted for 10 hours for Breakfast #1,Has the participant fasted for 10 hours prior to breakfast?,370
Meals: End Breakfast #1,Comment:,371
Meals: Amount Consumed (Breakfast) #1,Staff Initials:,371
Meals: Amount Consumed (Breakfast) #1,Comment:,371
Meals: Not eaten #1,Staff Initials:,371
Meals: Not eaten #1,Comment:,371
Meals: PI Check #1,Staff Initials:,371
Meals: PI Check #1,Comment:,371
Exposure: Volunteer ID Check #1,Staff Initials:,371
Exposure: Volunteer ID Check #1,Comment:,371
Exposure: Panel Number Check #1,Comment:,372
Exposure: Participant Number Check #1,Staff Initials:,372
Exposure: Participant Number Check #1,Comment:,372
Exposure: Has the participant refrained from water #1,Staff Initials:,372
Exposure: Has the participant refrained from water #1,Comment:,372
Exposure: Fasted for 10 hours for Dosing #1,Staff Initials:,372
Exposure: Fasted for 10 hours for Dosing #1,Comment:,372
Exposure: Consumed breakfast #1,Staff Initials:,372
Exposure: Consumed breakfast #1,Comment:,372
Exposure: Participant Number Check #1,Check the participant number in eSource matches the Instruction to Dispense and Dose,372
Exposure: Has the participant refrained from water #1,Has the participant refrained from drinking water for at least 1 hour prior to dosing?,372
Exposure: Fasted for 10 hours for Dosing #1,Has the participant fasted for 10 hours prior to dosing?,372
Exposure: Consumed breakfast #1,"Has the participant consumed breakfast per the protocol requirements, over 20 minutes and the full meal?",372
Exposure: Predose Blood Draw #1,Comment:,373
Exposure: Predose Procedure Check #1,Staff Initials:,373
Exposure: Predose Procedure Check #1,Comment:,373
Exposure: Dose Eligibility Check #1,Staff Initials:,373
Exposure: Dose Eligibility Check #1,Comment:,373
Exposure: Predose Blood Draw #1,Pre dose blood draws for PK sample taken?,373
Exposure: Predose Procedure Check #1,Have all required pre dose procedures been completed?,373
Exposure: Dose Eligibility Check #1,Is the participant eligible to dose?,373
Exposure: Subject/regimen #1,Staff Initials:,374
Exposure: Subject/regimen #1,Comment:,374
Exposure: Product label check #1,Staff Initials:,374
Exposure: Product label check #1,Comment:,374
Exposure: Final Check #1,Staff Initials:,374
Exposure: Final Check #1,Comment:,374
Exposure: Dose #1,Staff Initials:,374
Exposure: Dose #1,Comment:,374
Exposure: Product label check #1,Does the Product label match the Instruction to Dispense and Dose?,374
Exposure: Final Check #1,"Final check performed (5 R’s of dosing, Jones 2009 – right participant, right drug, right dose, right route, right time)",374
Exposure: Dose #1,Time of administration of study treatment,374
Exposure: Post Administration Water #1,Comment:,375
Exposure: Hand and Mouth Check #1,Staff Initials:,375
Exposure: Hand and Mouth Check #1,Comment:,375
Exposure: Reminder to refrain from water #1,Staff Initials:,375
Exposure: Reminder to refrain from water #1,Comment:,375
Exposure x: Reminder to minimise sunlight exposure #1,Staff Initials:,375
Exposure x: Reminder to minimise sunlight exposure #1,Comment:,375
Exposure: Post Administration Water #1,Has the participant been provided with 240 mL of water?,375
Exposure: Hand and Mouth Check #1,Has a hand and mouth check been performed?,375
Exposure: Reminder to refrain from water #1,Has the participant been reminded to refrain from water for 2 hours post-dose?,375
Exposure x: Reminder to minimise sunlight exposure #1,Has the participant been advised to minimise exposure to sunlight from dosing for at least 7 days post final dose?,375
Exposure: Witness Check #1,Staff Initials:,376
Exposure: Witness Check #1,Comment:,376
System: Available #1,Staff Initials:,376
System: Available #1,Comment:,376
PK Samples: PK Plasma #2,Staff Initials:,376
PK Samples: PK Plasma #2,Comment:,376
AE/CM Surveys: AE/CM Check #2,Staff Initials:,376
AE/CM Surveys: AE/CM Check #2,Comment:,376
PK Samples: PK Plasma #3,Staff Initials:,376
PK Samples: PK Plasma #3,Comment:,376
AE/CM Surveys: AE/CM Check #3,Staff Initials:,376
Exposure: Witness Check #1,Confirm dosing is complete (Operator to complete (switch user)),376
System: Available #1,What is the status of the subject?,376
AE/CM Surveys: AE/CM Check #2,Confirm an AE and Conmed check has been performed (Record any AE and Conmeds if applicable),376
AE/CM Surveys: AE/CM Check #3,Confirm an AE and Conmed check has been performed (Record any AE and Conmeds if applicable),376
Stanford Sleepiness Scale: Stanford Sleepiness Scale Date #1,Staff Initials:,377
Stanford Sleepiness Scale: Stanford Sleepiness Scale Date #1,Comment:,377
Stanford Sleepiness Scale: Degree of Sleepiness #1,Staff Initials:,377
Stanford Sleepiness Scale: Degree of Sleepiness #1,Comment:,377
ECG: 12 Lead Standard #1,Exclude if - QT interval corrected for heart rate using Fridericia’s formula (QTcF) >450 msec for,377
ECG: 12 Lead Standard #1,"male participants or >470 msec for female participants, QRS interval >120 msec, or PR interval >200 msec. (Supine for a minimum 3 minutes)",377
ECG: 12 Lead Standard #1,Comment:,378
ECG: ECG Rhythm Assess/Interpretation #1,Staff Initials:,378
ECG: ECG Rhythm Assess/Interpretation #1,Comment:,378
ECG: ECG Significance #1,Staff Initials:,379
ECG: ECG Significance #1,Comment:,379
ECG: ECG Findings #1,Staff Initials:,379
ECG: ECG Findings #1,Comment:,379
ECG: ECG Findings inc Rhythm #1,Staff Initials:,379
ECG: ECG Findings inc Rhythm #1,Comment:,379
ECG Difference: ECG Difference Calculation #1,Staff Initials:,379
ECG Difference: ECG Difference Calculation #1,Comment:,379
PK Samples: PK Plasma #4,Staff Initials:,379
PK Samples: PK Plasma #4,Comment:,379
ECG Difference: ECG Difference Calculation #1,ECG Difference Calculation - a participant will be withdrawn where there is an increase in QTcF interval of >60 msec from baseline (confirmed following a repeat ECG),379
AE/CM Surveys: AE/CM Check #4,Comment:,380
Exposure: Provided with water #1,Staff Initials:,380
Exposure: Provided with water #1,Comment:,380
Stanford Sleepiness Scale: Stanford Sleepiness Scale Date #2,Staff Initials:,380
Stanford Sleepiness Scale: Stanford Sleepiness Scale Date #2,Comment:,380
Stanford Sleepiness Scale: Degree of Sleepiness #2,Staff Initials:,380
AE/CM Surveys: AE/CM Check #4,Confirm an AE and Conmed check has been performed (Record any AE and Conmeds if applicable),380
Exposure: Provided with water #1,Has the participant been provided with water 2 hrs post-dose?,380
Stanford Sleepiness Scale: Degree of Sleepiness #2,Comment:,381
Targeted Physical Examination Findings: Require Targeted PE? #1,Staff Initials:,381
Targeted Physical Examination Findings: Require Targeted PE? #1,Comment:,381
Targeted Physical Examination Findings: Any clinically significant abnormal,Staff Initials:,381
Targeted Physical Examination Findings: Any clinically significant abnormal,Comment:,381
Targeted Physical Examination Findings: Physical Examination Category #1,Staff Initials:,381
Targeted Physical Examination Findings: Require Targeted PE? #1,Targeted Physical Examination: Does the participant require a targeted physical examination?,381
Targeted Physical Examination Findings: Any clinically significant abnormal,"If yes, were there any clinically significant abnormal findings?",381
Targeted Physical Examination Findings: Physical Examination Category #1,Physical Examination Category,381
Targeted Physical Examination Findings: Physical Examination Category #1,Comment:,382
Targeted Physical Examination Findings: Findings #1,Staff Initials:,382
Targeted Physical Examination Findings: Findings #1,Comment:,382
Targeted Neurological Examination: Require Targeted NE? #1,Staff Initials:,383
Targeted Neurological Examination: Require Targeted NE? #1,Comment:,383
Targeted Neurological Examination: Any clinically significant abnormal,Staff Initials:,383
Targeted Neurological Examination: Any clinically significant abnormal,Comment:,383
Targeted Neurological Examination: Neurological Examination Category #1,Staff Initials:,383
Targeted Neurological Examination: Require Targeted NE? #1,"If yes, please specify the reason)",383
Targeted Neurological Examination: Any clinically significant abnormal,"If yes, were there any clinically significant abnormal findings?",383
Targeted Neurological Examination: Neurological Examination Category #1,Targeted Neurological Examination Category,383
Targeted Neurological Examination: Neurological Examination Category #1,Comment:,384
Targeted Neurological Examination: Findings #1,Staff Initials:,384
Targeted Neurological Examination: Findings #1,Comment:,384
Vital Signs: Vital Signs Supine Full Set #1,Staff Initials:,384
Vital Signs: Vital Signs Supine Full Set #1,Comment:,384
Vital Signs: Vital Signs Supine Full Set #1,Systolic mmHg (##0),384
Vital Signs: Vital Signs Supine Full Set #1,Diastolic mmHg (##0),384
Vital Signs: Vital Signs Supine Full Set #1,Heart Rate beats/min (##0),384
Vital Signs: Vital Signs Supine Full Set #1,Respiratory Rate breaths/mi (##0),384
Vital Signs: Vital Signs Supine Full Set #1,Oral Temperature - Degrees Celsius _ _. _ C,384
Vital Signs: Clinical Significance #1,Staff Initials:,385
Vital Signs: Clinical Significance #1,Comment:,385
Vital Signs: Vital Signs Findings #1,Staff Initials:,385
Vital Signs: Vital Signs Findings #1,Comment:,385
Vital Signs Standing: Vital Signs Standing BP and HR #1,Staff Initials:,385
Vital Signs Standing: Vital Signs Standing BP and HR #1,Comment:,385
Vital Signs: Clinical Significance #1,Clinical Assessment of Vital Signs (Medic or Nurse to assess vital signs),385
Vital Signs Standing: Vital Signs Standing BP and HR #1,Systolic mmHg (##0),385
Vital Signs Standing: Vital Signs Standing BP and HR #1,Diastolic mmHg (##0),385
Vital Signs Standing: Vital Signs Standing BP and HR #1,Heart Rate beats/min (##0),385
Vital Signs Standing: Drop in SBP from Supine to Standing #1,Staff Initials:,386
Vital Signs Standing: Drop in SBP from Supine to Standing #1,Comment:,386
Vital Signs Standing 2: Drop in DBP from Supine to Standing #1,Staff Initials:,386
Vital Signs Standing 2: Drop in DBP from Supine to Standing #1,Comment:,386
Vital Signs Difference: Vital Signs Calculation BP and HR #1,Staff Initials:,386
Vital Signs Difference: Vital Signs Calculation BP and HR #1,Comment:,386
Vital Signs Difference: Vital Signs Calculation BP and HR 2 #1,Staff Initials:,386
Vital Signs Difference: Vital Signs Calculation BP and HR 2 #1,Comment:,386
Vital Signs Standing: Drop in SBP from Supine to Standing #1,Is there a drop in SYSTOLIC BP from supine to standing?,386
Vital Signs Standing 2: Drop in DBP from Supine to Standing #1,Is there a drop in DIASTOLIC BP from supine to standing?,386
Vital Signs Difference: Vital Signs Calculation BP and HR #1,Vital Signs Difference for SYSTOLIC Drop,386
Vital Signs Difference: Vital Signs Calculation BP and HR #1,Systolic Drop mmHg,386
Vital Signs Difference: Vital Signs Calculation BP and HR 2 #1,Vital Signs Difference for DIASTOLIC Drop,386
Vital Signs Difference: Vital Signs Calculation BP and HR 2 #1,Diastolic Drop mmHg,386
Vital Signs Standing: Clinical Significance #1,Clinical Assessment of Standing Vital Signs (Medic or Nurse to assess vital signs),386
Vital Signs Standing: Clinical Significance #1,Comment:,387
Vital Signs Standing: Vital Signs Findings #1,Staff Initials:,387
Vital Signs Standing: Vital Signs Findings #1,Comment:,387
PK Samples: PK Plasma #5,Staff Initials:,387
PK Samples: PK Plasma #5,Comment:,387
AE/CM Surveys: AE/CM Check #5,Staff Initials:,387
AE/CM Surveys: AE/CM Check #5,Comment:,387
Meals: Confirm Lunch #1,Staff Initials:,387
Meals: Confirm Lunch #1,Comment:,387
AE/CM Surveys: AE/CM Check #5,Confirm an AE and Conmed check has been performed (Record any AE and Conmeds if applicable),387
Meals: Confirm Lunch #1,Confirm Lunch Provided,387
PK Samples: PK Plasma #6,Staff Initials:,388
PK Samples: PK Plasma #6,Comment:,388
AE/CM Surveys: AE/CM Check #6,Staff Initials:,388
AE/CM Surveys: AE/CM Check #6,Comment:,388
PK Samples: PK Plasma #7,Staff Initials:,388
PK Samples: PK Plasma #7,Comment:,388
AE/CM Surveys: AE/CM Check #7,Staff Initials:,388
AE/CM Surveys: AE/CM Check #7,Comment:,388
PK Samples: PK Plasma #8,Staff Initials:,388
PK Samples: PK Plasma #8,Comment:,388
AE/CM Surveys: AE/CM Check #8,Staff Initials:,388
AE/CM Surveys: AE/CM Check #8,Comment:,388
AE/CM Surveys: AE/CM Check #6,Confirm an AE and Conmed check has been performed (Record any AE and Conmeds if applicable),388
AE/CM Surveys: AE/CM Check #7,Confirm an AE and Conmed check has been performed (Record any AE and Conmeds if applicable),388
AE/CM Surveys: AE/CM Check #8,Confirm an AE and Conmed check has been performed (Record any AE and Conmeds if applicable),388
Vital Signs: Vital Signs Supine Full Set #2,Comment:,389
Vital Signs: Clinical Significance #2,Staff Initials:,389
Vital Signs: Clinical Significance #2,Comment:,389
Vital Signs: Vital Signs Findings #2,Staff Initials:,389
Vital Signs: Vital Signs Findings #2,Comment:,389
Vital Signs Standing: Vital Signs Standing BP and HR #2,Staff Initials:,389
Vital Signs: Vital Signs Supine Full Set #2,Systolic mmHg (##0),389
Vital Signs: Vital Signs Supine Full Set #2,Diastolic mmHg (##0),389
Vital Signs: Vital Signs Supine Full Set #2,Heart Rate beats/min (##0),389
Vital Signs: Vital Signs Supine Full Set #2,Respiratory Rate breaths/mi (##0),389
Vital Signs: Vital Signs Supine Full Set #2,Oral Temperature - Degrees Celsius _ _. _ C,389
Vital Signs: Clinical Significance #2,Clinical Assessment of Vital Signs (Medic or Nurse to assess vital signs),389
Vital Signs Standing: Vital Signs Standing BP and HR #2,Comment:,390
Vital Signs Standing: Drop in SBP from Supine to Standing #2,Staff Initials:,390
Vital Signs Standing: Drop in SBP from Supine to Standing #2,Comment:,390
Vital Signs Standing 2: Drop in DBP from Supine to Standing #2,Staff Initials:,390
Vital Signs Standing 2: Drop in DBP from Supine to Standing #2,Comment:,390
Vital Signs Difference: Vital Signs Calculation BP and HR #2,Staff Initials:,390
Vital Signs Difference: Vital Signs Calculation BP and HR #2,Comment:,390
Vital Signs Standing: Vital Signs Standing BP and HR #2,Systolic mmHg (##0),390
Vital Signs Standing: Vital Signs Standing BP and HR #2,Diastolic mmHg (##0),390
Vital Signs Standing: Vital Signs Standing BP and HR #2,Heart Rate beats/min (##0),390
Vital Signs Standing: Drop in SBP from Supine to Standing #2,Is there a drop in SYSTOLIC BP from supine to standing?,390
Vital Signs Standing 2: Drop in DBP from Supine to Standing #2,Is there a drop in DIASTOLIC BP from supine to standing?,390
Vital Signs Difference: Vital Signs Calculation BP and HR #2,Vital Signs Difference for SYSTOLIC Drop,390
Vital Signs Difference: Vital Signs Calculation BP and HR #2,Systolic Drop mmHg,390
Vital Signs Difference: Vital Signs Calculation BP and HR 2 #2,Staff Initials:,391
Vital Signs Difference: Vital Signs Calculation BP and HR 2 #2,Comment:,391
Vital Signs Standing: Clinical Significance #2,Staff Initials:,391
Vital Signs Standing: Clinical Significance #2,Comment:,391
Vital Signs Standing: Vital Signs Findings #2,Staff Initials:,391
Vital Signs Standing: Vital Signs Findings #2,Comment:,391
PK Samples: PK Plasma #9,Staff Initials:,391
PK Samples: PK Plasma #9,Comment:,391
AE/CM Surveys: AE/CM Check #9,Staff Initials:,391
Vital Signs Difference: Vital Signs Calculation BP and HR 2 #2,Vital Signs Difference for DIASTOLIC Drop,391
Vital Signs Difference: Vital Signs Calculation BP and HR 2 #2,Diastolic Drop mmHg,391
Vital Signs Standing: Clinical Significance #2,Clinical Assessment of Standing Vital Signs (Medic or Nurse to assess vital signs),391
AE/CM Surveys: AE/CM Check #9,Confirm an AE and Conmed check has been performed (Record any AE and Conmeds if applicable),391
Stanford Sleepiness Scale: Stanford Sleepiness Scale Date #3,Staff Initials:,392
Stanford Sleepiness Scale: Stanford Sleepiness Scale Date #3,Comment:,392
Stanford Sleepiness Scale: Degree of Sleepiness #3,Staff Initials:,392
Stanford Sleepiness Scale: Degree of Sleepiness #3,Comment:,392
PK Samples: PK Plasma #10,Staff Initials:,392
PK Samples: PK Plasma #10,Comment:,392
AE/CM Surveys: AE/CM Check #10,Staff Initials:,393
AE/CM Surveys: AE/CM Check #10,Comment:,393
Vital Signs: Vital Signs Supine Full Set #3,Staff Initials:,393
Vital Signs: Vital Signs Supine Full Set #3,Comment:,393
Vital Signs: Clinical Significance #3,Staff Initials:,393
Vital Signs: Clinical Significance #3,Comment:,393
AE/CM Surveys: AE/CM Check #10,Confirm an AE and Conmed check has been performed (Record any AE and Conmeds if applicable),393
Vital Signs: Vital Signs Supine Full Set #3,Systolic mmHg (##0),393
Vital Signs: Vital Signs Supine Full Set #3,Diastolic mmHg (##0),393
Vital Signs: Vital Signs Supine Full Set #3,Heart Rate beats/min (##0),393
Vital Signs: Vital Signs Supine Full Set #3,Respiratory Rate breaths/mi (##0),393
Vital Signs: Vital Signs Supine Full Set #3,Oral Temperature - Degrees Celsius _ _. _ C,393
Vital Signs: Clinical Significance #3,Clinical Assessment of Vital Signs (Medic or Nurse to assess vital signs),393
Vital Signs: Vital Signs Findings #3,Staff Initials:,394
Vital Signs: Vital Signs Findings #3,Comment:,394
Vital Signs Standing: Vital Signs Standing BP and HR #3,Staff Initials:,394
Vital Signs Standing: Vital Signs Standing BP and HR #3,Comment:,394
Vital Signs Standing: Drop in SBP from Supine to Standing #3,Staff Initials:,394
Vital Signs Standing: Drop in SBP from Supine to Standing #3,Comment:,394
Vital Signs Standing 2: Drop in DBP from Supine to Standing #3,Staff Initials:,394
Vital Signs Standing: Vital Signs Standing BP and HR #3,Systolic mmHg (##0),394
Vital Signs Standing: Vital Signs Standing BP and HR #3,Diastolic mmHg (##0),394
Vital Signs Standing: Vital Signs Standing BP and HR #3,Heart Rate beats/min (##0),394
Vital Signs Standing: Drop in SBP from Supine to Standing #3,Is there a drop in SYSTOLIC BP from supine to standing?,394
Vital Signs Standing 2: Drop in DBP from Supine to Standing #3,Is there a drop in DIASTOLIC BP from supine to standing?,394
Vital Signs Difference: Vital Signs Calculation BP and HR #3,Staff Initials:,395
Vital Signs Difference: Vital Signs Calculation BP and HR #3,Comment:,395
Vital Signs Difference: Vital Signs Calculation BP and HR 2 #3,Staff Initials:,395
Vital Signs Difference: Vital Signs Calculation BP and HR 2 #3,Comment:,395
Vital Signs Standing: Clinical Significance #3,Staff Initials:,395
Vital Signs Standing: Clinical Significance #3,Comment:,395
Vital Signs Standing: Vital Signs Findings #3,Staff Initials:,395
Vital Signs Standing: Vital Signs Findings #3,Comment:,395
Vital Signs Difference: Vital Signs Calculation BP and HR #3,Vital Signs Difference for SYSTOLIC Drop,395
Vital Signs Difference: Vital Signs Calculation BP and HR #3,Systolic Drop mmHg,395
Vital Signs Difference: Vital Signs Calculation BP and HR 2 #3,Vital Signs Difference for DIASTOLIC Drop,395
Vital Signs Difference: Vital Signs Calculation BP and HR 2 #3,Diastolic Drop mmHg,395
Vital Signs Standing: Clinical Significance #3,Clinical Assessment of Standing Vital Signs (Medic or Nurse to assess vital signs),395
PK Samples: PK Plasma #11,Staff Initials:,396
PK Samples: PK Plasma #11,Comment:,396
AE/CM Surveys: AE/CM Check #11,Staff Initials:,396
AE/CM Surveys: AE/CM Check #11,Comment:,396
Meals: Confirm Dinner #1,Staff Initials:,396
Meals: Confirm Dinner #1,Comment:,396
ECG: 12 Lead Standard #2,Staff Initials:,396
AE/CM Surveys: AE/CM Check #11,Confirm an AE and Conmed check has been performed (Record any AE and Conmeds if applicable),396
Meals: Confirm Dinner #1,Confirm Dinner Provided,396
ECG: 12 Lead Standard #2,Exclude if - QT interval corrected for heart rate using Fridericia’s formula (QTcF) >450 msec for,396
ECG: 12 Lead Standard #2,"male participants or >470 msec for female participants, QRS interval >120 msec, or PR interval >200 msec. (Supine for a minimum 3 minutes)",396
ECG: 12 Lead Standard #2,Comment:,397
ECG: ECG Rhythm Assess/Interpretation #2,Staff Initials:,397
ECG: ECG Rhythm Assess/Interpretation #2,Comment:,397
ECG: ECG Significance #2,Staff Initials:,397
ECG: ECG Significance #2,Comment:,397
ECG: ECG Findings #2,Staff Initials:,397
ECG: ECG Findings #2,Comment:,397
ECG: ECG Findings inc Rhythm #2,Comment:,398
ECG Difference: ECG Difference Calculation #2,Staff Initials:,398
ECG Difference: ECG Difference Calculation #2,Comment:,398
Vital Signs: Vital Signs Supine Full Set #4,Staff Initials:,398
Vital Signs: Vital Signs Supine Full Set #4,Comment:,398
ECG Difference: ECG Difference Calculation #2,ECG Difference Calculation - a participant will be withdrawn where there is an increase in QTcF interval of >60 msec from baseline (confirmed following a repeat ECG),398
Vital Signs: Vital Signs Supine Full Set #4,Systolic mmHg (##0),398
Vital Signs: Vital Signs Supine Full Set #4,Diastolic mmHg (##0),398
Vital Signs: Vital Signs Supine Full Set #4,Heart Rate beats/min (##0),398
Vital Signs: Vital Signs Supine Full Set #4,Respiratory Rate breaths/mi (##0),398
Vital Signs: Vital Signs Supine Full Set #4,Oral Temperature - Degrees Celsius _ _. _ C,398
Vital Signs: Clinical Significance #4,Staff Initials:,399
Vital Signs: Clinical Significance #4,Comment:,399
Vital Signs: Vital Signs Findings #4,Staff Initials:,399
Vital Signs: Vital Signs Findings #4,Comment:,399
Vital Signs Standing: Vital Signs Standing BP and HR #4,Staff Initials:,399
Vital Signs Standing: Vital Signs Standing BP and HR #4,Comment:,399
Vital Signs: Clinical Significance #4,Clinical Assessment of Vital Signs (Medic or Nurse to assess vital signs),399
Vital Signs Standing: Vital Signs Standing BP and HR #4,Systolic mmHg (##0),399
Vital Signs Standing: Vital Signs Standing BP and HR #4,Diastolic mmHg (##0),399
Vital Signs Standing: Vital Signs Standing BP and HR #4,Heart Rate beats/min (##0),399
Vital Signs Standing: Drop in SBP from Supine to Standing #4,Staff Initials:,400
Vital Signs Standing: Drop in SBP from Supine to Standing #4,Comment:,400
Vital Signs Standing 2: Drop in DBP from Supine to Standing #4,Staff Initials:,400
Vital Signs Standing 2: Drop in DBP from Supine to Standing #4,Comment:,400
Vital Signs Difference: Vital Signs Calculation BP and HR #4,Staff Initials:,400
Vital Signs Difference: Vital Signs Calculation BP and HR #4,Comment:,400
Vital Signs Difference: Vital Signs Calculation BP and HR 2 #4,Staff Initials:,400
Vital Signs Difference: Vital Signs Calculation BP and HR 2 #4,Comment:,400
Vital Signs Standing: Drop in SBP from Supine to Standing #4,Is there a drop in SYSTOLIC BP from supine to standing?,400
Vital Signs Standing 2: Drop in DBP from Supine to Standing #4,Is there a drop in DIASTOLIC BP from supine to standing?,400
Vital Signs Difference: Vital Signs Calculation BP and HR #4,Vital Signs Difference for SYSTOLIC Drop,400
Vital Signs Difference: Vital Signs Calculation BP and HR #4,Systolic Drop mmHg,400
Vital Signs Difference: Vital Signs Calculation BP and HR 2 #4,Vital Signs Difference for DIASTOLIC Drop,400
Vital Signs Difference: Vital Signs Calculation BP and HR 2 #4,Diastolic Drop mmHg,400
Vital Signs Standing: Clinical Significance #4,Clinical Assessment of Standing Vital Signs (Medic or Nurse to assess vital signs),400
Vital Signs Standing: Clinical Significance #4,Comment:,401
Vital Signs Standing: Vital Signs Findings #4,Staff Initials:,401
Vital Signs Standing: Vital Signs Findings #4,Comment:,401
PK Samples: PK Plasma #12,Staff Initials:,401
PK Samples: PK Plasma #12,Comment:,401
AE/CM Surveys: AE/CM Check #12,Staff Initials:,401
AE/CM Surveys: AE/CM Check #12,Comment:,401
Stanford Sleepiness Scale: Stanford Sleepiness Scale Date #4,Staff Initials:,401
Stanford Sleepiness Scale: Stanford Sleepiness Scale Date #4,Comment:,401
AE/CM Surveys: AE/CM Check #12,Confirm an AE and Conmed check has been performed (Record any AE and Conmeds if applicable),401
Stanford Sleepiness Scale: Degree of Sleepiness #4,Comment:,402
Meals: Confirm Snack #1,Staff Initials:,402
Meals: Confirm Snack #1,Comment:,402
PK Samples: PK Plasma #13,Staff Initials:,402
PK Samples: PK Plasma #13,Comment:,402
Meals: Confirm Snack #1,Confirm Evening Snack Provided,402
AE/CM Surveys: AE/CM Check #13,Staff Initials:,403
AE/CM Surveys: AE/CM Check #13,Comment:,403
Urinalysis: Collection Time #1,Staff Initials:,403
Urinalysis: Collection Time #1,Comment:,403
Urinalysis: Bilirubin #1,Staff Initials:,403
Urinalysis: Bilirubin #1,Comment:,403
AE/CM Surveys: AE/CM Check #13,Confirm an AE and Conmed check has been performed (Record any AE and Conmeds if applicable),403
Urinalysis: Collection Time #1,Record time of urine sample (Collect Urine Sample),403
Urinalysis: Urobilinogen #1,Staff Initials:,404
Urinalysis: Urobilinogen #1,Comment:,404
Urinalysis: Ketones #1,Staff Initials:,404
Urinalysis: Ketones #1,Comment:,404
Urinalysis: Glucose #1,Staff Initials:,404
Urinalysis: Glucose #1,Comment:,405
Urinalysis: Protein #1,Staff Initials:,405
Urinalysis: Protein #1,Comment:,405
Urinalysis: Blood #1,Staff Initials:,405
Urinalysis: Protein #1,What was the protein result?,405
Urinalysis: Blood #1,Comment:,406
Urinalysis: Nitrite #1,Staff Initials:,406
Urinalysis: Nitrite #1,Comment:,406
Urinalysis: pH #1,Staff Initials:,406
Urinalysis: pH #1,Record pH value (Perform urinalysis and read results),406
Urinalysis: pH #1,Comment:,407
Urinalysis: Specific Gravity #1,Staff Initials:,407
Urinalysis: Specific Gravity #1,Comment:,407
Urinalysis: Specific Gravity #1,Record specific gravity of sample (Perform urinalysis and read results),407
Urinalysis: Leukocytes #1,Staff Initials:,408
Urinalysis: Leukocytes #1,Comment:,408
Urinalysis: Participant menstruating #1,Staff Initials:,408
Urinalysis: Participant menstruating #1,Comment:,408
Urinalysis: Send for microscopy #1,Staff Initials:,408
Urinalysis: Send for microscopy #1,Comment:,408
Urinalysis: Participant menstruating #1,"Is participant female and menstruating? (If 'Yes', DO NOT send sample for Microscopy. If 'No', send sample for Microscopy)",408
Urinalysis: Send for microscopy #1,Confirm sample sent for microscopy (Complete associated paperwork),408
Urinalysis: Repeat Urinalysis #1,Staff Initials:,409
Urinalysis: Repeat Urinalysis #1,Comment:,409
Urinalysis: Urinalysis Microscopy #1,Staff Initials:,409
Urinalysis: Urinalysis Microscopy #1,Comment:,409
Urinalysis: TDL Form Check #1,Staff Initials:,409
Urinalysis: TDL Form Check #1,Comment:,409
Urinalysis: Urinalysis Medic Assessment #1,Staff Initials:,409
Urinalysis: Urinalysis Medic Assessment #1,Comment:,409
Urinalysis: Repeat Urinalysis #1,Has urinalysis been repeated as soon as possible with a clean catch specimen?,409
Urinalysis: TDL Form Check #1,Confirm TDL form completed:,409
Urinalysis: Urinalysis Medic Assessment #1,Has there been a medic review of the Microscopy results?,409
ECG: 12 Lead Standard #3,Staff Initials:,410
ECG: 12 Lead Standard #3,Comment:,410
ECG: ECG Rhythm Assess/Interpretation #3,Staff Initials:,410
ECG: ECG Rhythm Assess/Interpretation #3,Comment:,410
ECG: 12 Lead Standard #3,Exclude if - QT interval corrected for heart rate using Fridericia’s formula (QTcF) >450 msec for,410
ECG: 12 Lead Standard #3,"male participants or >470 msec for female participants, QRS interval >120 msec, or PR interval >200 msec. (Supine for a minimum 3 minutes)",410
ECG: ECG Significance #3,Comment:,411
ECG: ECG Findings #3,Staff Initials:,411
ECG: ECG Findings #3,Comment:,411
ECG: ECG Findings inc Rhythm #3,Staff Initials:,411
ECG: ECG Findings inc Rhythm #3,Comment:,411
ECG Difference: ECG Difference Calculation #3,Staff Initials:,411
ECG Difference: ECG Difference Calculation #3,Comment:,411
Vital Signs: Vital Signs Supine Full Set #5,Staff Initials:,411
ECG Difference: ECG Difference Calculation #3,ECG Difference Calculation - a participant will be withdrawn where there is an increase in QTcF interval of >60 msec from baseline (confirmed following a repeat ECG),411
Vital Signs: Vital Signs Supine Full Set #5,Systolic mmHg (##0),411
Vital Signs: Vital Signs Supine Full Set #5,Diastolic mmHg (##0),411
Vital Signs: Vital Signs Supine Full Set #5,Comment:,412
Vital Signs: Clinical Significance #5,Staff Initials:,412
Vital Signs: Clinical Significance #5,Comment:,412
Vital Signs: Vital Signs Findings #5,Staff Initials:,412
Vital Signs: Vital Signs Findings #5,Comment:,412
Vital Signs: Vital Signs Supine Full Set #5,Heart Rate beats/min (##0),412
Vital Signs: Vital Signs Supine Full Set #5,Respiratory Rate breaths/mi (##0),412
Vital Signs: Vital Signs Supine Full Set #5,Oral Temperature - Degrees Celsius _ _. _ C,412
Vital Signs: Clinical Significance #5,Clinical Assessment of Vital Signs (Medic or Nurse to assess vital signs),412
Vital Signs Standing: Vital Signs Standing BP and HR #5,Staff Initials:,413
Vital Signs Standing: Vital Signs Standing BP and HR #5,Comment:,413
Vital Signs Standing: Drop in SBP from Supine to Standing #5,Staff Initials:,413
Vital Signs Standing: Drop in SBP from Supine to Standing #5,Comment:,413
Vital Signs Standing 2: Drop in DBP from Supine to Standing #5,Staff Initials:,413
Vital Signs Standing 2: Drop in DBP from Supine to Standing #5,Comment:,413
Vital Signs Difference: Vital Signs Calculation BP and HR #5,Staff Initials:,413
Vital Signs Standing: Vital Signs Standing BP and HR #5,Systolic mmHg (##0),413
Vital Signs Standing: Vital Signs Standing BP and HR #5,Diastolic mmHg (##0),413
Vital Signs Standing: Vital Signs Standing BP and HR #5,Heart Rate beats/min (##0),413
Vital Signs Standing: Drop in SBP from Supine to Standing #5,Is there a drop in SYSTOLIC BP from supine to standing?,413
Vital Signs Standing 2: Drop in DBP from Supine to Standing #5,Is there a drop in DIASTOLIC BP from supine to standing?,413
Vital Signs Difference: Vital Signs Calculation BP and HR #5,Vital Signs Difference for SYSTOLIC Drop,413
Vital Signs Difference: Vital Signs Calculation BP and HR #5,Systolic Drop mmHg,413
Vital Signs Difference: Vital Signs Calculation BP and HR 2 #5,Staff Initials:,414
Vital Signs Difference: Vital Signs Calculation BP and HR 2 #5,Comment:,414
Vital Signs Standing: Clinical Significance #5,Staff Initials:,414
Vital Signs Standing: Clinical Significance #5,Comment:,414
Vital Signs Standing: Vital Signs Findings #5,Staff Initials:,414
Vital Signs Standing: Vital Signs Findings #5,Comment:,414
Safety: Fasted #1,Staff Initials:,414
Safety: Fasted #1,Comment:,414
Vital Signs Difference: Vital Signs Calculation BP and HR 2 #5,Vital Signs Difference for DIASTOLIC Drop,414
Vital Signs Difference: Vital Signs Calculation BP and HR 2 #5,Diastolic Drop mmHg,414
Vital Signs Standing: Clinical Significance #5,Clinical Assessment of Standing Vital Signs (Medic or Nurse to assess vital signs),414
Safety: Fasted #1,Has the participant fasted for 8 hours?,414
Safety: Haematology #1,Staff Initials:,415
Safety: Haematology #1,Comment:,415
Safety: Haematology Medic Assessment #1,Staff Initials:,415
Safety: Haematology Medic Assessment #1,Comment:,415
Safety: Chemistry #1,Staff Initials:,415
Safety: Chemistry #1,Comment:,415
Safety: Chemistry Medic Assessment #1,Staff Initials:,415
Safety: Chemistry Medic Assessment #1,Comment:,415
Safety: Haematology Medic Assessment #1,Has there been a medic review of the Haematology blood results?,415
Safety: Chemistry Medic Assessment #1,Has there been a medic review of the Clinical Chemistry blood results?,415
Safety: TDL Form Check #1,Staff Initials:,416
Safety: TDL Form Check #1,Comment:,416
PK Samples: PK Plasma #14,Staff Initials:,416
PK Samples: PK Plasma #14,Comment:,416
AE/CM Surveys: AE/CM Check #14,Staff Initials:,416
AE/CM Surveys: AE/CM Check #14,Comment:,416
Stanford Sleepiness Scale: Stanford Sleepiness Scale Date #5,Staff Initials:,416
Stanford Sleepiness Scale: Stanford Sleepiness Scale Date #5,Comment:,416
Safety: TDL Form Check #1,Confirm TDL form completed:,416
AE/CM Surveys: AE/CM Check #14,Confirm an AE and Conmed check has been performed (Record any AE and Conmeds if applicable),416
Stanford Sleepiness Scale: Degree of Sleepiness #5,Comment:,417
PK Samples: PK Plasma #15,Staff Initials:,417
PK Samples: PK Plasma #15,Comment:,417
AE/CM Surveys: AE/CM Check #15,Staff Initials:,417
AE/CM Surveys: AE/CM Check #15,Comment:,417
PK Samples: PK Plasma #16,Staff Initials:,417
PK Samples: PK Plasma #16,Comment:,417
AE/CM Surveys: AE/CM Check #15,Confirm an AE and Conmed check has been performed (Record any AE and Conmeds if applicable),417
AE/CM Surveys: AE/CM Check #16,Comment:,418
Vital Signs: Vital Signs Supine Full Set #6,Staff Initials:,418
Vital Signs: Vital Signs Supine Full Set #6,Comment:,418
Vital Signs: Clinical Significance #6,Staff Initials:,418
Vital Signs: Clinical Significance #6,Comment:,418
AE/CM Surveys: AE/CM Check #16,Confirm an AE and Conmed check has been performed (Record any AE and Conmeds if applicable),418
Vital Signs: Vital Signs Supine Full Set #6,Systolic mmHg (##0),418
Vital Signs: Vital Signs Supine Full Set #6,Diastolic mmHg (##0),418
Vital Signs: Vital Signs Supine Full Set #6,Heart Rate beats/min (##0),418
Vital Signs: Vital Signs Supine Full Set #6,Respiratory Rate breaths/mi (##0),418
Vital Signs: Vital Signs Supine Full Set #6,Oral Temperature - Degrees Celsius _ _. _ C,418
Vital Signs: Clinical Significance #6,Clinical Assessment of Vital Signs (Medic or Nurse to assess vital signs),418
Vital Signs: Vital Signs Findings #6,Staff Initials:,419
Vital Signs: Vital Signs Findings #6,Comment:,419
Vital Signs Standing: Vital Signs Standing BP and HR #6,Staff Initials:,419
Vital Signs Standing: Vital Signs Standing BP and HR #6,Comment:,419
Vital Signs Standing: Drop in SBP from Supine to Standing #6,Staff Initials:,419
Vital Signs Standing: Drop in SBP from Supine to Standing #6,Comment:,419
Vital Signs Standing 2: Drop in DBP from Supine to Standing #6,Staff Initials:,419
Vital Signs Standing: Vital Signs Standing BP and HR #6,Systolic mmHg (##0),419
Vital Signs Standing: Vital Signs Standing BP and HR #6,Diastolic mmHg (##0),419
Vital Signs Standing: Vital Signs Standing BP and HR #6,Heart Rate beats/min (##0),419
Vital Signs Standing: Drop in SBP from Supine to Standing #6,Is there a drop in SYSTOLIC BP from supine to standing?,419
Vital Signs Standing 2: Drop in DBP from Supine to Standing #6,Is there a drop in DIASTOLIC BP from supine to standing?,419
Vital Signs Difference: Vital Signs Calculation BP and HR #6,Staff Initials:,420
Vital Signs Difference: Vital Signs Calculation BP and HR #6,Comment:,420
Vital Signs Difference: Vital Signs Calculation BP and HR 2 #6,Staff Initials:,420
Vital Signs Difference: Vital Signs Calculation BP and HR 2 #6,Comment:,420
Vital Signs Standing: Clinical Significance #6,Staff Initials:,420
Vital Signs Standing: Clinical Significance #6,Comment:,420
Vital Signs Standing: Vital Signs Findings #6,Staff Initials:,420
Vital Signs Standing: Vital Signs Findings #6,Comment:,420
Vital Signs Difference: Vital Signs Calculation BP and HR #6,Vital Signs Difference for SYSTOLIC Drop,420
Vital Signs Difference: Vital Signs Calculation BP and HR #6,Systolic Drop mmHg,420
Vital Signs Difference: Vital Signs Calculation BP and HR 2 #6,Vital Signs Difference for DIASTOLIC Drop,420
Vital Signs Difference: Vital Signs Calculation BP and HR 2 #6,Diastolic Drop mmHg,420
Vital Signs Standing: Clinical Significance #6,Clinical Assessment of Standing Vital Signs (Medic or Nurse to assess vital signs),420
PK Samples: PK Plasma #17,Staff Initials:,421
PK Samples: PK Plasma #17,Comment:,421
AE/CM Surveys: AE/CM Check #17,Staff Initials:,421
AE/CM Surveys: AE/CM Check #17,Comment:,421
C-SSRS Assessment: Date of Assessment #1,Staff Initials:,421
C-SSRS Assessment: Date of Assessment #1,Comment:,421
C-SSRS Since Last Visit: 1. Wish to be Dead #1,Staff Initials:,421
C-SSRS Since Last Visit: 1. Wish to be Dead #1,Comment:,421
AE/CM Surveys: AE/CM Check #17,Confirm an AE and Conmed check has been performed (Record any AE and Conmeds if applicable),421
C-SSRS Since Last Visit: 2. Non-specific Thoughts #1,Staff Initials:,422
C-SSRS Since Last Visit: 2. Non-specific Thoughts #1,Comment:,422
C-SSRS Since Last Visit: 3. Active Ideation No Intent #1,Staff Initials:,422
C-SSRS Since Last Visit: 3. Active Ideation No Intent #1,Comment:,422
C-SSRS Since Last Visit: 4. Active Ideation Some Intent #1,Staff Initials:,422
C-SSRS Since Last Visit: 5. Active Ideation Specific Intent #1,Staff Initials:,423
C-SSRS Since Last Visit: 5. Active Ideation Specific Intent #1,Comment:,423
C-SSRS Since Last Visit: 6. Most Severe Ideation #1,Staff Initials:,423
C-SSRS Since Last Visit: 6. Most Severe Ideation #1,Comment:,423
C-SSRS Since Last Visit: 5. Active Ideation Specific Intent #1,5. Active Suicidal Ideation with Specific Plan and Intent Thoughts of killing oneself with details of plan fully or partially worked out and subject has some intent to carry it out. (Have you started to work out or worked out the details of how to kill yourself? Do you intend to carry out this plan?),423
C-SSRS Since Last Visit: 7. Frequency #1,Staff Initials:,424
C-SSRS Since Last Visit: 7. Frequency #1,Comment:,424
C-SSRS Since Last Visit: 8. Duration #1,Staff Initials:,424
C-SSRS Since Last Visit: 8. Duration #1,Comment:,424
C-SSRS Since Last Visit: 9. Controllability #1,Comment:,425
C-SSRS Since Last Visit: 10. Deterrents #1,Staff Initials:,425
C-SSRS Since Last Visit: 10. Deterrents #1,Comment:,425
C-SSRS Since Last Visit: 11. Reasons for Ideation #1,Staff Initials:,426
C-SSRS Since Last Visit: 11. Reasons for Ideation #1,Comment:,426
C-SSRS Since Last Visit: 11. Reasons for Ideation #1,"Reasons for Ideation (What sort of reasons did you have for thinking about wanting to die or killing yourself? Was it to end the pain or stop the way you were feeling (in other words you couldn't go on living with this pain or how you were feeling) or was it to get attention, revenge or a reaction from others?",426
C-SSRS Since Last Visit: 12. Actual Attempt #1,Staff Initials:,427
C-SSRS Since Last Visit: 12. Actual Attempt #1,Comment:,427
C-SSRS Since Last Visit: 12. Total Number of Attempts #1,Staff Initials:,427
C-SSRS Since Last Visit: 12. Total Number of Attempts #1,Comment:,427
C-SSRS Since Last Visit: 12. Actual Attempt #1,"Actual Attempt (Since Last Visit) A potentially self-injurious act committed with at least some wish to die, as a result of act. Behaviour was in part thought of as method to kill oneself. Intent does not have to be 100%. If there is any intent/desire to die associated with the act, then it can be considered an actual suicide attempt. There does not have to be any injury or harm, just the potential for injury or harm. If person pulls trigger while gun is in mouth but gun is broken so no injury results, this is considered an attempt. Inferring Intent: Even if an individual denies intent/wish to die, it may be inferred clinically from the behaviour or circumstances. For example, a highly lethal act that is clearly not an accident so no other intent but suicide can be inferred (e.g. gunshot to head, jumping from window of a high floor/storey). Also, if someone denies intent to die, but they thought that what they did could be lethal, intent maybe inferred. (Have you made a suicide attempt?",427
C-SSRS Since Last Visit: 12. Actual Attempt #1,Have you done anything to harm yourself?,427
C-SSRS Since Last Visit: 13. Has Subject Engaged #1,Staff Initials:,428
C-SSRS Since Last Visit: 13. Has Subject Engaged #1,Comment:,428
C-SSRS Since Last Visit: 14. Interrupted Attempt #1,Staff Initials:,428
C-SSRS Since Last Visit: 14. Interrupted Attempt #1,Comment:,428
C-SSRS Since Last Visit: 14. Total Number of Interrupted #1,Staff Initials:,428
C-SSRS Since Last Visit: 14. Total Number of Interrupted #1,Comment:,428
C-SSRS Since Last Visit: 15. Aborted Attempt #1,Staff Initials:,429
C-SSRS Since Last Visit: 15. Aborted Attempt #1,Comment:,429
C-SSRS Since Last Visit: 15. Total Number of Aborted #1,Staff Initials:,429
C-SSRS Since Last Visit: 15. Total Number of Aborted #1,Comment:,429
C-SSRS Since Last Visit: 16. Preparatory Acts or Behaviour #1,Staff Initials:,430
C-SSRS Since Last Visit: 16. Preparatory Acts or Behaviour #1,Comment:,430
C-SSRS Since Last Visit: 17. Suicidal Behaviour #1,Staff Initials:,430
C-SSRS Since Last Visit: 17. Suicidal Behaviour #1,Comment:,430
C-SSRS Since Last Visit: 18. Suicide #1,Staff Initials:,430
C-SSRS Since Last Visit: 18. Suicide #1,Comment:,430
C-SSRS Since Last Visit: 17. Suicidal Behaviour #1,Suicidal Behaviour (Since Last Visit) Suicidal behaviour was present during the assessment period?,430
C-SSRS Since Last Visit: 19. Most Lethal Attempt Date #1,Staff Initials:,431
C-SSRS Since Last Visit: 19. Most Lethal Attempt Date #1,Comment:,431
C-SSRS Since Last Visit: 19. Actual Lethality Most Lethal Attempt #1,Staff Initials:,431
C-SSRS Since Last Visit: 19. Actual Lethality Most Lethal Attempt #1,Comment:,431
C-SSRS Since Last Visit: 19. Potential Lethality Most Lethal Attempt #1,Staff Initials:,432
C-SSRS Since Last Visit: 19. Potential Lethality Most Lethal Attempt #1,Comment:,432
Meals: Confirm Snack #2,Staff Initials:,432
Meals: Confirm Snack #2,Comment:,432
Meals: Start Fast #1,Staff Initials:,432
Meals: Start Fast #1,Comment:,432
Pre-dose Triplicate ECG 1: 12 Lead Standard #1,Staff Initials:,432
Meals: Confirm Snack #2,Confirm Evening Snack Provided,432
Meals: Start Fast #1,Start time of fast (Includes all food and drink except water) (Fast for at least 10 hours before breakfast or dosing depending on Part & Cohort),432
Pre-dose Triplicate ECG 1: 12 Lead Standard #1,Comment:,433
Pre-dose Triplicate ECG 1: ECG Rhythm Assess/Interpretation #1,Staff Initials:,433
Pre-dose Triplicate ECG 1: ECG Rhythm Assess/Interpretation #1,Comment:,433
Pre-dose Triplicate ECG 1: ECG Significance #1,Staff Initials:,433
Pre-dose Triplicate ECG 1: ECG Findings #1,Staff Initials:,434
Pre-dose Triplicate ECG 1: ECG Findings #1,Comment:,434
Pre-dose Triplicate ECG 1: ECG Findings inc Rhythm #1,Staff Initials:,434
Pre-dose Triplicate ECG 1: ECG Findings inc Rhythm #1,Comment:,434
Pre-dose Triplicate ECG 2: 12 Lead Standard #1,Staff Initials:,434
Pre-dose Triplicate ECG 2: 12 Lead Standard #1,Comment:,434
Pre-dose Triplicate ECG 2: ECG Rhythm Assess/Interpretation #1,Comment:,435
Pre-dose Triplicate ECG 2: ECG Significance #1,Staff Initials:,435
Pre-dose Triplicate ECG 2: ECG Significance #1,Comment:,435
Pre-dose Triplicate ECG 2: ECG Findings #1,Staff Initials:,435
Pre-dose Triplicate ECG 2: ECG Findings #1,Comment:,435
Pre-dose Triplicate ECG 2: ECG Findings inc Rhythm #1,Staff Initials:,435
Pre-dose Triplicate ECG 2: ECG Findings inc Rhythm #1,Comment:,435
Pre-dose Triplicate ECG 3: 12 Lead Standard #1,Comment:,436
Pre-dose Triplicate ECG 3: ECG Rhythm Assess/Interpretation #1,Staff Initials:,436
Pre-dose Triplicate ECG 3: ECG Rhythm Assess/Interpretation #1,Comment:,436
Pre-dose Triplicate ECG 3: ECG Significance #1,Staff Initials:,437
Pre-dose Triplicate ECG 3: ECG Significance #1,Comment:,437
Pre-dose Triplicate ECG 3: ECG Findings #1,Staff Initials:,437
Pre-dose Triplicate ECG 3: ECG Findings #1,Comment:,437
Pre-dose Triplicate ECG 3: ECG Findings inc Rhythm #1,Staff Initials:,437
Pre-dose Triplicate ECG 3: ECG Findings inc Rhythm #1,Comment:,437
Mean Values: Pre-dose Mean values #1,Staff Initials:,438
Mean Values: Pre-dose Mean values #1,Comment:,438
ECG Difference: Baseline values #1,Staff Initials:,438
ECG Difference: Baseline values #1,Comment:,438
Pre-dose Vital Signs: Vital Signs Supine Full Set #1,Staff Initials:,438
Pre-dose Vital Signs: Vital Signs Supine Full Set #1,Comment:,438
Mean Values: Pre-dose Mean values #1,Withdraw if - QT interval corrected for heart rate using Fridericia’s formula (QTcF) >450 msec,438
Mean Values: Pre-dose Mean values #1,"for male participants or >470 msec for female participants, QRS interval >120 msec, or PR interval >200 msec",438
Pre-dose Vital Signs: Vital Signs Supine Full Set #1,Systolic mmHg (##0),438
Pre-dose Vital Signs: Vital Signs Supine Full Set #1,Diastolic mmHg (##0),438
Pre-dose Vital Signs: Vital Signs Supine Full Set #1,Heart Rate beats/min (##0),438
Pre-dose Vital Signs: Vital Signs Supine Full Set #1,Respiratory Rate breaths/mi (##0),438
Pre-dose Vital Signs: Vital Signs Supine Full Set #1,Oral Temperature - Degrees Celsius _ _. _ C,438
Pre-dose Vital Signs: Clinical Significance #1,Staff Initials:,439
Pre-dose Vital Signs: Clinical Significance #1,Comment:,439
Pre-dose Vital Signs: Vital Signs Findings #1,Staff Initials:,439
Pre-dose Vital Signs: Vital Signs Findings #1,Comment:,439
Pre-dose Vital Signs Standing: Vital Signs Standing BP and HR #1,Staff Initials:,439
Pre-dose Vital Signs Standing: Vital Signs Standing BP and HR #1,Comment:,439
Pre-dose Vital Signs Standing: Vital Signs Standing BP and HR #1,Systolic mmHg (##0),439
Pre-dose Vital Signs Standing: Vital Signs Standing BP and HR #1,Diastolic mmHg (##0),439
Pre-dose Vital Signs Standing: Vital Signs Standing BP and HR #1,Heart Rate beats/min (##0),439
Pre-dose Vital Signs Standing: Drop in BP from Supine to Standing #1,Staff Initials:,440
Pre-dose Vital Signs Standing: Drop in BP from Supine to Standing #1,Comment:,440
Pre-dose Vital Signs Standing 2: Drop in BP from Supine to Standing #1,Staff Initials:,440
Pre-dose Vital Signs Standing 2: Drop in BP from Supine to Standing #1,Comment:,440
Pre-dose Vital Signs Difference: Vital Signs Calculation BP and HR #1,Staff Initials:,440
Pre-dose Vital Signs Difference: Vital Signs Calculation BP and HR #1,Comment:,440
Pre-dose Vital Signs Difference: Vital Signs Calculation BP and HR 2 #1,Staff Initials:,440
Pre-dose Vital Signs Difference: Vital Signs Calculation BP and HR 2 #1,Comment:,440
Pre-dose Vital Signs Standing: Drop in BP from Supine to Standing #1,PRE-DOSE - Is there a drop in SYSTOLIC BP from supine to standing?,440
Pre-dose Vital Signs Standing 2: Drop in BP from Supine to Standing #1,PRE-DOSE - Is there a drop in DIASTOLIC BP from supine to standing?,440
Pre-dose Vital Signs Difference: Vital Signs Calculation BP and HR #1,PRE-DOSE - Vital Signs Difference for SYSTOLIC Drop,440
Pre-dose Vital Signs Difference: Vital Signs Calculation BP and HR #1,Systolic mmHg,440
Pre-dose Vital Signs Difference: Vital Signs Calculation BP and HR 2 #1,PRE-DOSE - Vital Signs Difference for DIASTOLIC Drop,440
Pre-dose Vital Signs Difference: Vital Signs Calculation BP and HR 2 #1,Diastolic mmHg,440
Pre-dose Vital Signs Standing: Clinical Significance #1,Comment:,441
Pre-dose Vital Signs Standing: Vital Signs Findings #1,Staff Initials:,441
Pre-dose Vital Signs Standing: Vital Signs Findings #1,Comment:,441
PK Samples: PK Plasma #1,Staff Initials:,441
PK Samples: PK Plasma #1,Comment:,441
AE/CM Surveys: AE/CM Check #1,Staff Initials:,441
AE/CM Surveys: AE/CM Check #1,Comment:,441
Exposure: Dosing Eligibility Continues #1,Staff Initials:,441
Exposure: Dosing Eligibility Continues #1,Comment:,441
AE/CM Surveys: AE/CM Check #1,Confirm an AE and Conmed check has been performed (Record any AE and Conmeds if applicable),441
Exposure: Dosing Eligibility Continues #1,I confirm that the participant continues to be eligible to participate in this clinical study.,441
Exposure x: Prandial state #1,Comment:,442
Exposure x: Fasted for 10 hours for Breakfast #1,Staff Initials:,442
Exposure x: Fasted for 10 hours for Breakfast #1,Comment:,442
Meals: Start Breakfast #1,Staff Initials:,442
Meals: Start Breakfast #1,Comment:,442
Meals: End Breakfast #1,Staff Initials:,442
Meals: End Breakfast #1,Comment:,442
Meals: Amount Consumed (Breakfast) #1,Staff Initials:,442
Meals: Amount Consumed (Breakfast) #1,Comment:,442
Exposure x: Fasted for 10 hours for Breakfast #1,Has the participant fasted for 10 hours prior to breakfast?,442
Meals: Not eaten #1,Staff Initials:,443
Meals: Not eaten #1,Comment:,443
Meals: PI Check #1,Staff Initials:,443
Meals: PI Check #1,Comment:,443
Exposure: Volunteer ID Check #1,Staff Initials:,443
Exposure: Volunteer ID Check #1,Comment:,443
Exposure: Panel Number Check #1,Staff Initials:,443
Exposure: Panel Number Check #1,Comment:,443
Exposure: Participant Number Check #1,Staff Initials:,443
Exposure: Participant Number Check #1,Comment:,443
Exposure: Participant Number Check #1,Check the participant number in eSource matches the Instruction to Dispense and Dose,443
Exposure: Has the participant refrained from water #1,Staff Initials:,444
Exposure: Has the participant refrained from water #1,Comment:,444
Exposure: Fasted for 10 hours for Dosing #1,Staff Initials:,444
Exposure: Fasted for 10 hours for Dosing #1,Comment:,444
Exposure: Consumed breakfast #1,Staff Initials:,444
Exposure: Consumed breakfast #1,Comment:,444
Exposure: Predose Blood Draw #1,Staff Initials:,444
Exposure: Predose Blood Draw #1,Comment:,444
Exposure: Has the participant refrained from water #1,Has the participant refrained from drinking water for at least 1 hour prior to dosing?,444
Exposure: Fasted for 10 hours for Dosing #1,Has the participant fasted for 10 hours prior to dosing?,444
Exposure: Consumed breakfast #1,"Has the participant consumed breakfast per the protocol requirements, over 20 minutes and the full meal?",444
Exposure: Predose Blood Draw #1,Pre dose blood draws for PK sample taken?,444
Exposure: Predose Procedure Check #1,Staff Initials:,445
Exposure: Predose Procedure Check #1,Comment:,445
Exposure: Dose Eligibility Check #1,Staff Initials:,445
Exposure: Dose Eligibility Check #1,Comment:,445
Exposure: Subject/regimen #1,Staff Initials:,445
Exposure: Subject/regimen #1,Comment:,445
Exposure: Predose Procedure Check #1,Have all required pre dose procedures been completed?,445
Exposure: Dose Eligibility Check #1,Is the participant eligible to dose?,445
Exposure: Product label check #1,Staff Initials:,446
Exposure: Product label check #1,Comment:,446
Exposure: Final Check #1,Staff Initials:,446
Exposure: Final Check #1,Comment:,446
Exposure: Dose #1,Staff Initials:,446
Exposure: Dose #1,Comment:,446
Exposure: Post Administration Water #1,Staff Initials:,446
Exposure: Post Administration Water #1,Comment:,446
Exposure: Hand and Mouth Check #1,Staff Initials:,446
Exposure: Hand and Mouth Check #1,Comment:,446
Exposure: Product label check #1,Does the Product label match the Instruction to Dispense and Dose?,446
Exposure: Final Check #1,"Final check performed (5 R’s of dosing, Jones 2009 – right participant, right drug, right dose, right route, right time)",446
Exposure: Dose #1,Time of administration of study treatment,446
Exposure: Post Administration Water #1,Has the participant been provided with 240 mL of water?,446
Exposure: Hand and Mouth Check #1,Has a hand and mouth check been performed?,446
Exposure: Reminder to refrain from water #1,Staff Initials:,447
Exposure: Reminder to refrain from water #1,Comment:,447
Exposure x: Reminder to minimise sunlight exposure #1,Staff Initials:,447
Exposure x: Reminder to minimise sunlight exposure #1,Comment:,447
Exposure: Witness Check #1,Staff Initials:,447
Exposure: Witness Check #1,Comment:,447
System: Available #1,Staff Initials:,447
System: Available #1,Comment:,447
Exposure: Reminder to refrain from water #1,Has the participant been reminded to refrain from water for 2 hours post-dose?,447
Exposure x: Reminder to minimise sunlight exposure #1,Has the participant been advised to minimise exposure to sunlight from dosing for at least 7 days post final dose?,447
Exposure: Witness Check #1,Confirm dosing is complete (Operator to complete (switch user)),447
System: Available #1,What is the status of the subject?,447
PK Samples: PK Plasma #2,Staff Initials:,448
PK Samples: PK Plasma #2,Comment:,448
AE/CM Surveys: AE/CM Check #2,Staff Initials:,448
AE/CM Surveys: AE/CM Check #2,Comment:,448
PK Samples: PK Plasma #3,Staff Initials:,448
PK Samples: PK Plasma #3,Comment:,448
AE/CM Surveys: AE/CM Check #3,Staff Initials:,448
AE/CM Surveys: AE/CM Check #3,Comment:,448
Stanford Sleepiness Scale: Stanford Sleepiness Scale Date #1,Staff Initials:,448
Stanford Sleepiness Scale: Stanford Sleepiness Scale Date #1,Comment:,448
Stanford Sleepiness Scale: Degree of Sleepiness #1,Staff Initials:,448
AE/CM Surveys: AE/CM Check #2,Confirm an AE and Conmed check has been performed (Record any AE and Conmeds if applicable),448
AE/CM Surveys: AE/CM Check #3,Confirm an AE and Conmed check has been performed (Record any AE and Conmeds if applicable),448
ECG: 12 Lead Standard #1,Staff Initials:,450
ECG: 12 Lead Standard #1,Comment:,450
ECG: ECG Rhythm Assess/Interpretation #1,Staff Initials:,450
ECG: ECG Rhythm Assess/Interpretation #1,Comment:,450
ECG: 12 Lead Standard #1,Exclude if - QT interval corrected for heart rate using Fridericia’s formula (QTcF) >450 msec for,450
ECG: 12 Lead Standard #1,"male participants or >470 msec for female participants, QRS interval >120 msec, or PR interval >200 msec. (Supine for a minimum 3 minutes)",450
ECG: ECG Significance #1,Comment:,451
ECG: ECG Findings #1,Staff Initials:,451
ECG: ECG Findings #1,Comment:,451
ECG: ECG Findings inc Rhythm #1,Staff Initials:,451
ECG: ECG Findings inc Rhythm #1,Comment:,451
ECG Difference: ECG Difference Calculation #1,Staff Initials:,451
ECG Difference: ECG Difference Calculation #1,Comment:,451
PK Samples: PK Plasma #4,Staff Initials:,451
PK Samples: PK Plasma #4,Comment:,451
ECG Difference: ECG Difference Calculation #1,ECG Difference Calculation - a participant will be withdrawn where there is an increase in QTcF interval of >60 msec from baseline (confirmed following a repeat ECG),451
AE/CM Surveys: AE/CM Check #4,Comment:,452
Exposure: Provided with water #1,Staff Initials:,452
Exposure: Provided with water #1,Comment:,452
Stanford Sleepiness Scale: Stanford Sleepiness Scale Date #2,Staff Initials:,452
Stanford Sleepiness Scale: Stanford Sleepiness Scale Date #2,Comment:,452
Stanford Sleepiness Scale: Degree of Sleepiness #2,Staff Initials:,452
AE/CM Surveys: AE/CM Check #4,Confirm an AE and Conmed check has been performed (Record any AE and Conmeds if applicable),452
Exposure: Provided with water #1,Has the volunteer been provided with water 2 hrs post-dose?,452
Stanford Sleepiness Scale: Degree of Sleepiness #2,Comment:,453
Targeted Physical Examination Findings: Require Targeted PE? #1,Staff Initials:,453
Targeted Physical Examination Findings: Require Targeted PE? #1,Comment:,453
Targeted Physical Examination Findings: Any clinically significant abnormal,Staff Initials:,453
Targeted Physical Examination Findings: Any clinically significant abnormal,Comment:,453
Targeted Physical Examination Findings: Physical Examination Category #1,Staff Initials:,453
Targeted Physical Examination Findings: Require Targeted PE? #1,Targeted Physical Examination: Does the participant require a targeted physical examination?,453
Targeted Physical Examination Findings: Any clinically significant abnormal,"If yes, were there any clinically significant abnormal findings?",453
Targeted Physical Examination Findings: Physical Examination Category #1,Physical Examination Category,453
Targeted Physical Examination Findings: Physical Examination Category #1,Comment:,454
Targeted Physical Examination Findings: Findings #1,Staff Initials:,454
Targeted Physical Examination Findings: Findings #1,Comment:,454
Targeted Neurological Examination: Require Targeted NE? #1,Staff Initials:,455
Targeted Neurological Examination: Require Targeted NE? #1,Comment:,455
Targeted Neurological Examination: Any clinically significant abnormal,Staff Initials:,455
Targeted Neurological Examination: Any clinically significant abnormal,Comment:,455
Targeted Neurological Examination: Neurological Examination Category #1,Staff Initials:,455
Targeted Neurological Examination: Require Targeted NE? #1,"If yes, please specify the reason)",455
Targeted Neurological Examination: Any clinically significant abnormal,"If yes, were there any clinically significant abnormal findings?",455
Targeted Neurological Examination: Neurological Examination Category #1,Targeted Neurological Examination Category,455
Targeted Neurological Examination: Neurological Examination Category #1,Comment:,456
Targeted Neurological Examination: Findings #1,Staff Initials:,456
Targeted Neurological Examination: Findings #1,Comment:,456
Vital Signs: Vital Signs Supine Full Set #1,Staff Initials:,456
Vital Signs: Vital Signs Supine Full Set #1,Comment:,456
Vital Signs: Vital Signs Supine Full Set #1,Systolic mmHg (##0),456
Vital Signs: Vital Signs Supine Full Set #1,Diastolic mmHg (##0),456
Vital Signs: Vital Signs Supine Full Set #1,Heart Rate beats/min (##0),456
Vital Signs: Vital Signs Supine Full Set #1,Respiratory Rate breaths/mi (##0),456
Vital Signs: Vital Signs Supine Full Set #1,Oral Temperature - Degrees Celsius _ _. _ C,456
Vital Signs: Clinical Significance #1,Staff Initials:,457
Vital Signs: Clinical Significance #1,Comment:,457
Vital Signs: Vital Signs Findings #1,Staff Initials:,457
Vital Signs: Vital Signs Findings #1,Comment:,457
Vital Signs Standing: Vital Signs Standing BP and HR #1,Staff Initials:,457
Vital Signs Standing: Vital Signs Standing BP and HR #1,Comment:,457
Vital Signs: Clinical Significance #1,Clinical Assessment of Vital Signs (Medic or Nurse to assess vital signs),457
Vital Signs Standing: Vital Signs Standing BP and HR #1,Systolic mmHg (##0),457
Vital Signs Standing: Vital Signs Standing BP and HR #1,Diastolic mmHg (##0),457
Vital Signs Standing: Vital Signs Standing BP and HR #1,Heart Rate beats/min (##0),457
Vital Signs Standing: Drop in SBP from Supine to Standing #1,Staff Initials:,458
Vital Signs Standing: Drop in SBP from Supine to Standing #1,Comment:,458
Vital Signs Standing 2: Drop in DBP from Supine to Standing #1,Staff Initials:,458
Vital Signs Standing 2: Drop in DBP from Supine to Standing #1,Comment:,458
Vital Signs Difference: Vital Signs Calculation BP and HR #1,Staff Initials:,458
Vital Signs Difference: Vital Signs Calculation BP and HR #1,Comment:,458
Vital Signs Difference: Vital Signs Calculation BP and HR 2 #1,Staff Initials:,458
Vital Signs Difference: Vital Signs Calculation BP and HR 2 #1,Comment:,458
Vital Signs Standing: Drop in SBP from Supine to Standing #1,Is there a drop in SYSTOLIC BP from supine to standing?,458
Vital Signs Standing 2: Drop in DBP from Supine to Standing #1,Is there a drop in DIASTOLIC BP from supine to standing?,458
Vital Signs Difference: Vital Signs Calculation BP and HR #1,Vital Signs Difference for SYSTOLIC Drop,458
Vital Signs Difference: Vital Signs Calculation BP and HR #1,Systolic Drop mmHg,458
Vital Signs Difference: Vital Signs Calculation BP and HR 2 #1,Vital Signs Difference for DIASTOLIC Drop,458
Vital Signs Difference: Vital Signs Calculation BP and HR 2 #1,Diastolic Drop mmHg,458
Vital Signs Standing: Clinical Significance #1,Clinical Assessment of Standing Vital Signs (Medic or Nurse to assess vital signs),458
Vital Signs Standing: Clinical Significance #1,Comment:,459
Vital Signs Standing: Vital Signs Findings #1,Staff Initials:,459
Vital Signs Standing: Vital Signs Findings #1,Comment:,459
PK Samples: PK Plasma #5,Staff Initials:,459
PK Samples: PK Plasma #5,Comment:,459
AE/CM Surveys: AE/CM Check #5,Staff Initials:,459
AE/CM Surveys: AE/CM Check #5,Comment:,459
Meals: Confirm Lunch #1,Staff Initials:,459
Meals: Confirm Lunch #1,Comment:,459
AE/CM Surveys: AE/CM Check #5,Confirm an AE and Conmed check has been performed (Record any AE and Conmeds if applicable),459
Meals: Confirm Lunch #1,Confirm Lunch Provided,459
PK Samples: PK Plasma #6,Staff Initials:,460
PK Samples: PK Plasma #6,Comment:,460
AE/CM Surveys: AE/CM Check #6,Staff Initials:,460
AE/CM Surveys: AE/CM Check #6,Comment:,460
PK Samples: PK Plasma #7,Staff Initials:,460
PK Samples: PK Plasma #7,Comment:,460
AE/CM Surveys: AE/CM Check #7,Staff Initials:,460
AE/CM Surveys: AE/CM Check #7,Comment:,460
PK Samples: PK Plasma #8,Staff Initials:,460
PK Samples: PK Plasma #8,Comment:,460
AE/CM Surveys: AE/CM Check #8,Staff Initials:,460
AE/CM Surveys: AE/CM Check #8,Comment:,460
AE/CM Surveys: AE/CM Check #6,Confirm an AE and Conmed check has been performed (Record any AE and Conmeds if applicable),460
AE/CM Surveys: AE/CM Check #7,Confirm an AE and Conmed check has been performed (Record any AE and Conmeds if applicable),460
AE/CM Surveys: AE/CM Check #8,Confirm an AE and Conmed check has been performed (Record any AE and Conmeds if applicable),460
Vital Signs: Vital Signs Supine Full Set #2,Comment:,461
Vital Signs: Clinical Significance #2,Staff Initials:,461
Vital Signs: Clinical Significance #2,Comment:,461
Vital Signs: Vital Signs Findings #2,Staff Initials:,461
Vital Signs: Vital Signs Findings #2,Comment:,461
Vital Signs Standing: Vital Signs Standing BP and HR #2,Staff Initials:,461
Vital Signs: Vital Signs Supine Full Set #2,Systolic mmHg (##0),461
Vital Signs: Vital Signs Supine Full Set #2,Diastolic mmHg (##0),461
Vital Signs: Vital Signs Supine Full Set #2,Heart Rate beats/min (##0),461
Vital Signs: Vital Signs Supine Full Set #2,Respiratory Rate breaths/mi (##0),461
Vital Signs: Vital Signs Supine Full Set #2,Oral Temperature - Degrees Celsius _ _. _ C,461
Vital Signs: Clinical Significance #2,Clinical Assessment of Vital Signs (Medic or Nurse to assess vital signs),461
Vital Signs Standing: Vital Signs Standing BP and HR #2,Comment:,462
Vital Signs Standing: Drop in SBP from Supine to Standing #2,Staff Initials:,462
Vital Signs Standing: Drop in SBP from Supine to Standing #2,Comment:,462
Vital Signs Standing 2: Drop in DBP from Supine to Standing #2,Staff Initials:,462
Vital Signs Standing 2: Drop in DBP from Supine to Standing #2,Comment:,462
Vital Signs Difference: Vital Signs Calculation BP and HR #2,Staff Initials:,462
Vital Signs Difference: Vital Signs Calculation BP and HR #2,Comment:,462
Vital Signs Standing: Vital Signs Standing BP and HR #2,Systolic mmHg (##0),462
Vital Signs Standing: Vital Signs Standing BP and HR #2,Diastolic mmHg (##0),462
Vital Signs Standing: Vital Signs Standing BP and HR #2,Heart Rate beats/min (##0),462
Vital Signs Standing: Drop in SBP from Supine to Standing #2,Is there a drop in SYSTOLIC BP from supine to standing?,462
Vital Signs Standing 2: Drop in DBP from Supine to Standing #2,Is there a drop in DIASTOLIC BP from supine to standing?,462
Vital Signs Difference: Vital Signs Calculation BP and HR #2,Vital Signs Difference for SYSTOLIC Drop,462
Vital Signs Difference: Vital Signs Calculation BP and HR #2,Systolic Drop mmHg,462
Vital Signs Difference: Vital Signs Calculation BP and HR 2 #2,Staff Initials:,463
Vital Signs Difference: Vital Signs Calculation BP and HR 2 #2,Comment:,463
Vital Signs Standing: Clinical Significance #2,Staff Initials:,463
Vital Signs Standing: Clinical Significance #2,Comment:,463
Vital Signs Standing: Vital Signs Findings #2,Staff Initials:,463
Vital Signs Standing: Vital Signs Findings #2,Comment:,463
PK Samples: PK Plasma #9,Staff Initials:,463
PK Samples: PK Plasma #9,Comment:,463
AE/CM Surveys: AE/CM Check #9,Staff Initials:,463
Vital Signs Difference: Vital Signs Calculation BP and HR 2 #2,Vital Signs Difference for DIASTOLIC Drop,463
Vital Signs Difference: Vital Signs Calculation BP and HR 2 #2,Diastolic Drop mmHg,463
Vital Signs Standing: Clinical Significance #2,Clinical Assessment of Standing Vital Signs (Medic or Nurse to assess vital signs),463
AE/CM Surveys: AE/CM Check #9,Confirm an AE and Conmed check has been performed (Record any AE and Conmeds if applicable),463
Stanford Sleepiness Scale: Stanford Sleepiness Scale Date #3,Staff Initials:,464
Stanford Sleepiness Scale: Stanford Sleepiness Scale Date #3,Comment:,464
Stanford Sleepiness Scale: Degree of Sleepiness #3,Staff Initials:,464
Stanford Sleepiness Scale: Degree of Sleepiness #3,Comment:,464
PK Samples: PK Plasma #10,Staff Initials:,464
PK Samples: PK Plasma #10,Comment:,464
AE/CM Surveys: AE/CM Check #10,Staff Initials:,465
AE/CM Surveys: AE/CM Check #10,Comment:,465
Vital Signs: Vital Signs Supine Full Set #3,Staff Initials:,465
Vital Signs: Vital Signs Supine Full Set #3,Comment:,465
Vital Signs: Clinical Significance #3,Staff Initials:,465
Vital Signs: Clinical Significance #3,Comment:,465
AE/CM Surveys: AE/CM Check #10,Confirm an AE and Conmed check has been performed (Record any AE and Conmeds if applicable),465
Vital Signs: Vital Signs Supine Full Set #3,Systolic mmHg (##0),465
Vital Signs: Vital Signs Supine Full Set #3,Diastolic mmHg (##0),465
Vital Signs: Vital Signs Supine Full Set #3,Heart Rate beats/min (##0),465
Vital Signs: Vital Signs Supine Full Set #3,Respiratory Rate breaths/mi (##0),465
Vital Signs: Vital Signs Supine Full Set #3,Oral Temperature - Degrees Celsius _ _. _ C,465
Vital Signs: Clinical Significance #3,Clinical Assessment of Vital Signs (Medic or Nurse to assess vital signs),465
Vital Signs: Vital Signs Findings #3,Staff Initials:,466
Vital Signs: Vital Signs Findings #3,Comment:,466
Vital Signs Standing: Vital Signs Standing BP and HR #3,Staff Initials:,466
Vital Signs Standing: Vital Signs Standing BP and HR #3,Comment:,466
Vital Signs Standing: Drop in SBP from Supine to Standing #3,Staff Initials:,466
Vital Signs Standing: Drop in SBP from Supine to Standing #3,Comment:,466
Vital Signs Standing 2: Drop in DBP from Supine to Standing #3,Staff Initials:,466
Vital Signs Standing: Vital Signs Standing BP and HR #3,Systolic mmHg (##0),466
Vital Signs Standing: Vital Signs Standing BP and HR #3,Diastolic mmHg (##0),466
Vital Signs Standing: Vital Signs Standing BP and HR #3,Heart Rate beats/min (##0),466
Vital Signs Standing: Drop in SBP from Supine to Standing #3,Is there a drop in SYSTOLIC BP from supine to standing?,466
Vital Signs Standing 2: Drop in DBP from Supine to Standing #3,Is there a drop in DIASTOLIC BP from supine to standing?,466
Vital Signs Difference: Vital Signs Calculation BP and HR #3,Staff Initials:,467
Vital Signs Difference: Vital Signs Calculation BP and HR #3,Comment:,467
Vital Signs Difference: Vital Signs Calculation BP and HR 2 #3,Staff Initials:,467
Vital Signs Difference: Vital Signs Calculation BP and HR 2 #3,Comment:,467
Vital Signs Standing: Clinical Significance #3,Staff Initials:,467
Vital Signs Standing: Clinical Significance #3,Comment:,467
Vital Signs Standing: Vital Signs Findings #3,Staff Initials:,467
Vital Signs Standing: Vital Signs Findings #3,Comment:,467
Vital Signs Difference: Vital Signs Calculation BP and HR #3,Vital Signs Difference for SYSTOLIC Drop,467
Vital Signs Difference: Vital Signs Calculation BP and HR #3,Systolic Drop mmHg,467
Vital Signs Difference: Vital Signs Calculation BP and HR 2 #3,Vital Signs Difference for DIASTOLIC Drop,467
Vital Signs Difference: Vital Signs Calculation BP and HR 2 #3,Diastolic Drop mmHg,467
Vital Signs Standing: Clinical Significance #3,Clinical Assessment of Standing Vital Signs (Medic or Nurse to assess vital signs),467
PK Samples: PK Plasma #11,Staff Initials:,468
PK Samples: PK Plasma #11,Comment:,468
AE/CM Surveys: AE/CM Check #11,Staff Initials:,468
AE/CM Surveys: AE/CM Check #11,Comment:,468
Meals: Confirm Dinner #1,Staff Initials:,468
Meals: Confirm Dinner #1,Comment:,468
ECG: 12 Lead Standard #2,Staff Initials:,468
AE/CM Surveys: AE/CM Check #11,Confirm an AE and Conmed check has been performed (Record any AE and Conmeds if applicable),468
Meals: Confirm Dinner #1,Confirm Dinner Provided,468
ECG: 12 Lead Standard #2,Exclude if - QT interval corrected for heart rate using Fridericia’s formula (QTcF) >450 msec for,468
ECG: 12 Lead Standard #2,"male participants or >470 msec for female participants, QRS interval >120 msec, or PR interval >200 msec. (Supine for a minimum 3 minutes)",468
ECG: 12 Lead Standard #2,Comment:,469
ECG: ECG Rhythm Assess/Interpretation #2,Staff Initials:,469
ECG: ECG Rhythm Assess/Interpretation #2,Comment:,469
ECG: ECG Significance #2,Staff Initials:,469
ECG: ECG Significance #2,Comment:,469
ECG: ECG Findings #2,Staff Initials:,469
ECG: ECG Findings #2,Comment:,469
ECG: ECG Findings inc Rhythm #2,Comment:,470
ECG Difference: ECG Difference Calculation #2,Staff Initials:,470
ECG Difference: ECG Difference Calculation #2,Comment:,470
Vital Signs: Vital Signs Supine Full Set #4,Staff Initials:,470
Vital Signs: Vital Signs Supine Full Set #4,Comment:,470
ECG Difference: ECG Difference Calculation #2,ECG Difference Calculation - a participant will be withdrawn where there is an increase in QTcF interval of >60 msec from baseline (confirmed following a repeat ECG),470
Vital Signs: Vital Signs Supine Full Set #4,Systolic mmHg (##0),470
Vital Signs: Vital Signs Supine Full Set #4,Diastolic mmHg (##0),470
Vital Signs: Vital Signs Supine Full Set #4,Heart Rate beats/min (##0),470
Vital Signs: Vital Signs Supine Full Set #4,Respiratory Rate breaths/mi (##0),470
Vital Signs: Vital Signs Supine Full Set #4,Oral Temperature - Degrees Celsius _ _. _ C,470
Vital Signs: Clinical Significance #4,Staff Initials:,471
Vital Signs: Clinical Significance #4,Comment:,471
Vital Signs: Vital Signs Findings #4,Staff Initials:,471
Vital Signs: Vital Signs Findings #4,Comment:,471
Vital Signs Standing: Vital Signs Standing BP and HR #4,Staff Initials:,471
Vital Signs Standing: Vital Signs Standing BP and HR #4,Comment:,471
Vital Signs: Clinical Significance #4,Clinical Assessment of Vital Signs (Medic or Nurse to assess vital signs),471
Vital Signs Standing: Vital Signs Standing BP and HR #4,Systolic mmHg (##0),471
Vital Signs Standing: Vital Signs Standing BP and HR #4,Diastolic mmHg (##0),471
Vital Signs Standing: Vital Signs Standing BP and HR #4,Heart Rate beats/min (##0),471
Vital Signs Standing: Drop in SBP from Supine to Standing #4,Staff Initials:,472
Vital Signs Standing: Drop in SBP from Supine to Standing #4,Comment:,472
Vital Signs Standing 2: Drop in DBP from Supine to Standing #4,Staff Initials:,472
Vital Signs Standing 2: Drop in DBP from Supine to Standing #4,Comment:,472
Vital Signs Difference: Vital Signs Calculation BP and HR #4,Staff Initials:,472
Vital Signs Difference: Vital Signs Calculation BP and HR #4,Comment:,472
Vital Signs Difference: Vital Signs Calculation BP and HR 2 #4,Staff Initials:,472
Vital Signs Difference: Vital Signs Calculation BP and HR 2 #4,Comment:,472
Vital Signs Standing: Drop in SBP from Supine to Standing #4,Is there a drop in SYSTOLIC BP from supine to standing?,472
Vital Signs Standing 2: Drop in DBP from Supine to Standing #4,Is there a drop in DIASTOLIC BP from supine to standing?,472
Vital Signs Difference: Vital Signs Calculation BP and HR #4,Vital Signs Difference for SYSTOLIC Drop,472
Vital Signs Difference: Vital Signs Calculation BP and HR #4,Systolic Drop mmHg,472
Vital Signs Difference: Vital Signs Calculation BP and HR 2 #4,Vital Signs Difference for DIASTOLIC Drop,472
Vital Signs Difference: Vital Signs Calculation BP and HR 2 #4,Diastolic Drop mmHg,472
Vital Signs Standing: Clinical Significance #4,Clinical Assessment of Standing Vital Signs (Medic or Nurse to assess vital signs),472
Vital Signs Standing: Clinical Significance #4,Comment:,473
Vital Signs Standing: Vital Signs Findings #4,Staff Initials:,473
Vital Signs Standing: Vital Signs Findings #4,Comment:,473
PK Samples: PK Plasma #12,Staff Initials:,473
PK Samples: PK Plasma #12,Comment:,473
AE/CM Surveys: AE/CM Check #12,Staff Initials:,473
AE/CM Surveys: AE/CM Check #12,Comment:,473
Stanford Sleepiness Scale: Stanford Sleepiness Scale Date #4,Staff Initials:,473
Stanford Sleepiness Scale: Stanford Sleepiness Scale Date #4,Comment:,473
AE/CM Surveys: AE/CM Check #12,Confirm an AE and Conmed check has been performed (Record any AE and Conmeds if applicable),473
Stanford Sleepiness Scale: Degree of Sleepiness #4,Comment:,474
Meals: Confirm Snack #1,Staff Initials:,474
Meals: Confirm Snack #1,Comment:,474
PK Samples: PK Plasma #13,Staff Initials:,474
PK Samples: PK Plasma #13,Comment:,474
Meals: Confirm Snack #1,Confirm Evening Snack Provided,474
AE/CM Surveys: AE/CM Check #13,Staff Initials:,475
AE/CM Surveys: AE/CM Check #13,Comment:,475
Urinalysis: Collection Time #1,Staff Initials:,475
Urinalysis: Collection Time #1,Comment:,475
Urinalysis: Bilirubin #1,Staff Initials:,475
Urinalysis: Bilirubin #1,Comment:,475
AE/CM Surveys: AE/CM Check #13,Confirm an AE and Conmed check has been performed (Record any AE and Conmeds if applicable),475
Urinalysis: Collection Time #1,Record time of urine sample (Collect Urine Sample),475
Urinalysis: Urobilinogen #1,Staff Initials:,476
Urinalysis: Urobilinogen #1,Comment:,476
Urinalysis: Ketones #1,Staff Initials:,476
Urinalysis: Ketones #1,Comment:,476
Urinalysis: Glucose #1,Staff Initials:,476
Urinalysis: Glucose #1,Comment:,477
Urinalysis: Protein #1,Staff Initials:,477
Urinalysis: Protein #1,Comment:,477
Urinalysis: Blood #1,Staff Initials:,477
Urinalysis: Protein #1,What was the protein result?,477
Urinalysis: Blood #1,Comment:,478
Urinalysis: Nitrite #1,Staff Initials:,478
Urinalysis: Nitrite #1,Comment:,478
Urinalysis: pH #1,Staff Initials:,478
Urinalysis: pH #1,Record pH value (Perform urinalysis and read results),478
Urinalysis: pH #1,Comment:,479
Urinalysis: Specific Gravity #1,Staff Initials:,479
Urinalysis: Specific Gravity #1,Comment:,479
Urinalysis: Specific Gravity #1,Record specific gravity of sample (Perform urinalysis and read results),479
Urinalysis: Leukocytes #1,Staff Initials:,480
Urinalysis: Leukocytes #1,Comment:,480
Urinalysis: Participant menstruating #1,Staff Initials:,480
Urinalysis: Participant menstruating #1,Comment:,480
Urinalysis: Send for microscopy #1,Staff Initials:,480
Urinalysis: Send for microscopy #1,Comment:,480
Urinalysis: Participant menstruating #1,"Is participant female and menstruating? (If 'Yes', DO NOT send sample for Microscopy. If 'No', send sample for Microscopy)",480
Urinalysis: Send for microscopy #1,Confirm sample sent for microscopy (Complete associated paperwork),480
Urinalysis: Repeat Urinalysis #1,Staff Initials:,481
Urinalysis: Repeat Urinalysis #1,Comment:,481
Urinalysis: Urinalysis Microscopy #1,Staff Initials:,481
Urinalysis: Urinalysis Microscopy #1,Comment:,481
Urinalysis: TDL Form Check #1,Staff Initials:,481
Urinalysis: TDL Form Check #1,Comment:,481
Urinalysis: Urinalysis Medic Assessment #1,Staff Initials:,481
Urinalysis: Urinalysis Medic Assessment #1,Comment:,481
Urinalysis: Repeat Urinalysis #1,Has urinalysis been repeated as soon as possible with a clean catch specimen?,481
Urinalysis: TDL Form Check #1,Confirm TDL form completed:,481
Urinalysis: Urinalysis Medic Assessment #1,Has there been a medic review of the Microscopy results?,481
Safety: Urine Pregnancy test #1,Comment:,482
Safety: Prompt for Medic for Urine Pregnancy #1,Staff Initials:,482
Safety: Prompt for Medic for Urine Pregnancy #1,Comment:,482
ECG: 12 Lead Standard #3,Staff Initials:,482
ECG: 12 Lead Standard #3,Comment:,482
ECG: 12 Lead Standard #3,Exclude if - QT interval corrected for heart rate using Fridericia’s formula (QTcF) >450 msec for,482
ECG: 12 Lead Standard #3,"male participants or >470 msec for female participants, QRS interval >120 msec, or PR interval >200 msec. (Supine for a minimum 3 minutes)",482
ECG: ECG Rhythm Assess/Interpretation #3,Comment:,483
ECG: ECG Significance #3,Staff Initials:,483
ECG: ECG Significance #3,Comment:,483
ECG: ECG Findings #3,Staff Initials:,483
ECG: ECG Findings #3,Comment:,483
ECG: ECG Findings inc Rhythm #3,Staff Initials:,483
ECG: ECG Findings inc Rhythm #3,Comment:,483
ECG Difference: ECG Difference Calculation #3,Comment:,484
Vital Signs: Vital Signs Supine Full Set #5,Staff Initials:,484
Vital Signs: Vital Signs Supine Full Set #5,Comment:,484
Vital Signs: Clinical Significance #5,Staff Initials:,484
Vital Signs: Clinical Significance #5,Comment:,484
ECG Difference: ECG Difference Calculation #3,ECG Difference Calculation - a participant will be withdrawn where there is an increase in QTcF interval of >60 msec from baseline (confirmed following a repeat ECG),484
Vital Signs: Vital Signs Supine Full Set #5,Systolic mmHg (##0),484
Vital Signs: Vital Signs Supine Full Set #5,Diastolic mmHg (##0),484
Vital Signs: Vital Signs Supine Full Set #5,Heart Rate beats/min (##0),484
Vital Signs: Vital Signs Supine Full Set #5,Respiratory Rate breaths/mi (##0),484
Vital Signs: Vital Signs Supine Full Set #5,Oral Temperature - Degrees Celsius _ _. _ C,484
Vital Signs: Clinical Significance #5,Clinical Assessment of Vital Signs (Medic or Nurse to assess vital signs),484
Vital Signs: Vital Signs Findings #5,Staff Initials:,485
Vital Signs: Vital Signs Findings #5,Comment:,485
Vital Signs Standing: Vital Signs Standing BP and HR #5,Staff Initials:,485
Vital Signs Standing: Vital Signs Standing BP and HR #5,Comment:,485
Vital Signs Standing: Drop in SBP from Supine to Standing #5,Staff Initials:,485
Vital Signs Standing: Drop in SBP from Supine to Standing #5,Comment:,485
Vital Signs Standing 2: Drop in DBP from Supine to Standing #5,Staff Initials:,485
Vital Signs Standing: Vital Signs Standing BP and HR #5,Systolic mmHg (##0),485
Vital Signs Standing: Vital Signs Standing BP and HR #5,Diastolic mmHg (##0),485
Vital Signs Standing: Vital Signs Standing BP and HR #5,Heart Rate beats/min (##0),485
Vital Signs Standing: Drop in SBP from Supine to Standing #5,Is there a drop in SYSTOLIC BP from supine to standing?,485
Vital Signs Standing 2: Drop in DBP from Supine to Standing #5,Is there a drop in DIASTOLIC BP from supine to standing?,485
Vital Signs Difference: Vital Signs Calculation BP and HR #5,Staff Initials:,486
Vital Signs Difference: Vital Signs Calculation BP and HR #5,Comment:,486
Vital Signs Difference: Vital Signs Calculation BP and HR 2 #5,Staff Initials:,486
Vital Signs Difference: Vital Signs Calculation BP and HR 2 #5,Comment:,486
Vital Signs Standing: Clinical Significance #5,Staff Initials:,486
Vital Signs Standing: Clinical Significance #5,Comment:,486
Vital Signs Standing: Vital Signs Findings #5,Staff Initials:,486
Vital Signs Standing: Vital Signs Findings #5,Comment:,486
Vital Signs Difference: Vital Signs Calculation BP and HR #5,Vital Signs Difference for SYSTOLIC Drop,486
Vital Signs Difference: Vital Signs Calculation BP and HR #5,Systolic Drop mmHg,486
Vital Signs Difference: Vital Signs Calculation BP and HR 2 #5,Vital Signs Difference for DIASTOLIC Drop,486
Vital Signs Difference: Vital Signs Calculation BP and HR 2 #5,Diastolic Drop mmHg,486
Vital Signs Standing: Clinical Significance #5,Clinical Assessment of Standing Vital Signs (Medic or Nurse to assess vital signs),486
Safety: Fasted #1,Has the participant fasted for 8 hours?,486
Safety: Fasted #1,Comment:,487
Safety: Haematology #1,Staff Initials:,487
Safety: Haematology #1,Comment:,487
Safety: Haematology Medic Assessment #1,Staff Initials:,487
Safety: Haematology Medic Assessment #1,Comment:,487
Safety: Chemistry #1,Staff Initials:,487
Safety: Chemistry #1,Comment:,487
Safety: Chemistry Medic Assessment #1,Staff Initials:,487
Safety: Chemistry Medic Assessment #1,Comment:,487
Safety: Haematology Medic Assessment #1,Has there been a medic review of the Haematology blood results?,487
Safety: Chemistry Medic Assessment #1,Has there been a medic review of the Clinical Chemistry blood results?,487
Safety: TDL Form Check #1,Staff Initials:,488
Safety: TDL Form Check #1,Comment:,488
PK Samples: PK Plasma #14,Staff Initials:,488
PK Samples: PK Plasma #14,Comment:,488
AE/CM Surveys: AE/CM Check #14,Staff Initials:,488
AE/CM Surveys: AE/CM Check #14,Comment:,488
Stanford Sleepiness Scale: Stanford Sleepiness Scale Date #5,Staff Initials:,488
Stanford Sleepiness Scale: Stanford Sleepiness Scale Date #5,Comment:,488
Safety: TDL Form Check #1,Confirm TDL form completed:,488
AE/CM Surveys: AE/CM Check #14,Confirm an AE and Conmed check has been performed (Record any AE and Conmeds if applicable),488
Stanford Sleepiness Scale: Degree of Sleepiness #5,Comment:,489
PK Samples: PK Plasma #15,Staff Initials:,489
PK Samples: PK Plasma #15,Comment:,489
AE/CM Surveys: AE/CM Check #15,Staff Initials:,489
AE/CM Surveys: AE/CM Check #15,Comment:,489
PK Samples: PK Plasma #16,Staff Initials:,489
PK Samples: PK Plasma #16,Comment:,489
AE/CM Surveys: AE/CM Check #15,Confirm an AE and Conmed check has been performed (Record any AE and Conmeds if applicable),489
AE/CM Surveys: AE/CM Check #16,Staff Initials:,490
AE/CM Surveys: AE/CM Check #16,Comment:,490
Vital Signs: Vital Signs Supine Full Set #6,Staff Initials:,490
Vital Signs: Vital Signs Supine Full Set #6,Comment:,490
Vital Signs: Clinical Significance #6,Staff Initials:,490
Vital Signs: Clinical Significance #6,Comment:,490
AE/CM Surveys: AE/CM Check #16,Confirm an AE and Conmed check has been performed (Record any AE and Conmeds if applicable),490
Vital Signs: Vital Signs Supine Full Set #6,Systolic mmHg (##0),490
Vital Signs: Vital Signs Supine Full Set #6,Diastolic mmHg (##0),490
Vital Signs: Vital Signs Supine Full Set #6,Heart Rate beats/min (##0),490
Vital Signs: Vital Signs Supine Full Set #6,Respiratory Rate breaths/mi (##0),490
Vital Signs: Vital Signs Supine Full Set #6,Oral Temperature - Degrees Celsius _ _. _ C,490
Vital Signs: Clinical Significance #6,Clinical Assessment of Vital Signs (Medic or Nurse to assess vital signs),490
Vital Signs: Vital Signs Findings #6,Staff Initials:,491
Vital Signs: Vital Signs Findings #6,Comment:,491
Vital Signs Standing: Vital Signs Standing BP and HR #6,Staff Initials:,491
Vital Signs Standing: Vital Signs Standing BP and HR #6,Comment:,491
Vital Signs Standing: Drop in SBP from Supine to Standing #6,Staff Initials:,491
Vital Signs Standing: Drop in SBP from Supine to Standing #6,Comment:,491
Vital Signs Standing 2: Drop in DBP from Supine to Standing #6,Staff Initials:,491
Vital Signs Standing: Vital Signs Standing BP and HR #6,Systolic mmHg (##0),491
Vital Signs Standing: Vital Signs Standing BP and HR #6,Diastolic mmHg (##0),491
Vital Signs Standing: Vital Signs Standing BP and HR #6,Heart Rate beats/min (##0),491
Vital Signs Standing: Drop in SBP from Supine to Standing #6,Is there a drop in SYSTOLIC BP from supine to standing?,491
Vital Signs Standing 2: Drop in DBP from Supine to Standing #6,Is there a drop in DIASTOLIC BP from supine to standing?,491
Vital Signs Difference: Vital Signs Calculation BP and HR #6,Staff Initials:,492
Vital Signs Difference: Vital Signs Calculation BP and HR #6,Comment:,492
Vital Signs Difference: Vital Signs Calculation BP and HR 2 #6,Staff Initials:,492
Vital Signs Difference: Vital Signs Calculation BP and HR 2 #6,Comment:,492
Vital Signs Standing: Clinical Significance #6,Staff Initials:,492
Vital Signs Standing: Clinical Significance #6,Comment:,492
Vital Signs Standing: Vital Signs Findings #6,Staff Initials:,492
Vital Signs Standing: Vital Signs Findings #6,Comment:,492
Vital Signs Difference: Vital Signs Calculation BP and HR #6,Vital Signs Difference for SYSTOLIC Drop,492
Vital Signs Difference: Vital Signs Calculation BP and HR #6,Systolic Drop mmHg,492
Vital Signs Difference: Vital Signs Calculation BP and HR 2 #6,Vital Signs Difference for DIASTOLIC Drop,492
Vital Signs Difference: Vital Signs Calculation BP and HR 2 #6,Diastolic Drop mmHg,492
Vital Signs Standing: Clinical Significance #6,Clinical Assessment of Standing Vital Signs (Medic or Nurse to assess vital signs),492
PK Samples: PK Plasma #17,Staff Initials:,493
PK Samples: PK Plasma #17,Comment:,493
AE/CM Surveys: AE/CM Check #17,Staff Initials:,493
AE/CM Surveys: AE/CM Check #17,Comment:,493
Urinalysis: Collection Time #2,Staff Initials:,493
Urinalysis: Collection Time #2,Comment:,493
Urinalysis: Bilirubin #2,Staff Initials:,493
Urinalysis: Bilirubin #2,Comment:,493
Urinalysis: Urobilinogen #2,Staff Initials:,493
AE/CM Surveys: AE/CM Check #17,Confirm an AE and Conmed check has been performed (Record any AE and Conmeds if applicable),493
Urinalysis: Collection Time #2,Record time of urine sample (Collect Urine Sample),493
Urinalysis: Urobilinogen #2,Comment:,494
Urinalysis: Ketones #2,Staff Initials:,494
Urinalysis: Ketones #2,Comment:,494
Urinalysis: Glucose #2,Staff Initials:,494
Urinalysis: Glucose #2,Comment:,495
Urinalysis: Protein #2,Staff Initials:,495
Urinalysis: Protein #2,Comment:,495
Urinalysis: Blood #2,Staff Initials:,495
Urinalysis: Protein #2,What was the protein result?,495
Urinalysis: Blood #2,Comment:,496
Urinalysis: Nitrite #2,Staff Initials:,496
Urinalysis: Nitrite #2,Comment:,496
Urinalysis: pH #2,Staff Initials:,497
Urinalysis: pH #2,Comment:,497
Urinalysis: Specific Gravity #2,Staff Initials:,497
Urinalysis: pH #2,Record pH value (Perform urinalysis and read results),497
Urinalysis: Specific Gravity #2,Record specific gravity of sample (Perform urinalysis and read results),497
Urinalysis: Leukocytes #2,Staff Initials:,498
Urinalysis: Leukocytes #2,Comment:,498
Urinalysis: Participant menstruating #2,Staff Initials:,498
Urinalysis: Participant menstruating #2,Comment:,498
Urinalysis: Send for microscopy #2,Staff Initials:,498
Urinalysis: Send for microscopy #2,Comment:,498
Urinalysis: Participant menstruating #2,"Is participant female and menstruating? (If 'Yes', DO NOT send sample for Microscopy. If 'No', send sample for Microscopy)",498
Urinalysis: Send for microscopy #2,Confirm sample sent for microscopy (Complete associated paperwork),498
Urinalysis: Repeat Urinalysis #2,Staff Initials:,499
Urinalysis: Repeat Urinalysis #2,Comment:,499
Urinalysis: Urinalysis Microscopy #2,Staff Initials:,499
Urinalysis: Urinalysis Microscopy #2,Comment:,499
Urinalysis: TDL Form Check #2,Staff Initials:,499
Urinalysis: TDL Form Check #2,Comment:,499
Urinalysis: Urinalysis Medic Assessment #2,Staff Initials:,499
Urinalysis: Urinalysis Medic Assessment #2,Comment:,499
Urinalysis: Repeat Urinalysis #2,Has urinalysis been repeated as soon as possible with a clean catch specimen?,499
Urinalysis: TDL Form Check #2,Confirm TDL form completed:,499
Urinalysis: Urinalysis Medic Assessment #2,Has there been a medic review of the Microscopy results?,499
ECG: 12 Lead Standard #4,Staff Initials:,500
ECG: 12 Lead Standard #4,Comment:,500
ECG: ECG Rhythm Assess/Interpretation #4,Staff Initials:,500
ECG: ECG Rhythm Assess/Interpretation #4,Comment:,500
ECG: 12 Lead Standard #4,Exclude if - QT interval corrected for heart rate using Fridericia’s formula (QTcF) >450 msec for,500
ECG: 12 Lead Standard #4,"male participants or >470 msec for female participants, QRS interval >120 msec, or PR interval >200 msec. (Supine for a minimum 3 minutes)",500
ECG: ECG Significance #4,Comment:,501
ECG: ECG Findings #4,Staff Initials:,501
ECG: ECG Findings #4,Comment:,501
ECG: ECG Findings inc Rhythm #4,Staff Initials:,501
ECG: ECG Findings inc Rhythm #4,Comment:,501
ECG Difference: ECG Difference Calculation #4,Staff Initials:,501
ECG Difference: ECG Difference Calculation #4,Comment:,501
Vital Signs: Vital Signs Supine Full Set #7,Staff Initials:,501
ECG Difference: ECG Difference Calculation #4,ECG Difference Calculation - a participant will be withdrawn where there is an increase in QTcF interval of >60 msec from baseline (confirmed following a repeat ECG),501
Vital Signs: Vital Signs Supine Full Set #7,Systolic mmHg (##0),501
Vital Signs: Vital Signs Supine Full Set #7,Diastolic mmHg (##0),501
Vital Signs: Vital Signs Supine Full Set #7,Comment:,502
Vital Signs: Clinical Significance #7,Staff Initials:,502
Vital Signs: Clinical Significance #7,Comment:,502
Vital Signs: Vital Signs Findings #7,Staff Initials:,502
Vital Signs: Vital Signs Findings #7,Comment:,502
Vital Signs: Vital Signs Supine Full Set #7,Heart Rate beats/min (##0),502
Vital Signs: Vital Signs Supine Full Set #7,Respiratory Rate breaths/mi (##0),502
Vital Signs: Vital Signs Supine Full Set #7,Oral Temperature - Degrees Celsius _ _. _ C,502
Vital Signs: Clinical Significance #7,Clinical Assessment of Vital Signs (Medic or Nurse to assess vital signs),502
Vital Signs Standing: Vital Signs Standing BP and HR #7,Staff Initials:,503
Vital Signs Standing: Vital Signs Standing BP and HR #7,Comment:,503
Vital Signs Standing: Drop in SBP from Supine to Standing #7,Staff Initials:,503
Vital Signs Standing: Drop in SBP from Supine to Standing #7,Comment:,503
Vital Signs Standing 2: Drop in DBP from Supine to Standing #7,Staff Initials:,503
Vital Signs Standing 2: Drop in DBP from Supine to Standing #7,Comment:,503
Vital Signs Difference: Vital Signs Calculation BP and HR #7,Staff Initials:,503
Vital Signs Standing: Vital Signs Standing BP and HR #7,Systolic mmHg (##0),503
Vital Signs Standing: Vital Signs Standing BP and HR #7,Diastolic mmHg (##0),503
Vital Signs Standing: Vital Signs Standing BP and HR #7,Heart Rate beats/min (##0),503
Vital Signs Standing: Drop in SBP from Supine to Standing #7,Is there a drop in SYSTOLIC BP from supine to standing?,503
Vital Signs Standing 2: Drop in DBP from Supine to Standing #7,Is there a drop in DIASTOLIC BP from supine to standing?,503
Vital Signs Difference: Vital Signs Calculation BP and HR #7,Vital Signs Difference for SYSTOLIC Drop,503
Vital Signs Difference: Vital Signs Calculation BP and HR #7,Systolic Drop mmHg,503
Vital Signs Difference: Vital Signs Calculation BP and HR 2 #7,Staff Initials:,504
Vital Signs Difference: Vital Signs Calculation BP and HR 2 #7,Comment:,504
Vital Signs Standing: Clinical Significance #7,Staff Initials:,504
Vital Signs Standing: Clinical Significance #7,Comment:,504
Vital Signs Standing: Vital Signs Findings #7,Staff Initials:,504
Vital Signs Standing: Vital Signs Findings #7,Comment:,504
Safety: Fasted #2,Staff Initials:,504
Safety: Fasted #2,Comment:,504
Vital Signs Difference: Vital Signs Calculation BP and HR 2 #7,Vital Signs Difference for DIASTOLIC Drop,504
Vital Signs Difference: Vital Signs Calculation BP and HR 2 #7,Diastolic Drop mmHg,504
Vital Signs Standing: Clinical Significance #7,Clinical Assessment of Standing Vital Signs (Medic or Nurse to assess vital signs),504
Safety: Fasted #2,Has the participant fasted for 8 hours?,504
Safety: Haematology #2,Staff Initials:,505
Safety: Haematology #2,Comment:,505
Safety: Haematology Medic Assessment #2,Staff Initials:,505
Safety: Haematology Medic Assessment #2,Comment:,505
Safety: Chemistry #2,Staff Initials:,505
Safety: Chemistry #2,Comment:,505
Safety: Chemistry Medic Assessment #2,Staff Initials:,505
Safety: Chemistry Medic Assessment #2,Comment:,505
Safety: Haematology Medic Assessment #2,Has there been a medic review of the Haematology blood results?,505
Safety: Chemistry Medic Assessment #2,Has there been a medic review of the Clinical Chemistry blood results?,505
Safety: TDL Form Check #2,Staff Initials:,506
Safety: TDL Form Check #2,Comment:,506
PK Samples: PK Plasma #18,Staff Initials:,506
PK Samples: PK Plasma #18,Comment:,506
AE/CM Surveys: AE/CM Check #18,Staff Initials:,506
AE/CM Surveys: AE/CM Check #18,Comment:,506
C-SSRS Assessment: Date of Assessment #1,Staff Initials:,506
C-SSRS Assessment: Date of Assessment #1,Comment:,506
Safety: TDL Form Check #2,Confirm TDL form completed:,506
AE/CM Surveys: AE/CM Check #18,Confirm an AE and Conmed check has been performed (Record any AE and Conmeds if applicable),506
C-SSRS Since Last Visit: 1. Wish to be Dead #1,Staff Initials:,507
C-SSRS Since Last Visit: 1. Wish to be Dead #1,Comment:,507
C-SSRS Since Last Visit: 2. Non-specific Thoughts #1,Staff Initials:,507
C-SSRS Since Last Visit: 2. Non-specific Thoughts #1,Comment:,507
C-SSRS Since Last Visit: 3. Active Ideation No Intent #1,Staff Initials:,508
C-SSRS Since Last Visit: 3. Active Ideation No Intent #1,Comment:,508
C-SSRS Since Last Visit: 4. Active Ideation Some Intent #1,Staff Initials:,508
C-SSRS Since Last Visit: 4. Active Ideation Some Intent #1,Comment:,508
C-SSRS Since Last Visit: 5. Active Ideation Specific Intent #1,Staff Initials:,509
C-SSRS Since Last Visit: 5. Active Ideation Specific Intent #1,Comment:,509
C-SSRS Since Last Visit: 6. Most Severe Ideation #1,Staff Initials:,509
C-SSRS Since Last Visit: 6. Most Severe Ideation #1,Comment:,509
C-SSRS Since Last Visit: 5. Active Ideation Specific Intent #1,5. Active Suicidal Ideation with Specific Plan and Intent Thoughts of killing oneself with details of plan fully or partially worked out and subject has some intent to carry it out. (Have you started to work out or worked out the details of how to kill yourself? Do you intend to carry out this plan?),509
C-SSRS Since Last Visit: 7. Frequency #1,Staff Initials:,510
C-SSRS Since Last Visit: 7. Frequency #1,Comment:,510
C-SSRS Since Last Visit: 8. Duration #1,Staff Initials:,510
C-SSRS Since Last Visit: 8. Duration #1,Comment:,510
C-SSRS Since Last Visit: 9. Controllability #1,Comment:,511
C-SSRS Since Last Visit: 10. Deterrents #1,Staff Initials:,511
C-SSRS Since Last Visit: 10. Deterrents #1,Comment:,511
C-SSRS Since Last Visit: 11. Reasons for Ideation #1,Staff Initials:,512
C-SSRS Since Last Visit: 11. Reasons for Ideation #1,Comment:,512
C-SSRS Since Last Visit: 11. Reasons for Ideation #1,"Reasons for Ideation (What sort of reasons did you have for thinking about wanting to die or killing yourself? Was it to end the pain or stop the way you were feeling (in other words you couldn't go on living with this pain or how you were feeling) or was it to get attention, revenge or a reaction from others?",512
C-SSRS Since Last Visit: 12. Actual Attempt #1,Staff Initials:,513
C-SSRS Since Last Visit: 12. Actual Attempt #1,Comment:,513
C-SSRS Since Last Visit: 12. Total Number of Attempts #1,Staff Initials:,513
C-SSRS Since Last Visit: 12. Total Number of Attempts #1,Comment:,513
C-SSRS Since Last Visit: 12. Actual Attempt #1,"Actual Attempt (Since Last Visit) A potentially self-injurious act committed with at least some wish to die, as a result of act. Behaviour was in part thought of as method to kill oneself. Intent does not have to be 100%. If there is any intent/desire to die associated with the act, then it can be considered an actual suicide attempt. There does not have to be any injury or harm, just the potential for injury or harm. If person pulls trigger while gun is in mouth but gun is broken so no injury results, this is considered an attempt. Inferring Intent: Even if an individual denies intent/wish to die, it may be inferred clinically from the behaviour or circumstances. For example, a highly lethal act that is clearly not an accident so no other intent but suicide can be inferred (e.g. gunshot to head, jumping from window of a high floor/storey). Also, if someone denies intent to die, but they thought that what they did could be lethal, intent maybe inferred. (Have you made a suicide attempt?",513
C-SSRS Since Last Visit: 12. Actual Attempt #1,Have you done anything to harm yourself?,513
C-SSRS Since Last Visit: 13. Has Subject Engaged #1,Staff Initials:,514
C-SSRS Since Last Visit: 13. Has Subject Engaged #1,Comment:,514
C-SSRS Since Last Visit: 14. Interrupted Attempt #1,Staff Initials:,514
C-SSRS Since Last Visit: 14. Interrupted Attempt #1,Comment:,514
C-SSRS Since Last Visit: 14. Total Number of Interrupted #1,Staff Initials:,514
C-SSRS Since Last Visit: 14. Total Number of Interrupted #1,Comment:,514
C-SSRS Since Last Visit: 15. Aborted Attempt #1,Staff Initials:,515
C-SSRS Since Last Visit: 15. Aborted Attempt #1,Comment:,515
C-SSRS Since Last Visit: 15. Total Number of Aborted #1,Staff Initials:,515
C-SSRS Since Last Visit: 15. Total Number of Aborted #1,Comment:,515
C-SSRS Since Last Visit: 16. Preparatory Acts or Behaviour #1,Staff Initials:,516
C-SSRS Since Last Visit: 16. Preparatory Acts or Behaviour #1,Comment:,516
C-SSRS Since Last Visit: 17. Suicidal Behaviour #1,Staff Initials:,516
C-SSRS Since Last Visit: 17. Suicidal Behaviour #1,Comment:,516
C-SSRS Since Last Visit: 18. Suicide #1,Staff Initials:,516
C-SSRS Since Last Visit: 18. Suicide #1,Comment:,516
C-SSRS Since Last Visit: 17. Suicidal Behaviour #1,Suicidal Behaviour (Since Last Visit) Suicidal behaviour was present during the assessment period?,516
C-SSRS Since Last Visit: 19. Most Lethal Attempt Date #1,Staff Initials:,517
C-SSRS Since Last Visit: 19. Most Lethal Attempt Date #1,Comment:,517
C-SSRS Since Last Visit: 19. Actual Lethality Most Lethal Attempt #1,Staff Initials:,517
C-SSRS Since Last Visit: 19. Actual Lethality Most Lethal Attempt #1,Comment:,517
C-SSRS Since Last Visit: 19. Potential Lethality Most Lethal Attempt #1,Staff Initials:,518
C-SSRS Since Last Visit: 19. Potential Lethality Most Lethal Attempt #1,Comment:,518
Targeted Physical Examination Findings: Require Targeted PE? #2,Staff Initials:,518
Targeted Physical Examination Findings: Require Targeted PE? #2,Comment:,518
Targeted Physical Examination Findings: Any clinically significant abnormal,Staff Initials:,518
Targeted Physical Examination Findings: Any clinically significant abnormal,Comment:,518
Targeted Physical Examination Findings: Physical Examination Category #2,Staff Initials:,518
Targeted Physical Examination Findings: Require Targeted PE? #2,Targeted Physical Examination: Does the participant require a targeted physical examination?,518
Targeted Physical Examination Findings: Any clinically significant abnormal,"If yes, were there any clinically significant abnormal findings?",518
Targeted Physical Examination Findings: Physical Examination Category #2,Physical Examination Category,518
Targeted Physical Examination Findings: Physical Examination Category #2,Comment:,519
Targeted Physical Examination Findings: Findings #2,Staff Initials:,519
Targeted Physical Examination Findings: Findings #2,Comment:,519
Neurological Examination: Neurological Examination Performed? #1,Staff Initials:,520
Neurological Examination: Neurological Examination Performed? #1,Comment:,520
Neurological Examination: Mental Status #1,Staff Initials:,520
Neurological Examination: Mental Status #1,Comment:,520
Neurological Examination: Cranial Nerves #1,Staff Initials:,520
Neurological Examination: Cranial Nerves #1,Comment:,520
Neurological Examination: Neurological Examination Performed? #1,Was a neurological examination performed?,520
Neurological Examination: Motor Systems #1,Staff Initials:,521
Neurological Examination: Motor Systems #1,Comment:,521
Neurological Examination: Reflexes #1,Staff Initials:,521
Neurological Examination: Reflexes #1,Comment:,521
Neurological Examination: Sensory System #1,Staff Initials:,522
Neurological Examination: Sensory System #1,Comment:,522
Neurological Examination: Co-ordination #1,Staff Initials:,522
Neurological Examination: Co-ordination #1,Comment:,522
Neurological Examination: Station and Gait #1,Staff Initials:,523
Neurological Examination: Station and Gait #1,Comment:,523
Neurological Examination: Findings #1,Staff Initials:,523
Neurological Examination: Findings #1,Comment:,523
Discharge Procedures: Trial Participation Card #1,Staff Initials:,523
Discharge Procedures: Trial Participation Card #1,Comment:,523
Discharge Procedures: ICF in Volunteer Folder #1,Staff Initials:,523
Discharge Procedures: ICF in Volunteer Folder #1,Comment:,523
Discharge Procedures: Trial Participation Card #1,Confirm participant has been provided with a Trial Participation Card,523
Discharge Procedures: ICF in Volunteer Folder #1,"Is the signed copy of the participant's ICF present in their volunteer folder? (If 'No', escalate immediately)",523
Discharge Procedures: Bag Search #1,Comment:,524
Discharge Procedures: Informed of Restrictions #1,Staff Initials:,524
Discharge Procedures: Informed of Restrictions #1,Comment:,524
Discharge Procedures: AE Discharge Question #1,Staff Initials:,524
Discharge Procedures: AE Discharge Question #1,Comment:,524
Discharge Procedures: Bag Search #1,Bag search performed?,524
Discharge Procedures: Informed of Restrictions #1,"Has volunteer been reminded of the restrictions, below?",524
Discharge Procedures: AE Discharge Question #1,Have there been any Adverse Events throughout study duration?,524
Discharge Procedures: Discharge by Clinic #1,Staff Initials:,525
Discharge Procedures: Discharge by Clinic #1,Comment:,525
Discharge Procedures: Discharge by Medic #1,Staff Initials:,525
Discharge Procedures: Discharge by Medic #1,Comment:,525
Follow Up Call: Last dose #1,Staff Initials:,525
Follow Up Call: Last dose #1,Comment:,525
Discharge Procedures: Discharge by Clinic #1,Confirm that all discharge procedures have been completed and the participant is safe to be discharged.,525
Discharge Procedures: Discharge by Medic #1,"As participant has had AE(s) on the study, Medic to confirm that all discharge procedures have been completed and the participant is safe to be discharged.",525
Follow Up Call: Last dose #1,Has it been 30 to 32 days since participant's last dose?,525
Follow Up Restrictions: Informed of Restrictions #1,Staff Initials:,526
Follow Up Restrictions: Informed of Restrictions #1,Comment:,526
Prompts: PD Prompt #1,Staff Initials:,526
Prompts: PD Prompt #1,Comment:,526
Follow Up Call: Unwell #1,Staff Initials:,526
Follow Up Call: Unwell #1,Comment:,526
Prompts: AE Prompt #1,Staff Initials:,526
Prompts: AE Prompt #1,Comment:,526
Follow Up Call: Concomitant Meds #1,Staff Initials:,526
Follow Up Call: Concomitant Meds #1,Comment:,526
Follow Up Restrictions: Informed of Restrictions #1,"Has participant adhered to the restrictions, below?",526
Follow Up Call: Unwell #1,Has the participant been unwell since their last visit?,526
Follow Up Call: Concomitant Meds #1,Has the participant taken any medication since their last visit?,526
Prompts: CM Prompt #1,Staff Initials:,527
Prompts: CM Prompt #1,Comment:,527
System: Available #1,Staff Initials:,527
System: Available #1,Comment:,527
Urinalysis: Collection Time #1,Staff Initials:,527
Urinalysis: Collection Time #1,Comment:,527
System: Available #1,What is the status of the subject?,527
Urinalysis: Collection Time #1,Record time of urine sample (Collect Urine Sample),527
Urinalysis: Bilirubin #1,Staff Initials:,528
Urinalysis: Bilirubin #1,Comment:,528
Urinalysis: Urobilinogen #1,Staff Initials:,528
Urinalysis: Urobilinogen #1,Comment:,528
Urinalysis: Ketones #1,Staff Initials:,528
Urinalysis: Ketones #1,Comment:,529
Urinalysis: Glucose #1,Staff Initials:,529
Urinalysis: Glucose #1,Comment:,529
Urinalysis: Protein #1,Staff Initials:,529
Urinalysis: Protein #1,What was the protein result?,529
Urinalysis: Protein #1,Comment:,530
Urinalysis: Blood #1,Staff Initials:,530
Urinalysis: Blood #1,Comment:,530
Urinalysis: Nitrite #1,Staff Initials:,531
Urinalysis: Nitrite #1,Comment:,531
Urinalysis: pH #1,Staff Initials:,531
Urinalysis: pH #1,Comment:,531
Urinalysis: Specific Gravity #1,Staff Initials:,531
Urinalysis: pH #1,Record pH value (Perform urinalysis and read results),531
Urinalysis: Specific Gravity #1,Record specific gravity of sample (Perform urinalysis and read results),531
Urinalysis: Specific Gravity #1,Comment:,532
Urinalysis: Leukocytes #1,Staff Initials:,532
Urinalysis: Leukocytes #1,Comment:,532
Urinalysis: Participant menstruating #1,Staff Initials:,532
Urinalysis: Participant menstruating #1,Comment:,532
Urinalysis: Participant menstruating #1,"Is participant female and menstruating? (If 'Yes', DO NOT send sample for Microscopy. If 'No', send sample for Microscopy)",532
Urinalysis: Send for microscopy #1,Comment:,533
Urinalysis: Repeat Urinalysis #1,Staff Initials:,533
Urinalysis: Repeat Urinalysis #1,Comment:,533
Urinalysis: Urinalysis Microscopy #1,Staff Initials:,533
Urinalysis: Urinalysis Microscopy #1,Comment:,533
Urinalysis: TDL Form Check #1,Staff Initials:,533
Urinalysis: TDL Form Check #1,Comment:,533
Urinalysis: Send for microscopy #1,Confirm sample sent for microscopy (Complete associated paperwork),533
Urinalysis: Repeat Urinalysis #1,Has urinalysis been repeated as soon as possible with a clean catch specimen?,533
Urinalysis: TDL Form Check #1,Confirm TDL form completed:,533
Urinalysis: Urinalysis Medic Assessment #1,Staff Initials:,534
Urinalysis: Urinalysis Medic Assessment #1,Comment:,534
ECG: 12 Lead Standard #1,Staff Initials:,534
ECG: 12 Lead Standard #1,Comment:,534
ECG: ECG Rhythm Assess/Interpretation #1,Staff Initials:,534
Urinalysis: Urinalysis Medic Assessment #1,Has there been a medic review of the Microscopy results?,534
ECG: 12 Lead Standard #1,12 Lead Standard ECG Normal QTCF upper range 450 msec for male participants or 470 msec for female participants (Supine for a minimum 3 minutes),534
ECG: ECG Rhythm Assess/Interpretation #1,Comment:,535
ECG: ECG Significance #1,Staff Initials:,535
ECG: ECG Significance #1,Comment:,535
ECG: ECG Findings #1,Staff Initials:,535
ECG: ECG Findings #1,Comment:,535
ECG: ECG Findings inc Rhythm #1,Staff Initials:,535
ECG: ECG Findings inc Rhythm #1,Comment:,535
Vital Signs: Vital Signs Supine Full Set #1,Staff Initials:,535
Vital Signs: Vital Signs Supine Full Set #1,Systolic mmHg (##0),535
Vital Signs: Vital Signs Supine Full Set #1,Diastolic mmHg (##0),535
Vital Signs: Vital Signs Supine Full Set #1,Comment:,536
Vital Signs: Clinical Significance #1,Staff Initials:,536
Vital Signs: Clinical Significance #1,Comment:,536
Vital Signs: Vital Signs Findings #1,Staff Initials:,536
Vital Signs: Vital Signs Findings #1,Comment:,536
Vital Signs: Vital Signs Supine Full Set #1,Heart Rate beats/min (##0),536
Vital Signs: Vital Signs Supine Full Set #1,Respiratory Rate breaths/mi (##0),536
Vital Signs: Vital Signs Supine Full Set #1,Oral Temperature - Degrees Celsius _ _. _ C,536
Vital Signs: Clinical Significance #1,Clinical Assessment of Vital Signs (Medic or Nurse to assess vital signs),536
Vital Signs Standing: Vital Signs Standing BP and HR #1,Staff Initials:,537
Vital Signs Standing: Vital Signs Standing BP and HR #1,Comment:,537
Vital Signs Standing: Drop in SBP from Supine to Standing #1,Staff Initials:,537
Vital Signs Standing: Drop in SBP from Supine to Standing #1,Comment:,537
Vital Signs Standing 2: Drop in DBP from Supine to Standing #1,Staff Initials:,537
Vital Signs Standing 2: Drop in DBP from Supine to Standing #1,Comment:,537
Vital Signs Difference: Vital Signs Calculation BP and HR #1,Staff Initials:,537
Vital Signs Standing: Vital Signs Standing BP and HR #1,Systolic mmHg (##0),537
Vital Signs Standing: Vital Signs Standing BP and HR #1,Diastolic mmHg (##0),537
Vital Signs Standing: Vital Signs Standing BP and HR #1,Heart Rate beats/min (##0),537
Vital Signs Standing: Drop in SBP from Supine to Standing #1,Is there a drop in SYSTOLIC BP from supine to standing?,537
Vital Signs Standing 2: Drop in DBP from Supine to Standing #1,Is there a drop in DIASTOLIC BP from supine to standing?,537
Vital Signs Difference: Vital Signs Calculation BP and HR #1,Vital Signs Difference for SYSTOLIC Drop,537
Vital Signs Difference: Vital Signs Calculation BP and HR #1,Systolic Drop mmHg,537
Vital Signs Difference: Vital Signs Calculation BP and HR 2 #1,Staff Initials:,538
Vital Signs Difference: Vital Signs Calculation BP and HR 2 #1,Comment:,538
Vital Signs Standing: Clinical Significance #1,Staff Initials:,538
Vital Signs Standing: Clinical Significance #1,Comment:,538
Vital Signs Standing: Vital Signs Findings #1,Staff Initials:,538
Vital Signs Standing: Vital Signs Findings #1,Comment:,538
Safety: Fasted #1,Staff Initials:,538
Safety: Fasted #1,Comment:,538
Vital Signs Difference: Vital Signs Calculation BP and HR 2 #1,Vital Signs Difference for DIASTOLIC Drop,538
Vital Signs Difference: Vital Signs Calculation BP and HR 2 #1,Diastolic Drop mmHg,538
Vital Signs Standing: Clinical Significance #1,Clinical Assessment of Standing Vital Signs (Medic or Nurse to assess vital signs),538
Safety: Fasted #1,Has the participant fasted for 8 hours?,538
Safety: Haematology #1,Staff Initials:,539
Safety: Haematology #1,Comment:,539
Safety: Haematology Medic Assessment #1,Staff Initials:,539
Safety: Haematology Medic Assessment #1,Comment:,539
Safety: Chemistry #1,Staff Initials:,539
Safety: Chemistry #1,Comment:,539
Safety: Chemistry Medic Assessment #1,Staff Initials:,539
Safety: Chemistry Medic Assessment #1,Comment:,539
Safety: Haematology Medic Assessment #1,Has there been a medic review of the Haematology blood results?,539
Safety: Chemistry Medic Assessment #1,Has there been a medic review of the Clinical Chemistry blood results?,539
Safety: TDL Form Check #1,Staff Initials:,540
Safety: TDL Form Check #1,Comment:,540
PK Samples: PK Plasma #1,Staff Initials:,540
PK Samples: PK Plasma #1,Comment:,540
AE/CM Surveys: AE/CM Check #1,Staff Initials:,540
AE/CM Surveys: AE/CM Check #1,Comment:,540
Targeted Physical Examination Findings: Require Targeted PE? #1,Staff Initials:,540
Targeted Physical Examination Findings: Require Targeted PE? #1,Comment:,540
Safety: TDL Form Check #1,Confirm TDL form completed:,540
AE/CM Surveys: AE/CM Check #1,Confirm an AE and Conmed check has been performed (Record any AE and Conmeds if applicable),540
Targeted Physical Examination Findings: Require Targeted PE? #1,Targeted Physical Examination: Does the participant require a targeted physical examination?,540
Targeted Physical Examination Findings: Any clinically significant abnormal,Comment:,541
Targeted Physical Examination Findings: Any clinically significant abnormal,"If yes, were there any clinically significant abnormal findings?",541
Targeted Physical Examination Findings: Physical Examination Category #1,Staff Initials:,542
Targeted Physical Examination Findings: Physical Examination Category #1,Comment:,542
Targeted Physical Examination Findings: Findings #1,Staff Initials:,542
Targeted Physical Examination Findings: Physical Examination Category #1,Physical Examination Category,542
Neurological Examination: Neurological Examination Performed? #1,Staff Initials:,543
Neurological Examination: Neurological Examination Performed? #1,Comment:,543
Neurological Examination: Mental Status #1,Staff Initials:,543
Neurological Examination: Mental Status #1,Comment:,543
Neurological Examination: Cranial Nerves #1,Staff Initials:,543
Neurological Examination: Neurological Examination Performed? #1,Was a neurological examination performed?,543
Neurological Examination: Motor Systems #1,Staff Initials:,544
Neurological Examination: Motor Systems #1,Comment:,544
Neurological Examination: Reflexes #1,Staff Initials:,544
Neurological Examination: Reflexes #1,Comment:,544
Neurological Examination: Sensory System #1,Staff Initials:,545
Neurological Examination: Sensory System #1,Comment:,545
Neurological Examination: Co-ordination #1,Staff Initials:,545
Neurological Examination: Co-ordination #1,Comment:,545
Neurological Examination: Station and Gait #1,Staff Initials:,546
Neurological Examination: Station and Gait #1,Comment:,546
Neurological Examination: Findings #1,Staff Initials:,546
Neurological Examination: Findings #1,Comment:,546
C-SSRS Assessment: CSSRS Paper Source #1,Staff Initials:,546
C-SSRS Assessment: CSSRS Paper Source #1,Comment:,546
C-SSRS Assessment: Date of Assessment #1,Staff Initials:,546
C-SSRS Assessment: Date of Assessment #1,Comment:,546
C-SSRS Assessment: Date of Assessment #1,Was the C-SSRS completed?,546
C-SSRS Since Last Visit: 1. Wish to be Dead #1,Staff Initials:,547
C-SSRS Since Last Visit: 1. Wish to be Dead #1,Comment:,547
C-SSRS Since Last Visit: 2. Non-specific Thoughts #1,Staff Initials:,547
C-SSRS Since Last Visit: 2. Non-specific Thoughts #1,Comment:,547
C-SSRS Since Last Visit: 3. Active Ideation No Intent #1,Staff Initials:,548
C-SSRS Since Last Visit: 3. Active Ideation No Intent #1,Comment:,548
C-SSRS Since Last Visit: 4. Active Ideation Some Intent #1,Staff Initials:,548
C-SSRS Since Last Visit: 4. Active Ideation Some Intent #1,Comment:,548
C-SSRS Since Last Visit: 5. Active Ideation Specific Intent #1,Staff Initials:,549
C-SSRS Since Last Visit: 5. Active Ideation Specific Intent #1,Comment:,549
C-SSRS Since Last Visit: 6. Most Severe Ideation #1,Staff Initials:,549
C-SSRS Since Last Visit: 6. Most Severe Ideation #1,Comment:,549
C-SSRS Since Last Visit: 6. Description of Ideation #1,Staff Initials:,549
C-SSRS Since Last Visit: 6. Description of Ideation #1,Comment:,549
C-SSRS Since Last Visit: 7. Frequency #1,Staff Initials:,549
C-SSRS Since Last Visit: 5. Active Ideation Specific Intent #1,5. Active Suicidal Ideation with Specific Plan and Intent Thoughts of killing oneself with details of plan fully or partially worked out and subject has some intent to carry it out. (Have you started to work out or worked out the details of how to kill yourself? Do you intend to carry out this plan?),549
C-SSRS Since Last Visit: 7. Frequency #1,Comment:,550
C-SSRS Since Last Visit: 8. Duration #1,Staff Initials:,550
C-SSRS Since Last Visit: 8. Duration #1,Comment:,550
C-SSRS Since Last Visit: 9. Controllability #1,Staff Initials:,550
C-SSRS Since Last Visit: 9. Controllability #1,Comment:,551
C-SSRS Since Last Visit: 10. Deterrents #1,Staff Initials:,551
C-SSRS Since Last Visit: 10. Deterrents #1,Comment:,551
C-SSRS Since Last Visit: 11. Reasons for Ideation #1,Staff Initials:,551
C-SSRS Since Last Visit: 11. Reasons for Ideation #1,"Reasons for Ideation (What sort of reasons did you have for thinking about wanting to die or killing yourself? Was it to end the pain or stop the way you were feeling (in other words you couldn't go on living with this pain or how you were feeling) or was it to get attention, revenge or a reaction from others?",551
C-SSRS Since Last Visit: 11. Reasons for Ideation #1,Comment:,552
C-SSRS Since Last Visit: 12. Actual Attempt #1,Staff Initials:,553
C-SSRS Since Last Visit: 12. Actual Attempt #1,Comment:,553
C-SSRS Since Last Visit: 12. Total Number of Attempts #1,Staff Initials:,553
C-SSRS Since Last Visit: 12. Total Number of Attempts #1,Comment:,553
C-SSRS Since Last Visit: 12. Actual Attempt #1,"Actual Attempt (Since Last Visit) A potentially self-injurious act committed with at least some wish to die, as a result of act. Behaviour was in part thought of as method to kill oneself. Intent does not have to be 100%. If there is any intent/desire to die associated with the act, then it can be considered an actual suicide attempt. There does not have to be any injury or harm, just the potential for injury or harm. If person pulls trigger while gun is in mouth but gun is broken so no injury results, this is considered an attempt. Inferring Intent: Even if an individual denies intent/wish to die, it may be inferred clinically from the behaviour or circumstances. For example, a highly lethal act that is clearly not an accident so no other intent but suicide can be inferred (e.g. gunshot to head, jumping from window of a high floor/storey). Also, if someone denies intent to die, but they thought that what they did could be lethal, intent maybe inferred. (Have you made a suicide attempt?",553
C-SSRS Since Last Visit: 12. Actual Attempt #1,Have you done anything to harm yourself?,553
C-SSRS Since Last Visit: 13. Has Subject Engaged #1,Comment:,554
C-SSRS Since Last Visit: 14. Interrupted Attempt #1,Staff Initials:,554
C-SSRS Since Last Visit: 14. Interrupted Attempt #1,Comment:,554
C-SSRS Since Last Visit: 14. Total Number of Interrupted #1,Staff Initials:,554
C-SSRS Since Last Visit: 14. Total Number of Interrupted #1,Comment:,554
C-SSRS Since Last Visit: 15. Aborted Attempt #1,Comment:,555
C-SSRS Since Last Visit: 15. Total Number of Aborted #1,Staff Initials:,555
C-SSRS Since Last Visit: 15. Total Number of Aborted #1,Comment:,555
C-SSRS Since Last Visit: 16. Preparatory Acts or Behaviour #1,Staff Initials:,555
C-SSRS Since Last Visit: 16. Preparatory Acts or Behaviour #1,Comment:,555
C-SSRS Since Last Visit: 17. Suicidal Behaviour #1,Suicidal Behaviour (Since Last Visit) Suicidal behaviour was present during the assessment period?,555
C-SSRS Since Last Visit: 17. Suicidal Behaviour #1,Comment:,556
C-SSRS Since Last Visit: 18. Suicide #1,Staff Initials:,556
C-SSRS Since Last Visit: 18. Suicide #1,Comment:,556
C-SSRS Since Last Visit: 19. Most Lethal Attempt Date #1,Staff Initials:,556
C-SSRS Since Last Visit: 19. Most Lethal Attempt Date #1,Comment:,556
C-SSRS Since Last Visit: 19. Actual Lethality Most Lethal Attempt #1,Staff Initials:,556
C-SSRS Since Last Visit: 19. Actual Lethality Most Lethal Attempt #1,Comment:,557
C-SSRS Since Last Visit: 19. Potential Lethality Most Lethal Attempt #1,Staff Initials:,557
C-SSRS Since Last Visit: 19. Potential Lethality Most Lethal Attempt #1,Comment:,557
Discharge Procedures: Trial Participation Card #1,Staff Initials:,557
Discharge Procedures: Trial Participation Card #1,Comment:,557
Discharge Procedures: ICF in Volunteer Folder #1,Staff Initials:,557
Discharge Procedures: ICF in Volunteer Folder #1,Comment:,557
Discharge Procedures: Trial Participation Card #1,Confirm participant has been provided with a Trial Participation Card,557
Discharge Procedures: ICF in Volunteer Folder #1,"Is the signed copy of the participant's ICF present in their volunteer folder? (If 'No', escalate immediately)",557
Discharge Procedures: Bag Search #1,Staff Initials:,558
Discharge Procedures: Bag Search #1,Comment:,558
Discharge Procedures: Informed of Restrictions #1,Staff Initials:,558
Discharge Procedures: Informed of Restrictions #1,Comment:,558
Discharge Procedures: AE Discharge Question #1,Staff Initials:,558
Discharge Procedures: AE Discharge Question #1,Comment:,558
Discharge Procedures: Bag Search #1,Bag search performed?,558
Discharge Procedures: Informed of Restrictions #1,"Has volunteer been reminded of the restrictions, below?",558
Discharge Procedures: AE Discharge Question #1,Have there been any Adverse Events throughout study duration?,558
Discharge Procedures: Discharge by Clinic #1,Staff Initials:,559
Discharge Procedures: Discharge by Clinic #1,Comment:,559
Discharge Procedures: Discharge by Medic #1,Staff Initials:,559
Discharge Procedures: Discharge by Medic #1,Comment:,559
System: Available #1,Staff Initials:,559
System: Available #1,Comment:,559
Completion: Completed Study #1,Staff Initials:,559
Completion: Completed Study #1,Comment:,559
Discharge Procedures: Discharge by Clinic #1,Confirm that all discharge procedures have been completed and the participant is safe to be discharged.,559
Discharge Procedures: Discharge by Medic #1,"As participant has had AE(s) on the study, Medic to confirm that all discharge procedures have been completed and the participant is safe to be discharged.",559
System: Available #1,What is the status of the subject?,559
Completion: Completed Study #1,Did the participant complete the study?,559
Completion: Date of Completion #1,Staff Initials:,560
Completion: Date of Completion #1,Comment:,560
Completion: Date of Discontinuation #1,Staff Initials:,560
Completion: Date of Discontinuation #1,Comment:,560
Completion: Date of Last Dose #1,Staff Initials:,560
Completion: Date of Last Dose #1,Comment:,560
Completion: Date of Last Procedure/Last Contact #1,Staff Initials:,560
Completion: Date of Last Procedure/Last Contact #1,Comment:,560
Completion: Reason for Discontinuation #1,Staff Initials:,560
Completion: Date of Completion #1,Date participant completed,560
Completion: Date of Discontinuation #1,Date of discontinuation / withdrawal,560
Completion: Date of Last Dose #1,Date of Last Dose,560
Completion: Date of Last Procedure/Last Contact #1,Date of last study procedure/last contact with participant,560
Completion: Reason for Discontinuation #1,What was the reason for participant discontinuation?,560
Completion: Reason for Discontinuation #1,Comment:,561
Completion: Specify Reason for Discontinuation #1,Staff Initials:,562
Completion: Specify Reason for Discontinuation #1,Comment:,562
Completion: Date and Time of Death #1,Staff Initials:,562
Completion: Date and Time of Death #1,Comment:,562
Adverse Event: AE Nature of Event #1,Staff Initials:,562
Adverse Event: AE Nature of Event #1,Comment:,562
Adverse Event: Start Date #1,Staff Initials:,562
Completion: Date and Time of Death #1,Date and time of death,562
Adverse Event: Start Date #1,What is the date the adverse event started? (Start Date),562
Adverse Event: Start Time #1,Staff Initials:,563
Adverse Event: Start Time #1,Comment:,563
Adverse Event: Severity #1,Staff Initials:,563
Adverse Event: Severity #1,Comment:,563
Adverse Event: Serious Event #1,Staff Initials:,563
Adverse Event: Serious Event #1,Comment:,563
Adverse Event: Seriousness Criteria #1,Staff Initials:,563
Adverse Event: Seriousness Criteria #1,Comment:,564
Adverse Event: Specify Important Medical Event #1,Staff Initials:,564
Adverse Event: Specify Important Medical Event #1,Comment:,564
Adverse Event x: IRE Confirmation #1,Staff Initials:,565
Adverse Event x: IRE Confirmation #1,Comment:,565
Adverse Event: IMP Causality #1,Staff Initials:,565
Adverse Event: IMP Causality #1,Comment:,565
Adverse Event: Relationship Cause #1,Staff Initials:,565
Adverse Event: Relationship Cause #1,Comment:,565
Adverse Event x: IRE Confirmation #1,Is the adverse event an immediately reportable event?,565
Adverse Event: Action Taken with Study Treatment #1,Comment:,566
Adverse Event: Outcome #1,Staff Initials:,566
Adverse Event: Outcome #1,Comment:,566
Adverse Event: Specify Sequelae #1,Staff Initials:,567
Adverse Event: Specify Sequelae #1,Comment:,567
Adverse Event: End Date #1,Staff Initials:,567
Adverse Event: End Date #1,Comment:,567
Adverse Event: End Time #1,Staff Initials:,567
Adverse Event: End Time #1,Comment:,567
Adverse Event: Progress Notes #1,Staff Initials:,567
Adverse Event: Progress Notes #1,Comment:,567
MD Order UK: Subject Number #1,Staff Initials:,567
MD Order UK: Date of Birth #1,Staff Initials:,568
MD Order UK: Date of Birth #1,Comment:,568
MD Order UK: Allergies #1,Staff Initials:,568
MD Order UK: Allergies #1,Comment:,568
MD Order UK: Allergies specify #1,Staff Initials:,568
MD Order UK: Allergies specify #1,Comment:,568
MD Order UK: Medication #1,Staff Initials:,568
MD Order UK: Medication #1,Comment:,568
MD Order UK: Dose #1,Staff Initials:,568
MD Order UK: Dose #1,Comment:,568
MD Order UK: Date of Birth #1,What is the subject's date of birth?,568
MD Order UK: Allergies #1,Any known drug allergies?,568
MD Order UK: Dose Unit #1,Comment:,569
MD Order UK: Unit Specify #1,Staff Initials:,569
MD Order UK: Unit Specify #1,Comment:,569
MD Order UK: Frequency #1,Staff Initials:,569
MD Order UK: Frequency #1,Comment:,569
MD Order UK: Frequency Specify #1,Staff Initials:,569
MD Order UK: Frequency Specify #1,Comment:,569
MD Order UK: Route #1,Staff Initials:,569
MD Order UK: Route #1,Comment:,570
MD Order UK: Route Specify #1,Staff Initials:,570
MD Order UK: Route Specify #1,Comment:,570
MD Order UK: Maximum Dose #1,Staff Initials:,570
MD Order UK: Maximum Dose #1,Comment:,570
MD Order UK: Total Doses #1,Staff Initials:,570
MD Order UK: Total Doses #1,Comment:,570
MD Order UK: AE Number #1,Staff Initials:,570
MD Order UK: AE Number #1,Comment:,570
MD Order UK: AE Indication #1,Staff Initials:,571
MD Order UK: AE Indication #1,Comment:,571
MD Order UK: Date/Time of prescribing #1,Staff Initials:,571
MD Order UK: Date/Time of prescribing #1,Comment:,571
MD Order UK: Comments #1,Staff Initials:,571
MD Order UK: Comments #1,Comment:,571
Medical History: Body System #1,Staff Initials:,571
Medical History: Body System #1,Comment:,572
Medical History: MH Term without Dictionary #1,Staff Initials:,572
Medical History: MH Term without Dictionary #1,Comment:,572
Medical History: MH Term without Dictionary #1,What is the verbatim term for the medical history condition/event?,572
Medical History: Start Date #1,Staff Initials:,573
Medical History: Start Date #1,Comment:,573
Medical History: Ongoing #1,Staff Initials:,573
Medical History: Ongoing #1,Comment:,573
Medical History: End Date #1,Staff Initials:,573
Medical History: End Date #1,Comment:,573
Medical History: Details #1,Staff Initials:,573
Medical History: Details #1,Comment:,573
Medical History: Start Date #1,What was the date the Medical History event or condition started?,573
Medical History: Ongoing #1,Is the Medical History event or condition still ongoing?,573
Medical History: End Date #1,What was the date the Medical History event or condition ended?,573
Medical History: Details #1,What are the Medical History event or condition details?,573
Medical History: Body System Other #1,Staff Initials:,574
Medical History: Body System Other #1,Comment:,574
Notes: Date #1,Staff Initials:,574
Notes: Date #1,Comment:,574
Notes: Time #1,Staff Initials:,574
Notes: Time #1,Comment:,574
Notes: Notes #1,Staff Initials:,574
Notes: Notes #1,Comment:,574
Concomitant Medication: CM Term #1,Comment:,575
Concomitant Medication: Start Date #1,Staff Initials:,575
Concomitant Medication: Start Date #1,Comment:,575
Concomitant Medication: Start Time #1,Staff Initials:,575
Concomitant Medication: Start Time #1,Comment:,575
Concomitant Medication: Mark if Ongoing #1,Staff Initials:,575
Concomitant Medication: Mark if Ongoing #1,Comment:,575
Concomitant Medication: End Date #1,Staff Initials:,575
Concomitant Medication: End Time #1,Staff Initials:,576
Concomitant Medication: End Time #1,Comment:,576
Concomitant Medication: Dose #1,Staff Initials:,576
Concomitant Medication: Dose #1,Comment:,576
Concomitant Medication: Unit #1,Staff Initials:,576
Concomitant Medication: Unit #1,Comment:,576
Concomitant Medication: Other Unit #1,Staff Initials:,576
Concomitant Medication: Other Unit #1,Comment:,576
Concomitant Medication: Indication #1,Comment:,577
Concomitant Medication: Indication #1,For what indication was the medication/therapy taken? (Indication),577
Concomitant Medication: Frequency #1,Staff Initials:,578
Concomitant Medication: Frequency #1,Comment:,578
Concomitant Medication: Other Frequency #1,Staff Initials:,578
Concomitant Medication: Other Frequency #1,Comment:,579
Concomitant Medication: Route #1,Staff Initials:,579
Concomitant Medication: Other Route #1,Staff Initials:,580
Concomitant Medication: Other Route #1,Comment:,580
Concomitant Medication: Med taken in Clinical Unit? #1,Staff Initials:,580
Concomitant Medication: Med taken in Clinical Unit? #1,Comment:,580
Concomitant Medication: CM Administration Record 1 #1,Staff Initials:,580
Concomitant Medication: CM Administration Record 1 #1,Comment:,580
Concomitant Medication: CM Expiry Date 1 #1,Staff Initials:,580
Concomitant Medication: CM Expiry Date 1 #1,Comment:,580
Concomitant Medication: Med taken in Clinical Unit? #1,Is this concomitant medication being taken in the clinical unit?,580
Concomitant Medication: CM Administration Record 1 #1,Confirm AE number(s) medication required for (20 char. max.) [] Confirm AE(s) open,580
Concomitant Medication: CM Route 1 #1,Comment:,581
Concomitant Medication: CM Other Route 1 #1,Staff Initials:,582
Concomitant Medication: CM Other Route 1 #1,Comment:,582
Concomitant Medication: CM Last Dose Date Time 1 #1,Staff Initials:,582
Concomitant Medication: CM Last Dose Date Time 1 #1,Comment:,582
Concomitant Medication: CM Dose 1 #1,Staff Initials:,582
Concomitant Medication: CM Dose 1 #1,Comment:,582
Concomitant Medication: CM Witness Check 1 #1,Staff Initials:,582
Concomitant Medication: CM Witness Check 1 #1,Comment:,582
Concomitant Medication: CM Administration Record 2 #1,Staff Initials:,582
Concomitant Medication: CM Witness Check 1 #1,"Confirm administration is complete, and all details entered are correct (Administration Record 1) (**OPERATOR TO COMPLETE** - SWITCH USER)",582
Concomitant Medication: CM Administration Record 2 #1,Confirm AE number(s) medication required for (20 char. max.) [] Confirm AE(s) open,582
Concomitant Medication: CM Administration Record 2 #1,Comment:,583
Concomitant Medication: CM Expiry Date 2 #1,Staff Initials:,583
Concomitant Medication: CM Expiry Date 2 #1,Comment:,583
Concomitant Medication: CM Route 2 #1,Staff Initials:,583
Concomitant Medication: CM Route 2 #1,Comment:,584
Concomitant Medication: CM Other Route 2 #1,Staff Initials:,584
Concomitant Medication: CM Other Route 2 #1,Comment:,584
Concomitant Medication: CM Last Dose Date Time 2 #1,Staff Initials:,584
Concomitant Medication: CM Last Dose Date Time 2 #1,Comment:,584
Concomitant Medication: CM Dose 2 #1,Staff Initials:,584
Concomitant Medication: CM Dose 2 #1,Comment:,584
Concomitant Medication: CM Witness Check 2 #1,Staff Initials:,585
Concomitant Medication: CM Witness Check 2 #1,Comment:,585
Concomitant Medication: CM Administration Record 3 #1,Staff Initials:,585
Concomitant Medication: CM Administration Record 3 #1,Comment:,585
Concomitant Medication: CM Expiry Date 3 #1,Staff Initials:,585
Concomitant Medication: CM Expiry Date 3 #1,Comment:,585
Concomitant Medication: CM Route 3 #1,Staff Initials:,585
Concomitant Medication: CM Witness Check 2 #1,"Confirm administration is complete, and all details entered are correct (Administration Record 2) (**OPERATOR TO COMPLETE** - SWITCH USER)",585
Concomitant Medication: CM Administration Record 3 #1,Confirm AE number(s) medication required for (20 char. max.) [] Confirm AE(s) open,585
Concomitant Medication: CM Route 3 #1,Comment:,586
Concomitant Medication: CM Other Route 3 #1,Staff Initials:,586
Concomitant Medication: CM Other Route 3 #1,Comment:,586
Concomitant Medication: CM Last Dose Date Time 3 #1,Staff Initials:,587
Concomitant Medication: CM Last Dose Date Time 3 #1,Comment:,587
Concomitant Medication: CM Dose 3 #1,Staff Initials:,587
Concomitant Medication: CM Dose 3 #1,Comment:,587
Concomitant Medication: CM Witness Check 3 #1,Staff Initials:,587
Concomitant Medication: CM Witness Check 3 #1,Comment:,587
Concomitant Medication: CM Administration Record 4 #1,Staff Initials:,587
Concomitant Medication: CM Administration Record 4 #1,Comment:,587
Concomitant Medication: CM Witness Check 3 #1,"Confirm administration is complete, and all details entered are correct (Administration Record 3) (**OPERATOR TO COMPLETE** - SWITCH USER)",587
Concomitant Medication: CM Administration Record 4 #1,Confirm AE number(s) medication required for (20 char. max.) [] Confirm AE(s) open,587
Concomitant Medication: CM Expiry Date 4 #1,Staff Initials:,588
Concomitant Medication: CM Expiry Date 4 #1,Comment:,588
Concomitant Medication: CM Route 4 #1,Staff Initials:,588
Concomitant Medication: CM Route 4 #1,Comment:,589
Concomitant Medication: CM Other Route 4 #1,Staff Initials:,589
Concomitant Medication: CM Other Route 4 #1,Comment:,589
Concomitant Medication: CM Last Dose Date Time 4 #1,Staff Initials:,589
Concomitant Medication: CM Last Dose Date Time 4 #1,Comment:,589
Concomitant Medication: CM Dose 4 #1,Staff Initials:,589
Concomitant Medication: CM Dose 4 #1,Comment:,589
Concomitant Medication: CM Witness Check 4 #1,Staff Initials:,589
Concomitant Medication: CM Witness Check 4 #1,Comment:,589
Concomitant Medication: CM Administration Record 5 #1,Staff Initials:,589
Concomitant Medication: CM Witness Check 4 #1,"Confirm administration is complete, and all details entered are correct (Administration Record 4) (**OPERATOR TO COMPLETE** - SWITCH USER)",589
Concomitant Medication: CM Administration Record 5 #1,Comment:,590
Concomitant Medication: CM Expiry Date 5 #1,Staff Initials:,590
Concomitant Medication: CM Expiry Date 5 #1,Comment:,590
Concomitant Medication: CM Route 5 #1,Staff Initials:,590
Concomitant Medication: CM Administration Record 5 #1,Confirm AE number(s) medication required for (20 char. max.) [] Confirm AE(s) open,590
Concomitant Medication: CM Route 5 #1,Comment:,591
Concomitant Medication: CM Other Route 5 #1,Staff Initials:,591
Concomitant Medication: CM Other Route 5 #1,Comment:,591
Concomitant Medication: CM Last Dose Date Time 5 #1,Staff Initials:,591
Concomitant Medication: CM Last Dose Date Time 5 #1,Comment:,591
Concomitant Medication: CM Dose 5 #1,Staff Initials:,591
Concomitant Medication: CM Dose 5 #1,Comment:,591
Concomitant Medication: CM Witness Check 5 #1,Staff Initials:,592
Concomitant Medication: CM Witness Check 5 #1,Comment:,592
Concomitant Medication: CM Administration Record 6 #1,Staff Initials:,592
Concomitant Medication: CM Administration Record 6 #1,Comment:,592
Concomitant Medication: CM Expiry Date 6 #1,Staff Initials:,592
Concomitant Medication: CM Expiry Date 6 #1,Comment:,592
Concomitant Medication: CM Route 6 #1,Staff Initials:,592
Concomitant Medication: CM Witness Check 5 #1,"Confirm administration is complete, and all details entered are correct (Administration Record 5) (**OPERATOR TO COMPLETE** - SWITCH USER)",592
Concomitant Medication: CM Administration Record 6 #1,Confirm AE number(s) medication required for (20 char. max.) [] Confirm AE(s) open,592
Concomitant Medication: CM Route 6 #1,Comment:,593
Concomitant Medication: CM Other Route 6 #1,Staff Initials:,593
Concomitant Medication: CM Other Route 6 #1,Comment:,593
Concomitant Medication: CM Last Dose Date Time 6 #1,Staff Initials:,594
Concomitant Medication: CM Last Dose Date Time 6 #1,Comment:,594
Concomitant Medication: CM Dose 6 #1,Staff Initials:,594
Concomitant Medication: CM Dose 6 #1,Comment:,594
Concomitant Medication: CM Witness Check 6 #1,Staff Initials:,594
Concomitant Medication: CM Witness Check 6 #1,Comment:,594
Concomitant Medication: CM Administration Record 7 #1,Staff Initials:,594
Concomitant Medication: CM Administration Record 7 #1,Comment:,594
Concomitant Medication: CM Witness Check 6 #1,"Confirm administration is complete, and all details entered are correct (Administration Record 6) (**OPERATOR TO COMPLETE** - SWITCH USER)",594
Concomitant Medication: CM Administration Record 7 #1,Confirm AE number(s) medication required for (20 char. max.) [] Confirm AE(s) open,594
Concomitant Medication: CM Expiry Date 7 #1,Staff Initials:,595
Concomitant Medication: CM Expiry Date 7 #1,Comment:,595
Concomitant Medication: CM Route 7 #1,Staff Initials:,595
Concomitant Medication: CM Route 7 #1,Comment:,596
Concomitant Medication: CM Other Route 7 #1,Staff Initials:,596
Concomitant Medication: CM Other Route 7 #1,Comment:,596
Concomitant Medication: CM Last Dose Date Time 7 #1,Staff Initials:,596
Concomitant Medication: CM Last Dose Date Time 7 #1,Comment:,596
Concomitant Medication: CM Dose 7 #1,Staff Initials:,596
Concomitant Medication: CM Dose 7 #1,Comment:,596
Concomitant Medication: CM Witness Check 7 #1,Staff Initials:,596
Concomitant Medication: CM Witness Check 7 #1,Comment:,596
Concomitant Medication: CM Administration Record 8 #1,Staff Initials:,596
Concomitant Medication: CM Witness Check 7 #1,"Confirm administration is complete, and all details entered are correct (Administration Record 7) (**OPERATOR TO COMPLETE** - SWITCH USER)",596
Concomitant Medication: CM Administration Record 8 #1,Comment:,597
Concomitant Medication: CM Expiry Date 8 #1,Staff Initials:,597
Concomitant Medication: CM Expiry Date 8 #1,Comment:,597
Concomitant Medication: CM Route 8 #1,Staff Initials:,597
Concomitant Medication: CM Administration Record 8 #1,Confirm AE number(s) medication required for (20 char. max.) [] Confirm AE(s) open,597
Concomitant Medication: CM Route 8 #1,Comment:,598
Concomitant Medication: CM Other Route 8 #1,Staff Initials:,598
Concomitant Medication: CM Other Route 8 #1,Comment:,598
Concomitant Medication: CM Last Dose Date Time 8 #1,Staff Initials:,598
Concomitant Medication: CM Last Dose Date Time 8 #1,Comment:,598
Concomitant Medication: CM Dose 8 #1,Staff Initials:,598
Concomitant Medication: CM Dose 8 #1,Comment:,598
Concomitant Medication: CM Witness Check 8 #1,Staff Initials:,599
Concomitant Medication: CM Witness Check 8 #1,Comment:,599
Concomitant Medication: CM Administration Record 9 #1,Staff Initials:,599
Concomitant Medication: CM Administration Record 9 #1,Comment:,599
Concomitant Medication: CM Expiry Date 9 #1,Staff Initials:,599
Concomitant Medication: CM Expiry Date 9 #1,Comment:,599
Concomitant Medication: CM Route 9 #1,Staff Initials:,599
Concomitant Medication: CM Witness Check 8 #1,"Confirm administration is complete, and all details entered are correct (Administration Record 8) (**OPERATOR TO COMPLETE** - SWITCH USER)",599
Concomitant Medication: CM Administration Record 9 #1,Confirm AE number(s) medication required for (20 char. max.) [] Confirm AE(s) open,599
Concomitant Medication: CM Route 9 #1,Comment:,600
Concomitant Medication: CM Other Route 9 #1,Staff Initials:,600
Concomitant Medication: CM Other Route 9 #1,Comment:,600
Concomitant Medication: CM Last Dose Date Time 9 #1,Staff Initials:,601
Concomitant Medication: CM Last Dose Date Time 9 #1,Comment:,601
Concomitant Medication: CM Dose 9 #1,Staff Initials:,601
Concomitant Medication: CM Dose 9 #1,Comment:,601
Concomitant Medication: CM Witness Check 9 #1,Staff Initials:,601
Concomitant Medication: CM Witness Check 9 #1,Comment:,601
Concomitant Medication: CM Administration Record 10 #1,Staff Initials:,601
Concomitant Medication: CM Administration Record 10 #1,Comment:,601
Concomitant Medication: CM Witness Check 9 #1,"Confirm administration is complete, and all details entered are correct (Administration Record 9) (**OPERATOR TO COMPLETE** - SWITCH USER)",601
Concomitant Medication: CM Administration Record 10 #1,Confirm AE number(s) medication required for (20 char. max.) [] Confirm AE(s) open,601
Concomitant Medication: CM Expiry Date 10 #1,Staff Initials:,602
Concomitant Medication: CM Expiry Date 10 #1,Comment:,602
Concomitant Medication: CM Route 10 #1,Staff Initials:,602
Concomitant Medication: CM Route 10 #1,Comment:,603
Concomitant Medication: CM Other Route 10 #1,Staff Initials:,603
Concomitant Medication: CM Other Route 10 #1,Comment:,603
Concomitant Medication: CM Last Dose Date Time 10 #1,Staff Initials:,603
Concomitant Medication: CM Last Dose Date Time 10 #1,Comment:,603
Concomitant Medication: CM Dose 10 #1,Staff Initials:,603
Concomitant Medication: CM Dose 10 #1,Comment:,603
Concomitant Medication: CM Witness Check 10 #1,Staff Initials:,603
Concomitant Medication: CM Witness Check 10 #1,Comment:,603
Concomitant Medication: CM Witness Check 10 #1,"Confirm administration is complete, and all details entered are correct (Administration Record 10) (**OPERATOR TO COMPLETE** - SWITCH USER)",603
Protocol Deviations: Date of Deviation #1,Comment:,604
Protocol Deviations: Study Part #1,Staff Initials:,604
Protocol Deviations: Study Part #1,Comment:,604
Protocol Deviations: Timepoint (Period) #1,Staff Initials:,604
Protocol Deviations: Timepoint (Period) #1,Comment:,604
Protocol Deviations: Date of Deviation #1,Date of Deviation,604
Protocol Deviations: Study Part #1,Study Part,604
Protocol Deviations: Timepoint (Visit) #1,Comment:,606
Protocol Deviations: Timepoint (Hour) #1,Staff Initials:,606
Protocol Deviations: Timepoint (Hour) #1,Comment:,607
Protocol Deviations: Nature of Deviation #1,Staff Initials:,607
Protocol Deviations: Nature of Deviation #1,Comment:,608
Protocol Deviations: Other Specify #1,Staff Initials:,608
Protocol Deviations: Other Specify #1,Comment:,608
Protocol Deviations: Full Description #1,Staff Initials:,608
Protocol Deviations: Full Description #1,Comment:,608
Protocol Deviations: Impact of Deviation #1,Staff Initials:,608
Protocol Deviations: Impact of Deviation #1,Comment:,608
Protocol Deviations: Assessment of Impact #1,Staff Initials:,609
Protocol Deviations: Assessment of Impact #1,Comment:,609
