form_name,field_name,page
Visit Date,Visit Date,31
Informed Consent,ICF Version Date,33
Informed Consent,Protocol Version for Consent,33
Informed Consent,Consent Obtained?,33
Informed Consent,Time of Consent,34
Informed Consent,Was a signed copy of the Informed Consent given to the subject for his/her records?,34
Informed Consent,Was Informed Consent signed prior to any study procedures being performed?,34
Informed Consent,ICF was reviewed and verified and the original ICF has been filed in with subject's source documents,34
Informed Consent,Clinician Consent Sign Date,34
Informed Consent,Clinician Consent Sign Time,35
FBR Consent,Protocol Version for Consent,36
FBR Consent,Consent Obtained?,36
FBR Consent,Time of Consent,37
FBR Consent,Was a signed copy of the FBR consent given to the subject for his/her records?,37
Demography,Date of Birth,38
Demography,Address,38
Demography,What is the sex of the subject at the time of birth?,38
Demography,Prefer not to answer)],39
Demography,"If None of the above, Specify",39
Demography,Race,39
Demography,Specify other race,39
Demography,Ethnicity,39
Demography,Specify other ethnicity,40
Demography,Was the subject re-screened?,40
Demography,Prior screened number,40
Reproductive Status - Female,Date of Last Menstrual Cycle (All Females),41
Reproductive Status - Female,Years Since Last Cycle,41
Reproductive Status - Female,"Is this subject of childbearing potential? Note: Women of non-childbearing potential are defined as women who are documented as sterile (eg, have had a bilateral oophorectomy, or hysterectomy, or who have been postmenopausal for at least 12 months confirmed by FSH).",41
Reproductive Status - Female,Post Menopausal? (for at least 12 months (1 year) prior to screening),41
Reproductive Status - Male,Surgically Sterile(bilateral orchidectomy)? (please add to Surgeries and Medical Procedures log),44
Reproductive Status - Male,Abstinence (must remain abstinent from the time of screening until at least 180 days after the last dose of study drug),44
Reproductive Status - Male,Sexually Active?,44
Reproductive Status - Male,If sexually active does the subject commit to utilizing 2 different approved methods of birth control during the trial and for 90 days after the last dose of IMP?- mark the selected methods below **,44
Medical/Psychiatric History,Has the subject experienced any past and/or concomitant diseases?,47
Medical/Psychiatric History,Medical or Psychiatric History Term,49
Medical/Psychiatric History,Category of Medical or Psychiatric History Term,49
Medical/Psychiatric History,Start Date,49
Medical/Psychiatric History,Is the Medical or Psychiatric History Disease/Condition or Event Still Ongoing?,49
Medical/Psychiatric History,End Date,49
Medical/Psychiatric History,Medication Taken?,49
Body Temperature and Respiratory Rate,Were Vital Signs Collected?,50
Body Temperature and Respiratory Rate,"If not collected, reason",50
Body Temperature and Respiratory Rate,Collection Date,50
Body Temperature and Respiratory Rate,Planned Timepoint,50
Body Temperature and Respiratory Rate,Respiratory Rate (breaths/min),51
Body Temperature and Respiratory Rate,Body Temperature (celsius),51
Triplicate Orthostatic BP and HR - Central,Were Vital Signs Collected?,52
Triplicate Orthostatic BP and HR - Central,"If not collected, reason",52
Triplicate Orthostatic BP and HR - Central,Collection Date,52
Triplicate Orthostatic BP and HR - Central,Planned Timepoint,52
Supine,Time Placed in Position,53
Supine,Time of Vitals Measurement #1,53
Supine,Time of Vitals Measurement #2,53
Supine,Time of Vitals Measurement #3,53
Supine,Time of Vitals Measurement #1,54
Supine,Time of Vitals Measurement #2,54
Supine,Time of Vitals Measurement #3,54
Height and Weight,Were Body Measurements Collected?,55
Height and Weight,"If not collected, reason",55
Height and Weight,Collection Date,55
Height and Weight,Weight,55
Height and Weight,Height,55
Physical Exam,Was the physical examination performed?,57
Physical Exam,Examination Date,57
Physical Exam,Examination Time,57
Physical Exam,HEENT Clinically Significant,58
Physical Exam,HEENT Abnormal Findings,58
Physical Exam,HEENT,58
Physical Exam,Thorax Clinically Significant,58
Physical Exam,Thorax Abnormal Findings,58
Physical Exam,Thorax,58
Physical Exam,Abdomen Clinically Significant,58
Physical Exam,Abdomen Abnormal Findings,58
Physical Exam,Abdomen,58
Physical Exam,Region/Body System Abnormal Findings,59
Physical Exam,Region/Body System Clinically Significant,59
Physical Exam,Region/Body System,59
Physical Exam,Neurological Clinically Significant,59
Physical Exam,Neurological Abnormal Findings,59
Physical Exam,Neurological,59
Physical Exam,Extremities Clinically Significant,59
Physical Exam,Extremities Abnormal Findings,59
Physical Exam,Extremities,59
Physical Exam,Urogenital Clinically Significant,59
Physical Exam,Urogenital,59
Physical Exam,Urogenital Abnormal Findings,59
Physical Exam,Region/Body System,60
Triplicate ECG Assessments,Were ECG measurements performed?,61
Triplicate ECG Assessments,"If no, Reason not done",61
Triplicate ECG Assessments,Date of ECG,61
Triplicate ECG Assessments,Time subject became supine,61
Triplicate ECG Assessments,Time of ECG assessment # 1,61
Triplicate ECG Assessments,Time of ECG assessment # 2,62
Triplicate ECG Assessments,Time of ECG assessment # 3,62
Triplicate ECG Assessments,Overall ECG interpretation,62
Triplicate ECG Assessments,Abnormal Findings,62
Triplicate ECG Assessments,Was the ECG abnormality clinically significant?,62
Triplicate ECG Assessments,Are additional ECG assessments required?,62
Serology,Comments,63
Serology,HIV,64
Serology,HIV Reason not done,64
Serology,HIV Date of Collection,64
Serology,HIV Time of Collection,64
Serology,HBsAg,64
Serology,HBsAg Reason not done,64
Serology,HBsAg Date of Collection,64
Serology,HBsAg Time of Collection,64
Serology,Anti-HCV,64
Serology,Anti-HCV Reason not done,64
Serology,Anti-HCV Date of Collection,64
Serology,Anti-HCV Time of Collection,64
Serology,Not Applicable,65
Glycated Hemoglobin,Was Blood sample Collected for Glycated Hemoglobin?,66
Glycated Hemoglobin,Reason not done,66
Glycated Hemoglobin,Glycated Hemoglobin,67
Glycated Hemoglobin,Glycated Hemoglobin Date of Collection,67
Glycated Hemoglobin,Glycated Hemoglobin Time of Collection,67
Clinical Laboratory Assessments,Comments,68
Clinical Laboratory Assessments,Was subject in fasting state?,68
Clinical Laboratory Assessments,Hematology,69
Clinical Laboratory Assessments,Hematology Reason not done,69
Clinical Laboratory Assessments,Hematology Date of Collection,69
Clinical Laboratory Assessments,Hematology Time of Collection,69
Clinical Laboratory Assessments,Chemistry,69
Clinical Laboratory Assessments,Chemistry Reason not done,69
Clinical Laboratory Assessments,Chemistry Date of Collection,69
Clinical Laboratory Assessments,Chemistry Time of Collection,69
Clinical Laboratory Assessments,Urinalysis,69
Clinical Laboratory Assessments,Urinalysis Reason not done,69
Clinical Laboratory Assessments,Urinalysis Date of Collection,69
Clinical Laboratory Assessments,Urinalysis Time of Collection,69
Clinical Laboratory Assessments,Not Applicable,70
Laboratory results review,Laboratory collection date,71
Laboratory results review,Laboratory results review date,71
Laboratory results review,Has the investigator reviewed all laboratory results from this visit and assessed abnormal results clinical significance?,71
Laboratory results review,Were there any clinically significant abnormal results?,71
Laboratory results review,Were there any clinically significant abnormal chemistry results?,71
Laboratory results review,"density lipoprotein;and; high density lipoprotein), Creatine phosphokinase, Creatinine, Gamma glutamyl transferase, Glucose, Lactate",73
Laboratory results review,Chemistry abnormal assay # 1 Investigator comment,73
Laboratory results review,"density lipoprotein;and; high density lipoprotein), Creatine phosphokinase, Creatinine, Gamma glutamyl transferase, Glucose, Lactate",74
Laboratory results review,Chemistry abnormal assay # 2 Investigator comment,74
Laboratory results review,"density lipoprotein;and; high density lipoprotein), Creatine phosphokinase, Creatinine, Gamma glutamyl transferase, Glucose, Lactate",75
Laboratory results review,"density lipoprotein;and; high density lipoprotein), Creatine phosphokinase, Creatinine, Gamma glutamyl transferase, Glucose, Lactate",77
Laboratory results review,Chemistry abnormal assay # 4 Investigator comment,77
Laboratory results review,"density lipoprotein;and; high density lipoprotein), Creatine phosphokinase, Creatinine, Gamma glutamyl transferase, Glucose, Lactate",78
Laboratory results review,Chemistry abnormal assay # 5 Investigator comment,78
Laboratory results review,Are there any additional clinically significant abnormal chemistry results to be entered?,78
Laboratory results review,Were there any clinically significant abnormal hematology results?,79
Laboratory results review,Hematology clinically significant abnormal assay # 1,79
Laboratory results review,Hematology abnormal assay # 1 Investigator comment,79
Laboratory results review,Glycated Hemoglobin,80
Laboratory results review,Hematology abnormal assay # 2 Investigator comment,80
Laboratory results review,Hematology clinically significant abnormal assay # 3,80
Laboratory results review,Hematology abnormal assay # 3 Investigator comment,80
Laboratory results review,Hematology clinically significant abnormal assay # 4,81
Laboratory results review,Hematology abnormal assay # 4 Investigator comment,81
Laboratory results review,Glycated Hemoglobin,82
Laboratory results review,Hematology abnormal assay # 5 Investigator comment,82
Laboratory results review,Are there any additional clinically significant abnormal hematology results to be entered?,82
Laboratory results review,Were there any clinically significant abnormal urinalysis results?,82
Laboratory results review,Microscopic analysis if indicated,83
Laboratory results review,Urinalysis abnormal assay # 1 Investigator comment,83
Laboratory results review,Microscopic analysis if indicated,84
Laboratory results review,Urinalysis abnormal assay # 2 Investigator comment,84
Laboratory results review,Urinalysis clinically significant abnormal assay # 3,84
Laboratory results review,Urinalysis abnormal assay # 3 Investigator comment,85
Laboratory results review,Urinalysis clinically significant abnormal assay # 4,85
Laboratory results review,Urinalysis abnormal assay # 4 Investigator comment,85
Laboratory results review,Urinalysis clinically significant abnormal assay # 5,86
Laboratory results review,Urinalysis abnormal assay # 5 Investigator comment,86
Laboratory results review,Are there additional urinalysis clinically significant abnormal results to be entered?,86
Laboratory results review,Investigator`s signature for Local Laboratory Results Review,87
FSH Blood Sample,Comments,88
FSH Blood Sample,Collected,89
FSH Blood Sample,Not Collected Reason not done,89
FSH Blood Sample,Not Collected Date of Collection,89
FSH Blood Sample,Not Collected Time of Collection,89
FSH Blood Sample,Not Collected,89
FSH Blood Sample,Not Applicable,89
Pregnancy test,Was a Pregnancy Test Performed?,90
Pregnancy test,If not done reason,90
Pregnancy test,Type of pregnancy test,90
Pregnancy test,Barcode Number,90
Pregnancy test,Kit Expiration Date,90
Pregnancy test,Kit Batch Number,90
Pregnancy test,Date of Sample,90
Pregnancy test,Result,91
Tobacco Use,Cigarettes Usage Start Date,93
Tobacco Use,Cigarettes Usage Stop Date,93
Tobacco Use,Never,93
Tobacco Use,Cigar Usage Start Date,93
Tobacco Use,Cigar Usage Stop Date,93
Tobacco Use,Current Usage Start Date,94
Tobacco Use,Current Usage Stop Date,94
Tobacco Use,"(Unknown Day, Unknown",94
Tobacco Use,Never,94
Tobacco Use,e-Cigarettes Usage Start Date,94
Tobacco Use,e-Cigarettes Usage Stop Date,94
Tobacco Use,Vape Usage Start Date,94
Tobacco Use,Vape Usage Stop Date,94
Tobacco Use,Usage,95
Tobacco Use,Never,95
Alcohol Use,Beer Usage Start Date,97
Alcohol Use,Beer Usage Stop Date,97
Alcohol Use,Never,97
Alcohol Use,Wine Usage Start Date,97
Alcohol Use,Wine Usage Stop Date,97
Alcohol Use,Spirits,97
Alcohol Use,Spirits Usage Start Date,97
Alcohol Use,Spirits Usage Stop Date,97
Alcohol Use,Former Per Week Can Month)] Month)] Never,98
Alcohol Screen - Urine or Breath,Was Test Performed?,99
Alcohol Screen - Urine or Breath,Sample Type,99
Alcohol Screen - Urine or Breath,"If no, Reason Not Done",99
Alcohol Screen - Urine or Breath,Date of Test,99
Alcohol Screen - Urine or Breath,Time of Test,99
Alcohol Screen - Urine or Breath,Result,99
Alcohol Screen - Urine or Breath,Was a Repeat test performed?,100
Alcohol Screen - Urine or Breath,Time of Repeat Test,100
Alcohol Screen - Urine or Breath,Result of Repeat Test,100
Urine Drug Screen,Was Urine Drug Screen Performed?,101
Urine Drug Screen,If not done reason,101
Urine Drug Screen,Manufacturer,101
Urine Drug Screen,Item #,101
Urine Drug Screen,Lot,101
Urine Drug Screen,Expiration Date,101
Urine Drug Screen,Date of Sample,101
Urine Drug Screen,Time of Sample,102
Urine Drug Screen,Amphetamines,103
Urine Drug Screen,Barbiturates,103
Urine Drug Screen,Benzodiazepines,103
Urine Drug Screen,Cannabinoids,103
Urine Drug Screen,Test,104
Urine Drug Screen,Methadone,104
Urine Drug Screen,Opiates,104
Urine Drug Screen,Phencyclidine,104
Urine Drug Screen,Propoxyphene,104
Cotinine Screen,Was Cotinine Screen Performed?,106
Cotinine Screen,If not done reason,106
Cotinine Screen,Sample Type,106
Cotinine Screen,Manufacturer,106
Cotinine Screen,Item #,106
Cotinine Screen,Lot,106
Cotinine Screen,Expiration Date,106
Cotinine Screen,Date of Sample,107
Cotinine Screen,Time of Sample,107
Cotinine Screen,Cotinine,108
C-SSRS - Screening/Baseline - Page 1,Was the Questionnaire Administered?,111
C-SSRS - Screening/Baseline - Page 1,Date of completion,111
C-SSRS - Screening/Baseline - Page 1,Rater's initials,111
C-SSRS - Screening/Baseline - Page 1,Have you wished you were dead or wished you could go to sleep and not wake up?,112
C-SSRS - Screening/Baseline - Page 1,Row 3,112
C-SSRS - Screening/Baseline - Page 1,Have you actually had any thoughts of killing yourself?,113
C-SSRS - Screening/Baseline - Page 1,Row 6,113
C-SSRS - Screening/Baseline - Page 1,"a specific plan). Includes person who would say: ""I thought about taking an overdose but I never made a specific plan as to when, where or how I would actually do it. . . and I would never go through with it""",113
C-SSRS - Screening/Baseline - Page 1,Row 9,114
C-SSRS - Screening/Baseline - Page 1,Have you had these thoughts and had some intention of acting on them?,114
C-SSRS - Screening/Baseline - Page 1,Row 12,115
C-SSRS - Screening/Baseline - Page 1,Have you started to work out or worked out the details of how to kill yourself? Do you intend to carry out this plan?,115
C-SSRS - Screening/Baseline - Page 1,Row 15,115
C-SSRS - Screening/Baseline - Page 1,Description of Ideation,119
C-SSRS - Screening/Baseline - Page 1,(5) Many times each,119
C-SSRS - Screening/Baseline - Page 1,Intensity of Ideation,123
C-SSRS - Screening/Baseline - Page 1,"A potentially self-injurious act committed with at least some wish to die, as a result of act. Behaviour was in part",127
C-SSRS - Screening/Baseline - Page 1,"If Yes, Total number of attempts",128
C-SSRS - Screening/Baseline - Page 1,Row 5,128
C-SSRS - Screening/Baseline - Page 1,Has subject engaged in Non-Suicidal self-injurious behavior?,129
C-SSRS - Screening/Baseline - Page 1,When the person is interrupted (by an outside circumstance) from starting the potentially self-injurious act (if not for,129
C-SSRS - Screening/Baseline - Page 1,"If Yes, Total number of interrupted attempts",130
C-SSRS - Screening/Baseline - Page 1,Row 10,130
C-SSRS - Screening/Baseline - Page 1,"When person begins to take steps toward making a suicide attempt, but stops themselves before they actually have",130
C-SSRS - Screening/Baseline - Page 1,"If Yes, Total number of aborted attempts",131
C-SSRS - Screening/Baseline - Page 1,Row 14,131
C-SSRS - Screening/Baseline - Page 1,Acts or preparation towards imminently making a suicide attempt. This can include anything beyond a verbalization,131
C-SSRS - Screening/Baseline - Page 1,Row 17,132
C-SSRS - Screening/Baseline - Page 1,Suicidal behavior: Suicidal behaviour was present during the assessment period?,132
C-SSRS - Screening/Baseline - Page 1,Date of Attempt Most Recent Attempt,134
C-SSRS - Screening/Baseline - Page 1,Date of Attempt Most Lethal Attempt,134
C-SSRS - Screening/Baseline - Page 1,Date of Attempt Initial/First Attempt,134
C-SSRS - Screening/Baseline - Page 1,Moderately severe physical damage; medical hospitalization and likely Most Recent Attempt,134
C-SSRS - Screening/Baseline - Page 1,Moderately severe physical damage; medical hospitalization and likely Most Lethal Attempt,134
C-SSRS - Screening/Baseline - Page 1,"Moderate physical damage; medical attention needed (e.g. conscious but 5 5 5 sleepy; somewhat responsive, second-degree burns; bleeding of major vessel Initial/First Attempt",134
C-SSRS - Screening/Baseline - Page 1,so no medical damage; laying on train tracks with oncoming train but pulled away before run over). Most Recent Attempt,135
C-SSRS - Screening/Baseline - Page 1,so no medical damage; laying on train tracks with oncoming train but pulled away before run over). Most Lethal Attempt,135
C-SSRS - Screening/Baseline - Page 1,so no medical damage; laying on train tracks with oncoming train but pulled away before run over). Initial/First Attempt,135
AE and CM prompt,Has the subject had any changes to their health since previous visit?,136
AE and CM prompt,Are there any changes in concomitant medications including dose changes to be reported?,136
AE and CM prompt,"\ Diagnosis of any of the below disorders, as determined by the Diagnostic and Statistical Manual of Mental Disorders, Fifth Edition (DSM-5) criteria, and are considered clinically stable per investigator’s judgment while currently receiving sertraline for at least 90 days and maintained on Met/Not",139
AE and CM prompt,\ Male or female subjects between 18 and 65 years of age (inclusive). Met/Not,139
AE and CM prompt,\ Body mass index (BMI) between 19.0 to 35.0 kg/m2 (inclusive). Met/Not,140
AE and CM prompt,\ In good health as determined by: a) Medical history b) Physical examination Met/Not,140
AE and CM prompt,"\ Ability to provide written, informed consent prior to initiation of any trial-related procedures, and ability, in the opinion of the investigator, to comply with all the requirements of the trial. Met/Not",140
AE and CM prompt,\Females who are breast-feeding and/or who have a positive pregnancy test result prior to receiving IMP. Met/Not,142
AE and CM prompt,"\ Heterosexually active males or females of childbearing potential (FOCBP), or their partners, who do not agree to practice 2 different approved methods of birth control or remain fully abstinent (periodic abstinence or withdrawal are not acceptable methods of contraception) during the trial Met/Not",142
AE and CM prompt,\ Male subjects who do not agree to not donate sperm from trial screening through 30 days after the last dose of IMP. Met/Not,142
AE and CM prompt,"\ Clinically significant abnormality in past medical history, or at the screening physical examination, that in the investigator’s or sponsor’s opinion may place the subject at risk or interfere with outcome variables including absorption, distribution, metabolism, and excretion of the IMP. This Met/Not",143
AE and CM prompt,"\ Subjects with abnormal clinical laboratory assessment results, vital signs results, or ECG findings, unless, based on the investigator’s judgment, the findings are not medically significant and would not impact the safety of the subject or the interpretation of the trial results. The medical monitor Met/Not",143
AE and CM prompt,"\ Subjects with a current diagnosis of hypertension (including treated or untreated hypertension), or orthostatic hypotension which is defined as a decrease of ≥ 20 mmHg decrease in SBP and a ≥ 25 bpm increase in HR from supine to standing, OR development of symptoms. Subjects with a Met/Not",144
AE and CM prompt,"\ Supine HR, after resting for at least 5 minutes, outside the range of 40 to 90 beats per minute (bpm). The sponsor may allow exceptions if the results are not considered to be clinically significant. Met/Not",144
AE and CM prompt,"\ Subjects with epilepsy or a history of seizures, except for a single seizure episode; for instance childhood febrile seizure, a post-traumatic seizure episode, or an alcohol withdrawal seizure. Met/Not",144
AE and CM prompt,\ Subjects with a history of neuroleptic malignant syndrome or serotonin syndrome. Met/Not,144
AE and CM prompt,\ Subjects with a primary DSM-5 diagnosis of: - Schizophrenia spectrum and other psychotic disorders Met/Not,145
AE and CM prompt,"\ Subjects who have a significant risk of committing suicide based on history, routine psychiatric status examination, investigator’s judgment, or who have an answer of “yes” on suicidal ideation questions 4 or 5 (current or over the last 3 months) on the Baseline/Screening Version of the Met/Not",145
AE and CM prompt,"\ History of serious mental disorders that, in the opinion of the investigator, renders the subject a poor fit for the trial.. Met/Not",145
AE and CM prompt,\ History of diabetes mellitus (type 1 or type 2) OR subjects without a history of diabetes mellitus but screening glycated hemoglobin ≥ 6.5% and glucose > 125 mg/dL (fasting) or > 200 mg/dL (nonfasting). Nonfasting screening glucose may be repeated once in the fasted state and the Met/Not,145
AE and CM prompt,"\ History of or current hepatitis or acquired immunodeficiency syndrome or carriers of hepatitis B surface antigen (HBsAg), hepatitis C antibodies (anti-HCV), and/or human immunodeficiency virus (HIV) antibodies. Exceptions are permitted for subjects with a prior history of Met/Not",146
AE and CM prompt,\ Any history of difficulty in donating blood. Met/Not,146
AE and CM prompt,\ History of drug and/or alcohol abuse within 2 years prior to the screening visit based on investigator judgment. Met/Not,146
AE and CM prompt,"\ Subjects who have a positive urine alcohol or drug screen that, in the judgment of the investigator with concurrence of the medical monitor, indicates substance abuse that could compromise the subject’s safety or ability to comply with the trial procedures that could interfere with the Met/Not",147
AE and CM prompt,"\ Use of tobacco products within 2 months prior to the screening visit, or urine cotinine concentrations > 200 ng/mL or serum cotinine concentrations > 20 ng/mL at the screening visit or at check-in to the trial site. Met/Not",147
AE and CM prompt,\ Subjects having taken an investigational drug within 30 days prior to the screening visit. Met/Not,147
AE and CM prompt,\ Subjects who would be likely to require prohibited concomitant therapy during the trial. The sponsor may allow exceptions only if the medication’s administration is deemed unlikely to impact the results of the trial. Met/Not,147
AE and CM prompt,"\ Consumption of food and beverages containing caffeine and methylxanthines (eg, coffee, chocolate, tea) within 48 hours prior to Day -1 or grapefruit, grapefruit juice, Seville oranges, or Seville orange juice within 7 days prior to Day -14. Met/Not",148
AE and CM prompt,"\ History of any medically significant drug allergy or known or suspected hypersensitivity to antipsychotics or adrenergic antagonists, in particular brexpiprazole, prazosin, or propranolol. Met/Not",148
AE and CM prompt,"\ Exposure to any substances known to stimulate hepatic microsomal enzymes within 30 days prior to the screening visit (eg, occupational exposure to pesticides, organic solvents). Met/Not",148
AE and CM prompt,"\ Subjects with any previous exposure to brexpiprazole, or subjects with chronic use of prazosin or propranolol in the 90 days prior to the screening visit or any use in the 21 days (3 weeks) prior to the screening visit. Met/Not",148
AE and CM prompt,\ Subjects who fail to capture daily dosing of sertraline during the sertraline steady-state assurance period on Days -14 to -2. Met/Not,149
AE and CM prompt,\ Subjects without a permanent physical residence. Met/Not,149
AE and CM prompt,"\ Any subject who, in the opinion of the investigator, should not participate in the trial. Met/Not",149
AE and CM prompt,\ Subjects taking multiple medications deemed necessary to maintain psychiatric stability or those taking medication regimens where wash out is impractical should not be enrolled Met/Not,149
AE and CM prompt,"\ Diagnosis of any of the below disorders, as determined by the Diagnostic and Statistical Manual of Mental Disorders, Fifth Edition (DSM-5) criteria, and are considered clinically stable to participate per investigator’s judgment Met/Not",151
AE and CM prompt,\ Male or female subjects between 18 and 65 years of age (inclusive). Met/Not,151
AE and CM prompt,\ Body mass index (BMI) between 19.0 to 35.0 kg/m2 (inclusive). Met/Not,152
AE and CM prompt,\ In good health as determined by: a) Medical history b) Physical examination Met/Not,152
AE and CM prompt,"\ Ability to provide written, informed consent prior to initiation of any trial-related procedures, and ability, in the opinion of the investigator, to comply with all the requirements of the trial. Met/Not",152
AE and CM prompt,\ Subjects must be able to receive a sertraline dose of 150 mg/day by the second screening visit (Day −15). Met/Not,152
AE and CM prompt,\Females who are breast-feeding and/or who have a positive pregnancy test result prior to receiving IMP. Met/Not,154
AE and CM prompt,"\ Heterosexually active males or females of childbearing potential (FOCBP), or their partners, who do not agree to practice 2 different approved methods of birth control or remain fully abstinent (periodic abstinence or withdrawal are not acceptable methods of contraception) during the trial Met/Not",154
AE and CM prompt,\ Male subjects who do not agree to not donate sperm from trial screening through 30 days after the last dose of IMP. Met/Not,154
AE and CM prompt,"\ Clinically significant abnormality in past medical history, or at the screening physical examination, that in the investigator’s or sponsor’s opinion may place the subject at risk or interfere with outcome variables including absorption, distribution, metabolism, and excretion of the IMP. This Met/Not",155
AE and CM prompt,"\ Subjects with abnormal clinical laboratory assessment results, vital signs results, or ECG findings, unless, based on the investigator’s judgment, the findings are not medically significant and would not impact the safety of the subject or the interpretation of the trial results. The medical monitor Met/Not",155
AE and CM prompt,"\ Subjects with a current diagnosis of hypertension (including treated or untreated hypertension), or orthostatic hypotension which is defined as a decrease of ≥ 20 mmHg decrease in SBP and a ≥ 25 bpm increase in HR from supine to standing, OR development of symptoms. Subjects with a Met/Not",156
AE and CM prompt,"\ Supine HR, after resting for at least 5 minutes, outside the range of 40 to 90 beats per minute (bpm). The sponsor may allow exceptions if the results are not considered to be clinically significant. Met/Not",156
AE and CM prompt,"\ Subjects with epilepsy or a history of seizures, except for a single seizure episode; for instance childhood febrile seizure, a post-traumatic seizure episode, or an alcohol withdrawal seizure. Met/Not",156
AE and CM prompt,\ Subjects with a history of neuroleptic malignant syndrome or serotonin syndrome. Met/Not,156
AE and CM prompt,\ Subjects with a primary DSM-5 diagnosis of: - Schizophrenia spectrum and other psychotic disorders Met/Not,157
AE and CM prompt,"\ Subjects who have a significant risk of committing suicide based on history, routine psychiatric status examination, investigator’s judgment, or who have an answer of “yes” on suicidal ideation questions 4 or 5 (current or over the last 3 months) on the Baseline/Screening Version of the Met/Not",157
AE and CM prompt,"\ History of serious mental disorders that, in the opinion of the investigator, renders the subject a poor fit for the trial.. Met/Not",157
AE and CM prompt,\ History of diabetes mellitus (type 1 or type 2) OR subjects without a history of diabetes mellitus but screening glycated hemoglobin ≥ 6.5% and glucose > 125 mg/dL (fasting) or > 200 mg/dL (nonfasting). Nonfasting screening glucose may be repeated once in the fasted state and the Met/Not,157
AE and CM prompt,"\ History of or current hepatitis or acquired immunodeficiency syndrome or carriers of hepatitis B surface antigen (HBsAg), hepatitis C antibodies (anti-HCV), and/or human immunodeficiency virus (HIV) antibodies. Exceptions are permitted for subjects with a prior history of Met/Not",158
AE and CM prompt,\ Any history of difficulty in donating blood. Met/Not,158
AE and CM prompt,\ History of drug and/or alcohol abuse within 2 years prior to the screening visit based on investigator judgment. Met/Not,158
AE and CM prompt,"\ Subjects who have a positive urine alcohol or drug screen that, in the judgment of the investigator with concurrence of the medical monitor, indicates substance abuse that could compromise the subject’s safety or ability to comply with the trial procedures that could interfere with the Met/Not",159
AE and CM prompt,\ Urine cotinine concentrations > 200 ng/mL or serum cotinine concentrations > 20 ng/mL at the screening visit or at check-in to the trial site. Met/Not,159
AE and CM prompt,\ Subjects having taken an investigational drug within 30 days prior to the screening visit. Met/Not,159
AE and CM prompt,\ Subjects who would be likely to require prohibited concomitant therapy during the trial. The investigator with concurrence of the medical monitor may allow exceptions if the medication’s administration is deemed unlikely to impact the results of the trial. Met/Not,159
AE and CM prompt,"\ Consumption of food and beverages containing caffeine and methylxanthines (eg, coffee, chocolate, tea) within 48 hours prior to Day -1 or grapefruit, grapefruit juice, Seville oranges, or Seville orange juice within 7 days prior to Day -14. Met/Not",160
AE and CM prompt,"\ History of any medically significant drug allergy or known or suspected hypersensitivity to antipsychotics or adrenergic antagonists, in particular brexpiprazole, prazosin, or propranolol. Met/Not",160
AE and CM prompt,"\ Exposure to any substances known to stimulate hepatic microsomal enzymes within 30 days prior to the screening visit (eg, occupational exposure to pesticides, organic solvents). Met/Not",160
AE and CM prompt,"\ Subjects with any previous exposure to brexpiprazole, or subjects with chronic use of prazosin or propranolol in the 90 days prior to the screening visit or any use in the 21 days (3 weeks) prior to the screening visit. Met/Not",160
AE and CM prompt,\ Subjects who fail to capture daily dosing of sertraline during the sertraline steady-state assurance period on Days -14 to -2. Met/Not,161
AE and CM prompt,\ Subjects without a permanent physical residence. Met/Not,161
AE and CM prompt,"\ Any subject who, in the opinion of the investigator, should not participate in the trial. Met/Not",161
AE and CM prompt,\ Subjects taking multiple medications deemed necessary to maintain psychiatric stability or those taking medication regimens where washout is impractical should not be enrolled. The investigator with concurrence of the medical monitor may allow exceptions if the medication’s Met/Not,161
AE and CM prompt,\ Subjects determined by the investigator to not be appropriate for the trial with regards to the protocol-specified washout periods including the washout of fluoxetine for at least 28 days.,162
Sertraline Titration,Is the Subject required to be Titrated ?,163
Washout and Sertraline Titration,Is the Subject required to be Titrated ?,165
Washout and Sertraline Titration,Is Washout ADT required?,165
End of Screening,Does the Subject Remain Eligible to Continue participation in the Study?,167
End of Screening,Date of Screen Failure,167
End of Screening,Reason for Screen Failure,167
End of Screening,"EXCL7, EXCL8, EXCL9, EXCL10, EXCL11, EXCL12, EXCL13, EXCL14, EXCL15, EXCL16, EXCL17, EXCL18, EXCL19,",169
End of Screening,"Specify if: Adverse Event, Physician Decision, Protocol Deviation, Other",169
Visit Date,Visit Date,170
Visit Date,Skip to next visit,170
Drug dispensation- Titration period,Was sertraline dispensed for Titration period?,172
Drug dispensation- Titration period,"If no, Reason",172
Drug dispensation- Titration period,Date of dispensation,172
Visit Date,Visit Date,174
Visit Date,Skip to next visit,174
Drug dispensation- Titration period,Was sertraline dispensed for Titration period?,176
Drug dispensation- Titration period,"If no, Reason",176
Drug dispensation- Titration period,Date of dispensation,176
Visit Date,Visit Date,178
Triplicate Orthostatic BP and HR - Central,Were Vital Signs Collected?,180
Triplicate Orthostatic BP and HR - Central,"If not collected, reason",180
Triplicate Orthostatic BP and HR - Central,Collection Date,180
Triplicate Orthostatic BP and HR - Central,Planned Timepoint,180
Supine,Time Placed in Position,181
Supine,Time of Vitals Measurement #1,181
Supine,Time of Vitals Measurement #2,181
Supine,Time of Vitals Measurement #3,181
Supine,Time of Vitals Measurement #1,182
Supine,Time of Vitals Measurement #2,182
Supine,Time of Vitals Measurement #3,182
PK Blood Draw - Sertraline,Was PK Collection Performed?,183
PK Blood Draw - Sertraline,"If not performed, Reason",183
PK Blood Draw - Sertraline,Date of Collection,183
PK Blood Draw - Sertraline,Sertraline PK,184
PK Blood Draw - Sertraline,Propranolol PK Collected (values: (values: minutes)] Scan)] Scan)] Prazosin PK,184
Aicure Device - Distribution,Has the Aicure device been distributed?,185
Aicure Device - Distribution,Date of distribution,185
Water Restriction Start Prompt,Date subject started water restriction,187
Water Restriction Start Prompt,Time subject started water restriction,187
Drug administration- Titration Period,"Confirm, if the drug was taken as specified in last five days",189
Drug administration- Titration Period,"If No, Reason",189
ADT Washout,Did the subject complete the washout per protocol?,191
IMP Administration - Sertraline,Has subject been fasting (no food) for a minimum of 10 hours prior to the scheduled dosing?,193
IMP Administration - Sertraline,Was water restricted for 1 hour prior to dosing?,193
IMP Administration - Sertraline,Was Sertraline administered?,193
IMP Administration - Sertraline,"If no, reason",193
Dose,Date of Administration,194
Dose,Time of Administration,194
Dose,Dose amount administered,194
Dose,Dose Strength,194
Dose,Number of Tablets,194
Dose,Physician decision,195
Dose,Dosing Comments (optional),195
Water Restriction End Prompt,Date subject ended water restriction,196
Water Restriction End Prompt,Time subject ended water restriction,196
AE and CM prompt,Has the subject had any changes to their health since previous visit?,198
AE and CM prompt,Are there any changes in concomitant medications including dose changes to be reported?,198
End of Screening,Does the Subject Remain Eligible to Continue participation in the Study?,200
End of Screening,Date of Screen Failure,200
End of Screening,Reason for Screen Failure,200
End of Screening,"EXCL7, EXCL8, EXCL9, EXCL10, EXCL11, EXCL12, EXCL13, EXCL14, EXCL15, EXCL16, EXCL17, EXCL18, EXCL19,",202
End of Screening,"Specify if: Adverse Event, Physician Decision, Protocol Deviation, Other",202
Visit Date,Visit Date,203
Triplicate Orthostatic BP and HR - Central,Were Vital Signs Collected?,205
Triplicate Orthostatic BP and HR - Central,"If not collected, reason",205
Triplicate Orthostatic BP and HR - Central,Collection Date,205
Triplicate Orthostatic BP and HR - Central,Planned Timepoint,205
Supine,Time Placed in Position,206
Supine,Time of Vitals Measurement #1,206
Supine,Time of Vitals Measurement #2,206
Supine,Time of Vitals Measurement #3,206
Supine,Time of Vitals Measurement #1,207
Supine,Time of Vitals Measurement #2,207
Supine,Time of Vitals Measurement #3,207
Physical Exam,Was the physical examination performed?,208
Physical Exam,Examination Date,208
Physical Exam,Examination Time,208
Physical Exam,HEENT Clinically Significant,209
Physical Exam,HEENT Abnormal Findings,209
Physical Exam,HEENT,209
Physical Exam,Thorax Clinically Significant,209
Physical Exam,Thorax Abnormal Findings,209
Physical Exam,Thorax,209
Physical Exam,Abdomen Clinically Significant,209
Physical Exam,Abdomen Abnormal Findings,209
Physical Exam,Abdomen,209
Physical Exam,Region/Body System Abnormal Findings,210
Physical Exam,Region/Body System Clinically Significant,210
Physical Exam,Region/Body System,210
Physical Exam,Neurological Clinically Significant,210
Physical Exam,Neurological Abnormal Findings,210
Physical Exam,Neurological,210
Physical Exam,Extremities Clinically Significant,210
Physical Exam,Extremities Abnormal Findings,210
Physical Exam,Extremities,210
Physical Exam,Urogenital Clinically Significant,210
Physical Exam,Urogenital,210
Physical Exam,Urogenital Abnormal Findings,210
Physical Exam,Region/Body System,211
Clinical Laboratory Assessments,Comments,212
Clinical Laboratory Assessments,Was subject in fasting state?,212
Clinical Laboratory Assessments,Hematology,213
Clinical Laboratory Assessments,Hematology Reason not done,213
Clinical Laboratory Assessments,Hematology Date of Collection,213
Clinical Laboratory Assessments,Hematology Time of Collection,213
Clinical Laboratory Assessments,Chemistry,213
Clinical Laboratory Assessments,Chemistry Reason not done,213
Clinical Laboratory Assessments,Chemistry Date of Collection,213
Clinical Laboratory Assessments,Chemistry Time of Collection,213
Clinical Laboratory Assessments,Urinalysis,213
Clinical Laboratory Assessments,Urinalysis Reason not done,213
Clinical Laboratory Assessments,Urinalysis Date of Collection,213
Clinical Laboratory Assessments,Urinalysis Time of Collection,213
Clinical Laboratory Assessments,Not Applicable,214
Laboratory results review,Laboratory collection date,215
Laboratory results review,Laboratory results review date,215
Laboratory results review,Has the investigator reviewed all laboratory results from this visit and assessed abnormal results clinical significance?,215
Laboratory results review,Were there any clinically significant abnormal results?,215
Laboratory results review,Were there any clinically significant abnormal chemistry results?,215
Laboratory results review,"density lipoprotein;and; high density lipoprotein), Creatine phosphokinase, Creatinine, Gamma glutamyl transferase, Glucose, Lactate",217
Laboratory results review,Chemistry abnormal assay # 1 Investigator comment,217
Laboratory results review,"density lipoprotein;and; high density lipoprotein), Creatine phosphokinase, Creatinine, Gamma glutamyl transferase, Glucose, Lactate",218
Laboratory results review,Chemistry abnormal assay # 2 Investigator comment,218
Laboratory results review,"density lipoprotein;and; high density lipoprotein), Creatine phosphokinase, Creatinine, Gamma glutamyl transferase, Glucose, Lactate",219
Laboratory results review,"density lipoprotein;and; high density lipoprotein), Creatine phosphokinase, Creatinine, Gamma glutamyl transferase, Glucose, Lactate",221
Laboratory results review,Chemistry abnormal assay # 4 Investigator comment,221
Laboratory results review,"density lipoprotein;and; high density lipoprotein), Creatine phosphokinase, Creatinine, Gamma glutamyl transferase, Glucose, Lactate",222
Laboratory results review,Chemistry abnormal assay # 5 Investigator comment,222
Laboratory results review,Are there any additional clinically significant abnormal chemistry results to be entered?,222
Laboratory results review,Were there any clinically significant abnormal hematology results?,223
Laboratory results review,Hematology clinically significant abnormal assay # 1,223
Laboratory results review,Hematology abnormal assay # 1 Investigator comment,223
Laboratory results review,Glycated Hemoglobin,224
Laboratory results review,Hematology abnormal assay # 2 Investigator comment,224
Laboratory results review,Hematology clinically significant abnormal assay # 3,224
Laboratory results review,Hematology abnormal assay # 3 Investigator comment,224
Laboratory results review,Hematology clinically significant abnormal assay # 4,225
Laboratory results review,Hematology abnormal assay # 4 Investigator comment,225
Laboratory results review,Glycated Hemoglobin,226
Laboratory results review,Hematology abnormal assay # 5 Investigator comment,226
Laboratory results review,Are there any additional clinically significant abnormal hematology results to be entered?,226
Laboratory results review,Were there any clinically significant abnormal urinalysis results?,226
Laboratory results review,Microscopic analysis if indicated,227
Laboratory results review,Urinalysis abnormal assay # 1 Investigator comment,227
Laboratory results review,Microscopic analysis if indicated,228
Laboratory results review,Urinalysis abnormal assay # 2 Investigator comment,228
Laboratory results review,Urinalysis clinically significant abnormal assay # 3,228
Laboratory results review,Urinalysis abnormal assay # 3 Investigator comment,229
Laboratory results review,Urinalysis clinically significant abnormal assay # 4,229
Laboratory results review,Urinalysis abnormal assay # 4 Investigator comment,229
Laboratory results review,Urinalysis clinically significant abnormal assay # 5,230
Laboratory results review,Urinalysis abnormal assay # 5 Investigator comment,230
Laboratory results review,Are there additional urinalysis clinically significant abnormal results to be entered?,230
Laboratory results review,Investigator`s signature for Local Laboratory Results Review,231
Pregnancy test,Was a Pregnancy Test Performed?,232
Pregnancy test,If not done reason,232
Pregnancy test,Type of pregnancy test,232
Pregnancy test,Barcode Number,232
Pregnancy test,Kit Expiration Date,232
Pregnancy test,Kit Batch Number,232
Pregnancy test,Date of Sample,232
Pregnancy test,Result,233
Alcohol Screen - Urine or Breath,Was Test Performed?,234
Alcohol Screen - Urine or Breath,Sample Type,234
Alcohol Screen - Urine or Breath,"If no, Reason Not Done",234
Alcohol Screen - Urine or Breath,Date of Test,234
Alcohol Screen - Urine or Breath,Time of Test,234
Alcohol Screen - Urine or Breath,Result,234
Alcohol Screen - Urine or Breath,Was a Repeat test performed?,235
Alcohol Screen - Urine or Breath,Time of Repeat Test,235
Alcohol Screen - Urine or Breath,Result of Repeat Test,235
Urine Drug Screen,Was Urine Drug Screen Performed?,236
Urine Drug Screen,If not done reason,236
Urine Drug Screen,Manufacturer,236
Urine Drug Screen,Item #,236
Urine Drug Screen,Lot,236
Urine Drug Screen,Expiration Date,236
Urine Drug Screen,Date of Sample,236
Urine Drug Screen,Time of Sample,237
Urine Drug Screen,Amphetamines,238
Urine Drug Screen,Barbiturates,238
Urine Drug Screen,Benzodiazepines,238
Urine Drug Screen,Cannabinoids,238
Urine Drug Screen,Test,239
Urine Drug Screen,Methadone,239
Urine Drug Screen,Opiates,239
Urine Drug Screen,Phencyclidine,239
Urine Drug Screen,Propoxyphene,239
Cotinine Screen,Was Cotinine Screen Performed?,241
Cotinine Screen,If not done reason,241
Cotinine Screen,Sample Type,241
Cotinine Screen,Manufacturer,241
Cotinine Screen,Item #,241
Cotinine Screen,Lot,241
Cotinine Screen,Expiration Date,241
Cotinine Screen,Date of Sample,242
Cotinine Screen,Time of Sample,242
Cotinine Screen,Cotinine,243
PK Blood Draw - Sertraline,Was PK Collection Performed?,244
PK Blood Draw - Sertraline,"If not performed, Reason",244
PK Blood Draw - Sertraline,Date of Collection,244
PK Blood Draw - Sertraline,Sertraline PK,245
PK Blood Draw - Sertraline,Propranolol PK Collected (values: (values: minutes)] Scan)] Scan)] Prazosin PK,245
PGx Blood Sample,Was PGx Blood Collection Performed?,246
PGx Blood Sample,"If not performed, Reason",246
PGx Blood Sample,Date of Collection,246
PGx Blood Sample,PGx Sample,247
PGx Blood Sample,PGx Sample Time of Collection,247
FBR Blood Sample,Was FBR Blood Collection Performed?,248
FBR Blood Sample,"If not performed, Reason",248
FBR Blood Sample,Date of Collection,248
FBR Blood Sample,FBR Sample,249
FBR Blood Sample,FBR Sample Time of Collection,249
C-SSRS since last visit - Page 1,Was the questionnaire administered?,252
C-SSRS since last visit - Page 1,Date of completion,252
C-SSRS since last visit - Page 1,Rater's initials,252
C-SSRS since last visit - Page 1,"Subject endorses thoughts about a wish to be dead or not alive anymore, or wish to fall asleep and not wake up. Since Last Visit",253
C-SSRS since last visit - Page 1,"If Yes, describe Since Last Visit",253
C-SSRS since last visit - Page 1,"General non-specific thoughts of wanting to end one's life/commit suicide (e.g. ""I've thought about killing myself"") [CSS0202] Yes without thoughts of way to kill oneself/associated methods,intent or plan during the assessment period. Since Last Visit",253
C-SSRS since last visit - Page 1,"If Yes, describe Since Last Visit",254
C-SSRS since last visit - Page 1,"Subject endorses thoughts of suicide and has thought of at least one method during the assessment period. This is [CSS0203] Yes different than a specific plan with a time, place or method details worked out (e.g. thought of method to kill self but Since Last Visit",254
C-SSRS since last visit - Page 1,"Active suicidal thoughts of killing oneself and subject reports having some intent to act on such thoughts, as opposed Since Last Visit",255
C-SSRS since last visit - Page 1,"If Yes, describe Since Last Visit",255
C-SSRS since last visit - Page 1,Thoughts of killing oneself with detail of plan fully or partially worked out and subject has some intent to carry it out. Since Last Visit,255
C-SSRS since last visit - Page 1,Most severe ideation Since Last Visit,257
C-SSRS since last visit - Page 1,Description of Ideation Since Last Visit,257
C-SSRS since last visit - Page 1,How many times have you had these thoughts? Since Last Visit,258
C-SSRS since last visit - Page 1,"When you have the thoughts, how long do they last? Since Last Visit",258
C-SSRS since last visit - Page 1,go on living with the pain or how you were feeling) (0) Does not apply Since Last Visit,260
C-SSRS since last visit - Page 1,"A potentially self-injurious act committed with at least some wish to die, as a result of act. Behaviour was in part thought of as method to Since Last Visit",263
C-SSRS since last visit - Page 1,"If Yes, Total number of attempts Since Last Visit",264
C-SSRS since last visit - Page 1,"If Yes, describe Since Last Visit",264
C-SSRS since last visit - Page 1,Has subject engaged in Non-Suicidal self-injurious behavior? Since Last Visit,264
C-SSRS since last visit - Page 1,"When the person is interrupted (by an outside circumstance) from starting the potentially self-injurious act (if not for that, actual attempt Since Last Visit",265
C-SSRS since last visit - Page 1,"If Yes, Total number of interrupted attempts Since Last Visit",265
C-SSRS since last visit - Page 1,"If Yes, describe Since Last Visit",265
C-SSRS since last visit - Page 1,"When person begins to take steps toward making a suicide attempt, but stops themselves before they actually have engaged in any self Since Last Visit",266
C-SSRS since last visit - Page 1,"If Yes, Total number of aborted attempts Since Last Visit",266
C-SSRS since last visit - Page 1,"If Yes, describe Since Last Visit",266
C-SSRS since last visit - Page 1,Acts or preparation towards imminently making a suicide attempt. This can include anything beyond a verbalization or thought such as Since Last Visit,267
C-SSRS since last visit - Page 1,"If Yes, describe Since Last Visit",267
C-SSRS since last visit - Page 1,Suicidal behavior was present during the assessment period? Since Last Visit,267
C-SSRS since last visit - Page 1,Suicide Since Last Visit,267
C-SSRS since last visit - Page 1,Date of Attempt Most Lethal Attempt,270
C-SSRS since last visit - Page 1,"\ No physical damage or very minor physical damage (e.g. surface scratches) \1.\ Minor physical damage (e.g. [CSS0223B] 0 lethargic speech, first-degree burns, mild bleeding, sprains) \2.\ Moderate physical damage; medical attention needed Most Lethal Attempt",270
C-SSRS since last visit - Page 1,"Likely lethality of actual attempt if no medical damage (the following examples, while having no actual medical [CSS0223C] 0 damage, has potential for very serious lethality; put gun in mouth and pulled the trigger but gun fails to fire so no Most Lethal Attempt",270
C-SSRS since last visit - Page 1,Actual Attempts,271
C-SSRS since last visit - Page 1,Most Lethal Attempt,271
Water Restriction Start Prompt,Date subject started water restriction,272
Water Restriction Start Prompt,Time subject started water restriction,272
IMP Administration - Sertraline,Has subject been fasting (no food) for a minimum of 10 hours prior to the scheduled dosing?,274
IMP Administration - Sertraline,Was water restricted for 1 hour prior to dosing?,274
IMP Administration - Sertraline,Was Sertraline administered?,274
IMP Administration - Sertraline,"If no, reason",274
Dose,Date of Administration,275
Dose,Time of Administration,275
Dose,Reason,275
Dose,Was water restricted for 2 hours following dosing?,275
Water Restriction End Prompt,Date subject ended water restriction,277
Water Restriction End Prompt,Time subject ended water restriction,277
AE and CM prompt,Has the subject had any changes to their health since previous visit?,279
AE and CM prompt,Are there any changes in concomitant medications including dose changes to be reported?,279
AE and CM prompt,"\ Diagnosis of any of the below disorders, as determined by the Diagnostic and Statistical Manual of Mental Disorders, Fifth Edition (DSM-5) criteria, and are considered clinically stable per investigator’s judgment while currently receiving sertraline for at least 90 days and maintained on Met/Not",282
AE and CM prompt,\ Male or female subjects between 18 and 65 years of age (inclusive). Met/Not,282
AE and CM prompt,\ Body mass index (BMI) between 19.0 to 35.0 kg/m2 (inclusive). Met/Not,283
AE and CM prompt,\ In good health as determined by: a) Medical history b) Physical examination Met/Not,283
AE and CM prompt,"\ Ability to provide written, informed consent prior to initiation of any trial-related procedures, and ability, in the opinion of the investigator, to comply with all the requirements of the trial. Met/Not",283
AE and CM prompt,\Females who are breast-feeding and/or who have a positive pregnancy test result prior to receiving IMP. Met/Not,285
AE and CM prompt,"\ Heterosexually active males or females of childbearing potential (FOCBP), or their partners, who do not agree to practice 2 different approved methods of birth control or remain fully abstinent (periodic abstinence or withdrawal are not acceptable methods of contraception) during the trial Met/Not",285
AE and CM prompt,\ Male subjects who do not agree to not donate sperm from trial screening through 30 days after the last dose of IMP. Met/Not,285
AE and CM prompt,"\ Clinically significant abnormality in past medical history, or at the screening physical examination, that in the investigator’s or sponsor’s opinion may place the subject at risk or interfere with outcome variables including absorption, distribution, metabolism, and excretion of the IMP. This Met/Not",286
AE and CM prompt,"\ Subjects with abnormal clinical laboratory assessment results, vital signs results, or ECG findings, unless, based on the investigator’s judgment, the findings are not medically significant and would not impact the safety of the subject or the interpretation of the trial results. The medical monitor Met/Not",286
AE and CM prompt,"\ Subjects with a current diagnosis of hypertension (including treated or untreated hypertension), or orthostatic hypotension which is defined as a decrease of ≥ 20 mmHg decrease in SBP and a ≥ 25 bpm increase in HR from supine to standing, OR development of symptoms. Subjects with a Met/Not",287
AE and CM prompt,"\ Supine HR, after resting for at least 5 minutes, outside the range of 40 to 90 beats per minute (bpm). The sponsor may allow exceptions if the results are not considered to be clinically significant. Met/Not",287
AE and CM prompt,"\ Subjects with epilepsy or a history of seizures, except for a single seizure episode; for instance childhood febrile seizure, a post-traumatic seizure episode, or an alcohol withdrawal seizure. Met/Not",287
AE and CM prompt,\ Subjects with a history of neuroleptic malignant syndrome or serotonin syndrome. Met/Not,287
AE and CM prompt,\ Subjects with a primary DSM-5 diagnosis of: - Schizophrenia spectrum and other psychotic disorders Met/Not,288
AE and CM prompt,"\ Subjects who have a significant risk of committing suicide based on history, routine psychiatric status examination, investigator’s judgment, or who have an answer of “yes” on suicidal ideation questions 4 or 5 (current or over the last 3 months) on the Baseline/Screening Version of the Met/Not",288
AE and CM prompt,"\ History of serious mental disorders that, in the opinion of the investigator, renders the subject a poor fit for the trial.. Met/Not",288
AE and CM prompt,\ History of diabetes mellitus (type 1 or type 2) OR subjects without a history of diabetes mellitus but screening glycated hemoglobin ≥ 6.5% and glucose > 125 mg/dL (fasting) or > 200 mg/dL (nonfasting). Nonfasting screening glucose may be repeated once in the fasted state and the Met/Not,288
AE and CM prompt,"\ History of or current hepatitis or acquired immunodeficiency syndrome or carriers of hepatitis B surface antigen (HBsAg), hepatitis C antibodies (anti-HCV), and/or human immunodeficiency virus (HIV) antibodies. Exceptions are permitted for subjects with a prior history of Met/Not",289
AE and CM prompt,\ Any history of difficulty in donating blood. Met/Not,289
AE and CM prompt,\ History of drug and/or alcohol abuse within 2 years prior to the screening visit based on investigator judgment. Met/Not,289
AE and CM prompt,"\ Subjects who have a positive urine alcohol or drug screen that, in the judgment of the investigator with concurrence of the medical monitor, indicates substance abuse that could compromise the subject’s safety or ability to comply with the trial procedures that could interfere with the Met/Not",290
AE and CM prompt,"\ Use of tobacco products within 2 months prior to the screening visit, or urine cotinine concentrations > 200 ng/mL or serum cotinine concentrations > 20 ng/mL at the screening visit or at check-in to the trial site. Met/Not",290
AE and CM prompt,\ Subjects having taken an investigational drug within 30 days prior to the screening visit. Met/Not,290
AE and CM prompt,\ Subjects who would be likely to require prohibited concomitant therapy during the trial. The sponsor may allow exceptions only if the medication’s administration is deemed unlikely to impact the results of the trial. Met/Not,290
AE and CM prompt,"\ Consumption of food and beverages containing caffeine and methylxanthines (eg, coffee, chocolate, tea) within 48 hours prior to Day -1 or grapefruit, grapefruit juice, Seville oranges, or Seville orange juice within 7 days prior to Day -14. Met/Not",291
AE and CM prompt,"\ History of any medically significant drug allergy or known or suspected hypersensitivity to antipsychotics or adrenergic antagonists, in particular brexpiprazole, prazosin, or propranolol. Met/Not",291
AE and CM prompt,"\ Exposure to any substances known to stimulate hepatic microsomal enzymes within 30 days prior to the screening visit (eg, occupational exposure to pesticides, organic solvents). Met/Not",291
AE and CM prompt,"\ Subjects with any previous exposure to brexpiprazole, or subjects with chronic use of prazosin or propranolol in the 90 days prior to the screening visit or any use in the 21 days (3 weeks) prior to the screening visit. Met/Not",291
AE and CM prompt,\ Subjects who fail to capture daily dosing of sertraline during the sertraline steady-state assurance period on Days -14 to -2. Met/Not,292
AE and CM prompt,\ Subjects without a permanent physical residence. Met/Not,292
AE and CM prompt,"\ Any subject who, in the opinion of the investigator, should not participate in the trial. Met/Not",292
AE and CM prompt,\ Subjects taking multiple medications deemed necessary to maintain psychiatric stability or those taking medication regimens where wash out is impractical should not be enrolled Met/Not,292
AE and CM prompt,"\ Diagnosis of any of the below disorders, as determined by the Diagnostic and Statistical Manual of Mental Disorders, Fifth Edition (DSM-5) criteria, and are considered clinically stable to participate per investigator’s judgment Met/Not",294
AE and CM prompt,\ Male or female subjects between 18 and 65 years of age (inclusive). Met/Not,294
AE and CM prompt,\ Body mass index (BMI) between 19.0 to 35.0 kg/m2 (inclusive). Met/Not,295
AE and CM prompt,\ In good health as determined by: a) Medical history b) Physical examination Met/Not,295
AE and CM prompt,"\ Ability to provide written, informed consent prior to initiation of any trial-related procedures, and ability, in the opinion of the investigator, to comply with all the requirements of the trial. Met/Not",295
AE and CM prompt,\ Subjects must be able to receive a sertraline dose of 150 mg/day by the second screening visit (Day −15). Met/Not,295
AE and CM prompt,\Females who are breast-feeding and/or who have a positive pregnancy test result prior to receiving IMP. Met/Not,297
AE and CM prompt,"\ Heterosexually active males or females of childbearing potential (FOCBP), or their partners, who do not agree to practice 2 different approved methods of birth control or remain fully abstinent (periodic abstinence or withdrawal are not acceptable methods of contraception) during the trial Met/Not",297
AE and CM prompt,\ Male subjects who do not agree to not donate sperm from trial screening through 30 days after the last dose of IMP. Met/Not,297
AE and CM prompt,"\ Clinically significant abnormality in past medical history, or at the screening physical examination, that in the investigator’s or sponsor’s opinion may place the subject at risk or interfere with outcome variables including absorption, distribution, metabolism, and excretion of the IMP. This Met/Not",298
AE and CM prompt,"\ Subjects with abnormal clinical laboratory assessment results, vital signs results, or ECG findings, unless, based on the investigator’s judgment, the findings are not medically significant and would not impact the safety of the subject or the interpretation of the trial results. The medical monitor Met/Not",298
AE and CM prompt,"\ Subjects with a current diagnosis of hypertension (including treated or untreated hypertension), or orthostatic hypotension which is defined as a decrease of ≥ 20 mmHg decrease in SBP and a ≥ 25 bpm increase in HR from supine to standing, OR development of symptoms. Subjects with a Met/Not",299
AE and CM prompt,"\ Supine HR, after resting for at least 5 minutes, outside the range of 40 to 90 beats per minute (bpm). The sponsor may allow exceptions if the results are not considered to be clinically significant. Met/Not",299
AE and CM prompt,"\ Subjects with epilepsy or a history of seizures, except for a single seizure episode; for instance childhood febrile seizure, a post-traumatic seizure episode, or an alcohol withdrawal seizure. Met/Not",299
AE and CM prompt,\ Subjects with a history of neuroleptic malignant syndrome or serotonin syndrome. Met/Not,299
AE and CM prompt,\ Subjects with a primary DSM-5 diagnosis of: - Schizophrenia spectrum and other psychotic disorders Met/Not,300
AE and CM prompt,"\ Subjects who have a significant risk of committing suicide based on history, routine psychiatric status examination, investigator’s judgment, or who have an answer of “yes” on suicidal ideation questions 4 or 5 (current or over the last 3 months) on the Baseline/Screening Version of the Met/Not",300
AE and CM prompt,"\ History of serious mental disorders that, in the opinion of the investigator, renders the subject a poor fit for the trial.. Met/Not",300
AE and CM prompt,\ History of diabetes mellitus (type 1 or type 2) OR subjects without a history of diabetes mellitus but screening glycated hemoglobin ≥ 6.5% and glucose > 125 mg/dL (fasting) or > 200 mg/dL (nonfasting). Nonfasting screening glucose may be repeated once in the fasted state and the Met/Not,300
AE and CM prompt,"\ History of or current hepatitis or acquired immunodeficiency syndrome or carriers of hepatitis B surface antigen (HBsAg), hepatitis C antibodies (anti-HCV), and/or human immunodeficiency virus (HIV) antibodies. Exceptions are permitted for subjects with a prior history of Met/Not",301
AE and CM prompt,\ Any history of difficulty in donating blood. Met/Not,301
AE and CM prompt,\ History of drug and/or alcohol abuse within 2 years prior to the screening visit based on investigator judgment. Met/Not,301
AE and CM prompt,"\ Subjects who have a positive urine alcohol or drug screen that, in the judgment of the investigator with concurrence of the medical monitor, indicates substance abuse that could compromise the subject’s safety or ability to comply with the trial procedures that could interfere with the Met/Not",302
AE and CM prompt,\ Urine cotinine concentrations > 200 ng/mL or serum cotinine concentrations > 20 ng/mL at the screening visit or at check-in to the trial site. Met/Not,302
AE and CM prompt,\ Subjects having taken an investigational drug within 30 days prior to the screening visit. Met/Not,302
AE and CM prompt,\ Subjects who would be likely to require prohibited concomitant therapy during the trial. The investigator with concurrence of the medical monitor may allow exceptions if the medication’s administration is deemed unlikely to impact the results of the trial. Met/Not,302
AE and CM prompt,"\ Consumption of food and beverages containing caffeine and methylxanthines (eg, coffee, chocolate, tea) within 48 hours prior to Day -1 or grapefruit, grapefruit juice, Seville oranges, or Seville orange juice within 7 days prior to Day -14. Met/Not",303
AE and CM prompt,"\ History of any medically significant drug allergy or known or suspected hypersensitivity to antipsychotics or adrenergic antagonists, in particular brexpiprazole, prazosin, or propranolol. Met/Not",303
AE and CM prompt,"\ Exposure to any substances known to stimulate hepatic microsomal enzymes within 30 days prior to the screening visit (eg, occupational exposure to pesticides, organic solvents). Met/Not",303
AE and CM prompt,"\ Subjects with any previous exposure to brexpiprazole, or subjects with chronic use of prazosin or propranolol in the 90 days prior to the screening visit or any use in the 21 days (3 weeks) prior to the screening visit. Met/Not",303
AE and CM prompt,\ Subjects who fail to capture daily dosing of sertraline during the sertraline steady-state assurance period on Days -14 to -2. Met/Not,304
AE and CM prompt,\ Subjects without a permanent physical residence. Met/Not,304
AE and CM prompt,"\ Any subject who, in the opinion of the investigator, should not participate in the trial. Met/Not",304
AE and CM prompt,\ Subjects taking multiple medications deemed necessary to maintain psychiatric stability or those taking medication regimens where washout is impractical should not be enrolled. The investigator with concurrence of the medical monitor may allow exceptions if the medication’s Met/Not,304
AE and CM prompt,\ Subjects determined by the investigator to not be appropriate for the trial with regards to the protocol-specified washout periods including the washout of fluoxetine for at least 28 days.,305
End of Screening,Does the Subject Remain Eligible to Continue participation in the Study?,306
End of Screening,Date of Screen Failure,306
End of Screening,Reason for Screen Failure,306
End of Screening,"EXCL7, EXCL8, EXCL9, EXCL10, EXCL11, EXCL12, EXCL13, EXCL14, EXCL15, EXCL16, EXCL17, EXCL18, EXCL19,",308
End of Screening,"Specify if: Adverse Event, Physician Decision, Protocol Deviation, Other",308
Visit Date,Visit Date,309
AE and CM prompt,Has the subject had any changes to their health since previous visit?,311
AE and CM prompt,Are there any changes in concomitant medications including dose changes to be reported?,311
Body Temperature and Respiratory Rate - Predose,Were Vital Signs Collected?,313
Body Temperature and Respiratory Rate - Predose,"If not collected, reason",313
Body Temperature and Respiratory Rate - Predose,Collection Date,313
Body Temperature and Respiratory Rate - Predose,Planned Timepoint,313
Body Temperature and Respiratory Rate - Predose,Respiratory Rate (breaths/min),314
Body Temperature and Respiratory Rate - Predose,Body Temperature (celsius),314
Triplicate Orthostatic BP and HR - Predose,Were Vital Signs Collected?,315
Triplicate Orthostatic BP and HR - Predose,"If not collected, reason",315
Triplicate Orthostatic BP and HR - Predose,Collection Date,315
Triplicate Orthostatic BP and HR - Predose,Planned Timepoint,315
Supine,Time Placed in Position,316
Supine,Time of Vitals Measurement #1,316
Supine,Time of Vitals Measurement #2,316
Supine,Time of Vitals Measurement #3,316
Supine,Time of Vitals Measurement #1,317
Supine,Time of Vitals Measurement #2,317
Supine,Time of Vitals Measurement #3,317
Triplicate ECG Assessments - Predose,Were ECG measurements performed?,318
Triplicate ECG Assessments - Predose,"If no, Reason not done",318
Triplicate ECG Assessments - Predose,Date of ECG,318
Triplicate ECG Assessments - Predose,Time subject became supine,318
Triplicate ECG Assessments - Predose,Time of ECG assessment # 1,318
Triplicate ECG Assessments - Predose,Time of ECG assessment # 2,319
Triplicate ECG Assessments - Predose,Time of ECG assessment # 3,319
Triplicate ECG Assessments - Predose,Overall ECG interpretation,319
Triplicate ECG Assessments - Predose,Abnormal Findings,319
Triplicate ECG Assessments - Predose,Was the ECG abnormality clinically significant?,319
Triplicate ECG Assessments - Predose,Are additional ECG assessments required?,319
C-SSRS since last visit - Page 1,Was the questionnaire administered?,322
C-SSRS since last visit - Page 1,Date of completion,322
C-SSRS since last visit - Page 1,Rater's initials,322
C-SSRS since last visit - Page 1,"Subject endorses thoughts about a wish to be dead or not alive anymore, or wish to fall asleep and not wake up. Since Last Visit",323
C-SSRS since last visit - Page 1,"If Yes, describe Since Last Visit",323
C-SSRS since last visit - Page 1,"General non-specific thoughts of wanting to end one's life/commit suicide (e.g. ""I've thought about killing myself"") [CSS0202] Yes without thoughts of way to kill oneself/associated methods,intent or plan during the assessment period. Since Last Visit",323
C-SSRS since last visit - Page 1,"If Yes, describe Since Last Visit",324
C-SSRS since last visit - Page 1,"Subject endorses thoughts of suicide and has thought of at least one method during the assessment period. This is [CSS0203] Yes different than a specific plan with a time, place or method details worked out (e.g. thought of method to kill self but Since Last Visit",324
C-SSRS since last visit - Page 1,"Active suicidal thoughts of killing oneself and subject reports having some intent to act on such thoughts, as opposed Since Last Visit",325
C-SSRS since last visit - Page 1,"If Yes, describe Since Last Visit",325
C-SSRS since last visit - Page 1,Thoughts of killing oneself with detail of plan fully or partially worked out and subject has some intent to carry it out. Since Last Visit,325
C-SSRS since last visit - Page 1,Most severe ideation Since Last Visit,327
C-SSRS since last visit - Page 1,Description of Ideation Since Last Visit,327
C-SSRS since last visit - Page 1,How many times have you had these thoughts? Since Last Visit,328
C-SSRS since last visit - Page 1,"When you have the thoughts, how long do they last? Since Last Visit",328
C-SSRS since last visit - Page 1,go on living with the pain or how you were feeling) (0) Does not apply Since Last Visit,330
C-SSRS since last visit - Page 1,"A potentially self-injurious act committed with at least some wish to die, as a result of act. Behaviour was in part thought of as method to Since Last Visit",333
C-SSRS since last visit - Page 1,"If Yes, Total number of attempts Since Last Visit",334
C-SSRS since last visit - Page 1,"If Yes, describe Since Last Visit",334
C-SSRS since last visit - Page 1,Has subject engaged in Non-Suicidal self-injurious behavior? Since Last Visit,334
C-SSRS since last visit - Page 1,"When the person is interrupted (by an outside circumstance) from starting the potentially self-injurious act (if not for that, actual attempt Since Last Visit",335
C-SSRS since last visit - Page 1,"If Yes, Total number of interrupted attempts Since Last Visit",335
C-SSRS since last visit - Page 1,"If Yes, describe Since Last Visit",335
C-SSRS since last visit - Page 1,"When person begins to take steps toward making a suicide attempt, but stops themselves before they actually have engaged in any self Since Last Visit",336
C-SSRS since last visit - Page 1,"If Yes, Total number of aborted attempts Since Last Visit",336
C-SSRS since last visit - Page 1,"If Yes, describe Since Last Visit",336
C-SSRS since last visit - Page 1,Acts or preparation towards imminently making a suicide attempt. This can include anything beyond a verbalization or thought such as Since Last Visit,337
C-SSRS since last visit - Page 1,"If Yes, describe Since Last Visit",337
C-SSRS since last visit - Page 1,Suicidal behavior was present during the assessment period? Since Last Visit,337
C-SSRS since last visit - Page 1,Suicide Since Last Visit,337
C-SSRS since last visit - Page 1,Date of Attempt Most Lethal Attempt,340
C-SSRS since last visit - Page 1,"\ No physical damage or very minor physical damage (e.g. surface scratches) \1.\ Minor physical damage (e.g. [CSS0223B] 0 lethargic speech, first-degree burns, mild bleeding, sprains) \2.\ Moderate physical damage; medical attention needed Most Lethal Attempt",340
C-SSRS since last visit - Page 1,"Likely lethality of actual attempt if no medical damage (the following examples, while having no actual medical [CSS0223C] 0 damage, has potential for very serious lethality; put gun in mouth and pulled the trigger but gun fails to fire so no Most Lethal Attempt",340
C-SSRS since last visit - Page 1,Actual Attempts,341
C-SSRS since last visit - Page 1,Most Lethal Attempt,341
Water Restriction Start Prompt,Date subject started water restriction,342
Water Restriction Start Prompt,Time subject started water restriction,342
IMP Administration - Sertraline,Has subject been fasting (no food) for a minimum of 10 hours prior to the scheduled dosing?,344
IMP Administration - Sertraline,Was water restricted for 1 hour prior to dosing?,344
IMP Administration - Sertraline,Was Sertraline administered?,344
IMP Administration - Sertraline,"If no, reason",344
Dose,Date of Administration,345
Dose,Time of Administration,345
Dose,Reason,345
Dose,Was water restricted for 2 hours following dosing?,345
Water Restriction End Prompt,Date subject ended water restriction,347
Water Restriction End Prompt,Time subject ended water restriction,347
PK Blood Draw - Sertraline,Was PK Collection Performed?,349
PK Blood Draw - Sertraline,"If not performed, Reason",349
PK Blood Draw - Sertraline,Date of Collection,349
PK Blood Draw - Sertraline,Sertraline PK,350
PK Blood Draw - Sertraline,Propranolol PK Collected (values: (values: minutes)] Scan)] Scan)] Prazosin PK,350
PK Blood Draw - Sertraline,Prazosin PK,350
PK Blood Draw - Sertraline,Sertraline PK,351
PK Blood Draw - Sertraline,Propranolol PK Collected (values: (values: minutes)] Scan)] Scan)] Prazosin PK,351
PK Blood Draw - Sertraline,Prazosin PK,352
PK Blood Draw - Sertraline,Sertraline PK,352
Triplicate Orthostatic BP and HR - 1h Postdose,Were Vital Signs Collected?,353
Triplicate Orthostatic BP and HR - 1h Postdose,"If not collected, reason",353
Triplicate Orthostatic BP and HR - 1h Postdose,Collection Date,353
Triplicate Orthostatic BP and HR - 1h Postdose,Planned Timepoint,353
Supine,Time Placed in Position,354
Supine,Time of Vitals Measurement #1,354
Supine,Time of Vitals Measurement #2,354
Supine,Time of Vitals Measurement #3,354
Supine,Time of Vitals Measurement #1,355
Supine,Time of Vitals Measurement #2,355
Supine,Time of Vitals Measurement #3,355
Triplicate Orthostatic BP and HR - 1.5h Postdose,Were Vital Signs Collected?,356
Triplicate Orthostatic BP and HR - 1.5h Postdose,"If not collected, reason",356
Triplicate Orthostatic BP and HR - 1.5h Postdose,Collection Date,356
Triplicate Orthostatic BP and HR - 1.5h Postdose,Planned Timepoint,356
Supine,Time Placed in Position,357
Supine,Time of Vitals Measurement #1,357
Supine,Time of Vitals Measurement #2,357
Supine,Time of Vitals Measurement #3,357
Supine,Time of Vitals Measurement #1,358
Supine,Time of Vitals Measurement #2,358
Supine,Time of Vitals Measurement #3,358
Triplicate Orthostatic BP and HR - 2h Postdose,Were Vital Signs Collected?,359
Triplicate Orthostatic BP and HR - 2h Postdose,"If not collected, reason",359
Triplicate Orthostatic BP and HR - 2h Postdose,Collection Date,359
Triplicate Orthostatic BP and HR - 2h Postdose,Planned Timepoint,359
Supine,Time Placed in Position,360
Supine,Time of Vitals Measurement #1,360
Supine,Time of Vitals Measurement #2,360
Supine,Time of Vitals Measurement #3,360
Supine,Time of Vitals Measurement #1,361
Supine,Time of Vitals Measurement #2,361
Supine,Time of Vitals Measurement #3,361
Triplicate Orthostatic BP and HR - 2.5h Postdose,Were Vital Signs Collected?,362
Triplicate Orthostatic BP and HR - 2.5h Postdose,"If not collected, reason",362
Triplicate Orthostatic BP and HR - 2.5h Postdose,Collection Date,362
Triplicate Orthostatic BP and HR - 2.5h Postdose,Planned Timepoint,362
Supine,Time Placed in Position,363
Supine,Time of Vitals Measurement #1,363
Supine,Time of Vitals Measurement #2,363
Supine,Time of Vitals Measurement #3,363
Supine,Time of Vitals Measurement #1,364
Supine,Time of Vitals Measurement #2,364
Supine,Time of Vitals Measurement #3,364
Triplicate Orthostatic BP and HR - 3h Postdose,Were Vital Signs Collected?,365
Triplicate Orthostatic BP and HR - 3h Postdose,"If not collected, reason",365
Triplicate Orthostatic BP and HR - 3h Postdose,Collection Date,365
Triplicate Orthostatic BP and HR - 3h Postdose,Planned Timepoint,365
Supine,Time Placed in Position,366
Supine,Time of Vitals Measurement #1,366
Supine,Time of Vitals Measurement #2,366
Supine,Time of Vitals Measurement #3,366
Supine,Time of Vitals Measurement #1,367
Supine,Time of Vitals Measurement #2,367
Supine,Time of Vitals Measurement #3,367
Triplicate Orthostatic BP and HR - 4h Postdose,Were Vital Signs Collected?,368
Triplicate Orthostatic BP and HR - 4h Postdose,"If not collected, reason",368
Triplicate Orthostatic BP and HR - 4h Postdose,Collection Date,368
Triplicate Orthostatic BP and HR - 4h Postdose,Planned Timepoint,368
Supine,Time Placed in Position,369
Supine,Time of Vitals Measurement #1,369
Supine,Time of Vitals Measurement #2,369
Supine,Time of Vitals Measurement #3,369
Supine,Time of Vitals Measurement #1,370
Supine,Time of Vitals Measurement #2,370
Supine,Time of Vitals Measurement #3,370
Triplicate Orthostatic BP and HR - 6h Postdose,Were Vital Signs Collected?,371
Triplicate Orthostatic BP and HR - 6h Postdose,"If not collected, reason",371
Triplicate Orthostatic BP and HR - 6h Postdose,Collection Date,371
Triplicate Orthostatic BP and HR - 6h Postdose,Planned Timepoint,371
Supine,Time Placed in Position,372
Supine,Time of Vitals Measurement #1,372
Supine,Time of Vitals Measurement #2,372
Supine,Time of Vitals Measurement #3,372
Supine,Time of Vitals Measurement #1,373
Supine,Time of Vitals Measurement #2,373
Supine,Time of Vitals Measurement #3,373
Triplicate Orthostatic BP and HR - 8h Postdose,Were Vital Signs Collected?,374
Triplicate Orthostatic BP and HR - 8h Postdose,"If not collected, reason",374
Triplicate Orthostatic BP and HR - 8h Postdose,Collection Date,374
Triplicate Orthostatic BP and HR - 8h Postdose,Planned Timepoint,374
Supine,Time Placed in Position,375
Supine,Time of Vitals Measurement #1,375
Supine,Time of Vitals Measurement #2,375
Supine,Time of Vitals Measurement #3,375
Supine,Time of Vitals Measurement #1,376
Supine,Time of Vitals Measurement #2,376
Supine,Time of Vitals Measurement #3,376
Visit Date,Visit Date,377
Visit Date,Skip to next visit,377
Visit Date,Skip to Early Termination visit,377
AE and CM prompt,Has the subject had any changes to their health since previous visit?,379
AE and CM prompt,Are there any changes in concomitant medications including dose changes to be reported?,379
Body Temperature and Respiratory Rate,Were Vital Signs Collected?,381
Body Temperature and Respiratory Rate,"If not collected, reason",381
Body Temperature and Respiratory Rate,Collection Date,381
Body Temperature and Respiratory Rate,Planned Timepoint,381
Body Temperature and Respiratory Rate,Respiratory Rate (breaths/min),382
Body Temperature and Respiratory Rate,Body Temperature (celsius),382
Triplicate Orthostatic BP and HR - Predose,Were Vital Signs Collected?,383
Triplicate Orthostatic BP and HR - Predose,"If not collected, reason",383
Triplicate Orthostatic BP and HR - Predose,Collection Date,383
Triplicate Orthostatic BP and HR - Predose,Planned Timepoint,383
Supine,Time Placed in Position,384
Supine,Time of Vitals Measurement #1,384
Supine,Time of Vitals Measurement #2,384
Supine,Time of Vitals Measurement #3,384
Supine,Time of Vitals Measurement #1,385
Supine,Time of Vitals Measurement #2,385
Supine,Time of Vitals Measurement #3,385
C-SSRS since last visit - Page 1,Was the questionnaire administered?,388
C-SSRS since last visit - Page 1,Date of completion,388
C-SSRS since last visit - Page 1,Rater's initials,388
C-SSRS since last visit - Page 1,"Subject endorses thoughts about a wish to be dead or not alive anymore, or wish to fall asleep and not wake up. Since Last Visit",389
C-SSRS since last visit - Page 1,"If Yes, describe Since Last Visit",389
C-SSRS since last visit - Page 1,"General non-specific thoughts of wanting to end one's life/commit suicide (e.g. ""I've thought about killing myself"") [CSS0202] Yes without thoughts of way to kill oneself/associated methods,intent or plan during the assessment period. Since Last Visit",389
C-SSRS since last visit - Page 1,"If Yes, describe Since Last Visit",390
C-SSRS since last visit - Page 1,"Subject endorses thoughts of suicide and has thought of at least one method during the assessment period. This is [CSS0203] Yes different than a specific plan with a time, place or method details worked out (e.g. thought of method to kill self but Since Last Visit",390
C-SSRS since last visit - Page 1,"Active suicidal thoughts of killing oneself and subject reports having some intent to act on such thoughts, as opposed Since Last Visit",391
C-SSRS since last visit - Page 1,"If Yes, describe Since Last Visit",391
C-SSRS since last visit - Page 1,Thoughts of killing oneself with detail of plan fully or partially worked out and subject has some intent to carry it out. Since Last Visit,391
C-SSRS since last visit - Page 1,Most severe ideation Since Last Visit,393
C-SSRS since last visit - Page 1,Description of Ideation Since Last Visit,393
C-SSRS since last visit - Page 1,How many times have you had these thoughts? Since Last Visit,394
C-SSRS since last visit - Page 1,"When you have the thoughts, how long do they last? Since Last Visit",394
C-SSRS since last visit - Page 1,go on living with the pain or how you were feeling) (0) Does not apply Since Last Visit,396
C-SSRS since last visit - Page 1,"A potentially self-injurious act committed with at least some wish to die, as a result of act. Behaviour was in part thought of as method to Since Last Visit",399
C-SSRS since last visit - Page 1,"If Yes, Total number of attempts Since Last Visit",400
C-SSRS since last visit - Page 1,"If Yes, describe Since Last Visit",400
C-SSRS since last visit - Page 1,Has subject engaged in Non-Suicidal self-injurious behavior? Since Last Visit,400
C-SSRS since last visit - Page 1,"When the person is interrupted (by an outside circumstance) from starting the potentially self-injurious act (if not for that, actual attempt Since Last Visit",401
C-SSRS since last visit - Page 1,"If Yes, Total number of interrupted attempts Since Last Visit",401
C-SSRS since last visit - Page 1,"If Yes, describe Since Last Visit",401
C-SSRS since last visit - Page 1,"When person begins to take steps toward making a suicide attempt, but stops themselves before they actually have engaged in any self Since Last Visit",402
C-SSRS since last visit - Page 1,"If Yes, Total number of aborted attempts Since Last Visit",402
C-SSRS since last visit - Page 1,"If Yes, describe Since Last Visit",402
C-SSRS since last visit - Page 1,Acts or preparation towards imminently making a suicide attempt. This can include anything beyond a verbalization or thought such as Since Last Visit,403
C-SSRS since last visit - Page 1,"If Yes, describe Since Last Visit",403
C-SSRS since last visit - Page 1,Suicidal behavior was present during the assessment period? Since Last Visit,403
C-SSRS since last visit - Page 1,Suicide Since Last Visit,403
C-SSRS since last visit - Page 1,Date of Attempt Most Lethal Attempt,406
C-SSRS since last visit - Page 1,"\ No physical damage or very minor physical damage (e.g. surface scratches) \1.\ Minor physical damage (e.g. [CSS0223B] 0 lethargic speech, first-degree burns, mild bleeding, sprains) \2.\ Moderate physical damage; medical attention needed Most Lethal Attempt",406
C-SSRS since last visit - Page 1,"Likely lethality of actual attempt if no medical damage (the following examples, while having no actual medical [CSS0223C] 0 damage, has potential for very serious lethality; put gun in mouth and pulled the trigger but gun fails to fire so no Most Lethal Attempt",406
C-SSRS since last visit - Page 1,Actual Attempts,407
C-SSRS since last visit - Page 1,Most Lethal Attempt,407
Water Restriction Start Prompt,Date subject started water restriction,408
Water Restriction Start Prompt,Time subject started water restriction,408
IMP Administration - Sertraline and Prazosin,Has subject been fasting (no food) for a minimum of 10 hours prior to the scheduled dosing?,410
IMP Administration - Sertraline and Prazosin,Was water restricted for 1 hour prior to dosing?,410
IMP Administration - Sertraline and Prazosin,Was Sertraline administered?,410
IMP Administration - Sertraline and Prazosin,"If no, reason",410
IMP Administration - Sertraline and Prazosin,Date of Administration,411
IMP Administration - Sertraline and Prazosin,Time of Administration,411
IMP Administration - Sertraline and Prazosin,Reason,411
IMP Administration - Sertraline and Prazosin,Dosing Comments (optional),411
Prazosin Dose,Was Prazosin administered?,412
Prazosin Dose,"If no, reason",412
Prazosin Dose,Date of Administration,412
Prazosin Dose,Time of Administration,412
Prazosin Dose,Reason,413
Prazosin Dose,Was water restricted for 2 hours following dosing?,413
Prazosin Dose,Dosing Comments (optional),413
Water Restriction End Prompt,Date subject ended water restriction,414
Water Restriction End Prompt,Time subject ended water restriction,414
PK Blood Draw - Sertraline,Was PK Collection Performed?,416
PK Blood Draw - Sertraline,"If not performed, Reason",416
PK Blood Draw - Sertraline,Date of Collection,416
PK Blood Draw - Sertraline,Sertraline PK,417
PK Blood Draw - Sertraline,Propranolol PK Collected (values: (values: minutes)] Scan)] Scan)] Prazosin PK,417
PK Blood Draw - Sertraline,Prazosin PK,417
PK Blood Draw - Sertraline,Sertraline PK,418
PK Blood Draw - Sertraline,Propranolol PK Collected (values: (values: minutes)] Scan)] Scan)] Prazosin PK,418
PK Blood Draw - Sertraline,Prazosin PK,419
PK Blood Draw - Sertraline,Sertraline PK,419
PK Blood Draw - Prazosin,Was PK Collection Performed?,420
PK Blood Draw - Prazosin,"If not performed, Reason",420
PK Blood Draw - Prazosin,Date of Collection,420
PK Blood Draw - Prazosin,Prazosin PK,421
PK Blood Draw - Prazosin,Propranolol PK Collected (values: (values: minutes)] Scan)] Scan)] Prazosin PK,421
PK Blood Draw - Prazosin,Prazosin PK,422
PK Blood Draw - Prazosin,Propranolol PK Collected (values: (values: minutes)] Scan)] Scan)] Prazosin PK,422
PK Blood Draw - Prazosin,Prazosin PK,423
Triplicate Orthostatic BP and HR - 1h Postdose,Were Vital Signs Collected?,424
Triplicate Orthostatic BP and HR - 1h Postdose,"If not collected, reason",424
Triplicate Orthostatic BP and HR - 1h Postdose,Collection Date,424
Triplicate Orthostatic BP and HR - 1h Postdose,Planned Timepoint,424
Supine,Time Placed in Position,425
Supine,Time of Vitals Measurement #1,425
Supine,Time of Vitals Measurement #2,425
Supine,Time of Vitals Measurement #3,425
Supine,Time of Vitals Measurement #1,426
Supine,Time of Vitals Measurement #2,426
Supine,Time of Vitals Measurement #3,426
Triplicate Orthostatic BP and HR - 1.5h Postdose,Were Vital Signs Collected?,427
Triplicate Orthostatic BP and HR - 1.5h Postdose,"If not collected, reason",427
Triplicate Orthostatic BP and HR - 1.5h Postdose,Collection Date,427
Triplicate Orthostatic BP and HR - 1.5h Postdose,Planned Timepoint,427
Supine,Time Placed in Position,428
Supine,Time of Vitals Measurement #1,428
Supine,Time of Vitals Measurement #2,428
Supine,Time of Vitals Measurement #3,428
Supine,Time of Vitals Measurement #1,429
Supine,Time of Vitals Measurement #2,429
Supine,Time of Vitals Measurement #3,429
Triplicate Orthostatic BP and HR - 2h Postdose,Were Vital Signs Collected?,430
Triplicate Orthostatic BP and HR - 2h Postdose,"If not collected, reason",430
Triplicate Orthostatic BP and HR - 2h Postdose,Collection Date,430
Triplicate Orthostatic BP and HR - 2h Postdose,Planned Timepoint,430
Supine,Time Placed in Position,431
Supine,Time of Vitals Measurement #1,431
Supine,Time of Vitals Measurement #2,431
Supine,Time of Vitals Measurement #3,431
Supine,Time of Vitals Measurement #1,432
Supine,Time of Vitals Measurement #2,432
Supine,Time of Vitals Measurement #3,432
Triplicate Orthostatic BP and HR - 2.5h Postdose,Were Vital Signs Collected?,433
Triplicate Orthostatic BP and HR - 2.5h Postdose,"If not collected, reason",433
Triplicate Orthostatic BP and HR - 2.5h Postdose,Collection Date,433
Triplicate Orthostatic BP and HR - 2.5h Postdose,Planned Timepoint,433
Supine,Time Placed in Position,434
Supine,Time of Vitals Measurement #1,434
Supine,Time of Vitals Measurement #2,434
Supine,Time of Vitals Measurement #3,434
Supine,Time of Vitals Measurement #1,435
Supine,Time of Vitals Measurement #2,435
Supine,Time of Vitals Measurement #3,435
Triplicate Orthostatic BP and HR - 3h Postdose,Were Vital Signs Collected?,436
Triplicate Orthostatic BP and HR - 3h Postdose,"If not collected, reason",436
Triplicate Orthostatic BP and HR - 3h Postdose,Collection Date,436
Triplicate Orthostatic BP and HR - 3h Postdose,Planned Timepoint,436
Supine,Time Placed in Position,437
Supine,Time of Vitals Measurement #1,437
Supine,Time of Vitals Measurement #2,437
Supine,Time of Vitals Measurement #3,437
Supine,Time of Vitals Measurement #1,438
Supine,Time of Vitals Measurement #2,438
Supine,Time of Vitals Measurement #3,438
Triplicate Orthostatic BP and HR - 4h Postdose,Were Vital Signs Collected?,439
Triplicate Orthostatic BP and HR - 4h Postdose,"If not collected, reason",439
Triplicate Orthostatic BP and HR - 4h Postdose,Collection Date,439
Triplicate Orthostatic BP and HR - 4h Postdose,Planned Timepoint,439
Supine,Time Placed in Position,440
Supine,Time of Vitals Measurement #1,440
Supine,Time of Vitals Measurement #2,440
Supine,Time of Vitals Measurement #3,440
Supine,Time of Vitals Measurement #1,441
Supine,Time of Vitals Measurement #2,441
Supine,Time of Vitals Measurement #3,441
Triplicate Orthostatic BP and HR - 6h Postdose,Were Vital Signs Collected?,442
Triplicate Orthostatic BP and HR - 6h Postdose,"If not collected, reason",442
Triplicate Orthostatic BP and HR - 6h Postdose,Collection Date,442
Triplicate Orthostatic BP and HR - 6h Postdose,Planned Timepoint,442
Supine,Time Placed in Position,443
Supine,Time of Vitals Measurement #1,443
Supine,Time of Vitals Measurement #2,443
Supine,Time of Vitals Measurement #3,443
Supine,Time of Vitals Measurement #1,444
Supine,Time of Vitals Measurement #2,444
Supine,Time of Vitals Measurement #3,444
Triplicate Orthostatic BP and HR - 8h Postdose,Were Vital Signs Collected?,445
Triplicate Orthostatic BP and HR - 8h Postdose,"If not collected, reason",445
Triplicate Orthostatic BP and HR - 8h Postdose,Collection Date,445
Triplicate Orthostatic BP and HR - 8h Postdose,Planned Timepoint,445
Supine,Time Placed in Position,446
Supine,Time of Vitals Measurement #1,446
Supine,Time of Vitals Measurement #2,446
Supine,Time of Vitals Measurement #3,446
Supine,Time of Vitals Measurement #1,447
Supine,Time of Vitals Measurement #2,447
Supine,Time of Vitals Measurement #3,447
Visit Date,Visit Date,448
Visit Date,Skip to next visit,448
Visit Date,Skip to Early Termination visit,448
AE and CM prompt,Has the subject had any changes to their health since previous visit?,450
AE and CM prompt,Are there any changes in concomitant medications including dose changes to be reported?,450
Body Temperature and Respiratory Rate - Predose,Were Vital Signs Collected?,452
Body Temperature and Respiratory Rate - Predose,"If not collected, reason",452
Body Temperature and Respiratory Rate - Predose,Collection Date,452
Body Temperature and Respiratory Rate - Predose,Planned Timepoint,452
Body Temperature and Respiratory Rate - Predose,Respiratory Rate (breaths/min),453
Body Temperature and Respiratory Rate - Predose,Body Temperature (celsius),453
Triplicate Orthostatic BP and HR - Predose,Were Vital Signs Collected?,454
Triplicate Orthostatic BP and HR - Predose,"If not collected, reason",454
Triplicate Orthostatic BP and HR - Predose,Collection Date,454
Triplicate Orthostatic BP and HR - Predose,Planned Timepoint,454
Supine,Time Placed in Position,455
Supine,Time of Vitals Measurement #1,455
Supine,Time of Vitals Measurement #2,455
Supine,Time of Vitals Measurement #3,455
Supine,Time of Vitals Measurement #1,456
Supine,Time of Vitals Measurement #2,456
Supine,Time of Vitals Measurement #3,456
12-lead ECG - Discharge,Was 12 Lead ECG Performed?,457
12-lead ECG - Discharge,"If no, Reason not done",457
12-lead ECG - Discharge,Date of ECG,457
12-lead ECG - Discharge,Time subject became supine,457
12-lead ECG - Discharge,Time of ECG assessment,457
12-lead ECG - Discharge,Not Evaluable,458
12-lead ECG - Discharge,Abnormal Findings,458
12-lead ECG - Discharge,Was the ECG abnormality clinically significant?,458
12-lead ECG - Discharge,Are additional ECG assessments required?,458
Clinical Laboratory Assessments,Comments,459
Clinical Laboratory Assessments,Was subject in fasting state?,459
Clinical Laboratory Assessments,Hematology,460
Clinical Laboratory Assessments,Hematology Reason not done,460
Clinical Laboratory Assessments,Hematology Date of Collection,460
Clinical Laboratory Assessments,Hematology Time of Collection,460
Clinical Laboratory Assessments,Chemistry,460
Clinical Laboratory Assessments,Chemistry Reason not done,460
Clinical Laboratory Assessments,Chemistry Date of Collection,460
Clinical Laboratory Assessments,Chemistry Time of Collection,460
Clinical Laboratory Assessments,Urinalysis,460
Clinical Laboratory Assessments,Urinalysis Reason not done,460
Clinical Laboratory Assessments,Urinalysis Date of Collection,460
Clinical Laboratory Assessments,Urinalysis Time of Collection,460
Clinical Laboratory Assessments,Not Applicable,461
Laboratory results review,Laboratory collection date,462
Laboratory results review,Laboratory results review date,462
Laboratory results review,Has the investigator reviewed all laboratory results from this visit and assessed abnormal results clinical significance?,462
Laboratory results review,Were there any clinically significant abnormal results?,462
Laboratory results review,Were there any clinically significant abnormal chemistry results?,462
Laboratory results review,"density lipoprotein;and; high density lipoprotein), Creatine phosphokinase, Creatinine, Gamma glutamyl transferase, Glucose, Lactate",464
Laboratory results review,Chemistry abnormal assay # 1 Investigator comment,464
Laboratory results review,"density lipoprotein;and; high density lipoprotein), Creatine phosphokinase, Creatinine, Gamma glutamyl transferase, Glucose, Lactate",465
Laboratory results review,Chemistry abnormal assay # 2 Investigator comment,465
Laboratory results review,"density lipoprotein;and; high density lipoprotein), Creatine phosphokinase, Creatinine, Gamma glutamyl transferase, Glucose, Lactate",466
Laboratory results review,"density lipoprotein;and; high density lipoprotein), Creatine phosphokinase, Creatinine, Gamma glutamyl transferase, Glucose, Lactate",468
Laboratory results review,Chemistry abnormal assay # 4 Investigator comment,468
Laboratory results review,"density lipoprotein;and; high density lipoprotein), Creatine phosphokinase, Creatinine, Gamma glutamyl transferase, Glucose, Lactate",469
Laboratory results review,Chemistry abnormal assay # 5 Investigator comment,469
Laboratory results review,Are there any additional clinically significant abnormal chemistry results to be entered?,469
Laboratory results review,Were there any clinically significant abnormal hematology results?,470
Laboratory results review,Hematology clinically significant abnormal assay # 1,470
Laboratory results review,Hematology abnormal assay # 1 Investigator comment,470
Laboratory results review,Glycated Hemoglobin,471
Laboratory results review,Hematology abnormal assay # 2 Investigator comment,471
Laboratory results review,Hematology clinically significant abnormal assay # 3,471
Laboratory results review,Hematology abnormal assay # 3 Investigator comment,471
Laboratory results review,Hematology clinically significant abnormal assay # 4,472
Laboratory results review,Hematology abnormal assay # 4 Investigator comment,472
Laboratory results review,Glycated Hemoglobin,473
Laboratory results review,Hematology abnormal assay # 5 Investigator comment,473
Laboratory results review,Are there any additional clinically significant abnormal hematology results to be entered?,473
Laboratory results review,Were there any clinically significant abnormal urinalysis results?,473
Laboratory results review,Microscopic analysis if indicated,474
Laboratory results review,Urinalysis abnormal assay # 1 Investigator comment,474
Laboratory results review,Microscopic analysis if indicated,475
Laboratory results review,Urinalysis abnormal assay # 2 Investigator comment,475
Laboratory results review,Urinalysis clinically significant abnormal assay # 3,475
Laboratory results review,Urinalysis abnormal assay # 3 Investigator comment,476
Laboratory results review,Urinalysis clinically significant abnormal assay # 4,476
Laboratory results review,Urinalysis abnormal assay # 4 Investigator comment,476
Laboratory results review,Urinalysis clinically significant abnormal assay # 5,477
Laboratory results review,Urinalysis abnormal assay # 5 Investigator comment,477
Laboratory results review,Are there additional urinalysis clinically significant abnormal results to be entered?,477
Laboratory results review,Investigator`s signature for Local Laboratory Results Review,478
C-SSRS since last visit - Page 1,Was the questionnaire administered?,481
C-SSRS since last visit - Page 1,Date of completion,481
C-SSRS since last visit - Page 1,Rater's initials,481
C-SSRS since last visit - Page 1,"Subject endorses thoughts about a wish to be dead or not alive anymore, or wish to fall asleep and not wake up. Since Last Visit",482
C-SSRS since last visit - Page 1,"If Yes, describe Since Last Visit",482
C-SSRS since last visit - Page 1,"General non-specific thoughts of wanting to end one's life/commit suicide (e.g. ""I've thought about killing myself"") [CSS0202] Yes without thoughts of way to kill oneself/associated methods,intent or plan during the assessment period. Since Last Visit",482
C-SSRS since last visit - Page 1,"If Yes, describe Since Last Visit",483
C-SSRS since last visit - Page 1,"Subject endorses thoughts of suicide and has thought of at least one method during the assessment period. This is [CSS0203] Yes different than a specific plan with a time, place or method details worked out (e.g. thought of method to kill self but Since Last Visit",483
C-SSRS since last visit - Page 1,"Active suicidal thoughts of killing oneself and subject reports having some intent to act on such thoughts, as opposed Since Last Visit",484
C-SSRS since last visit - Page 1,"If Yes, describe Since Last Visit",484
C-SSRS since last visit - Page 1,Thoughts of killing oneself with detail of plan fully or partially worked out and subject has some intent to carry it out. Since Last Visit,484
C-SSRS since last visit - Page 1,Most severe ideation Since Last Visit,486
C-SSRS since last visit - Page 1,Description of Ideation Since Last Visit,486
C-SSRS since last visit - Page 1,How many times have you had these thoughts? Since Last Visit,487
C-SSRS since last visit - Page 1,"When you have the thoughts, how long do they last? Since Last Visit",487
C-SSRS since last visit - Page 1,go on living with the pain or how you were feeling) (0) Does not apply Since Last Visit,489
C-SSRS since last visit - Page 1,"A potentially self-injurious act committed with at least some wish to die, as a result of act. Behaviour was in part thought of as method to Since Last Visit",492
C-SSRS since last visit - Page 1,"If Yes, Total number of attempts Since Last Visit",493
C-SSRS since last visit - Page 1,"If Yes, describe Since Last Visit",493
C-SSRS since last visit - Page 1,Has subject engaged in Non-Suicidal self-injurious behavior? Since Last Visit,493
C-SSRS since last visit - Page 1,"When the person is interrupted (by an outside circumstance) from starting the potentially self-injurious act (if not for that, actual attempt Since Last Visit",494
C-SSRS since last visit - Page 1,"If Yes, Total number of interrupted attempts Since Last Visit",494
C-SSRS since last visit - Page 1,"If Yes, describe Since Last Visit",494
C-SSRS since last visit - Page 1,"When person begins to take steps toward making a suicide attempt, but stops themselves before they actually have engaged in any self Since Last Visit",495
C-SSRS since last visit - Page 1,"If Yes, Total number of aborted attempts Since Last Visit",495
C-SSRS since last visit - Page 1,"If Yes, describe Since Last Visit",495
C-SSRS since last visit - Page 1,Acts or preparation towards imminently making a suicide attempt. This can include anything beyond a verbalization or thought such as Since Last Visit,496
C-SSRS since last visit - Page 1,"If Yes, describe Since Last Visit",496
C-SSRS since last visit - Page 1,Suicidal behavior was present during the assessment period? Since Last Visit,496
C-SSRS since last visit - Page 1,Suicide Since Last Visit,496
C-SSRS since last visit - Page 1,Date of Attempt Most Lethal Attempt,499
C-SSRS since last visit - Page 1,"\ No physical damage or very minor physical damage (e.g. surface scratches) \1.\ Minor physical damage (e.g. [CSS0223B] 0 lethargic speech, first-degree burns, mild bleeding, sprains) \2.\ Moderate physical damage; medical attention needed Most Lethal Attempt",499
C-SSRS since last visit - Page 1,"Likely lethality of actual attempt if no medical damage (the following examples, while having no actual medical [CSS0223C] 0 damage, has potential for very serious lethality; put gun in mouth and pulled the trigger but gun fails to fire so no Most Lethal Attempt",499
C-SSRS since last visit - Page 1,Actual Attempts,500
C-SSRS since last visit - Page 1,Most Lethal Attempt,500
Water Restriction Start Prompt,Date subject started water restriction,501
Water Restriction Start Prompt,Time subject started water restriction,501
IMP Administration - Sertraline and Propranolol,Has subject been fasting (no food) for a minimum of 10 hours prior to the scheduled dosing?,503
IMP Administration - Sertraline and Propranolol,Was water restricted for 1 hour prior to dosing?,503
IMP Administration - Sertraline and Propranolol,Was Sertraline administered?,503
IMP Administration - Sertraline and Propranolol,"If no, reason",503
IMP Administration - Sertraline and Propranolol,Date of Administration,504
IMP Administration - Sertraline and Propranolol,Time of Administration,504
IMP Administration - Sertraline and Propranolol,Reason,504
IMP Administration - Sertraline and Propranolol,Dosing Comments (optional),504
Propranol Dose,Was Propranol administered?,505
Propranol Dose,"If no, reason",505
Propranol Dose,Date of Administration,505
Propranol Dose,Time of Administration,505
Propranol Dose,Reason,506
Propranol Dose,Was water restricted for 2 hours following dosing?,506
Propranol Dose,Dosing Comments (optional),506
Water Restriction End Prompt,Date subject ended water restriction,507
Water Restriction End Prompt,Time subject ended water restriction,507
PK Blood Draw - Sertraline,Was PK Collection Performed?,509
PK Blood Draw - Sertraline,"If not performed, Reason",509
PK Blood Draw - Sertraline,Date of Collection,509
PK Blood Draw - Sertraline,Sertraline PK,510
PK Blood Draw - Sertraline,Propranolol PK Collected (values: (values: minutes)] Scan)] Scan)] Prazosin PK,510
PK Blood Draw - Sertraline,Prazosin PK,510
PK Blood Draw - Sertraline,Sertraline PK,511
PK Blood Draw - Sertraline,Propranolol PK Collected (values: (values: minutes)] Scan)] Scan)] Prazosin PK,511
PK Blood Draw - Sertraline,Prazosin PK,512
PK Blood Draw - Sertraline,Sertraline PK,512
PK Blood Draw - Propranolol,Was PK Collection Performed?,513
PK Blood Draw - Propranolol,"If not performed, Reason",513
PK Blood Draw - Propranolol,Date of Collection,513
PK Blood Draw - Propranolol,Propranolol PK,514
PK Blood Draw - Propranolol,Propranolol PK Collected (values: (values: minutes)] Scan)] Scan)] Prazosin PK,514
PK Blood Draw - Propranolol,Prazosin PK,514
PK Blood Draw - Propranolol,Propranolol PK,515
PK Blood Draw - Propranolol,Propranolol PK Collected (values: (values: minutes)] Scan)] Scan)] Prazosin PK,515
PK Blood Draw - Propranolol,Prazosin PK,516
PK Blood Draw - Propranolol,Propranolol PK,516
Triplicate Orthostatic BP and HR - 1h Postdose,Were Vital Signs Collected?,517
Triplicate Orthostatic BP and HR - 1h Postdose,"If not collected, reason",517
Triplicate Orthostatic BP and HR - 1h Postdose,Collection Date,517
Triplicate Orthostatic BP and HR - 1h Postdose,Planned Timepoint,517
Supine,Time Placed in Position,518
Supine,Time of Vitals Measurement #1,518
Supine,Time of Vitals Measurement #2,518
Supine,Time of Vitals Measurement #3,518
Supine,Time of Vitals Measurement #1,519
Supine,Time of Vitals Measurement #2,519
Supine,Time of Vitals Measurement #3,519
Triplicate Orthostatic BP and HR - 1.5h Postdose,Were Vital Signs Collected?,520
Triplicate Orthostatic BP and HR - 1.5h Postdose,"If not collected, reason",520
Triplicate Orthostatic BP and HR - 1.5h Postdose,Collection Date,520
Triplicate Orthostatic BP and HR - 1.5h Postdose,Planned Timepoint,520
Supine,Time Placed in Position,521
Supine,Time of Vitals Measurement #1,521
Supine,Time of Vitals Measurement #2,521
Supine,Time of Vitals Measurement #3,521
Supine,Time of Vitals Measurement #1,522
Supine,Time of Vitals Measurement #2,522
Supine,Time of Vitals Measurement #3,522
Triplicate Orthostatic BP and HR - 2h Postdose,Were Vital Signs Collected?,523
Triplicate Orthostatic BP and HR - 2h Postdose,"If not collected, reason",523
Triplicate Orthostatic BP and HR - 2h Postdose,Collection Date,523
Triplicate Orthostatic BP and HR - 2h Postdose,Planned Timepoint,523
Supine,Time Placed in Position,524
Supine,Time of Vitals Measurement #1,524
Supine,Time of Vitals Measurement #2,524
Supine,Time of Vitals Measurement #3,524
Supine,Time of Vitals Measurement #1,525
Supine,Time of Vitals Measurement #2,525
Supine,Time of Vitals Measurement #3,525
Triplicate Orthostatic BP and HR - 2.5h Postdose,Were Vital Signs Collected?,526
Triplicate Orthostatic BP and HR - 2.5h Postdose,"If not collected, reason",526
Triplicate Orthostatic BP and HR - 2.5h Postdose,Collection Date,526
Triplicate Orthostatic BP and HR - 2.5h Postdose,Planned Timepoint,526
Supine,Time Placed in Position,527
Supine,Time of Vitals Measurement #1,527
Supine,Time of Vitals Measurement #2,527
Supine,Time of Vitals Measurement #3,527
Supine,Time of Vitals Measurement #1,528
Supine,Time of Vitals Measurement #2,528
Supine,Time of Vitals Measurement #3,528
Triplicate Orthostatic BP and HR - 3h Postdose,Were Vital Signs Collected?,529
Triplicate Orthostatic BP and HR - 3h Postdose,"If not collected, reason",529
Triplicate Orthostatic BP and HR - 3h Postdose,Collection Date,529
Triplicate Orthostatic BP and HR - 3h Postdose,Planned Timepoint,529
Supine,Time Placed in Position,530
Supine,Time of Vitals Measurement #1,530
Supine,Time of Vitals Measurement #2,530
Supine,Time of Vitals Measurement #3,530
Supine,Time of Vitals Measurement #1,531
Supine,Time of Vitals Measurement #2,531
Supine,Time of Vitals Measurement #3,531
Triplicate Orthostatic BP and HR - 4h Postdose,Were Vital Signs Collected?,532
Triplicate Orthostatic BP and HR - 4h Postdose,"If not collected, reason",532
Triplicate Orthostatic BP and HR - 4h Postdose,Collection Date,532
Triplicate Orthostatic BP and HR - 4h Postdose,Planned Timepoint,532
Supine,Time Placed in Position,533
Supine,Time of Vitals Measurement #1,533
Supine,Time of Vitals Measurement #2,533
Supine,Time of Vitals Measurement #3,533
Supine,Time of Vitals Measurement #1,534
Supine,Time of Vitals Measurement #2,534
Supine,Time of Vitals Measurement #3,534
Triplicate Orthostatic BP and HR - 6h Postdose,Were Vital Signs Collected?,535
Triplicate Orthostatic BP and HR - 6h Postdose,"If not collected, reason",535
Triplicate Orthostatic BP and HR - 6h Postdose,Collection Date,535
Triplicate Orthostatic BP and HR - 6h Postdose,Planned Timepoint,535
Supine,Time Placed in Position,536
Supine,Time of Vitals Measurement #1,536
Supine,Time of Vitals Measurement #2,536
Supine,Time of Vitals Measurement #3,536
Supine,Time of Vitals Measurement #1,537
Supine,Time of Vitals Measurement #2,537
Supine,Time of Vitals Measurement #3,537
Triplicate Orthostatic BP and HR - 8h Postdose,Were Vital Signs Collected?,538
Triplicate Orthostatic BP and HR - 8h Postdose,"If not collected, reason",538
Triplicate Orthostatic BP and HR - 8h Postdose,Collection Date,538
Triplicate Orthostatic BP and HR - 8h Postdose,Planned Timepoint,538
Supine,Time Placed in Position,539
Supine,Time of Vitals Measurement #1,539
Supine,Time of Vitals Measurement #2,539
Supine,Time of Vitals Measurement #3,539
Supine,Time of Vitals Measurement #1,540
Supine,Time of Vitals Measurement #2,540
Supine,Time of Vitals Measurement #3,540
Visit Date,Visit Date,541
Visit Date,Skip to next visit,541
Visit Date,Skip to Early Termination visit,541
AE and CM prompt,Has the subject had any changes to their health since previous visit?,543
AE and CM prompt,Are there any changes in concomitant medications including dose changes to be reported?,543
Extension of Brexpiprazole Steady-state Attainment Period,Did the subject extend the at-home dosing of the brexpiprazole steady-state attainment period?,545
Extension of Brexpiprazole Steady-state Attainment Period,"If yes, by how many days did the subject extend?",545
Triplicate Orthostatic BP and HR - Predose,Were Vital Signs Collected?,547
Triplicate Orthostatic BP and HR - Predose,"If not collected, reason",547
Triplicate Orthostatic BP and HR - Predose,Collection Date,547
Triplicate Orthostatic BP and HR - Predose,Planned Timepoint,547
Supine,Time Placed in Position,548
Supine,Time of Vitals Measurement #1,548
Supine,Time of Vitals Measurement #2,548
Supine,Time of Vitals Measurement #3,548
Supine,Time of Vitals Measurement #1,549
Supine,Time of Vitals Measurement #2,549
Supine,Time of Vitals Measurement #3,549
Physical Exam,Was the physical examination performed?,550
Physical Exam,Examination Date,550
Physical Exam,Examination Time,550
Physical Exam,HEENT Clinically Significant,551
Physical Exam,HEENT Abnormal Findings,551
Physical Exam,HEENT,551
Physical Exam,Thorax Clinically Significant,551
Physical Exam,Thorax Abnormal Findings,551
Physical Exam,Thorax,551
Physical Exam,Abdomen Clinically Significant,551
Physical Exam,Abdomen Abnormal Findings,551
Physical Exam,Abdomen,551
Physical Exam,Region/Body System Abnormal Findings,552
Physical Exam,Region/Body System Clinically Significant,552
Physical Exam,Region/Body System,552
Physical Exam,Neurological Clinically Significant,552
Physical Exam,Neurological Abnormal Findings,552
Physical Exam,Neurological,552
Physical Exam,Extremities Clinically Significant,552
Physical Exam,Extremities Abnormal Findings,552
Physical Exam,Extremities,552
Physical Exam,Urogenital Clinically Significant,552
Physical Exam,Urogenital,552
Physical Exam,Urogenital Abnormal Findings,552
Physical Exam,Region/Body System,553
Clinical Laboratory Assessments,Comments,554
Clinical Laboratory Assessments,Was subject in fasting state?,554
Clinical Laboratory Assessments,Hematology,555
Clinical Laboratory Assessments,Hematology Reason not done,555
Clinical Laboratory Assessments,Hematology Date of Collection,555
Clinical Laboratory Assessments,Hematology Time of Collection,555
Clinical Laboratory Assessments,Chemistry,555
Clinical Laboratory Assessments,Chemistry Reason not done,555
Clinical Laboratory Assessments,Chemistry Date of Collection,555
Clinical Laboratory Assessments,Chemistry Time of Collection,555
Clinical Laboratory Assessments,Urinalysis,555
Clinical Laboratory Assessments,Urinalysis Reason not done,555
Clinical Laboratory Assessments,Urinalysis Date of Collection,555
Clinical Laboratory Assessments,Urinalysis Time of Collection,555
Clinical Laboratory Assessments,Not Applicable,556
Laboratory results review,Laboratory collection date,557
Laboratory results review,Laboratory results review date,557
Laboratory results review,Has the investigator reviewed all laboratory results from this visit and assessed abnormal results clinical significance?,557
Laboratory results review,Were there any clinically significant abnormal results?,557
Laboratory results review,Were there any clinically significant abnormal chemistry results?,557
Laboratory results review,"density lipoprotein;and; high density lipoprotein), Creatine phosphokinase, Creatinine, Gamma glutamyl transferase, Glucose, Lactate",559
Laboratory results review,Chemistry abnormal assay # 1 Investigator comment,559
Laboratory results review,"density lipoprotein;and; high density lipoprotein), Creatine phosphokinase, Creatinine, Gamma glutamyl transferase, Glucose, Lactate",560
Laboratory results review,Chemistry abnormal assay # 2 Investigator comment,560
Laboratory results review,"density lipoprotein;and; high density lipoprotein), Creatine phosphokinase, Creatinine, Gamma glutamyl transferase, Glucose, Lactate",561
Laboratory results review,"density lipoprotein;and; high density lipoprotein), Creatine phosphokinase, Creatinine, Gamma glutamyl transferase, Glucose, Lactate",563
Laboratory results review,Chemistry abnormal assay # 4 Investigator comment,563
Laboratory results review,"density lipoprotein;and; high density lipoprotein), Creatine phosphokinase, Creatinine, Gamma glutamyl transferase, Glucose, Lactate",564
Laboratory results review,Chemistry abnormal assay # 5 Investigator comment,564
Laboratory results review,Are there any additional clinically significant abnormal chemistry results to be entered?,564
Laboratory results review,Were there any clinically significant abnormal hematology results?,565
Laboratory results review,Hematology clinically significant abnormal assay # 1,565
Laboratory results review,Hematology abnormal assay # 1 Investigator comment,565
Laboratory results review,Glycated Hemoglobin,566
Laboratory results review,Hematology abnormal assay # 2 Investigator comment,566
Laboratory results review,Hematology clinically significant abnormal assay # 3,566
Laboratory results review,Hematology abnormal assay # 3 Investigator comment,566
Laboratory results review,Hematology clinically significant abnormal assay # 4,567
Laboratory results review,Hematology abnormal assay # 4 Investigator comment,567
Laboratory results review,Glycated Hemoglobin,568
Laboratory results review,Hematology abnormal assay # 5 Investigator comment,568
Laboratory results review,Are there any additional clinically significant abnormal hematology results to be entered?,568
Laboratory results review,Were there any clinically significant abnormal urinalysis results?,568
Laboratory results review,Microscopic analysis if indicated,569
Laboratory results review,Urinalysis abnormal assay # 1 Investigator comment,569
Laboratory results review,Microscopic analysis if indicated,570
Laboratory results review,Urinalysis abnormal assay # 2 Investigator comment,570
Laboratory results review,Urinalysis clinically significant abnormal assay # 3,570
Laboratory results review,Urinalysis abnormal assay # 3 Investigator comment,571
Laboratory results review,Urinalysis clinically significant abnormal assay # 4,571
Laboratory results review,Urinalysis abnormal assay # 4 Investigator comment,571
Laboratory results review,Urinalysis clinically significant abnormal assay # 5,572
Laboratory results review,Urinalysis abnormal assay # 5 Investigator comment,572
Laboratory results review,Are there additional urinalysis clinically significant abnormal results to be entered?,572
Laboratory results review,Investigator`s signature for Local Laboratory Results Review,573
Pregnancy test,Was a Pregnancy Test Performed?,574
Pregnancy test,If not done reason,574
Pregnancy test,Type of pregnancy test,574
Pregnancy test,Barcode Number,574
Pregnancy test,Kit Expiration Date,574
Pregnancy test,Kit Batch Number,574
Pregnancy test,Date of Sample,574
Pregnancy test,Result,575
Alcohol Screen - Urine or Breath,Was Test Performed?,576
Alcohol Screen - Urine or Breath,Sample Type,576
Alcohol Screen - Urine or Breath,"If no, Reason Not Done",576
Alcohol Screen - Urine or Breath,Date of Test,576
Alcohol Screen - Urine or Breath,Time of Test,576
Alcohol Screen - Urine or Breath,Result,576
Alcohol Screen - Urine or Breath,Was a Repeat test performed?,577
Alcohol Screen - Urine or Breath,Time of Repeat Test,577
Alcohol Screen - Urine or Breath,Result of Repeat Test,577
Urine Drug Screen,Was Urine Drug Screen Performed?,578
Urine Drug Screen,If not done reason,578
Urine Drug Screen,Manufacturer,578
Urine Drug Screen,Item #,578
Urine Drug Screen,Lot,578
Urine Drug Screen,Expiration Date,578
Urine Drug Screen,Date of Sample,578
Urine Drug Screen,Time of Sample,579
Urine Drug Screen,Amphetamines,580
Urine Drug Screen,Barbiturates,580
Urine Drug Screen,Benzodiazepines,580
Urine Drug Screen,Cannabinoids,580
Urine Drug Screen,Test,581
Urine Drug Screen,Methadone,581
Urine Drug Screen,Opiates,581
Urine Drug Screen,Phencyclidine,581
Urine Drug Screen,Propoxyphene,581
Cotinine Screen,Was Cotinine Screen Performed?,583
Cotinine Screen,If not done reason,583
Cotinine Screen,Sample Type,583
Cotinine Screen,Manufacturer,583
Cotinine Screen,Item #,583
Cotinine Screen,Lot,583
Cotinine Screen,Expiration Date,583
Cotinine Screen,Date of Sample,584
Cotinine Screen,Time of Sample,584
Cotinine Screen,Cotinine,585
Water Restriction Start Prompt,Date subject started water restriction,586
Water Restriction Start Prompt,Time subject started water restriction,586
IMP Administration - Sertraline and Brexpiprazole,Has subject been fasting (no food) for a minimum of 10 hours prior to the scheduled dosing?,588
IMP Administration - Sertraline and Brexpiprazole,Was water restricted for 1 hour prior to dosing?,588
IMP Administration - Sertraline and Brexpiprazole,Was Sertraline administered?,588
IMP Administration - Sertraline and Brexpiprazole,"If no, reason",588
IMP Administration - Sertraline and Brexpiprazole,Date of Administration,589
IMP Administration - Sertraline and Brexpiprazole,Time of Administration,589
IMP Administration - Sertraline and Brexpiprazole,Reason,589
IMP Administration - Sertraline and Brexpiprazole,Dosing Comments (optional),589
Brexpiprazole Dose,Was Brexpiprazole administered?,590
Brexpiprazole Dose,"If no, reason",590
Brexpiprazole Dose,Date of Administration,590
Brexpiprazole Dose,Time of Administration,590
Brexpiprazole Dose,Reason,591
Brexpiprazole Dose,Was water restricted for 2 hours following dosing?,591
Brexpiprazole Dose,Dosing Comments (optional),591
Water Restriction End Prompt,Date subject ended water restriction,592
Water Restriction End Prompt,Time subject ended water restriction,592
PK Blood Draw - Brexpiprazole/Sertraline,Was PK Collection Performed?,594
PK Blood Draw - Brexpiprazole/Sertraline,"If not performed, Reason",594
PK Blood Draw - Brexpiprazole/Sertraline,Date of Collection,594
PK Blood Draw - Brexpiprazole/Sertraline,Brexpiprazole/Sertraline PK,595
PK Blood Draw - Brexpiprazole/Sertraline,Propranolol PK Collected (values: (values: minutes)] Scan)] Scan)] Prazosin PK,595
Visit Date,Visit Date,596
Visit Date,Skip to next visit,596
Visit Date,Skip to Early Termination visit,596
AE and CM prompt,Has the subject had any changes to their health since previous visit?,598
AE and CM prompt,Are there any changes in concomitant medications including dose changes to be reported?,598
Body Temperature and Respiratory Rate - Predose,Were Vital Signs Collected?,600
Body Temperature and Respiratory Rate - Predose,"If not collected, reason",600
Body Temperature and Respiratory Rate - Predose,Collection Date,600
Body Temperature and Respiratory Rate - Predose,Planned Timepoint,600
Body Temperature and Respiratory Rate - Predose,Respiratory Rate (breaths/min),601
Body Temperature and Respiratory Rate - Predose,Body Temperature (celsius),601
Triplicate Orthostatic BP and HR - Predose,Were Vital Signs Collected?,602
Triplicate Orthostatic BP and HR - Predose,"If not collected, reason",602
Triplicate Orthostatic BP and HR - Predose,Collection Date,602
Triplicate Orthostatic BP and HR - Predose,Planned Timepoint,602
Supine,Time Placed in Position,603
Supine,Time of Vitals Measurement #1,603
Supine,Time of Vitals Measurement #2,603
Supine,Time of Vitals Measurement #3,603
Supine,Time of Vitals Measurement #1,604
Supine,Time of Vitals Measurement #2,604
Supine,Time of Vitals Measurement #3,604
C-SSRS since last visit - Page 1,Was the questionnaire administered?,607
C-SSRS since last visit - Page 1,Date of completion,607
C-SSRS since last visit - Page 1,Rater's initials,607
C-SSRS since last visit - Page 1,"Subject endorses thoughts about a wish to be dead or not alive anymore, or wish to fall asleep and not wake up. Since Last Visit",608
C-SSRS since last visit - Page 1,"If Yes, describe Since Last Visit",608
C-SSRS since last visit - Page 1,"General non-specific thoughts of wanting to end one's life/commit suicide (e.g. ""I've thought about killing myself"") [CSS0202] Yes without thoughts of way to kill oneself/associated methods,intent or plan during the assessment period. Since Last Visit",608
C-SSRS since last visit - Page 1,"If Yes, describe Since Last Visit",609
C-SSRS since last visit - Page 1,"Subject endorses thoughts of suicide and has thought of at least one method during the assessment period. This is [CSS0203] Yes different than a specific plan with a time, place or method details worked out (e.g. thought of method to kill self but Since Last Visit",609
C-SSRS since last visit - Page 1,"Active suicidal thoughts of killing oneself and subject reports having some intent to act on such thoughts, as opposed Since Last Visit",610
C-SSRS since last visit - Page 1,"If Yes, describe Since Last Visit",610
C-SSRS since last visit - Page 1,Thoughts of killing oneself with detail of plan fully or partially worked out and subject has some intent to carry it out. Since Last Visit,610
C-SSRS since last visit - Page 1,Most severe ideation Since Last Visit,612
C-SSRS since last visit - Page 1,Description of Ideation Since Last Visit,612
C-SSRS since last visit - Page 1,How many times have you had these thoughts? Since Last Visit,613
C-SSRS since last visit - Page 1,"When you have the thoughts, how long do they last? Since Last Visit",613
C-SSRS since last visit - Page 1,go on living with the pain or how you were feeling) (0) Does not apply Since Last Visit,615
C-SSRS since last visit - Page 1,"A potentially self-injurious act committed with at least some wish to die, as a result of act. Behaviour was in part thought of as method to Since Last Visit",618
C-SSRS since last visit - Page 1,"If Yes, Total number of attempts Since Last Visit",619
C-SSRS since last visit - Page 1,"If Yes, describe Since Last Visit",619
C-SSRS since last visit - Page 1,Has subject engaged in Non-Suicidal self-injurious behavior? Since Last Visit,619
C-SSRS since last visit - Page 1,"When the person is interrupted (by an outside circumstance) from starting the potentially self-injurious act (if not for that, actual attempt Since Last Visit",620
C-SSRS since last visit - Page 1,"If Yes, Total number of interrupted attempts Since Last Visit",620
C-SSRS since last visit - Page 1,"If Yes, describe Since Last Visit",620
C-SSRS since last visit - Page 1,"When person begins to take steps toward making a suicide attempt, but stops themselves before they actually have engaged in any self Since Last Visit",621
C-SSRS since last visit - Page 1,"If Yes, Total number of aborted attempts Since Last Visit",621
C-SSRS since last visit - Page 1,"If Yes, describe Since Last Visit",621
C-SSRS since last visit - Page 1,Acts or preparation towards imminently making a suicide attempt. This can include anything beyond a verbalization or thought such as Since Last Visit,622
C-SSRS since last visit - Page 1,"If Yes, describe Since Last Visit",622
C-SSRS since last visit - Page 1,Suicidal behavior was present during the assessment period? Since Last Visit,622
C-SSRS since last visit - Page 1,Suicide Since Last Visit,622
C-SSRS since last visit - Page 1,Date of Attempt Most Lethal Attempt,625
C-SSRS since last visit - Page 1,"\ No physical damage or very minor physical damage (e.g. surface scratches) \1.\ Minor physical damage (e.g. [CSS0223B] 0 lethargic speech, first-degree burns, mild bleeding, sprains) \2.\ Moderate physical damage; medical attention needed Most Lethal Attempt",625
C-SSRS since last visit - Page 1,"Likely lethality of actual attempt if no medical damage (the following examples, while having no actual medical [CSS0223C] 0 damage, has potential for very serious lethality; put gun in mouth and pulled the trigger but gun fails to fire so no Most Lethal Attempt",625
C-SSRS since last visit - Page 1,Actual Attempts,626
C-SSRS since last visit - Page 1,Most Lethal Attempt,626
Water Restriction Start Prompt,Date subject started water restriction,627
Water Restriction Start Prompt,Time subject started water restriction,627
IMP Administration - Sertraline and Brexpiprazole,Has subject been fasting (no food) for a minimum of 10 hours prior to the scheduled dosing?,629
IMP Administration - Sertraline and Brexpiprazole,Was water restricted for 1 hour prior to dosing?,629
IMP Administration - Sertraline and Brexpiprazole,Was Sertraline administered?,629
IMP Administration - Sertraline and Brexpiprazole,"If no, reason",629
IMP Administration - Sertraline and Brexpiprazole,Date of Administration,630
IMP Administration - Sertraline and Brexpiprazole,Time of Administration,630
IMP Administration - Sertraline and Brexpiprazole,Reason,630
IMP Administration - Sertraline and Brexpiprazole,Dosing Comments (optional),630
Brexpiprazole Dose,Was Brexpiprazole administered?,631
Brexpiprazole Dose,"If no, reason",631
Brexpiprazole Dose,Date of Administration,631
Brexpiprazole Dose,Time of Administration,631
Brexpiprazole Dose,Reason,632
Brexpiprazole Dose,Was water restricted for 2 hours following dosing?,632
Brexpiprazole Dose,Dosing Comments (optional),632
Water Restriction End Prompt,Date subject ended water restriction,633
Water Restriction End Prompt,Time subject ended water restriction,633
PK Blood Draw - Brexpiprazole/Sertraline,Was PK Collection Performed?,635
PK Blood Draw - Brexpiprazole/Sertraline,"If not performed, Reason",635
PK Blood Draw - Brexpiprazole/Sertraline,Date of Collection,635
PK Blood Draw - Brexpiprazole/Sertraline,Brexpiprazole/Sertraline PK,636
PK Blood Draw - Brexpiprazole/Sertraline,Propranolol PK Collected (values: (values: minutes)] Scan)] Scan)] Prazosin PK,636
PK Blood Draw - Brexpiprazole/Sertraline,Prazosin PK,636
PK Blood Draw - Brexpiprazole/Sertraline,Brexpiprazole/Sertraline PK,637
PK Blood Draw - Brexpiprazole/Sertraline,Propranolol PK Collected (values: (values: minutes)] Scan)] Scan)] Prazosin PK,637
PK Blood Draw - Brexpiprazole/Sertraline,Prazosin PK,638
PK Blood Draw - Brexpiprazole/Sertraline,Brexpiprazole/Sertraline PK,638
Triplicate Orthostatic BP and HR - 1h Postdose,Were Vital Signs Collected?,639
Triplicate Orthostatic BP and HR - 1h Postdose,"If not collected, reason",639
Triplicate Orthostatic BP and HR - 1h Postdose,Collection Date,639
Triplicate Orthostatic BP and HR - 1h Postdose,Planned Timepoint,639
Supine,Time Placed in Position,640
Supine,Time of Vitals Measurement #1,640
Supine,Time of Vitals Measurement #2,640
Supine,Time of Vitals Measurement #3,640
Supine,Time of Vitals Measurement #1,641
Supine,Time of Vitals Measurement #2,641
Supine,Time of Vitals Measurement #3,641
Triplicate Orthostatic BP and HR - 1.5h Postdose,Were Vital Signs Collected?,642
Triplicate Orthostatic BP and HR - 1.5h Postdose,"If not collected, reason",642
Triplicate Orthostatic BP and HR - 1.5h Postdose,Collection Date,642
Triplicate Orthostatic BP and HR - 1.5h Postdose,Planned Timepoint,642
Supine,Time Placed in Position,643
Supine,Time of Vitals Measurement #1,643
Supine,Time of Vitals Measurement #2,643
Supine,Time of Vitals Measurement #3,643
Supine,Time of Vitals Measurement #1,644
Supine,Time of Vitals Measurement #2,644
Supine,Time of Vitals Measurement #3,644
Triplicate Orthostatic BP and HR - 2h Postdose,Were Vital Signs Collected?,645
Triplicate Orthostatic BP and HR - 2h Postdose,"If not collected, reason",645
Triplicate Orthostatic BP and HR - 2h Postdose,Collection Date,645
Triplicate Orthostatic BP and HR - 2h Postdose,Planned Timepoint,645
Supine,Time Placed in Position,646
Supine,Time of Vitals Measurement #1,646
Supine,Time of Vitals Measurement #2,646
Supine,Time of Vitals Measurement #3,646
Supine,Time of Vitals Measurement #1,647
Supine,Time of Vitals Measurement #2,647
Supine,Time of Vitals Measurement #3,647
Triplicate Orthostatic BP and HR - 2.5h Postdose,Were Vital Signs Collected?,648
Triplicate Orthostatic BP and HR - 2.5h Postdose,"If not collected, reason",648
Triplicate Orthostatic BP and HR - 2.5h Postdose,Collection Date,648
Triplicate Orthostatic BP and HR - 2.5h Postdose,Planned Timepoint,648
Supine,Time Placed in Position,649
Supine,Time of Vitals Measurement #1,649
Supine,Time of Vitals Measurement #2,649
Supine,Time of Vitals Measurement #3,649
Supine,Time of Vitals Measurement #1,650
Supine,Time of Vitals Measurement #2,650
Supine,Time of Vitals Measurement #3,650
Triplicate Orthostatic BP and HR - 3h Postdose,Were Vital Signs Collected?,651
Triplicate Orthostatic BP and HR - 3h Postdose,"If not collected, reason",651
Triplicate Orthostatic BP and HR - 3h Postdose,Collection Date,651
Triplicate Orthostatic BP and HR - 3h Postdose,Planned Timepoint,651
Supine,Time Placed in Position,652
Supine,Time of Vitals Measurement #1,652
Supine,Time of Vitals Measurement #2,652
Supine,Time of Vitals Measurement #3,652
Supine,Time of Vitals Measurement #1,653
Supine,Time of Vitals Measurement #2,653
Supine,Time of Vitals Measurement #3,653
Triplicate Orthostatic BP and HR - 4h Postdose,Were Vital Signs Collected?,654
Triplicate Orthostatic BP and HR - 4h Postdose,"If not collected, reason",654
Triplicate Orthostatic BP and HR - 4h Postdose,Collection Date,654
Triplicate Orthostatic BP and HR - 4h Postdose,Planned Timepoint,654
Supine,Time Placed in Position,655
Supine,Time of Vitals Measurement #1,655
Supine,Time of Vitals Measurement #2,655
Supine,Time of Vitals Measurement #3,655
Supine,Time of Vitals Measurement #1,656
Supine,Time of Vitals Measurement #2,656
Supine,Time of Vitals Measurement #3,656
12-lead ECG - 4h Postdose,Was 12 Lead ECG Performed?,657
12-lead ECG - 4h Postdose,"If no, Reason not done",657
12-lead ECG - 4h Postdose,Date of ECG,657
12-lead ECG - 4h Postdose,Time subject became supine,657
12-lead ECG - 4h Postdose,Time of ECG assessment,657
12-lead ECG - 4h Postdose,Not Evaluable,658
12-lead ECG - 4h Postdose,Abnormal Findings,658
12-lead ECG - 4h Postdose,Was the ECG abnormality clinically significant?,658
12-lead ECG - 4h Postdose,Are additional ECG assessments required?,658
Triplicate Orthostatic BP and HR - 6h Postdose,Were Vital Signs Collected?,659
Triplicate Orthostatic BP and HR - 6h Postdose,"If not collected, reason",659
Triplicate Orthostatic BP and HR - 6h Postdose,Collection Date,659
Triplicate Orthostatic BP and HR - 6h Postdose,Planned Timepoint,659
Supine,Time Placed in Position,660
Supine,Time of Vitals Measurement #1,660
Supine,Time of Vitals Measurement #2,660
Supine,Time of Vitals Measurement #3,660
Supine,Time of Vitals Measurement #1,661
Supine,Time of Vitals Measurement #2,661
Supine,Time of Vitals Measurement #3,661
Triplicate Orthostatic BP and HR - 8h Postdose,Were Vital Signs Collected?,662
Triplicate Orthostatic BP and HR - 8h Postdose,"If not collected, reason",662
Triplicate Orthostatic BP and HR - 8h Postdose,Collection Date,662
Triplicate Orthostatic BP and HR - 8h Postdose,Planned Timepoint,662
Supine,Time Placed in Position,663
Supine,Time of Vitals Measurement #1,663
Supine,Time of Vitals Measurement #2,663
Supine,Time of Vitals Measurement #3,663
Supine,Time of Vitals Measurement #1,664
Supine,Time of Vitals Measurement #2,664
Supine,Time of Vitals Measurement #3,664
Visit Date,Visit Date,665
Visit Date,Skip to next visit,665
Visit Date,Skip to Early Termination visit,665
AE and CM prompt,Has the subject had any changes to their health since previous visit?,667
AE and CM prompt,Are there any changes in concomitant medications including dose changes to be reported?,667
Body Temperature and Respiratory Rate - Predose,Were Vital Signs Collected?,669
Body Temperature and Respiratory Rate - Predose,"If not collected, reason",669
Body Temperature and Respiratory Rate - Predose,Collection Date,669
Body Temperature and Respiratory Rate - Predose,Planned Timepoint,669
Body Temperature and Respiratory Rate - Predose,Respiratory Rate (breaths/min),670
Body Temperature and Respiratory Rate - Predose,Body Temperature (celsius),670
Triplicate Orthostatic BP and HR - Predose,Were Vital Signs Collected?,671
Triplicate Orthostatic BP and HR - Predose,"If not collected, reason",671
Triplicate Orthostatic BP and HR - Predose,Collection Date,671
Triplicate Orthostatic BP and HR - Predose,Planned Timepoint,671
Supine,Time Placed in Position,672
Supine,Time of Vitals Measurement #1,672
Supine,Time of Vitals Measurement #2,672
Supine,Time of Vitals Measurement #3,672
Supine,Time of Vitals Measurement #1,673
Supine,Time of Vitals Measurement #2,673
Supine,Time of Vitals Measurement #3,673
C-SSRS since last visit - Page 1,Was the questionnaire administered?,676
C-SSRS since last visit - Page 1,Date of completion,676
C-SSRS since last visit - Page 1,Rater's initials,676
C-SSRS since last visit - Page 1,"Subject endorses thoughts about a wish to be dead or not alive anymore, or wish to fall asleep and not wake up. Since Last Visit",677
C-SSRS since last visit - Page 1,"If Yes, describe Since Last Visit",677
C-SSRS since last visit - Page 1,"General non-specific thoughts of wanting to end one's life/commit suicide (e.g. ""I've thought about killing myself"") [CSS0202] Yes without thoughts of way to kill oneself/associated methods,intent or plan during the assessment period. Since Last Visit",677
C-SSRS since last visit - Page 1,"If Yes, describe Since Last Visit",678
C-SSRS since last visit - Page 1,"Subject endorses thoughts of suicide and has thought of at least one method during the assessment period. This is [CSS0203] Yes different than a specific plan with a time, place or method details worked out (e.g. thought of method to kill self but Since Last Visit",678
C-SSRS since last visit - Page 1,"Active suicidal thoughts of killing oneself and subject reports having some intent to act on such thoughts, as opposed Since Last Visit",679
C-SSRS since last visit - Page 1,"If Yes, describe Since Last Visit",679
C-SSRS since last visit - Page 1,Thoughts of killing oneself with detail of plan fully or partially worked out and subject has some intent to carry it out. Since Last Visit,679
C-SSRS since last visit - Page 1,Most severe ideation Since Last Visit,681
C-SSRS since last visit - Page 1,Description of Ideation Since Last Visit,681
C-SSRS since last visit - Page 1,How many times have you had these thoughts? Since Last Visit,682
C-SSRS since last visit - Page 1,"When you have the thoughts, how long do they last? Since Last Visit",682
C-SSRS since last visit - Page 1,go on living with the pain or how you were feeling) (0) Does not apply Since Last Visit,684
C-SSRS since last visit - Page 1,"A potentially self-injurious act committed with at least some wish to die, as a result of act. Behaviour was in part thought of as method to Since Last Visit",687
C-SSRS since last visit - Page 1,"If Yes, Total number of attempts Since Last Visit",688
C-SSRS since last visit - Page 1,"If Yes, describe Since Last Visit",688
C-SSRS since last visit - Page 1,Has subject engaged in Non-Suicidal self-injurious behavior? Since Last Visit,688
C-SSRS since last visit - Page 1,"When the person is interrupted (by an outside circumstance) from starting the potentially self-injurious act (if not for that, actual attempt Since Last Visit",689
C-SSRS since last visit - Page 1,"If Yes, Total number of interrupted attempts Since Last Visit",689
C-SSRS since last visit - Page 1,"If Yes, describe Since Last Visit",689
C-SSRS since last visit - Page 1,"When person begins to take steps toward making a suicide attempt, but stops themselves before they actually have engaged in any self Since Last Visit",690
C-SSRS since last visit - Page 1,"If Yes, Total number of aborted attempts Since Last Visit",690
C-SSRS since last visit - Page 1,"If Yes, describe Since Last Visit",690
C-SSRS since last visit - Page 1,Acts or preparation towards imminently making a suicide attempt. This can include anything beyond a verbalization or thought such as Since Last Visit,691
C-SSRS since last visit - Page 1,"If Yes, describe Since Last Visit",691
C-SSRS since last visit - Page 1,Suicidal behavior was present during the assessment period? Since Last Visit,691
C-SSRS since last visit - Page 1,Suicide Since Last Visit,691
C-SSRS since last visit - Page 1,Date of Attempt Most Lethal Attempt,694
C-SSRS since last visit - Page 1,"\ No physical damage or very minor physical damage (e.g. surface scratches) \1.\ Minor physical damage (e.g. [CSS0223B] 0 lethargic speech, first-degree burns, mild bleeding, sprains) \2.\ Moderate physical damage; medical attention needed Most Lethal Attempt",694
C-SSRS since last visit - Page 1,"Likely lethality of actual attempt if no medical damage (the following examples, while having no actual medical [CSS0223C] 0 damage, has potential for very serious lethality; put gun in mouth and pulled the trigger but gun fails to fire so no Most Lethal Attempt",694
C-SSRS since last visit - Page 1,Actual Attempts,695
C-SSRS since last visit - Page 1,Most Lethal Attempt,695
Water Restriction Start Prompt,Date subject started water restriction,696
Water Restriction Start Prompt,Time subject started water restriction,696
"IMP Administration - Sertraline, Brexpiprazole and Prazosin",Has subject been fasting (no food) for a minimum of 10 hours prior to the scheduled dosing?,698
"IMP Administration - Sertraline, Brexpiprazole and Prazosin",Was water restricted for 1 hour prior to dosing?,698
"IMP Administration - Sertraline, Brexpiprazole and Prazosin",Was Sertraline administered?,698
"IMP Administration - Sertraline, Brexpiprazole and Prazosin","If no, reason",698
"IMP Administration - Sertraline, Brexpiprazole and Prazosin",Date of Administration,699
"IMP Administration - Sertraline, Brexpiprazole and Prazosin",Time of Administration,699
"IMP Administration - Sertraline, Brexpiprazole and Prazosin",Reason,699
"IMP Administration - Sertraline, Brexpiprazole and Prazosin",Dosing Comments (optional),699
Brexpiprazole Dose,Was Brexpiprazole administered?,700
Brexpiprazole Dose,"If no, reason",700
Brexpiprazole Dose,Date of Administration,700
Brexpiprazole Dose,Time of Administration,700
Brexpiprazole Dose,Reason,701
Brexpiprazole Dose,Dosing Comments (optional),701
Brexpiprazole Dose,Was Prazosin administered?,701
Brexpiprazole Dose,"If no, reason",701
Brexpiprazole Dose,Date of Administration,702
Brexpiprazole Dose,Time of Administration,702
Brexpiprazole Dose,Reason,702
Brexpiprazole Dose,Was water restricted for 2 hours following dosing?,703
Brexpiprazole Dose,Dosing Comments (optional),703
Water Restriction End Prompt,Date subject ended water restriction,704
Water Restriction End Prompt,Time subject ended water restriction,704
PK Blood Draw - Brexpiprazole/Sertraline,Was PK Collection Performed?,706
PK Blood Draw - Brexpiprazole/Sertraline,"If not performed, Reason",706
PK Blood Draw - Brexpiprazole/Sertraline,Date of Collection,706
PK Blood Draw - Brexpiprazole/Sertraline,Brexpiprazole/Sertraline PK,707
PK Blood Draw - Brexpiprazole/Sertraline,Propranolol PK Collected (values: (values: minutes)] Scan)] Scan)] Prazosin PK,707
PK Blood Draw - Brexpiprazole/Sertraline,Prazosin PK,707
PK Blood Draw - Brexpiprazole/Sertraline,Brexpiprazole/Sertraline PK,708
PK Blood Draw - Brexpiprazole/Sertraline,Propranolol PK Collected (values: (values: minutes)] Scan)] Scan)] Prazosin PK,708
PK Blood Draw - Brexpiprazole/Sertraline,Prazosin PK,709
PK Blood Draw - Brexpiprazole/Sertraline,Brexpiprazole/Sertraline PK,709
PK Blood Draw - Prazosin,Was PK Collection Performed?,710
PK Blood Draw - Prazosin,"If not performed, Reason",710
PK Blood Draw - Prazosin,Date of Collection,710
PK Blood Draw - Prazosin,Prazosin PK,711
PK Blood Draw - Prazosin,Propranolol PK Collected (values: (values: minutes)] Scan)] Scan)] Prazosin PK,711
PK Blood Draw - Prazosin,Prazosin PK,712
PK Blood Draw - Prazosin,Propranolol PK Collected (values: (values: minutes)] Scan)] Scan)] Prazosin PK,712
PK Blood Draw - Prazosin,Prazosin PK,713
Triplicate Orthostatic BP and HR - 1h Postdose,Were Vital Signs Collected?,714
Triplicate Orthostatic BP and HR - 1h Postdose,"If not collected, reason",714
Triplicate Orthostatic BP and HR - 1h Postdose,Collection Date,714
Triplicate Orthostatic BP and HR - 1h Postdose,Planned Timepoint,714
Supine,Time Placed in Position,715
Supine,Time of Vitals Measurement #1,715
Supine,Time of Vitals Measurement #2,715
Supine,Time of Vitals Measurement #3,715
Supine,Time of Vitals Measurement #1,716
Supine,Time of Vitals Measurement #2,716
Supine,Time of Vitals Measurement #3,716
Triplicate Orthostatic BP and HR - 1.5h Postdose,Were Vital Signs Collected?,717
Triplicate Orthostatic BP and HR - 1.5h Postdose,"If not collected, reason",717
Triplicate Orthostatic BP and HR - 1.5h Postdose,Collection Date,717
Triplicate Orthostatic BP and HR - 1.5h Postdose,Planned Timepoint,717
Supine,Time Placed in Position,718
Supine,Time of Vitals Measurement #1,718
Supine,Time of Vitals Measurement #2,718
Supine,Time of Vitals Measurement #3,718
Supine,Time of Vitals Measurement #1,719
Supine,Time of Vitals Measurement #2,719
Supine,Time of Vitals Measurement #3,719
Triplicate Orthostatic BP and HR - 2h Postdose,Were Vital Signs Collected?,720
Triplicate Orthostatic BP and HR - 2h Postdose,"If not collected, reason",720
Triplicate Orthostatic BP and HR - 2h Postdose,Collection Date,720
Triplicate Orthostatic BP and HR - 2h Postdose,Planned Timepoint,720
Supine,Time Placed in Position,721
Supine,Time of Vitals Measurement #1,721
Supine,Time of Vitals Measurement #2,721
Supine,Time of Vitals Measurement #3,721
Supine,Time of Vitals Measurement #1,722
Supine,Time of Vitals Measurement #2,722
Supine,Time of Vitals Measurement #3,722
Triplicate Orthostatic BP and HR - 2.5h Postdose,Were Vital Signs Collected?,723
Triplicate Orthostatic BP and HR - 2.5h Postdose,"If not collected, reason",723
Triplicate Orthostatic BP and HR - 2.5h Postdose,Collection Date,723
Triplicate Orthostatic BP and HR - 2.5h Postdose,Planned Timepoint,723
Supine,Time Placed in Position,724
Supine,Time of Vitals Measurement #1,724
Supine,Time of Vitals Measurement #2,724
Supine,Time of Vitals Measurement #3,724
Supine,Time of Vitals Measurement #1,725
Supine,Time of Vitals Measurement #2,725
Supine,Time of Vitals Measurement #3,725
Triplicate Orthostatic BP and HR - 3h Postdose,Were Vital Signs Collected?,726
Triplicate Orthostatic BP and HR - 3h Postdose,"If not collected, reason",726
Triplicate Orthostatic BP and HR - 3h Postdose,Collection Date,726
Triplicate Orthostatic BP and HR - 3h Postdose,Planned Timepoint,726
Supine,Time Placed in Position,727
Supine,Time of Vitals Measurement #1,727
Supine,Time of Vitals Measurement #2,727
Supine,Time of Vitals Measurement #3,727
Supine,Time of Vitals Measurement #1,728
Supine,Time of Vitals Measurement #2,728
Supine,Time of Vitals Measurement #3,728
Triplicate Orthostatic BP and HR - 4h Postdose,Were Vital Signs Collected?,729
Triplicate Orthostatic BP and HR - 4h Postdose,"If not collected, reason",729
Triplicate Orthostatic BP and HR - 4h Postdose,Collection Date,729
Triplicate Orthostatic BP and HR - 4h Postdose,Planned Timepoint,729
Supine,Time Placed in Position,730
Supine,Time of Vitals Measurement #1,730
Supine,Time of Vitals Measurement #2,730
Supine,Time of Vitals Measurement #3,730
Supine,Time of Vitals Measurement #1,731
Supine,Time of Vitals Measurement #2,731
Supine,Time of Vitals Measurement #3,731
Triplicate Orthostatic BP and HR - 6h Postdose,Were Vital Signs Collected?,732
Triplicate Orthostatic BP and HR - 6h Postdose,"If not collected, reason",732
Triplicate Orthostatic BP and HR - 6h Postdose,Collection Date,732
Triplicate Orthostatic BP and HR - 6h Postdose,Planned Timepoint,732
Supine,Time Placed in Position,733
Supine,Time of Vitals Measurement #1,733
Supine,Time of Vitals Measurement #2,733
Supine,Time of Vitals Measurement #3,733
Supine,Time of Vitals Measurement #1,734
Supine,Time of Vitals Measurement #2,734
Supine,Time of Vitals Measurement #3,734
Triplicate Orthostatic BP and HR - 8h Postdose,Were Vital Signs Collected?,735
Triplicate Orthostatic BP and HR - 8h Postdose,"If not collected, reason",735
Triplicate Orthostatic BP and HR - 8h Postdose,Collection Date,735
Triplicate Orthostatic BP and HR - 8h Postdose,Planned Timepoint,735
Supine,Time Placed in Position,736
Supine,Time of Vitals Measurement #1,736
Supine,Time of Vitals Measurement #2,736
Supine,Time of Vitals Measurement #3,736
Supine,Time of Vitals Measurement #1,737
Supine,Time of Vitals Measurement #2,737
Supine,Time of Vitals Measurement #3,737
Visit Date,Visit Date,738
Visit Date,Skip to next visit,738
Visit Date,Skip to Early Termination visit,738
AE and CM prompt,Has the subject had any changes to their health since previous visit?,740
AE and CM prompt,Are there any changes in concomitant medications including dose changes to be reported?,740
Body Temperature and Respiratory Rate - Predose,Were Vital Signs Collected?,742
Body Temperature and Respiratory Rate - Predose,"If not collected, reason",742
Body Temperature and Respiratory Rate - Predose,Collection Date,742
Body Temperature and Respiratory Rate - Predose,Planned Timepoint,742
Body Temperature and Respiratory Rate - Predose,Respiratory Rate (breaths/min),743
Body Temperature and Respiratory Rate - Predose,Body Temperature (celsius),743
Triplicate Orthostatic BP and HR - Predose,Were Vital Signs Collected?,744
Triplicate Orthostatic BP and HR - Predose,"If not collected, reason",744
Triplicate Orthostatic BP and HR - Predose,Collection Date,744
Triplicate Orthostatic BP and HR - Predose,Planned Timepoint,744
Supine,Time Placed in Position,745
Supine,Time of Vitals Measurement #1,745
Supine,Time of Vitals Measurement #2,745
Supine,Time of Vitals Measurement #3,745
Supine,Time of Vitals Measurement #1,746
Supine,Time of Vitals Measurement #2,746
Supine,Time of Vitals Measurement #3,746
Physical Exam,Was the physical examination performed?,747
Physical Exam,Examination Date,747
Physical Exam,Examination Time,747
Physical Exam,HEENT Clinically Significant,748
Physical Exam,HEENT Abnormal Findings,748
Physical Exam,HEENT,748
Physical Exam,Thorax Clinically Significant,748
Physical Exam,Thorax Abnormal Findings,748
Physical Exam,Thorax,748
Physical Exam,Abdomen Clinically Significant,748
Physical Exam,Abdomen Abnormal Findings,748
Physical Exam,Abdomen,748
Physical Exam,Region/Body System Abnormal Findings,749
Physical Exam,Region/Body System Clinically Significant,749
Physical Exam,Region/Body System,749
Physical Exam,Neurological Clinically Significant,749
Physical Exam,Neurological Abnormal Findings,749
Physical Exam,Neurological,749
Physical Exam,Extremities Clinically Significant,749
Physical Exam,Extremities Abnormal Findings,749
Physical Exam,Extremities,749
Physical Exam,Urogenital Clinically Significant,749
Physical Exam,Urogenital,749
Physical Exam,Urogenital Abnormal Findings,749
Physical Exam,Region/Body System,750
12-lead ECG - Discharge,Was 12 Lead ECG Performed?,751
12-lead ECG - Discharge,"If no, Reason not done",751
12-lead ECG - Discharge,Date of ECG,751
12-lead ECG - Discharge,Time subject became supine,751
12-lead ECG - Discharge,Time of ECG assessment,751
12-lead ECG - Discharge,Not Evaluable,752
12-lead ECG - Discharge,Abnormal Findings,752
12-lead ECG - Discharge,Was the ECG abnormality clinically significant?,752
12-lead ECG - Discharge,Are additional ECG assessments required?,752
Glycated Hemoglobin,Was Blood sample Collected for Glycated Hemoglobin?,753
Glycated Hemoglobin,Reason not done,753
Glycated Hemoglobin,Glycated Hemoglobin,754
Glycated Hemoglobin,Glycated Hemoglobin Date of Collection,754
Glycated Hemoglobin,Glycated Hemoglobin Time of Collection,754
Clinical Laboratory Assessments,Comments,755
Clinical Laboratory Assessments,Was subject in fasting state?,755
Clinical Laboratory Assessments,Hematology,756
Clinical Laboratory Assessments,Hematology Reason not done,756
Clinical Laboratory Assessments,Hematology Date of Collection,756
Clinical Laboratory Assessments,Hematology Time of Collection,756
Clinical Laboratory Assessments,Chemistry,756
Clinical Laboratory Assessments,Chemistry Reason not done,756
Clinical Laboratory Assessments,Chemistry Date of Collection,756
Clinical Laboratory Assessments,Chemistry Time of Collection,756
Clinical Laboratory Assessments,Urinalysis,756
Clinical Laboratory Assessments,Urinalysis Reason not done,756
Clinical Laboratory Assessments,Urinalysis Date of Collection,756
Clinical Laboratory Assessments,Urinalysis Time of Collection,756
Clinical Laboratory Assessments,Not Applicable,757
Laboratory results review,Laboratory collection date,758
Laboratory results review,Laboratory results review date,758
Laboratory results review,Has the investigator reviewed all laboratory results from this visit and assessed abnormal results clinical significance?,758
Laboratory results review,Were there any clinically significant abnormal results?,758
Laboratory results review,Were there any clinically significant abnormal chemistry results?,758
Laboratory results review,"density lipoprotein;and; high density lipoprotein), Creatine phosphokinase, Creatinine, Gamma glutamyl transferase, Glucose, Lactate",760
Laboratory results review,Chemistry abnormal assay # 1 Investigator comment,760
Laboratory results review,"density lipoprotein;and; high density lipoprotein), Creatine phosphokinase, Creatinine, Gamma glutamyl transferase, Glucose, Lactate",761
Laboratory results review,Chemistry abnormal assay # 2 Investigator comment,761
Laboratory results review,"density lipoprotein;and; high density lipoprotein), Creatine phosphokinase, Creatinine, Gamma glutamyl transferase, Glucose, Lactate",762
Laboratory results review,"density lipoprotein;and; high density lipoprotein), Creatine phosphokinase, Creatinine, Gamma glutamyl transferase, Glucose, Lactate",764
Laboratory results review,Chemistry abnormal assay # 4 Investigator comment,764
Laboratory results review,"density lipoprotein;and; high density lipoprotein), Creatine phosphokinase, Creatinine, Gamma glutamyl transferase, Glucose, Lactate",765
Laboratory results review,Chemistry abnormal assay # 5 Investigator comment,765
Laboratory results review,Are there any additional clinically significant abnormal chemistry results to be entered?,765
Laboratory results review,Were there any clinically significant abnormal hematology results?,766
Laboratory results review,Hematology clinically significant abnormal assay # 1,766
Laboratory results review,Hematology abnormal assay # 1 Investigator comment,766
Laboratory results review,Glycated Hemoglobin,767
Laboratory results review,Hematology abnormal assay # 2 Investigator comment,767
Laboratory results review,Hematology clinically significant abnormal assay # 3,767
Laboratory results review,Hematology abnormal assay # 3 Investigator comment,767
Laboratory results review,Hematology clinically significant abnormal assay # 4,768
Laboratory results review,Hematology abnormal assay # 4 Investigator comment,768
Laboratory results review,Glycated Hemoglobin,769
Laboratory results review,Hematology abnormal assay # 5 Investigator comment,769
Laboratory results review,Are there any additional clinically significant abnormal hematology results to be entered?,769
Laboratory results review,Were there any clinically significant abnormal urinalysis results?,769
Laboratory results review,Microscopic analysis if indicated,770
Laboratory results review,Urinalysis abnormal assay # 1 Investigator comment,770
Laboratory results review,Microscopic analysis if indicated,771
Laboratory results review,Urinalysis abnormal assay # 2 Investigator comment,771
Laboratory results review,Urinalysis clinically significant abnormal assay # 3,771
Laboratory results review,Urinalysis abnormal assay # 3 Investigator comment,772
Laboratory results review,Urinalysis clinically significant abnormal assay # 4,772
Laboratory results review,Urinalysis abnormal assay # 4 Investigator comment,772
Laboratory results review,Urinalysis clinically significant abnormal assay # 5,773
Laboratory results review,Urinalysis abnormal assay # 5 Investigator comment,773
Laboratory results review,Are there additional urinalysis clinically significant abnormal results to be entered?,773
Laboratory results review,Investigator`s signature for Local Laboratory Results Review,774
Aicure Device - Return,Has the Aicure device been returned?,775
Aicure Device - Return,Date of return,775
C-SSRS since last visit - Page 1,Was the questionnaire administered?,779
C-SSRS since last visit - Page 1,Date of completion,779
C-SSRS since last visit - Page 1,Rater's initials,779
C-SSRS since last visit - Page 1,"Subject endorses thoughts about a wish to be dead or not alive anymore, or wish to fall asleep and not wake up. Since Last Visit",780
C-SSRS since last visit - Page 1,"If Yes, describe Since Last Visit",780
C-SSRS since last visit - Page 1,"General non-specific thoughts of wanting to end one's life/commit suicide (e.g. ""I've thought about killing myself"") [CSS0202] Yes without thoughts of way to kill oneself/associated methods,intent or plan during the assessment period. Since Last Visit",780
C-SSRS since last visit - Page 1,"If Yes, describe Since Last Visit",781
C-SSRS since last visit - Page 1,"Subject endorses thoughts of suicide and has thought of at least one method during the assessment period. This is [CSS0203] Yes different than a specific plan with a time, place or method details worked out (e.g. thought of method to kill self but Since Last Visit",781
C-SSRS since last visit - Page 1,"Active suicidal thoughts of killing oneself and subject reports having some intent to act on such thoughts, as opposed Since Last Visit",782
C-SSRS since last visit - Page 1,"If Yes, describe Since Last Visit",782
C-SSRS since last visit - Page 1,Thoughts of killing oneself with detail of plan fully or partially worked out and subject has some intent to carry it out. Since Last Visit,782
C-SSRS since last visit - Page 1,Most severe ideation Since Last Visit,784
C-SSRS since last visit - Page 1,Description of Ideation Since Last Visit,784
C-SSRS since last visit - Page 1,How many times have you had these thoughts? Since Last Visit,785
C-SSRS since last visit - Page 1,"When you have the thoughts, how long do they last? Since Last Visit",785
C-SSRS since last visit - Page 1,go on living with the pain or how you were feeling) (0) Does not apply Since Last Visit,787
C-SSRS since last visit - Page 1,"A potentially self-injurious act committed with at least some wish to die, as a result of act. Behaviour was in part thought of as method to Since Last Visit",790
C-SSRS since last visit - Page 1,"If Yes, Total number of attempts Since Last Visit",791
C-SSRS since last visit - Page 1,"If Yes, describe Since Last Visit",791
C-SSRS since last visit - Page 1,Has subject engaged in Non-Suicidal self-injurious behavior? Since Last Visit,791
C-SSRS since last visit - Page 1,"When the person is interrupted (by an outside circumstance) from starting the potentially self-injurious act (if not for that, actual attempt Since Last Visit",792
C-SSRS since last visit - Page 1,"If Yes, Total number of interrupted attempts Since Last Visit",792
C-SSRS since last visit - Page 1,"If Yes, describe Since Last Visit",792
C-SSRS since last visit - Page 1,"When person begins to take steps toward making a suicide attempt, but stops themselves before they actually have engaged in any self Since Last Visit",793
C-SSRS since last visit - Page 1,"If Yes, Total number of aborted attempts Since Last Visit",793
C-SSRS since last visit - Page 1,"If Yes, describe Since Last Visit",793
C-SSRS since last visit - Page 1,Acts or preparation towards imminently making a suicide attempt. This can include anything beyond a verbalization or thought such as Since Last Visit,794
C-SSRS since last visit - Page 1,"If Yes, describe Since Last Visit",794
C-SSRS since last visit - Page 1,Suicidal behavior was present during the assessment period? Since Last Visit,794
C-SSRS since last visit - Page 1,Suicide Since Last Visit,794
C-SSRS since last visit - Page 1,Date of Attempt Most Lethal Attempt,797
C-SSRS since last visit - Page 1,"\ No physical damage or very minor physical damage (e.g. surface scratches) \1.\ Minor physical damage (e.g. [CSS0223B] 0 lethargic speech, first-degree burns, mild bleeding, sprains) \2.\ Moderate physical damage; medical attention needed Most Lethal Attempt",797
C-SSRS since last visit - Page 1,"Likely lethality of actual attempt if no medical damage (the following examples, while having no actual medical [CSS0223C] 0 damage, has potential for very serious lethality; put gun in mouth and pulled the trigger but gun fails to fire so no Most Lethal Attempt",797
C-SSRS since last visit - Page 1,Actual Attempts,798
C-SSRS since last visit - Page 1,Most Lethal Attempt,798
Water Restriction Start Prompt,Date subject started water restriction,799
Water Restriction Start Prompt,Time subject started water restriction,799
"IMP Administration - Sertraline, Brexpiprazole and Propranolol",Has subject been fasting (no food) for a minimum of 10 hours prior to the scheduled dosing?,801
"IMP Administration - Sertraline, Brexpiprazole and Propranolol",Was water restricted for 1 hour prior to dosing?,801
"IMP Administration - Sertraline, Brexpiprazole and Propranolol",Was Sertraline administered?,801
"IMP Administration - Sertraline, Brexpiprazole and Propranolol","If no, reason",801
"IMP Administration - Sertraline, Brexpiprazole and Propranolol",Date of Administration,802
"IMP Administration - Sertraline, Brexpiprazole and Propranolol",Time of Administration,802
"IMP Administration - Sertraline, Brexpiprazole and Propranolol",Reason,802
"IMP Administration - Sertraline, Brexpiprazole and Propranolol",Dosing Comments (optional),802
Brexpiprazole Dose,Was Brexpiprazole administered?,803
Brexpiprazole Dose,"If no, reason",803
Brexpiprazole Dose,Date of Administration,803
Brexpiprazole Dose,Time of Administration,803
Brexpiprazole Dose,Reason,804
Brexpiprazole Dose,Dosing Comments (optional),804
Brexpiprazole Dose,Was Propranolol administered?,804
Brexpiprazole Dose,"If no, reason",804
Brexpiprazole Dose,Date of Administration,805
Brexpiprazole Dose,Time of Administration,805
Brexpiprazole Dose,Reason,805
Brexpiprazole Dose,Was water restricted for 2 hours following dosing?,806
Brexpiprazole Dose,Dosing Comments (optional),806
Water Restriction End Prompt,Date subject ended water restriction,807
Water Restriction End Prompt,Time subject ended water restriction,807
PK Blood Draw - Brexpiprazole/Sertraline,Was PK Collection Performed?,809
PK Blood Draw - Brexpiprazole/Sertraline,"If not performed, Reason",809
PK Blood Draw - Brexpiprazole/Sertraline,Date of Collection,809
PK Blood Draw - Brexpiprazole/Sertraline,Brexpiprazole/Sertraline PK,810
PK Blood Draw - Brexpiprazole/Sertraline,Propranolol PK Collected (values: (values: minutes)] Scan)] Scan)] Prazosin PK,810
PK Blood Draw - Brexpiprazole/Sertraline,Prazosin PK,810
PK Blood Draw - Brexpiprazole/Sertraline,Brexpiprazole/Sertraline PK,811
PK Blood Draw - Brexpiprazole/Sertraline,Propranolol PK Collected (values: (values: minutes)] Scan)] Scan)] Prazosin PK,811
PK Blood Draw - Brexpiprazole/Sertraline,Prazosin PK,812
PK Blood Draw - Brexpiprazole/Sertraline,Brexpiprazole/Sertraline PK,812
PK Blood Draw - Propranolol,Was PK Collection Performed?,813
PK Blood Draw - Propranolol,"If not performed, Reason",813
PK Blood Draw - Propranolol,Date of Collection,813
PK Blood Draw - Propranolol,Propranolol PK,814
PK Blood Draw - Propranolol,Propranolol PK Collected (values: (values: minutes)] Scan)] Scan)] Prazosin PK,814
PK Blood Draw - Propranolol,Prazosin PK,814
PK Blood Draw - Propranolol,Propranolol PK,815
PK Blood Draw - Propranolol,Propranolol PK Collected (values: (values: minutes)] Scan)] Scan)] Prazosin PK,815
PK Blood Draw - Propranolol,Prazosin PK,816
PK Blood Draw - Propranolol,Propranolol PK,816
Triplicate Orthostatic BP and HR - 1h Postdose,Were Vital Signs Collected?,817
Triplicate Orthostatic BP and HR - 1h Postdose,"If not collected, reason",817
Triplicate Orthostatic BP and HR - 1h Postdose,Collection Date,817
Triplicate Orthostatic BP and HR - 1h Postdose,Planned Timepoint,817
Supine,Time Placed in Position,818
Supine,Time of Vitals Measurement #1,818
Supine,Time of Vitals Measurement #2,818
Supine,Time of Vitals Measurement #3,818
Supine,Time of Vitals Measurement #1,819
Supine,Time of Vitals Measurement #2,819
Supine,Time of Vitals Measurement #3,819
Triplicate Orthostatic BP and HR - 1.5h Postdose,Were Vital Signs Collected?,820
Triplicate Orthostatic BP and HR - 1.5h Postdose,"If not collected, reason",820
Triplicate Orthostatic BP and HR - 1.5h Postdose,Collection Date,820
Triplicate Orthostatic BP and HR - 1.5h Postdose,Planned Timepoint,820
Supine,Time Placed in Position,821
Supine,Time of Vitals Measurement #1,821
Supine,Time of Vitals Measurement #2,821
Supine,Time of Vitals Measurement #3,821
Supine,Time of Vitals Measurement #1,822
Supine,Time of Vitals Measurement #2,822
Supine,Time of Vitals Measurement #3,822
Triplicate Orthostatic BP and HR - 2h Postdose,Were Vital Signs Collected?,823
Triplicate Orthostatic BP and HR - 2h Postdose,"If not collected, reason",823
Triplicate Orthostatic BP and HR - 2h Postdose,Collection Date,823
Triplicate Orthostatic BP and HR - 2h Postdose,Planned Timepoint,823
Supine,Time Placed in Position,824
Supine,Time of Vitals Measurement #1,824
Supine,Time of Vitals Measurement #2,824
Supine,Time of Vitals Measurement #3,824
Supine,Time of Vitals Measurement #1,825
Supine,Time of Vitals Measurement #2,825
Supine,Time of Vitals Measurement #3,825
Triplicate Orthostatic BP and HR - 2.5h Postdose,Were Vital Signs Collected?,826
Triplicate Orthostatic BP and HR - 2.5h Postdose,"If not collected, reason",826
Triplicate Orthostatic BP and HR - 2.5h Postdose,Collection Date,826
Triplicate Orthostatic BP and HR - 2.5h Postdose,Planned Timepoint,826
Supine,Time Placed in Position,827
Supine,Time of Vitals Measurement #1,827
Supine,Time of Vitals Measurement #2,827
Supine,Time of Vitals Measurement #3,827
Supine,Time of Vitals Measurement #1,828
Supine,Time of Vitals Measurement #2,828
Supine,Time of Vitals Measurement #3,828
Triplicate Orthostatic BP and HR - 3h Postdose,Were Vital Signs Collected?,829
Triplicate Orthostatic BP and HR - 3h Postdose,"If not collected, reason",829
Triplicate Orthostatic BP and HR - 3h Postdose,Collection Date,829
Triplicate Orthostatic BP and HR - 3h Postdose,Planned Timepoint,829
Supine,Time Placed in Position,830
Supine,Time of Vitals Measurement #1,830
Supine,Time of Vitals Measurement #2,830
Supine,Time of Vitals Measurement #3,830
Supine,Time of Vitals Measurement #1,831
Supine,Time of Vitals Measurement #2,831
Supine,Time of Vitals Measurement #3,831
Triplicate Orthostatic BP and HR - 4h Postdose,Were Vital Signs Collected?,832
Triplicate Orthostatic BP and HR - 4h Postdose,"If not collected, reason",832
Triplicate Orthostatic BP and HR - 4h Postdose,Collection Date,832
Triplicate Orthostatic BP and HR - 4h Postdose,Planned Timepoint,832
Supine,Time Placed in Position,833
Supine,Time of Vitals Measurement #1,833
Supine,Time of Vitals Measurement #2,833
Supine,Time of Vitals Measurement #3,833
Supine,Time of Vitals Measurement #1,834
Supine,Time of Vitals Measurement #2,834
Supine,Time of Vitals Measurement #3,834
Triplicate Orthostatic BP and HR - 6h Postdose,Were Vital Signs Collected?,835
Triplicate Orthostatic BP and HR - 6h Postdose,"If not collected, reason",835
Triplicate Orthostatic BP and HR - 6h Postdose,Collection Date,835
Triplicate Orthostatic BP and HR - 6h Postdose,Planned Timepoint,835
Supine,Time Placed in Position,836
Supine,Time of Vitals Measurement #1,836
Supine,Time of Vitals Measurement #2,836
Supine,Time of Vitals Measurement #3,836
Supine,Time of Vitals Measurement #1,837
Supine,Time of Vitals Measurement #2,837
Supine,Time of Vitals Measurement #3,837
Triplicate Orthostatic BP and HR - 8h Postdose,Were Vital Signs Collected?,838
Triplicate Orthostatic BP and HR - 8h Postdose,"If not collected, reason",838
Triplicate Orthostatic BP and HR - 8h Postdose,Collection Date,838
Triplicate Orthostatic BP and HR - 8h Postdose,Planned Timepoint,838
Supine,Time Placed in Position,839
Supine,Time of Vitals Measurement #1,839
Supine,Time of Vitals Measurement #2,839
Supine,Time of Vitals Measurement #3,839
Supine,Time of Vitals Measurement #1,840
Supine,Time of Vitals Measurement #2,840
Supine,Time of Vitals Measurement #3,840
End of Study,Did the Subject complete the Study?,841
End of Study,Date of Study Completion/Discontinuation,841
End of Study,In Which visit did the subject Early terminate,841
End of Study,"Protocol Deviation, Terminated by Sponsor, Withdrawal by subject, Other)]",842
End of Study,"Specify if: Adverse Event, Physician Decision, Protocol Deviation, Other",842
Visit Date,Visit Date,843
Body Temperature and Respiratory Rate,Were Vital Signs Collected?,845
Body Temperature and Respiratory Rate,"If not collected, reason",845
Body Temperature and Respiratory Rate,Collection Date,845
Body Temperature and Respiratory Rate,Planned Timepoint,845
Body Temperature and Respiratory Rate,Respiratory Rate (breaths/min),846
Body Temperature and Respiratory Rate,Body Temperature (celsius),846
Triplicate Orthostatic BP and HR - Predose,Were Vital Signs Collected?,847
Triplicate Orthostatic BP and HR - Predose,"If not collected, reason",847
Triplicate Orthostatic BP and HR - Predose,Collection Date,847
Triplicate Orthostatic BP and HR - Predose,Planned Timepoint,847
Supine,Time Placed in Position,848
Supine,Time of Vitals Measurement #1,848
Supine,Time of Vitals Measurement #2,848
Supine,Time of Vitals Measurement #3,848
Supine,Time of Vitals Measurement #1,849
Supine,Time of Vitals Measurement #2,849
Supine,Time of Vitals Measurement #3,849
Physical Exam,Was the physical examination performed?,850
Physical Exam,Examination Date,850
Physical Exam,Examination Time,850
Physical Exam,HEENT Clinically Significant,851
Physical Exam,HEENT Abnormal Findings,851
Physical Exam,HEENT,851
Physical Exam,Thorax Clinically Significant,851
Physical Exam,Thorax Abnormal Findings,851
Physical Exam,Thorax,851
Physical Exam,Abdomen Clinically Significant,851
Physical Exam,Abdomen Abnormal Findings,851
Physical Exam,Abdomen,851
Physical Exam,Region/Body System Abnormal Findings,852
Physical Exam,Region/Body System Clinically Significant,852
Physical Exam,Region/Body System,852
Physical Exam,Neurological Clinically Significant,852
Physical Exam,Neurological Abnormal Findings,852
Physical Exam,Neurological,852
Physical Exam,Extremities Clinically Significant,852
Physical Exam,Extremities Abnormal Findings,852
Physical Exam,Extremities,852
Physical Exam,Urogenital Clinically Significant,852
Physical Exam,Urogenital,852
Physical Exam,Urogenital Abnormal Findings,852
Physical Exam,Region/Body System,853
12-lead ECG,Was 12 Lead ECG Performed?,854
12-lead ECG,"If no, Reason not done",854
12-lead ECG,Date of ECG,854
12-lead ECG,Time subject became supine,854
12-lead ECG,Time of ECG assessment,854
12-lead ECG,Not Evaluable,855
12-lead ECG,Abnormal Findings,855
12-lead ECG,Was the ECG abnormality clinically significant?,855
12-lead ECG,Are additional ECG assessments required?,855
Glycated Hemoglobin,Was Blood sample Collected for Glycated Hemoglobin?,856
Glycated Hemoglobin,Reason not done,856
Glycated Hemoglobin,Glycated Hemoglobin,857
Glycated Hemoglobin,Glycated Hemoglobin Date of Collection,857
Glycated Hemoglobin,Glycated Hemoglobin Time of Collection,857
Clinical Laboratory Assessments,Comments,858
Clinical Laboratory Assessments,Was subject in fasting state?,858
Clinical Laboratory Assessments,Hematology,859
Clinical Laboratory Assessments,Hematology Reason not done,859
Clinical Laboratory Assessments,Hematology Date of Collection,859
Clinical Laboratory Assessments,Hematology Time of Collection,859
Clinical Laboratory Assessments,Chemistry,859
Clinical Laboratory Assessments,Chemistry Reason not done,859
Clinical Laboratory Assessments,Chemistry Date of Collection,859
Clinical Laboratory Assessments,Chemistry Time of Collection,859
Clinical Laboratory Assessments,Urinalysis,859
Clinical Laboratory Assessments,Urinalysis Reason not done,859
Clinical Laboratory Assessments,Urinalysis Date of Collection,859
Clinical Laboratory Assessments,Urinalysis Time of Collection,859
Clinical Laboratory Assessments,Not Applicable,860
Laboratory results review,Laboratory collection date,861
Laboratory results review,Laboratory results review date,861
Laboratory results review,Has the investigator reviewed all laboratory results from this visit and assessed abnormal results clinical significance?,861
Laboratory results review,Were there any clinically significant abnormal results?,861
Laboratory results review,Were there any clinically significant abnormal chemistry results?,861
Laboratory results review,"density lipoprotein;and; high density lipoprotein), Creatine phosphokinase, Creatinine, Gamma glutamyl transferase, Glucose, Lactate",863
Laboratory results review,Chemistry abnormal assay # 1 Investigator comment,863
Laboratory results review,"density lipoprotein;and; high density lipoprotein), Creatine phosphokinase, Creatinine, Gamma glutamyl transferase, Glucose, Lactate",864
Laboratory results review,Chemistry abnormal assay # 2 Investigator comment,864
Laboratory results review,"density lipoprotein;and; high density lipoprotein), Creatine phosphokinase, Creatinine, Gamma glutamyl transferase, Glucose, Lactate",865
Laboratory results review,"density lipoprotein;and; high density lipoprotein), Creatine phosphokinase, Creatinine, Gamma glutamyl transferase, Glucose, Lactate",867
Laboratory results review,Chemistry abnormal assay # 4 Investigator comment,867
Laboratory results review,"density lipoprotein;and; high density lipoprotein), Creatine phosphokinase, Creatinine, Gamma glutamyl transferase, Glucose, Lactate",868
Laboratory results review,Chemistry abnormal assay # 5 Investigator comment,868
Laboratory results review,Are there any additional clinically significant abnormal chemistry results to be entered?,868
Laboratory results review,Were there any clinically significant abnormal hematology results?,869
Laboratory results review,Hematology clinically significant abnormal assay # 1,869
Laboratory results review,Hematology abnormal assay # 1 Investigator comment,869
Laboratory results review,Glycated Hemoglobin,870
Laboratory results review,Hematology abnormal assay # 2 Investigator comment,870
Laboratory results review,Hematology clinically significant abnormal assay # 3,870
Laboratory results review,Hematology abnormal assay # 3 Investigator comment,870
Laboratory results review,Hematology clinically significant abnormal assay # 4,871
Laboratory results review,Hematology abnormal assay # 4 Investigator comment,871
Laboratory results review,Glycated Hemoglobin,872
Laboratory results review,Hematology abnormal assay # 5 Investigator comment,872
Laboratory results review,Are there any additional clinically significant abnormal hematology results to be entered?,872
Laboratory results review,Were there any clinically significant abnormal urinalysis results?,872
Laboratory results review,Microscopic analysis if indicated,873
Laboratory results review,Urinalysis abnormal assay # 1 Investigator comment,873
Laboratory results review,Microscopic analysis if indicated,874
Laboratory results review,Urinalysis abnormal assay # 2 Investigator comment,874
Laboratory results review,Urinalysis clinically significant abnormal assay # 3,874
Laboratory results review,Urinalysis abnormal assay # 3 Investigator comment,875
Laboratory results review,Urinalysis clinically significant abnormal assay # 4,875
Laboratory results review,Urinalysis abnormal assay # 4 Investigator comment,875
Laboratory results review,Urinalysis clinically significant abnormal assay # 5,876
Laboratory results review,Urinalysis abnormal assay # 5 Investigator comment,876
Laboratory results review,Are there additional urinalysis clinically significant abnormal results to be entered?,876
Laboratory results review,Investigator`s signature for Local Laboratory Results Review,877
PK Blood Draw - Brexpiprazole/Sertraline,Was PK Collection Performed?,878
PK Blood Draw - Brexpiprazole/Sertraline,"If not performed, Reason",878
PK Blood Draw - Brexpiprazole/Sertraline,Date of Collection,878
PK Blood Draw - Brexpiprazole/Sertraline,Brexpiprazole/Sertraline PK,879
PK Blood Draw - Brexpiprazole/Sertraline,Propranolol PK Collected (values: (values: minutes)] Scan)] Scan)] Prazosin PK,879
PK Blood Draw - Propranolol,Was PK Collection Performed?,880
PK Blood Draw - Propranolol,"If not performed, Reason",880
PK Blood Draw - Propranolol,Date of Collection,880
PK Blood Draw - Propranolol,Propranolol PK,881
PK Blood Draw - Propranolol,Propranolol PK Collected (values: (values: minutes)] Scan)] Scan)] Prazosin PK,881
Aicure Device - Return,Has the Aicure device been returned?,882
Aicure Device - Return,Date of return,882
C-SSRS since last visit - Page 1,Was the questionnaire administered?,886
C-SSRS since last visit - Page 1,Date of completion,886
C-SSRS since last visit - Page 1,Rater's initials,886
C-SSRS since last visit - Page 1,"Subject endorses thoughts about a wish to be dead or not alive anymore, or wish to fall asleep and not wake up. Since Last Visit",887
C-SSRS since last visit - Page 1,"If Yes, describe Since Last Visit",887
C-SSRS since last visit - Page 1,"General non-specific thoughts of wanting to end one's life/commit suicide (e.g. ""I've thought about killing myself"") [CSS0202] Yes without thoughts of way to kill oneself/associated methods,intent or plan during the assessment period. Since Last Visit",887
C-SSRS since last visit - Page 1,"If Yes, describe Since Last Visit",888
C-SSRS since last visit - Page 1,"Subject endorses thoughts of suicide and has thought of at least one method during the assessment period. This is [CSS0203] Yes different than a specific plan with a time, place or method details worked out (e.g. thought of method to kill self but Since Last Visit",888
C-SSRS since last visit - Page 1,"Active suicidal thoughts of killing oneself and subject reports having some intent to act on such thoughts, as opposed Since Last Visit",889
C-SSRS since last visit - Page 1,"If Yes, describe Since Last Visit",889
C-SSRS since last visit - Page 1,Thoughts of killing oneself with detail of plan fully or partially worked out and subject has some intent to carry it out. Since Last Visit,889
C-SSRS since last visit - Page 1,Most severe ideation Since Last Visit,891
C-SSRS since last visit - Page 1,Description of Ideation Since Last Visit,891
C-SSRS since last visit - Page 1,How many times have you had these thoughts? Since Last Visit,892
C-SSRS since last visit - Page 1,"When you have the thoughts, how long do they last? Since Last Visit",892
C-SSRS since last visit - Page 1,go on living with the pain or how you were feeling) (0) Does not apply Since Last Visit,894
C-SSRS since last visit - Page 1,"A potentially self-injurious act committed with at least some wish to die, as a result of act. Behaviour was in part thought of as method to Since Last Visit",897
C-SSRS since last visit - Page 1,"If Yes, Total number of attempts Since Last Visit",898
C-SSRS since last visit - Page 1,"If Yes, describe Since Last Visit",898
C-SSRS since last visit - Page 1,Has subject engaged in Non-Suicidal self-injurious behavior? Since Last Visit,898
C-SSRS since last visit - Page 1,"When the person is interrupted (by an outside circumstance) from starting the potentially self-injurious act (if not for that, actual attempt Since Last Visit",899
C-SSRS since last visit - Page 1,"If Yes, Total number of interrupted attempts Since Last Visit",899
C-SSRS since last visit - Page 1,"If Yes, describe Since Last Visit",899
C-SSRS since last visit - Page 1,"When person begins to take steps toward making a suicide attempt, but stops themselves before they actually have engaged in any self Since Last Visit",900
C-SSRS since last visit - Page 1,"If Yes, Total number of aborted attempts Since Last Visit",900
C-SSRS since last visit - Page 1,"If Yes, describe Since Last Visit",900
C-SSRS since last visit - Page 1,Acts or preparation towards imminently making a suicide attempt. This can include anything beyond a verbalization or thought such as Since Last Visit,901
C-SSRS since last visit - Page 1,"If Yes, describe Since Last Visit",901
C-SSRS since last visit - Page 1,Suicidal behavior was present during the assessment period? Since Last Visit,901
C-SSRS since last visit - Page 1,Suicide Since Last Visit,901
C-SSRS since last visit - Page 1,Date of Attempt Most Lethal Attempt,904
C-SSRS since last visit - Page 1,"\ No physical damage or very minor physical damage (e.g. surface scratches) \1.\ Minor physical damage (e.g. [CSS0223B] 0 lethargic speech, first-degree burns, mild bleeding, sprains) \2.\ Moderate physical damage; medical attention needed Most Lethal Attempt",904
C-SSRS since last visit - Page 1,"Likely lethality of actual attempt if no medical damage (the following examples, while having no actual medical [CSS0223C] 0 damage, has potential for very serious lethality; put gun in mouth and pulled the trigger but gun fails to fire so no Most Lethal Attempt",904
C-SSRS since last visit - Page 1,Actual Attempts,905
C-SSRS since last visit - Page 1,Most Lethal Attempt,905
Water Restriction Start Prompt,Date subject started water restriction,906
Water Restriction Start Prompt,Time subject started water restriction,906
"IMP Administration - Sertraline,Brexpiprazole and Propranolol",Has subject been fasting (no food) for a minimum of 10 hours prior to the scheduled dosing?,908
"IMP Administration - Sertraline,Brexpiprazole and Propranolol",Was water restricted for 1 hour prior to dosing?,908
"IMP Administration - Sertraline,Brexpiprazole and Propranolol",Was Sertraline administered?,908
"IMP Administration - Sertraline,Brexpiprazole and Propranolol","If no, reason",908
"IMP Administration - Sertraline,Brexpiprazole and Propranolol",Date of Administration,909
"IMP Administration - Sertraline,Brexpiprazole and Propranolol",Time of Administration,909
"IMP Administration - Sertraline,Brexpiprazole and Propranolol",Reason,909
"IMP Administration - Sertraline,Brexpiprazole and Propranolol",Dosing Comments (optional),909
Brexpiprazole Dose,Was Brexpiprazole administered?,910
Brexpiprazole Dose,"If no, reason",910
Brexpiprazole Dose,Date of Administration,910
Brexpiprazole Dose,Time of Administration,910
Brexpiprazole Dose,Reason,911
Brexpiprazole Dose,Dosing Comments (optional),911
Brexpiprazole Dose,Was Propranolol administered?,911
Brexpiprazole Dose,"If no, reason",911
Brexpiprazole Dose,Date of Administration,912
Brexpiprazole Dose,Time of Administration,912
Brexpiprazole Dose,Reason,912
Brexpiprazole Dose,Was water restricted for 2 hours following dosing?,913
Brexpiprazole Dose,Dosing Comments (optional),913
Water Restriction End Prompt,Date subject ended water restriction,914
Water Restriction End Prompt,Time subject ended water restriction,914
Triplicate Orthostatic BP and HR - ET,Were Vital Signs Collected?,916
Triplicate Orthostatic BP and HR - ET,"If not collected, reason",916
Triplicate Orthostatic BP and HR - ET,Collection Date,916
Triplicate Orthostatic BP and HR - ET,Planned Timepoint,916
Supine,Time Placed in Position,917
Supine,Time of Vitals Measurement #1,917
Supine,Time of Vitals Measurement #2,917
Supine,Time of Vitals Measurement #3,917
Supine,Time of Vitals Measurement #1,918
Supine,Time of Vitals Measurement #2,918
Supine,Time of Vitals Measurement #3,918
End of Study,Did the Subject complete the Study?,919
End of Study,Date of Study Completion/Discontinuation,919
End of Study,In Which visit did the subject Early terminate,919
End of Study,"Protocol Deviation, Terminated by Sponsor, Withdrawal by subject, Other)]",920
End of Study,"Specify if: Adverse Event, Physician Decision, Protocol Deviation, Other",920
Visit Date,Visit Date,921
Follow-Up Phone Call,Were you able to contact the Subject?,925
Follow-Up Phone Call,Date of Contact/Attempt,925
Follow-Up Phone Call,Type of Contact,925
Follow-Up Phone Call,Method of Contact,925
Follow-Up Phone Call,Specify Contact if Other,925
Follow-Up Phone Call,Was the subject reminded of the birth control restrictions for 30 days postdose?,925
Follow-Up Phone Call,Has the subject had any adverse events since the last visit?,925
Follow-Up Phone Call,Has subject taken any ConMeds?,926
Follow-Up Phone Call,Comments,926
Adverse Events,Are There any Adverse Events to Report?,927
Adverse Events,Event Term,929
Adverse Events,Event Onset Date,929
Adverse Events,Event Onset Time,929
Adverse Events,Is the event serious?,929
Adverse Events,Date SAE Reported,929
Adverse Events,SAE Given to Regulatory for IRB Submission?,929
Adverse Events,"If no, Specify",929
Adverse Events,Death,930
Adverse Events,Life Threatening,930
Adverse Events,Requires or Prolongs Hospitalization,930
Adverse Events,Significant Disability,930
Adverse Events,Congenital Anomaly or Birth Defect,930
Adverse Events,Other Medically Important Serious Event,930
Adverse Events,Severe,931
Adverse Events,Relationship to drugs,931
Adverse Events,Relationship to Brexpiprazole,931
Adverse Events,Relationship to Sertraline,931
Adverse Events,Relationship to Prazosin,931
Adverse Events,Relationship to Propranolol,931
Adverse Events,Is this AE an Event of Special Interest?,931
Adverse Events,Event Stop Date,931
Adverse Events,Event Stop Time,932
Adverse Events,Ongoing,932
Adverse Events,Concomitant or Additional Therapy Given?,932
Adverse Events,Action Taken with Study Treatment,932
Adverse Events,Unknown,933
Adverse Events,Did the adverse event cause study discontinuation?,933
Adverse Events,Notes,933
Adverse Events,Investigator: By clicking - Confirm,933
Prior and Concomitant Medications,Are There any Prior/Concomitant Medications to Report?,934
Prior and Concomitant Medications,Drug Name,936
Prior and Concomitant Medications,Dose,936
Prior and Concomitant Medications,"syringe, cm, mole, Other)]",937
Prior and Concomitant Medications,"Other Unit, specify",937
Prior and Concomitant Medications,"Gum, Implant, Inhalant, Injection, Jelly, Liquid, Lotion, Lozenge, Mouthwash, Not Applicable, Oil, Ointment, Other, Paste, Patch,",939
Prior and Concomitant Medications,Other Dose Form,939
Prior and Concomitant Medications,"As Needed, Once, Continuous, Intermittent, Unknown, Other)]",940
Prior and Concomitant Medications,"Other Frequency, Specify",940
Prior and Concomitant Medications,Other,942
Prior and Concomitant Medications,"Other Route, Specify",942
Prior and Concomitant Medications,Indication,942
Prior and Concomitant Medications,Start Date,942
Prior and Concomitant Medications,Start Time,942
Prior and Concomitant Medications,Ongoing,942
Prior and Concomitant Medications,Stop Date,942
Prior and Concomitant Medications,Stop Time,942
Prior and Concomitant Medications,"If the medication is to treat adverse event, please provide the AE#",943
Prior and Concomitant Medications,"If the medication is to treat existing medical or psychiatric history, please provide the MH/PH#",943
Surgeries and medical procedures,"Are There any Surgeries, Non-Drug Procedures to Report?",944
Surgeries and medical procedures,Procedure/Surgery Name,946
Surgeries and medical procedures,Start Date,946
Surgeries and medical procedures,End Date,946
Withdrawal of Informed Consent,Consent Withdrawn?,947
Withdrawal of Informed Consent,Date Consent Withdrawn,947
Withdrawal of Informed Consent,Time consent Withdrawn,947
IMP Missed Dose,Start date,951
IMP Missed Dose,Stop date,951
IMP Missed Dose,Trial Day,951
IMP Missed Dose,Non-Compliance reason,952
IMP Missed Dose,Non-Compliance reason other specify,952
IMP Missed Dose,Number of tablets of Sertraline taken,952
IMP Missed Dose,Number of tablets of Brexpiprazole taken,952
IMP Missed Dose,Number of tablets of Prazosin taken,952
IMP Missed Dose,Number of tablets of Propranolol taken,952
Protocol Deviation,Were there any protocol deviations?,953
Protocol Deviation,Deviation Category,955
Protocol Deviation,Is this deviation due to COVID-19?,955
Protocol Deviation,Description of Deviation,955
Protocol Deviation,Start Date,955
Protocol Deviation,Start Time (if applicable),955
Protocol Deviation,End Date (if applicable),955
Protocol Deviation,End Time (if applicable),956
Admission to clinic,Date of Admission in clinic,959
Admission to clinic,Time of Admission in clinic,959
Discharge from clinic,Date of Discharge,962
Discharge from clinic,Time of Discharge,962
Death,Date of Death,963
Death,Primary Cause of Death,963
Death,Autopsy Performed?,963
Death,Date of Autopsy,963
Death,Death Related to IMP?,963
Drug Accountability,Date Bottles Dispensed,967
Drug Accountability,Number of Sertraline - 50 mg bottles Dispensed,967
Drug Accountability,Number of Sertraline - 50 mg Capsules Dispensed (total),967
Drug Accountability,Number of Brexpiprazole - 1 mg bottles Dispensed,967
Drug Accountability,Number of Brexpiprazole - 1 mg Capsules Dispensed (total),967
Drug Accountability,Number of Brexpiprazole - 2 mg bottles Dispensed,968
Drug Accountability,Number of Brexpiprazole - 2 mg Capsules Dispensed (total),968
Drug Accountability,Number of Brexpiprazole - 3 mg bottles Dispensed,968
Drug Accountability,Number of Brexpiprazole - 3 mg Capsules Dispensed (total),968
Drug Accountability,Date Bottles Returned,968
Drug Accountability,Number of Sertraline - 50 mg Capsules Returned,969
Drug Accountability,Number of Brexpiprazole - 1 mg Capsules Returned,969
Drug Accountability,Number of Brexpiprazole - 2 mg Capsules Returned,969
Drug Accountability,Number of Brexpiprazole - 3 mg Capsules Returned,969
12-lead ECG - Repeat,Timepoint,970
12-lead ECG - Repeat,Date of ECG,970
12-lead ECG - Repeat,Time subject became supine,970
12-lead ECG - Repeat,Time of ECG assessment,970
12-lead ECG - Repeat,Overall ECG interpretation,970
12-lead ECG - Repeat,Abnormal Findings,971
12-lead ECG - Repeat,Was the ECG abnormality clinically significant?,971
12-lead ECG - Repeat,Are additional ECG assessments required?,971
Urine drug screen - Repeat,Was Urine Drug Screen Performed?,972
Urine drug screen - Repeat,If not done reason,972
Urine drug screen - Repeat,Manufacturer,972
Urine drug screen - Repeat,Item #,972
Urine drug screen - Repeat,Lot,972
Urine drug screen - Repeat,Expiration Date,972
Urine drug screen - Repeat,Date of Sample,972
Urine drug screen - Repeat,Time of Sample,973
Urine drug screen - Repeat,Amphetamines,974
Urine drug screen - Repeat,Barbiturates,974
Urine drug screen - Repeat,Benzodiazepines,974
Urine drug screen - Repeat,Cannabinoids,974
Urine drug screen - Repeat,Test,975
Urine drug screen - Repeat,Methadone,975
Urine drug screen - Repeat,Opiates,975
Urine drug screen - Repeat,Phencyclidine,975
Urine drug screen - Repeat,Propoxyphene,975
Cotinine Screen - Repeat,Was Cotinine Screen Performed?,977
Cotinine Screen - Repeat,If not done reason,977
Cotinine Screen - Repeat,Sample Type,977
Cotinine Screen - Repeat,Manufacturer,977
Cotinine Screen - Repeat,Item #,977
Cotinine Screen - Repeat,Lot,977
Cotinine Screen - Repeat,Expiration Date,977
Cotinine Screen - Repeat,Date of Sample,978
Cotinine Screen - Repeat,Time of Sample,978
Cotinine Screen - Repeat,Cotinine,979
Clinical Laboratory Assessments - Repeat,Comments,980
Clinical Laboratory Assessments - Repeat,Was subject in fasting state?,980
Clinical Laboratory Assessments - Repeat,Hematology,981
Clinical Laboratory Assessments - Repeat,Hematology Reason not done,981
Clinical Laboratory Assessments - Repeat,Hematology Date of Collection,981
Clinical Laboratory Assessments - Repeat,Hematology Time of Collection,981
Clinical Laboratory Assessments - Repeat,Chemistry,981
Clinical Laboratory Assessments - Repeat,Chemistry Reason not done,981
Clinical Laboratory Assessments - Repeat,Chemistry Date of Collection,981
Clinical Laboratory Assessments - Repeat,Chemistry Time of Collection,981
Clinical Laboratory Assessments - Repeat,Urinalysis,981
Clinical Laboratory Assessments - Repeat,Urinalysis Reason not done,981
Clinical Laboratory Assessments - Repeat,Urinalysis Date of Collection,981
Clinical Laboratory Assessments - Repeat,Urinalysis Time of Collection,981
Clinical Laboratory Assessments - Repeat,Not Applicable,982
Laboratory Results Review - Repeat,Laboratory collection date,983
Laboratory Results Review - Repeat,Laboratory results review date,983
Laboratory Results Review - Repeat,Has the investigator reviewed all laboratory results from this visit and assessed abnormal results clinical significance?,983
Laboratory Results Review - Repeat,Were there any clinically significant abnormal results?,983
Laboratory Results Review - Repeat,Were there any clinically significant abnormal chemistry results?,983
Laboratory Results Review - Repeat,"density lipoprotein;and; high density lipoprotein), Creatine phosphokinase, Creatinine, Gamma glutamyl transferase, Glucose, Lactate",985
Laboratory Results Review - Repeat,Chemistry abnormal assay # 1 Investigator comment,985
Laboratory Results Review - Repeat,"density lipoprotein;and; high density lipoprotein), Creatine phosphokinase, Creatinine, Gamma glutamyl transferase, Glucose, Lactate",986
Laboratory Results Review - Repeat,Chemistry abnormal assay # 2 Investigator comment,986
Laboratory Results Review - Repeat,"density lipoprotein;and; high density lipoprotein), Creatine phosphokinase, Creatinine, Gamma glutamyl transferase, Glucose, Lactate",987
Laboratory Results Review - Repeat,"density lipoprotein;and; high density lipoprotein), Creatine phosphokinase, Creatinine, Gamma glutamyl transferase, Glucose, Lactate",989
Laboratory Results Review - Repeat,Chemistry abnormal assay # 4 Investigator comment,989
Laboratory Results Review - Repeat,"density lipoprotein;and; high density lipoprotein), Creatine phosphokinase, Creatinine, Gamma glutamyl transferase, Glucose, Lactate",990
Laboratory Results Review - Repeat,Chemistry abnormal assay # 5 Investigator comment,990
Laboratory Results Review - Repeat,Are there any additional clinically significant abnormal chemistry results to be entered?,990
Laboratory Results Review - Repeat,Were there any clinically significant abnormal hematology results?,991
Laboratory Results Review - Repeat,Hematology clinically significant abnormal assay # 1,991
Laboratory Results Review - Repeat,Hematology abnormal assay # 1 Investigator comment,991
Laboratory Results Review - Repeat,Glycated Hemoglobin,992
Laboratory Results Review - Repeat,Hematology abnormal assay # 2 Investigator comment,992
Laboratory Results Review - Repeat,Hematology clinically significant abnormal assay # 3,992
Laboratory Results Review - Repeat,Hematology abnormal assay # 3 Investigator comment,992
Laboratory Results Review - Repeat,Hematology clinically significant abnormal assay # 4,993
Laboratory Results Review - Repeat,Hematology abnormal assay # 4 Investigator comment,993
Laboratory Results Review - Repeat,Glycated Hemoglobin,994
Laboratory Results Review - Repeat,Hematology abnormal assay # 5 Investigator comment,994
Laboratory Results Review - Repeat,Are there any additional clinically significant abnormal hematology results to be entered?,994
Laboratory Results Review - Repeat,Were there any clinically significant abnormal urinalysis results?,994
Laboratory Results Review - Repeat,Microscopic analysis if indicated,995
Laboratory Results Review - Repeat,Urinalysis abnormal assay # 1 Investigator comment,995
Laboratory Results Review - Repeat,Microscopic analysis if indicated,996
Laboratory Results Review - Repeat,Urinalysis abnormal assay # 2 Investigator comment,996
Laboratory Results Review - Repeat,Urinalysis clinically significant abnormal assay # 3,996
Laboratory Results Review - Repeat,Urinalysis abnormal assay # 3 Investigator comment,997
Laboratory Results Review - Repeat,Urinalysis clinically significant abnormal assay # 4,997
Laboratory Results Review - Repeat,Urinalysis abnormal assay # 4 Investigator comment,997
Laboratory Results Review - Repeat,Urinalysis clinically significant abnormal assay # 5,998
Laboratory Results Review - Repeat,Urinalysis abnormal assay # 5 Investigator comment,998
Laboratory Results Review - Repeat,Are there additional urinalysis clinically significant abnormal results to be entered?,998
Laboratory Results Review - Repeat,Investigator`s signature for Local Laboratory Results Review,999
Triplicate Orthostatic BP and HR - Repeat,Were Vital Signs Collected?,1000
Triplicate Orthostatic BP and HR - Repeat,"If not collected, reason",1000
Triplicate Orthostatic BP and HR - Repeat,Collection Date,1000
Triplicate Orthostatic BP and HR - Repeat,Planned Timepoint,1000
Supine,Time Placed in Position,1001
Supine,Time of Vitals Measurement #1,1001
Supine,Time of Vitals Measurement #2,1001
Supine,Time of Vitals Measurement #3,1001
Supine,Time of Vitals Measurement #1,1002
Supine,Time of Vitals Measurement #2,1002
Supine,Time of Vitals Measurement #3,1002
Glycated Hemoglobin - Repeat,Was Blood sample Collected for Glycated Hemoglobin?,1003
Glycated Hemoglobin - Repeat,Reason not done,1003
Glycated Hemoglobin - Repeat,Glycated Hemoglobin,1004
Glycated Hemoglobin - Repeat,Glycated Hemoglobin Date of Collection,1004
Glycated Hemoglobin - Repeat,Glycated Hemoglobin Time of Collection,1004
Alcohol Screen - Urine or Breath - Repeat,Was Test Performed?,1005
Alcohol Screen - Urine or Breath - Repeat,Sample Type,1005
Alcohol Screen - Urine or Breath - Repeat,"If no, Reason Not Done",1005
Alcohol Screen - Urine or Breath - Repeat,Date of Test,1005
Alcohol Screen - Urine or Breath - Repeat,Time of Test,1005
Alcohol Screen - Urine or Breath - Repeat,Result,1005
Alcohol Screen - Urine or Breath - Repeat,Was a Repeat test performed?,1006
Alcohol Screen - Urine or Breath - Repeat,Time of Repeat Test,1006
Alcohol Screen - Urine or Breath - Repeat,Result of Repeat Test,1006
12-lead ECG - Unscheduled,Was 12 Lead ECG Performed?,1007
12-lead ECG - Unscheduled,"If no, Reason not done",1007
12-lead ECG - Unscheduled,Date of ECG,1007
12-lead ECG - Unscheduled,Time subject became supine,1007
12-lead ECG - Unscheduled,Time of ECG assessment,1007
12-lead ECG - Unscheduled,Not Evaluable,1008
12-lead ECG - Unscheduled,Abnormal Findings,1008
12-lead ECG - Unscheduled,Was the ECG abnormality clinically significant?,1008
12-lead ECG - Unscheduled,Are additional ECG assessments required?,1008
Pregnancy test - Unscheduled,Was a Pregnancy Test Performed?,1009
Pregnancy test - Unscheduled,If not done reason,1009
Pregnancy test - Unscheduled,Type of pregnancy test,1009
Pregnancy test - Unscheduled,Barcode Number,1009
Pregnancy test - Unscheduled,Kit Expiration Date,1009
Pregnancy test - Unscheduled,Kit Batch Number,1009
Pregnancy test - Unscheduled,Date of Sample,1009
Pregnancy test - Unscheduled,Result,1010
Physical examination - Unscheduled,Was the physical examination performed?,1011
Physical examination - Unscheduled,Examination Date,1011
Physical examination - Unscheduled,Examination Time,1011
Physical examination - Unscheduled,HEENT Clinically Significant,1012
Physical examination - Unscheduled,HEENT Abnormal Findings,1012
Physical examination - Unscheduled,HEENT,1012
Physical examination - Unscheduled,Thorax Clinically Significant,1012
Physical examination - Unscheduled,Thorax Abnormal Findings,1012
Physical examination - Unscheduled,Thorax,1012
Physical examination - Unscheduled,Abdomen Clinically Significant,1012
Physical examination - Unscheduled,Abdomen Abnormal Findings,1012
Physical examination - Unscheduled,Abdomen,1012
Physical examination - Unscheduled,Region/Body System Abnormal Findings,1013
Physical examination - Unscheduled,Region/Body System Clinically Significant,1013
Physical examination - Unscheduled,Region/Body System,1013
Physical examination - Unscheduled,Neurological Clinically Significant,1013
Physical examination - Unscheduled,Neurological Abnormal Findings,1013
Physical examination - Unscheduled,Neurological,1013
Physical examination - Unscheduled,Extremities Clinically Significant,1013
Physical examination - Unscheduled,Extremities Abnormal Findings,1013
Physical examination - Unscheduled,Extremities,1013
Physical examination - Unscheduled,Urogenital Clinically Significant,1013
Physical examination - Unscheduled,Urogenital,1013
Physical examination - Unscheduled,Urogenital Abnormal Findings,1013
Physical examination - Unscheduled,Region/Body System,1014
Urine drug screen - Unscheduled,Was Urine Drug Screen Performed?,1015
Urine drug screen - Unscheduled,If not done reason,1015
Urine drug screen - Unscheduled,Manufacturer,1015
Urine drug screen - Unscheduled,Item #,1015
Urine drug screen - Unscheduled,Lot,1015
Urine drug screen - Unscheduled,Expiration Date,1015
Urine drug screen - Unscheduled,Date of Sample,1015
Urine drug screen - Unscheduled,Time of Sample,1016
Urine drug screen - Unscheduled,Amphetamines,1017
Urine drug screen - Unscheduled,Barbiturates,1017
Urine drug screen - Unscheduled,Benzodiazepines,1017
Urine drug screen - Unscheduled,Cannabinoids,1017
Urine drug screen - Unscheduled,Test,1018
Urine drug screen - Unscheduled,Methadone,1018
Urine drug screen - Unscheduled,Opiates,1018
Urine drug screen - Unscheduled,Phencyclidine,1018
Urine drug screen - Unscheduled,Propoxyphene,1018
Reconsent - Unscheduled,Protocol Version for Consent,1020
Reconsent - Unscheduled,Consent Obtained?,1020
Reconsent - Unscheduled,Date of Consent,1020
Reconsent - Unscheduled,Time of Consent,1021
Reconsent - Unscheduled,Subject given a copy of the fully executed ICF form(s),1021
Reconsent - Unscheduled,ICF was reviewed and verified and the original ICF has been filed in with subject's source documents,1021
Cotinine Screen - Unscheduled,Was Cotinine Screen Performed?,1022
Cotinine Screen - Unscheduled,If not done reason,1022
Cotinine Screen - Unscheduled,Sample Type,1022
Cotinine Screen - Unscheduled,Manufacturer,1022
Cotinine Screen - Unscheduled,Item #,1022
Cotinine Screen - Unscheduled,Lot,1022
Cotinine Screen - Unscheduled,Expiration Date,1022
Cotinine Screen - Unscheduled,Date of Sample,1023
Cotinine Screen - Unscheduled,Time of Sample,1023
Cotinine Screen - Unscheduled,Cotinine,1024
FSH Blood Sample- Unscheduled,Comments,1025
FSH Blood Sample- Unscheduled,Collected,1026
FSH Blood Sample- Unscheduled,Not Collected Reason not done,1026
FSH Blood Sample- Unscheduled,Not Collected Date of Collection,1026
FSH Blood Sample- Unscheduled,Not Collected Time of Collection,1026
FSH Blood Sample- Unscheduled,Not Collected,1026
FSH Blood Sample- Unscheduled,Not Applicable,1026
Clinical Laboratory Assessments - Unscheduled,Comments,1027
Clinical Laboratory Assessments - Unscheduled,Was subject in fasting state?,1027
Clinical Laboratory Assessments - Unscheduled,Hematology,1028
Clinical Laboratory Assessments - Unscheduled,Hematology Reason not done,1028
Clinical Laboratory Assessments - Unscheduled,Hematology Date of Collection,1028
Clinical Laboratory Assessments - Unscheduled,Hematology Time of Collection,1028
Clinical Laboratory Assessments - Unscheduled,Chemistry,1028
Clinical Laboratory Assessments - Unscheduled,Chemistry Reason not done,1028
Clinical Laboratory Assessments - Unscheduled,Chemistry Date of Collection,1028
Clinical Laboratory Assessments - Unscheduled,Chemistry Time of Collection,1028
Clinical Laboratory Assessments - Unscheduled,Urinalysis,1028
Clinical Laboratory Assessments - Unscheduled,Urinalysis Reason not done,1028
Clinical Laboratory Assessments - Unscheduled,Urinalysis Date of Collection,1028
Clinical Laboratory Assessments - Unscheduled,Urinalysis Time of Collection,1028
Clinical Laboratory Assessments - Unscheduled,Not Applicable,1029
Laboratory Results Review - Unscheduled,Laboratory collection date,1030
Laboratory Results Review - Unscheduled,Laboratory results review date,1030
Laboratory Results Review - Unscheduled,Has the investigator reviewed all laboratory results from this visit and assessed abnormal results clinical significance?,1030
Laboratory Results Review - Unscheduled,Were there any clinically significant abnormal results?,1030
Laboratory Results Review - Unscheduled,Were there any clinically significant abnormal chemistry results?,1030
Laboratory Results Review - Unscheduled,"density lipoprotein;and; high density lipoprotein), Creatine phosphokinase, Creatinine, Gamma glutamyl transferase, Glucose, Lactate",1032
Laboratory Results Review - Unscheduled,Chemistry abnormal assay # 1 Investigator comment,1032
Laboratory Results Review - Unscheduled,"density lipoprotein;and; high density lipoprotein), Creatine phosphokinase, Creatinine, Gamma glutamyl transferase, Glucose, Lactate",1033
Laboratory Results Review - Unscheduled,Chemistry abnormal assay # 2 Investigator comment,1033
Laboratory Results Review - Unscheduled,"density lipoprotein;and; high density lipoprotein), Creatine phosphokinase, Creatinine, Gamma glutamyl transferase, Glucose, Lactate",1034
Laboratory Results Review - Unscheduled,"density lipoprotein;and; high density lipoprotein), Creatine phosphokinase, Creatinine, Gamma glutamyl transferase, Glucose, Lactate",1036
Laboratory Results Review - Unscheduled,Chemistry abnormal assay # 4 Investigator comment,1036
Laboratory Results Review - Unscheduled,"density lipoprotein;and; high density lipoprotein), Creatine phosphokinase, Creatinine, Gamma glutamyl transferase, Glucose, Lactate",1037
Laboratory Results Review - Unscheduled,Chemistry abnormal assay # 5 Investigator comment,1037
Laboratory Results Review - Unscheduled,Are there any additional clinically significant abnormal chemistry results to be entered?,1037
Laboratory Results Review - Unscheduled,Were there any clinically significant abnormal hematology results?,1038
Laboratory Results Review - Unscheduled,Hematology clinically significant abnormal assay # 1,1038
Laboratory Results Review - Unscheduled,Hematology abnormal assay # 1 Investigator comment,1038
Laboratory Results Review - Unscheduled,Glycated Hemoglobin,1039
Laboratory Results Review - Unscheduled,Hematology abnormal assay # 2 Investigator comment,1039
Laboratory Results Review - Unscheduled,Hematology clinically significant abnormal assay # 3,1039
Laboratory Results Review - Unscheduled,Hematology abnormal assay # 3 Investigator comment,1039
Laboratory Results Review - Unscheduled,Hematology clinically significant abnormal assay # 4,1040
Laboratory Results Review - Unscheduled,Hematology abnormal assay # 4 Investigator comment,1040
Laboratory Results Review - Unscheduled,Glycated Hemoglobin,1041
Laboratory Results Review - Unscheduled,Hematology abnormal assay # 5 Investigator comment,1041
Laboratory Results Review - Unscheduled,Are there any additional clinically significant abnormal hematology results to be entered?,1041
Laboratory Results Review - Unscheduled,Were there any clinically significant abnormal urinalysis results?,1041
Laboratory Results Review - Unscheduled,Microscopic analysis if indicated,1042
Laboratory Results Review - Unscheduled,Urinalysis abnormal assay # 1 Investigator comment,1042
Laboratory Results Review - Unscheduled,Microscopic analysis if indicated,1043
Laboratory Results Review - Unscheduled,Urinalysis abnormal assay # 2 Investigator comment,1043
Laboratory Results Review - Unscheduled,Urinalysis clinically significant abnormal assay # 3,1043
Laboratory Results Review - Unscheduled,Urinalysis abnormal assay # 3 Investigator comment,1044
Laboratory Results Review - Unscheduled,Urinalysis clinically significant abnormal assay # 4,1044
Laboratory Results Review - Unscheduled,Urinalysis abnormal assay # 4 Investigator comment,1044
Laboratory Results Review - Unscheduled,Urinalysis clinically significant abnormal assay # 5,1045
Laboratory Results Review - Unscheduled,Urinalysis abnormal assay # 5 Investigator comment,1045
Laboratory Results Review - Unscheduled,Are there additional urinalysis clinically significant abnormal results to be entered?,1045
Laboratory Results Review - Unscheduled,Investigator`s signature for Local Laboratory Results Review,1046
CSSRS - Since Last Visit part 1 - Unscheduled,Was the questionnaire administered?,1049
CSSRS - Since Last Visit part 1 - Unscheduled,Date of completion,1049
CSSRS - Since Last Visit part 1 - Unscheduled,Rater's initials,1049
CSSRS - Since Last Visit part 1 - Unscheduled,"Subject endorses thoughts about a wish to be dead or not alive anymore, or wish to fall asleep and not wake up. Since Last Visit",1050
CSSRS - Since Last Visit part 1 - Unscheduled,"If Yes, describe Since Last Visit",1050
CSSRS - Since Last Visit part 1 - Unscheduled,"General non-specific thoughts of wanting to end one's life/commit suicide (e.g. ""I've thought about killing myself"") [CSS0202] Yes without thoughts of way to kill oneself/associated methods,intent or plan during the assessment period. Since Last Visit",1050
CSSRS - Since Last Visit part 1 - Unscheduled,"If Yes, describe Since Last Visit",1051
CSSRS - Since Last Visit part 1 - Unscheduled,"Subject endorses thoughts of suicide and has thought of at least one method during the assessment period. This is [CSS0203] Yes different than a specific plan with a time, place or method details worked out (e.g. thought of method to kill self but Since Last Visit",1051
CSSRS - Since Last Visit part 1 - Unscheduled,"Active suicidal thoughts of killing oneself and subject reports having some intent to act on such thoughts, as opposed Since Last Visit",1052
CSSRS - Since Last Visit part 1 - Unscheduled,"If Yes, describe Since Last Visit",1052
CSSRS - Since Last Visit part 1 - Unscheduled,Thoughts of killing oneself with detail of plan fully or partially worked out and subject has some intent to carry it out. Since Last Visit,1052
CSSRS - Since Last Visit part 1 - Unscheduled,Most severe ideation Since Last Visit,1054
CSSRS - Since Last Visit part 1 - Unscheduled,Description of Ideation Since Last Visit,1054
CSSRS - Since Last Visit part 1 - Unscheduled,How many times have you had these thoughts? Since Last Visit,1055
CSSRS - Since Last Visit part 1 - Unscheduled,"When you have the thoughts, how long do they last? Since Last Visit",1055
CSSRS - Since Last Visit part 1 - Unscheduled,go on living with the pain or how you were feeling) (0) Does not apply Since Last Visit,1057
CSSRS - Since Last Visit part 1 - Unscheduled,"A potentially self-injurious act committed with at least some wish to die, as a result of act. Behaviour was in part thought of as method to Since Last Visit",1060
CSSRS - Since Last Visit part 1 - Unscheduled,"If Yes, Total number of attempts Since Last Visit",1061
CSSRS - Since Last Visit part 1 - Unscheduled,"If Yes, describe Since Last Visit",1061
CSSRS - Since Last Visit part 1 - Unscheduled,Has subject engaged in Non-Suicidal self-injurious behavior? Since Last Visit,1061
CSSRS - Since Last Visit part 1 - Unscheduled,"When the person is interrupted (by an outside circumstance) from starting the potentially self-injurious act (if not for that, actual attempt Since Last Visit",1062
CSSRS - Since Last Visit part 1 - Unscheduled,"If Yes, Total number of interrupted attempts Since Last Visit",1062
CSSRS - Since Last Visit part 1 - Unscheduled,"If Yes, describe Since Last Visit",1062
CSSRS - Since Last Visit part 1 - Unscheduled,"When person begins to take steps toward making a suicide attempt, but stops themselves before they actually have engaged in any self Since Last Visit",1063
CSSRS - Since Last Visit part 1 - Unscheduled,"If Yes, Total number of aborted attempts Since Last Visit",1063
CSSRS - Since Last Visit part 1 - Unscheduled,"If Yes, describe Since Last Visit",1063
CSSRS - Since Last Visit part 1 - Unscheduled,Acts or preparation towards imminently making a suicide attempt. This can include anything beyond a verbalization or thought such as Since Last Visit,1064
CSSRS - Since Last Visit part 1 - Unscheduled,"If Yes, describe Since Last Visit",1064
CSSRS - Since Last Visit part 1 - Unscheduled,Suicidal behavior was present during the assessment period? Since Last Visit,1064
CSSRS - Since Last Visit part 1 - Unscheduled,Suicide Since Last Visit,1064
CSSRS - Since Last Visit part 1 - Unscheduled,Date of Attempt Most Lethal Attempt,1067
CSSRS - Since Last Visit part 1 - Unscheduled,"\ No physical damage or very minor physical damage (e.g. surface scratches) \1.\ Minor physical damage (e.g. [CSS0223B] 0 lethargic speech, first-degree burns, mild bleeding, sprains) \2.\ Moderate physical damage; medical attention needed Most Lethal Attempt",1067
CSSRS - Since Last Visit part 1 - Unscheduled,"Likely lethality of actual attempt if no medical damage (the following examples, while having no actual medical [CSS0223C] 0 damage, has potential for very serious lethality; put gun in mouth and pulled the trigger but gun fails to fire so no Most Lethal Attempt",1067
CSSRS - Since Last Visit part 1 - Unscheduled,Actual Attempts,1068
CSSRS - Since Last Visit part 1 - Unscheduled,Most Lethal Attempt,1068
Pgx Blood draw - Unscheduled,Date of Collection,1069
Pgx Blood draw - Unscheduled,PGx,1070
Pgx Blood draw - Unscheduled,PGx Time of Collection,1070
PK Blood draw - Unscheduled,Date of Collection,1071
PK Blood draw - Unscheduled,Row 1,1072
PK Blood draw - Unscheduled,Brexpiprazole/Sertraline PK,1072
PK Blood draw - Unscheduled,Propranolol PK,1072
FBR Blood draw - Unscheduled,Was FBR Blood Collection Performed?,1073
FBR Blood draw - Unscheduled,"If not performed, Reason",1073
FBR Blood draw - Unscheduled,Date of Collection,1073
FBR Blood draw - Unscheduled,FBR Sample,1074
FBR Blood draw - Unscheduled,FBR Sample Time of Collection,1074
Triplicate Orthostatic BP and HR - Unscheduled,Were Vital Signs Collected?,1075
Triplicate Orthostatic BP and HR - Unscheduled,"If not collected, reason",1075
Triplicate Orthostatic BP and HR - Unscheduled,Collection Date,1075
Triplicate Orthostatic BP and HR - Unscheduled,Planned Timepoint,1075
Supine,Time Placed in Position,1076
Supine,Time of Vitals Measurement #1,1076
Supine,Time of Vitals Measurement #2,1076
Supine,Time of Vitals Measurement #3,1076
Supine,Time of Vitals Measurement #1,1077
Supine,Time of Vitals Measurement #2,1077
Supine,Time of Vitals Measurement #3,1077
Lost to Follow-up Details - Unscheduled,Initial contact attempt - date,1080
Lost to Follow-up Details - Unscheduled,Initial contact attempt notes (outcome),1080
Lost to Follow-up Details - Unscheduled,Second contact attempt - date,1080
Lost to Follow-up Details - Unscheduled,Second contact attempt notes,1080
Lost to Follow-up Details - Unscheduled,Third contact attempt - date,1080
Lost to Follow-up Details - Unscheduled,Third contact attempt notes,1080
Lost to Follow-up Details - Unscheduled,Certified letter sent date,1080
Lost to Follow-up Details - Unscheduled,Certified letter sent notes,1080
Lost to Follow-up Details - Unscheduled,Certified letter confirmation return notes (including date),1081
Glycated Hemoglobin - Unscheduled,Was Blood sample Collected for Glycated Hemoglobin?,1082
Glycated Hemoglobin - Unscheduled,Reason not done,1082
Glycated Hemoglobin - Unscheduled,Glycated Hemoglobin,1083
Glycated Hemoglobin - Unscheduled,Glycated Hemoglobin Date of Collection,1083
Glycated Hemoglobin - Unscheduled,Glycated Hemoglobin Time of Collection,1083
Alcohol Screen - Urine or Breath - Unscheduled,Was Test Performed?,1084
Alcohol Screen - Urine or Breath - Unscheduled,Sample Type,1084
Alcohol Screen - Urine or Breath - Unscheduled,"If no, Reason Not Done",1084
Alcohol Screen - Urine or Breath - Unscheduled,Date of Test,1084
Alcohol Screen - Urine or Breath - Unscheduled,Time of Test,1084
Alcohol Screen - Urine or Breath - Unscheduled,Result,1084
Alcohol Screen - Urine or Breath - Unscheduled,Was a Repeat test performed?,1085
Alcohol Screen - Urine or Breath - Unscheduled,Time of Repeat Test,1085
Alcohol Screen - Urine or Breath - Unscheduled,Result of Repeat Test,1085
