form_name,field_name,page
Admission Restrictions: Photo ID #1,Has the participant's photographic and wristband ID been verified and wristband applied to participant's wrist?,1
Admission Restrictions: Photo ID #1,Staff Initials:,1
Admission Restrictions: Photo ID #1,Comment:,1
Admission Restrictions: Bag Search #1,Bag search performed?,1
Admission Restrictions: Bag Search #1,Staff Initials:,1
Admission Restrictions: Bag Search #1,Comment:,1
Admission Restrictions: Bag Search Items Removed #1,"If restricted items removed, record items here",1
Admission Restrictions: Bag Search Items Removed #1,Staff Initials:,1
Admission Restrictions: Bag Search Items Removed #1,Comment:,1
Admission Restrictions: Bag Search Items Removed #1,(9999 char. max.),1
Admission Restrictions: ICF Check #1,Has the ICF version been checked?,1
Admission Restrictions: ICF Check #1,Staff Initials:,1
Admission Restrictions: ICF Check #1,Comment:,1
Admission Restrictions: ICF Version/Date #1,Signed ICF Version / Date (Version must be checked against ICF present in the CSF – escalate any discrepancies),1
Admission Restrictions: ICF Version/Date #1,Staff Initials:,1
Admission Restrictions: ICF Version/Date #1,Comment:,1
Admission Restrictions: ICF Version/Date #1,Version (##.0),1
Admission Restrictions: Screening #1,Has it been more than 20 days since the Screening visit?,2
Admission Restrictions: Screening #1,Staff Initials:,2
Admission Restrictions: Screening #1,Comment:,2
Admission Restrictions: Alcohol #1,Has the participant consumed any alcohol within 48 hours (72hrs prior to dosing) prior to Admission visit? (If 'Yes' exclude per exclusion criteria #24),2
Admission Restrictions: Alcohol #1,Staff Initials:,2
Admission Restrictions: Alcohol #1,Comment:,2
Admission Restrictions: Alcohol Units #1,"If consumed; date, time and number of units",2
Admission Restrictions: Alcohol Units #1,Staff Initials:,2
Admission Restrictions: Alcohol Units #1,Comment:,2
Admission Restrictions: Alcohol Units #1,Time (HH:mm),2
Admission Restrictions: Alcohol Units #1,No of Units units (##),2
Admission Restrictions: Caffeine #1,"Has the participant consumed food and beverages containing methylxanthines (caffeinated coffee, caffeinated tea, caffeinated soda, and chocolate) within 48 hours (72hrs prior to dosing) prior to Admission visit? (If 'Yes' exclude per exclusion criteria #24)",2
Admission Restrictions: Caffeine #1,Staff Initials:,2
Admission Restrictions: Caffeine #1,Comment:,2
Admission Restrictions: Grapefruit #1,"Has participant consumed food or beverages containing pomelo, grapefruit, grapefruit juice, Seville oranges, Seville orange juice, blueberry juice, or cranberry juice within 48 hours (72hrs prior to dosing) prior to Admission visit? (If 'Yes' exclude per exclusion criteria #24)",3
Admission Restrictions: Grapefruit #1,Staff Initials:,3
Admission Restrictions: Grapefruit #1,Comment:,3
Admission Restrictions: Poppy seeds #1,Has the participant consumed any food containing poppy seeds within 48 hours prior to Admission visit?,3
Admission Restrictions: Poppy seeds #1,Staff Initials:,3
Admission Restrictions: Poppy seeds #1,Comment:,3
Admission Restrictions: Activity #1,Has the participant had strenuous activity (e.g. weightlifting) within 72 hours prior to Admission visit?,3
Admission Restrictions: Activity #1,Staff Initials:,3
Admission Restrictions: Activity #1,Comment:,3
Admission Restrictions: Smoking #1,Has the participant use of tobacco products or experience daily exposure to second-hand smoke since Screening? (If 'Yes' exclude per exclusion criteria #14),3
Admission Restrictions: Smoking #1,Staff Initials:,3
Admission Restrictions: Smoking #1,Comment:,3
Prompts: PD Prompt #1,Please ensure that a Protocol Deviation is completed,3
Prompts: PD Prompt #1,Staff Initials:,3
Prompts: PD Prompt #1,Comment:,3
Prompts: AE Prompt #1,Please ensure that an Adverse Event is completed,4
Prompts: AE Prompt #1,Staff Initials:,4
Prompts: AE Prompt #1,Comment:,4
Admission Restrictions: Concomitant Meds #1,Has the participant taken any new medication since the screening visit?,4
Admission Restrictions: Concomitant Meds #1,Staff Initials:,4
Admission Restrictions: Concomitant Meds #1,Comment:,4
Prompts: CM Prompt #1,Please ensure that a Concomitant Medication is completed,4
Prompts: CM Prompt #1,Staff Initials:,4
Prompts: CM Prompt #1,Comment:,4
Urinalysis: Collection Time #1,Record time of urine sample (For all Urine Assessments) (Collect Urine Sample),4
Urinalysis: Collection Time #1,Staff Initials:,4
Urinalysis: Collection Time #1,Comment:,4
Urinalysis: Bilirubin #1,"What was the bilirubin result? If any positive result, inform medic/PI. (Perform urinalysis and read results)",4
Urinalysis: Bilirubin #1,Staff Initials:,4
Urinalysis: Urobilinogen #1,"What was the urobilinogen result? If any positive result, inform medic/PI. (Perform urinalysis and read results)",5
Urinalysis: Urobilinogen #1,Staff Initials:,5
Urinalysis: Urobilinogen #1,Comment:,5
Urinalysis: Ketones #1,"What was the ketone result? If any positive result, inform medic/PI. (Perform urinalysis and read results)",5
Urinalysis: Ketones #1,Staff Initials:,5
Urinalysis: Ketones #1,Comment:,5
Urinalysis: Glucose #1,"What was the glucose result? If any positive result, inform medic/PI. (Perform urinalysis and read results)",6
Urinalysis: Glucose #1,Staff Initials:,6
Urinalysis: Glucose #1,Comment:,6
Urinalysis: Protein #1,What was the protein result?,6
Urinalysis: Protein #1,"IF PROTEIN ≥ 30mg/dl: Repeat urinalysis as soon as possible, ensuring a clean catch specimen. If protein remains ≥ 30mg/dl on repeat, then inform PI/medic. (Perform urinalysis and read results)",6
Urinalysis: Protein #1,Staff Initials:,6
Urinalysis: Protein #1,Comment:,6
Urinalysis: Nitrite #1,What was the nitrite result? (Perform urinalysis and read results),7
Urinalysis: Nitrite #1,Staff Initials:,7
Urinalysis: Nitrite #1,Comment:,7
Urinalysis: pH #1,Record pH value (Perform urinalysis and read results),7
Urinalysis: pH #1,Staff Initials:,7
Urinalysis: Specific Gravity #1,Record specific gravity of sample (Perform urinalysis and read results),8
Urinalysis: Specific Gravity #1,Staff Initials:,8
Urinalysis: Specific Gravity #1,Comment:,8
Urinalysis: Leukocytes #1,What was the leukocyte result? (Perform urinalysis and read results),8
Urinalysis: Leukocytes #1,Staff Initials:,8
Urinalysis: Participant menstruating #1,"Is participant female and menstruating? (If 'Yes', DO NOT send sample for Microscopy. If 'No', send sample for Microscopy)",9
Urinalysis: Participant menstruating #1,Staff Initials:,9
Urinalysis: Participant menstruating #1,Comment:,9
Urinalysis: Send for microscopy #1,Confirm sample sent for microscopy (Complete associated paperwork),9
Urinalysis: Send for microscopy #1,Staff Initials:,9
Urinalysis: Send for microscopy #1,Comment:,9
Urinalysis: Repeat Urinalysis #1,Has urinalysis been repeated as soon as possible with a clean catch specimen? Ensure events are repeated to capture this data.,9
Urinalysis: Repeat Urinalysis #1,Staff Initials:,9
Urinalysis: Repeat Urinalysis #1,Comment:,9
Urinalysis: Urinalysis Microscopy #1,Urinalysis Microscopy Sample (20 mL Sterilin screw cap),10
Urinalysis: Urinalysis Microscopy #1,Staff Initials:,10
Urinalysis: Urinalysis Microscopy #1,Comment:,10
Urinalysis: TDL Form Check #1,Confirm TDL form completed:,10
Urinalysis: TDL Form Check #1,- Correct form used - Correct participant label applied - Correct slot number written - Correct sex and fasting status - Correct timepoint checked - Correct sample date and time written - Correct visit - Initials signed to confirm sample collected and form correct,10
Urinalysis: TDL Form Check #1,Staff Initials:,10
Urinalysis: TDL Form Check #1,Comment:,10
Urinalysis: Urinalysis Medic Assessment #1,Has there been a medic review of the Microscopy results?,10
Urinalysis: Urinalysis Medic Assessment #1,Staff Initials:,10
Urinalysis: Urinalysis Medic Assessment #1,Comment:,10
Urine Drug Screen: Amphetamines #1,Drugs of abuse - Amphetamines (AMP),10
Urine Drug Screen: Amphetamines #1,Staff Initials:,10
Urine Drug Screen: Amphetamines #1,Comment:,10
Urine Drug Screen: Benzodiazepines #1,Drugs of abuse - Benzodiazepines (BZO),11
Urine Drug Screen: Benzodiazepines #1,Staff Initials:,11
Urine Drug Screen: Benzodiazepines #1,Comment:,11
Urine Drug Screen: Methadone #1,Drugs of abuse - Methadone (MTD),11
Urine Drug Screen: Methadone #1,Staff Initials:,11
Urine Drug Screen: Methadone #1,Comment:,11
Urine Drug Screen: Tricyclic Antidepressants #1,Drugs of abuse - Tricyclic Antidepressants (TCA),11
Urine Drug Screen: Tricyclic Antidepressants #1,Staff Initials:,11
Urine Drug Screen: Tricyclic Antidepressants #1,Comment:,11
Urine Drug Screen: Morphine/Opiates #1,Drugs of abuse - Morphine/Opiates (MOP),12
Urine Drug Screen: Morphine/Opiates #1,Staff Initials:,12
Urine Drug Screen: Morphine/Opiates #1,Comment:,12
Urine Drug Screen: Methamphetamine/Ecstasy #1,Drugs of abuse - Methamphetamine/Ecstasy (MET),12
Urine Drug Screen: Methamphetamine/Ecstasy #1,Staff Initials:,12
Urine Drug Screen: Methamphetamine/Ecstasy #1,Comment:,12
Urine Drug Screen: Phencyclidine #1,Drugs of abuse - Phencyclidine (PCP),12
Urine Drug Screen: Phencyclidine #1,Staff Initials:,12
Urine Drug Screen: Phencyclidine #1,Comment:,12
Urine Drug Screen: Medic Prompt #1,Positive Drugs of Abuse result (Medic to exclude subject),13
Urine Drug Screen: Medic Prompt #1,Staff Initials:,13
Urine Drug Screen: Medic Prompt #1,Comment:,13
Safety: Urine Cotinine #1,Urine Cotinine test - please ensure study specific tests are used,13
Safety: Urine Cotinine #1,Staff Initials:,13
Safety: Urine Cotinine #1,Comment:,13
Safety: Prompt for Medic for Cotinine #1,Positive result for Urine Cotinine (Medic to exclude participant ),13
Safety: Prompt for Medic for Cotinine #1,Staff Initials:,13
Safety: Prompt for Medic for Cotinine #1,Comment:,13
Safety: Urine Pregnancy test #1,Urine Pregnancy test (N/A if male),13
Safety: Urine Pregnancy test #1,Staff Initials:,13
Safety: Prompt for Medic for Urine Pregnancy #1,Positive result for Urine Pregnancy (Medic to exclude participant ),14
Safety: Prompt for Medic for Urine Pregnancy #1,Staff Initials:,14
Safety: Prompt for Medic for Urine Pregnancy #1,Comment:,14
Breath Tests: Alcohol #1,Alcohol breath test (Positive result > 0.02),14
Breath Tests: Alcohol #1,Staff Initials:,14
Breath Tests: Alcohol #1,Comment:,14
Breath Tests: Prompt for Medic #1,Positive result for Alcohol Breath Test (Medic to exclude participant ),14
Breath Tests: Prompt for Medic #1,Staff Initials:,14
Breath Tests: Prompt for Medic #1,Comment:,14
Anthropometrics: Weight (kg) #1,Weight (kg),14
Anthropometrics: Weight (kg) #1,Staff Initials:,14
Anthropometrics: Weight (kg) #1,Comment:,14
ECG: ECG Rhythm Assess/Interpretation #1,ECG Rhythm assessment and interpretation,15
ECG: ECG Rhythm Assess/Interpretation #1,Staff Initials:,15
ECG: ECG Rhythm Assess/Interpretation #1,Comment:,15
ECG: ECG Significance #1,Was the ECG clinically significant? (Medic to assess),15
ECG: ECG Findings #1,ECG Findings,16
ECG: ECG Findings #1,Staff Initials:,16
ECG: ECG Findings #1,Comment:,16
ECG: ECG Findings inc Rhythm #1,"ECG Findings, including rhythm assessment",16
ECG: ECG Findings inc Rhythm #1,Staff Initials:,16
ECG: ECG Findings inc Rhythm #1,Comment:,16
Vital Signs: Vital Signs Supine Full Set #1,Vital Signs,17
Vital Signs: Vital Signs Supine Full Set #1,"Exclude if - Systolic blood pressure [SBP] >140 mmHg or diastolic blood pressure [DBP] >90 mmHg in the supine position. Supine heart rate, after resting for at least 3 minutes, outside the range of 50 to 100 beats per minute. (Supine for at least 3 minutes)",17
Vital Signs: Vital Signs Supine Full Set #1,Staff Initials:,17
Vital Signs: Vital Signs Supine Full Set #1,Comment:,17
Vital Signs: Vital Signs Supine Full Set #1,Diastolic mmHg (##0),17
Vital Signs: Vital Signs Supine Full Set #1,Heart Rate beats/min (##0),17
Vital Signs: Vital Signs Supine Full Set #1,Respiratory Rate breaths/mi (##0),17
Vital Signs: Vital Signs Supine Full Set #1,Oral Temperature - Degrees Celsius . C (##.0),17
Vital Signs: Clinical Significance #1,Clinical Assessment of Vital Signs (Medic or Nurse to assess vital signs),17
Vital Signs: Clinical Significance #1,Staff Initials:,17
Vital Signs: Clinical Significance #1,Comment:,17
Vital Signs: Vital Signs Findings #1,Vital Sign Findings,17
Vital Signs: Vital Signs Findings #1,Staff Initials:,17
Vital Signs: Vital Signs Findings #1,Comment:,17
Vital Signs Standing: Vital Signs Standing BP and HR #1,Vital Signs Standing BP and HR,18
Vital Signs Standing: Vital Signs Standing BP and HR #1,"Exclude if - Symptomatic hypotension or orthostatic hypotension, which is defined as a decrease of ≥20 mmHg in SBP and/or a decrease of ≥10 mmHg in DBP after at least 3 minutes of standing compared with the previous supine blood pressure. (Standing for at least 3 minutes)",18
Vital Signs Standing: Vital Signs Standing BP and HR #1,Staff Initials:,18
Vital Signs Standing: Vital Signs Standing BP and HR #1,Comment:,18
Vital Signs Standing: Vital Signs Standing BP and HR #1,Diastolic mmHg (##0),18
Vital Signs Standing: Vital Signs Standing BP and HR #1,Heart Rate beats/min (##0),18
Vital Signs Standing: Drop in SBP from Supine to Standing #1,Is there a drop in SYSTOLIC BP from supine to standing?,18
Vital Signs Standing: Drop in SBP from Supine to Standing #1,Staff Initials:,18
Vital Signs Standing: Drop in SBP from Supine to Standing #1,Comment:,18
Vital Signs Standing 2: Drop in DBP from Supine to Standing #1,Is there a drop in DIASTOLIC BP from supine to standing?,18
Vital Signs Standing 2: Drop in DBP from Supine to Standing #1,Staff Initials:,18
Vital Signs Standing 2: Drop in DBP from Supine to Standing #1,Comment:,18
Vital Signs Difference: Vital Signs Calculation BP and HR #1,Vital Signs Difference for SYSTOLIC Drop,19
Vital Signs Difference: Vital Signs Calculation BP and HR #1,Staff Initials:,19
Vital Signs Difference: Vital Signs Calculation BP and HR #1,Comment:,19
Vital Signs Difference: Vital Signs Calculation BP and HR 2 #1,Vital Signs Difference for DIASTOLIC Drop,19
Vital Signs Difference: Vital Signs Calculation BP and HR 2 #1,Staff Initials:,19
Vital Signs Difference: Vital Signs Calculation BP and HR 2 #1,Comment:,19
Vital Signs Standing: Clinical Significance #1,Clinical Assessment of Standing Vital Signs (Medic or Nurse to assess vital signs),19
Vital Signs Standing: Clinical Significance #1,Staff Initials:,19
Vital Signs Standing: Clinical Significance #1,Comment:,19
Vital Signs Standing: Vital Signs Findings #1,Vital Sign Findings,19
Vital Signs Standing: Vital Signs Findings #1,Staff Initials:,19
Vital Signs Standing: Vital Signs Findings #1,Comment:,19
Safety: Fasted #1,Has the participant fasted for 8 hours?,19
Safety: Fasted #1,Staff Initials:,19
Whole Blood: FBR Sample Collected #1,Has the optional Future Biospecimen Research Sample been consented to and can be collected?,20
Whole Blood: FBR Sample Collected #1,Staff Initials:,20
Whole Blood: FBR Sample Collected #1,Comment:,20
Whole Blood: FBR #1,Future Biospecimen Research Sample - Gently invert tube 8-10 times immediately after collection and protect from the light (4 mL K2EDTA),20
Whole Blood: FBR #1,Staff Initials:,20
Whole Blood: FBR #1,Comment:,20
Safety: Haematology #1,Haematology – Mix tube gently by inverting 8–10 times (2 mL K3EDTA),20
Safety: Haematology #1,Staff Initials:,20
Safety: Haematology #1,Comment:,20
Safety: Haematology Medic Assessment #1,Has there been a medic review of the Haematology blood results?,20
Safety: Haematology Medic Assessment #1,Staff Initials:,20
Safety: Haematology Medic Assessment #1,Comment:,20
Safety: Chemistry #1,Chemistry – Mix tube gently by inverting 5–6 times (5 mL SST),20
Safety: Chemistry #1,Staff Initials:,20
Safety: Chemistry #1,Comment:,20
Safety: TDL Form Check #1,Confirm TDL form completed:,21
Safety: TDL Form Check #1,- Correct form used - Correct participant label applied - Correct slot number written - Correct sex and fasting status - Correct timepoint checked - Correct sample date and time written - Correct visit - Initials signed to confirm sample collected and form correct,21
Safety: TDL Form Check #1,Staff Initials:,21
Safety: TDL Form Check #1,Comment:,21
Targeted Physical Examination Findings: Require Targeted PE? #1,"Targeted Physical Examination: Does the participant require a targeted physical examination? (If yes, please specify the reason)",21
Targeted Physical Examination Findings: Require Targeted PE? #1,Staff Initials:,21
Targeted Physical Examination Findings: Require Targeted PE? #1,Comment:,21
Targeted Physical Examination Findings: Any clinically significant abnormal,"findings? #1 If yes, were there any clinically significant abnormal findings?",22
Targeted Physical Examination Findings: Any clinically significant abnormal,Staff Initials:,22
Targeted Physical Examination Findings: Any clinically significant abnormal,Comment:,22
Targeted Physical Examination Findings: Physical Examination Category #1,Physical Examination Category,22
Targeted Physical Examination Findings: Physical Examination Category #1,Staff Initials:,22
Targeted Physical Examination Findings: Findings #1,Detailed findings of Physical Examination,23
Targeted Physical Examination Findings: Findings #1,Staff Initials:,23
Targeted Physical Examination Findings: Findings #1,Comment:,23
Neurological Examination: Neurological Examination Performed? #1,Was a neurological examination performed?,23
Neurological Examination: Neurological Examination Performed? #1,Staff Initials:,23
Neurological Examination: Neurological Examination Performed? #1,Comment:,23
Neurological Examination: Mental Status #1,Mental Status,23
Neurological Examination: Mental Status #1,Staff Initials:,23
Neurological Examination: Mental Status #1,Comment:,23
Neurological Examination: Cranial Nerves #1,Cranial Nerves,23
Neurological Examination: Cranial Nerves #1,Staff Initials:,23
Neurological Examination: Motor Systems #1,Motor Systems,24
Neurological Examination: Motor Systems #1,Staff Initials:,24
Neurological Examination: Motor Systems #1,Comment:,24
Neurological Examination: Reflexes #1,Reflexes,24
Neurological Examination: Reflexes #1,Staff Initials:,24
Neurological Examination: Reflexes #1,Comment:,24
Neurological Examination: Co-ordination #1,Co-ordination,25
Neurological Examination: Co-ordination #1,Staff Initials:,25
Neurological Examination: Co-ordination #1,Comment:,25
Neurological Examination: Station and Gait #1,Station and Gait,26
Neurological Examination: Station and Gait #1,Staff Initials:,26
Neurological Examination: Station and Gait #1,Comment:,26
Neurological Examination: Findings #1,Detailed findings of Neurological Examination,26
Neurological Examination: Findings #1,Staff Initials:,26
Neurological Examination: Findings #1,Comment:,26
Stanford Sleepiness Scale: Stanford Sleepiness Scale Date #1,Stanford Sleepiness Scale Questionnaire - Date and Time (Transcribe from paper source workbook),26
Stanford Sleepiness Scale: Stanford Sleepiness Scale Date #1,Staff Initials:,26
Stanford Sleepiness Scale: Stanford Sleepiness Scale Date #1,Comment:,26
Stanford Sleepiness Scale: Stanford Sleepiness Scale Date #1,Time (HH:mm),26
Stanford Sleepiness Scale: Degree of Sleepiness #1,Degree of Sleepiness (Transcribe from paper source workbook),26
Stanford Sleepiness Scale: Degree of Sleepiness #1,Staff Initials:,26
C-SSRS Assessment: Date of Assessment #1,C-SSRS Questionnaire - Date and Time (Transcribe from C-SSRS paper source workbook),27
C-SSRS Assessment: Date of Assessment #1,Staff Initials:,27
C-SSRS Assessment: Date of Assessment #1,Comment:,27
C-SSRS Assessment: Date of Assessment #1,Time (HH:mm),27
C-SSRS Since Last Visit: 1. Wish to be Dead #1,1. Wish to be dead,28
C-SSRS Since Last Visit: 1. Wish to be Dead #1,"Subject endorses thoughts about a wish to be dead or not alive anymore, or a wish to fall asleep and not wake up. (Have you wished you were dead or wished you could go to sleep and not wake up?)",28
C-SSRS Since Last Visit: 1. Wish to be Dead #1,Staff Initials:,28
C-SSRS Since Last Visit: 1. Wish to be Dead #1,Comment:,28
C-SSRS Since Last Visit: 2. Non-specific Thoughts #1,2. Non-specific Active Suicidal Thoughts,28
C-SSRS Since Last Visit: 2. Non-specific Thoughts #1,"General non-specific thoughts of wanting to end one's life / commit suicide (e.g. ""I've thought about killing myself"") without thoughts of ways to kill oneself / associated methods, intent, or plan during the assessment period. (Have you actually had any thoughts of killing yourself?)",28
C-SSRS Since Last Visit: 2. Non-specific Thoughts #1,Staff Initials:,28
C-SSRS Since Last Visit: 2. Non-specific Thoughts #1,Comment:,28
C-SSRS Since Last Visit: 3. Active Ideation No Intent #1,3. Active Suicidal Ideation with Any Methods (Not Plan) Without Intent to Act,29
C-SSRS Since Last Visit: 3. Active Ideation No Intent #1,"Subject endorses thoughts of suicide and has thought of at least one method during the assessment period. This is different from a specific plan with time, place or method details worked out (e.g. thought of method to kill self but not a specific plan). Includes person who would say, ""I thought about taking an overdose but I never made a specific plan as to when, where or how I would actually do it… and I would never go through with it"". (Have you been thinking about how you might do this?)",29
C-SSRS Since Last Visit: 3. Active Ideation No Intent #1,Staff Initials:,29
C-SSRS Since Last Visit: 3. Active Ideation No Intent #1,Comment:,29
C-SSRS Since Last Visit: 4. Active Ideation Some Intent #1,"4. Active Suicidal Ideation with Some Intent to Act, without Specific Plan",29
C-SSRS Since Last Visit: 4. Active Ideation Some Intent #1,"Active suicidal thoughts of killing oneself and subject reports having some intent to act on such thoughts, as opposed to ""I have the thoughts but I definitely will not do anything about them"". (Have you had these thoughts and had some intention of acting on them?)",29
C-SSRS Since Last Visit: 4. Active Ideation Some Intent #1,Staff Initials:,29
C-SSRS Since Last Visit: 4. Active Ideation Some Intent #1,Comment:,29
C-SSRS Since Last Visit: 5. Active Ideation Specific Intent #1,5. Active Suicidal Ideation with Specific Plan and Intent,30
C-SSRS Since Last Visit: 5. Active Ideation Specific Intent #1,Thoughts of killing oneself with details of plan fully or partially worked out and subject has some intent to carry it out. (Have you started to work out or worked out the details of how to kill yourself? Do you intend to carry out this plan?),30
C-SSRS Since Last Visit: 5. Active Ideation Specific Intent #1,Staff Initials:,30
C-SSRS Since Last Visit: 5. Active Ideation Specific Intent #1,Comment:,30
C-SSRS Since Last Visit: 6. Most Severe Ideation #1,Most Severe Ideation,30
C-SSRS Since Last Visit: 6. Most Severe Ideation #1,"The following feature should be rated with respect to the most severe type of ideation (i.e. 1-5 from above, with 1 being the least severe and 5 being the most severe). Ask about time he/she was feeling the most suicidal.",30
C-SSRS Since Last Visit: 6. Most Severe Ideation #1,Staff Initials:,30
C-SSRS Since Last Visit: 6. Most Severe Ideation #1,Comment:,30
C-SSRS Since Last Visit: 6. Description of Ideation #1,Description of Ideation,30
C-SSRS Since Last Visit: 6. Description of Ideation #1,Staff Initials:,30
C-SSRS Since Last Visit: 6. Description of Ideation #1,Comment:,30
C-SSRS Since Last Visit: 7. Frequency #1,Frequency,30
C-SSRS Since Last Visit: 7. Frequency #1,(How many times have you had these thoughts?),30
C-SSRS Since Last Visit: 7. Frequency #1,Staff Initials:,30
C-SSRS Since Last Visit: 8. Duration #1,Duration,31
C-SSRS Since Last Visit: 8. Duration #1,"(When you have the thoughts, how long do they last?)",31
C-SSRS Since Last Visit: 8. Duration #1,Staff Initials:,31
C-SSRS Since Last Visit: 8. Duration #1,Comment:,31
C-SSRS Since Last Visit: 9. Controllability #1,Controllability,31
C-SSRS Since Last Visit: 9. Controllability #1,(Could/can you stop thinking about killing yourself or wanting to die if you want to?),31
C-SSRS Since Last Visit: 9. Controllability #1,Staff Initials:,31
C-SSRS Since Last Visit: 10. Deterrents #1,Deterrents,32
C-SSRS Since Last Visit: 10. Deterrents #1,"(Are there things - anyone or anything (e.g. family, religion, pain of death) - that stopped you from wanting to die or acting on thoughts of committing suicide?)",32
C-SSRS Since Last Visit: 10. Deterrents #1,Staff Initials:,32
C-SSRS Since Last Visit: 10. Deterrents #1,Comment:,32
C-SSRS Since Last Visit: 11. Reasons for Ideation #1,Reasons for Ideation,32
C-SSRS Since Last Visit: 11. Reasons for Ideation #1,"(What sort of reasons did you have for thinking about wanting to die or killing yourself? Was it to end the pain or stop the way you were feeling (in other words you couldn't go on living with this pain or how you were feeling) or was it to get attention, revenge or a reaction from others? Or both?)",32
C-SSRS Since Last Visit: 11. Reasons for Ideation #1,Staff Initials:,32
C-SSRS Since Last Visit: 11. Reasons for Ideation #1,Comment:,33
C-SSRS Since Last Visit: 12. Actual Attempt #1,Actual Attempt (Since Last Visit),34
C-SSRS Since Last Visit: 12. Actual Attempt #1,"A potentially self-injurious act committed with at least some wish to die, as a result of act. Behaviour was in part thought of as method to kill oneself. Intent does not have to be 100%. If there is any intent/desire to die associated with the act, then it can be considered an actual suicide attempt. There does not have to be any injury or harm, just the potential for injury or harm. If person pulls trigger while gun is in mouth but gun is broken so no injury results, this is considered an attempt. Inferring Intent: Even if an individual denies intent/wish to die, it may be inferred clinically from the behaviour or circumstances. For example, a highly lethal act that is clearly not an accident so no other intent but suicide can be inferred (e.g. gunshot to head, jumping from window of a high floor/storey). Also, if someone denies intent to die, but they thought that what they did could be lethal, intent maybe inferred. (Have you made a suicide attempt? Have you done anything to harm yourself? Have you done anything dangerous where you could have died? (What did you do? Did you ___ as a way to end your life? Did you want to die (even a little) when you___? Were you trying to end your life when you___? Or did you think it was possible you could have died from___?) Or did you do it purely for other reasons / without ANY intention of killing yourself (like to relieve stress, feel better, get sympathy, or get something else to happen)? (Self-Injurious Behaviour without suicidal intent))",34
C-SSRS Since Last Visit: 12. Actual Attempt #1,Staff Initials:,34
C-SSRS Since Last Visit: 12. Actual Attempt #1,Comment:,34
C-SSRS Since Last Visit: 12. Total Number of Attempts #1,Total Number of Attempts,34
C-SSRS Since Last Visit: 12. Total Number of Attempts #1,Staff Initials:,34
C-SSRS Since Last Visit: 12. Total Number of Attempts #1,Comment:,34
C-SSRS Since Last Visit: 13. Has Subject Engaged #1,Has subject engaged in Non-Suicidal Self-Injurious Behaviour (Since Last Visit),34
C-SSRS Since Last Visit: 13. Has Subject Engaged #1,Staff Initials:,34
C-SSRS Since Last Visit: 14. Interrupted Attempt #1,Interrupted Attempt (Since Last Visit),35
C-SSRS Since Last Visit: 14. Interrupted Attempt #1,"When the person is interrupted (by an outside circumstance) from starting the potentially self- injurious act (if not for that, actual attempt would have occurred). Overdose: Person has pills in hand but is stopped from ingesting. Once they ingest any pills, this becomes an attempt rather than an interrupted attempt. Shooting: Person has gun pointed towards self, gun is taken away by someone else, or he/she is somehow prevented from pulling trigger. Once they pull the trigger, even if the gun fails to fire, it is an attempt. Jumping: Person is poised to jump, is grabbed and taken down from ledge. Hanging: Person has noose around neck but has not yet started to hang - is stopped from doing so. (Has there been a time when you started to do something to end your life but someone or something stopped you before you actually did anything?)",35
C-SSRS Since Last Visit: 14. Interrupted Attempt #1,Staff Initials:,35
C-SSRS Since Last Visit: 14. Interrupted Attempt #1,Comment:,35
C-SSRS Since Last Visit: 14. Total Number of Interrupted #1,Total Number of Interrupted,35
C-SSRS Since Last Visit: 14. Total Number of Interrupted #1,Staff Initials:,35
C-SSRS Since Last Visit: 14. Total Number of Interrupted #1,Comment:,35
C-SSRS Since Last Visit: 15. Aborted Attempt #1,Aborted Attempt (Since Last Visit),35
C-SSRS Since Last Visit: 15. Aborted Attempt #1,"When person begins to take steps towards making a suicide attempt, but stops themselves before they actually have engaged in any self-destructive behaviour. Examples are similar to interrupted attempts, except that the individual stops him/herself instead of being stopped by something else. (Has there been a time when you started to do something to try to end your life but you stopped yourself before you actually did anything?)",35
C-SSRS Since Last Visit: 15. Total Number of Aborted #1,Total Number of Aborted,36
C-SSRS Since Last Visit: 15. Total Number of Aborted #1,"Acts or preparation towards imminently making a suicide attempt. This can include anything beyond a verbalisation or thought, such as assembling a specific method (e.g. buying pills, purchasing a gun) or preparing for one's death by suicide (e.g. giving things away, writing a suicide note). (Have you taken any steps towards making a suicide attempt or preparing to kill yourself (such as collecting pills, getting a gun, giving valuables away or writing a suicide note)?)",36
C-SSRS Since Last Visit: 15. Total Number of Aborted #1,Staff Initials:,36
C-SSRS Since Last Visit: 15. Total Number of Aborted #1,Comment:,36
C-SSRS Since Last Visit: 16. Preparatory Acts or Behaviour #1,Preparatory Acts or Behaviour (Since Last Visit),36
C-SSRS Since Last Visit: 16. Preparatory Acts or Behaviour #1,"Acts or preparation towards imminently making a suicide attempt. This can include anything beyond a verbalisation or thought, such as assembling a specific method (e.g. buying pills, purchasing a gun) or preparing for one's death by suicide (e.g. giving things away, writing a suicide note). (Have you taken any steps towards making a suicide attempt or preparing to kill yourself (such as collecting pills, getting a gun, giving valuables away or writing a suicide note)?)",36
C-SSRS Since Last Visit: 16. Preparatory Acts or Behaviour #1,Staff Initials:,36
C-SSRS Since Last Visit: 16. Preparatory Acts or Behaviour #1,Comment:,36
C-SSRS Since Last Visit: 17. Suicidal Behaviour #1,Suicidal Behaviour (Since Last Visit),36
C-SSRS Since Last Visit: 17. Suicidal Behaviour #1,Suicidal behaviour was present during the assessment period?,36
C-SSRS Since Last Visit: 17. Suicidal Behaviour #1,Staff Initials:,36
C-SSRS Since Last Visit: 18. Suicide #1,Suicide (Since Last Visit),37
C-SSRS Since Last Visit: 18. Suicide #1,Staff Initials:,37
C-SSRS Since Last Visit: 18. Suicide #1,Comment:,37
C-SSRS Since Last Visit: 19. Most Lethal Attempt Date #1,Most Lethal Attempt Date,37
C-SSRS Since Last Visit: 19. Most Lethal Attempt Date #1,Staff Initials:,37
C-SSRS Since Last Visit: 19. Most Lethal Attempt Date #1,Comment:,37
C-SSRS Since Last Visit: 19. Actual Lethality Most Lethal Attempt #1,Actual Lethality/Medical Damage - Most Lethal Attempt,37
C-SSRS Since Last Visit: 19. Actual Lethality Most Lethal Attempt #1,Staff Initials:,37
C-SSRS Since Last Visit: 19. Potential Lethality Most Lethal Attempt #1,Potential Lethality - Most Lethal Attempt Code (only answer if Actual Lethality = 0),38
C-SSRS Since Last Visit: 19. Potential Lethality Most Lethal Attempt #1,Staff Initials:,38
C-SSRS Since Last Visit: 19. Potential Lethality Most Lethal Attempt #1,Comment:,38
Meals: Confirm Snack #1,Confirm Evening Snack Provided,38
Meals: Confirm Snack #1,Staff Initials:,38
Meals: Confirm Snack #1,Comment:,38
Meals: Start Fast #1,Start time of fast (Includes all food and drink except water),38
Meals: Start Fast #1,(Fast for at least 10 hours before breakfast or dosing depending on Part & Cohort),38
Meals: Start Fast #1,Staff Initials:,38
Meals: Start Fast #1,Comment:,38
System: Available #1,What is the status of the subject?,38
System: Available #1,Staff Initials:,38
Admission and Discharge: Pre-Dose Check In #1,Check the participant in for predose assessments.,39
Admission and Discharge: Pre-Dose Check In #1,Staff Initials:,39
Admission and Discharge: Pre-Dose Check In #1,Comment:,39
Pre-dose Triplicate ECG 1: 12 Lead Standard #1,PRE-DOSE Triplicate ECG 1: 12 Lead Standard ECG,39
Pre-dose Triplicate ECG 1: 12 Lead Standard #1,"Exclude if - QT interval corrected for heart rate using Fridericia’s formula (QTcF) >450 msec for male participants or >470 msec for female participants, QRS interval >120 msec, or PR interval >200 msec. (Supine for a minimum 3 minutes)",39
Pre-dose Triplicate ECG 1: 12 Lead Standard #1,Staff Initials:,39
Pre-dose Triplicate ECG 1: 12 Lead Standard #1,Comment:,39
Pre-dose Triplicate ECG 1: 12 Lead Standard #1,PR interval ms (##0),39
Pre-dose Triplicate ECG 1: 12 Lead Standard #1,QRS Duration ms (##0),39
Pre-dose Triplicate ECG 1: 12 Lead Standard #1,QT interval ms (##0),39
Pre-dose Triplicate ECG 1: 12 Lead Standard #1,QRS Axis deg (###0),39
Pre-dose Triplicate ECG 1: 12 Lead Standard #1,RR Interval ms (###0),39
Pre-dose Triplicate ECG 1: 12 Lead Standard #1,QTcF ms (##0),39
Pre-dose Triplicate ECG 1: ECG Rhythm Assess/Interpretation #1,PRE-DOSE Triplicate ECG 1: ECG Rhythm assessment and interpretation,39
Pre-dose Triplicate ECG 1: ECG Rhythm Assess/Interpretation #1,Staff Initials:,39
Pre-dose Triplicate ECG 1: ECG Significance #1,PRE-DOSE Triplicate ECG 1: Was the ECG clinically significant? (Medic to assess),40
Pre-dose Triplicate ECG 1: ECG Significance #1,Staff Initials:,40
Pre-dose Triplicate ECG 1: ECG Significance #1,Comment:,40
Pre-dose Triplicate ECG 1: ECG Findings #1,PRE-DOSE Triplicate ECG 1: ECG Findings,40
Pre-dose Triplicate ECG 1: ECG Findings #1,Staff Initials:,40
Pre-dose Triplicate ECG 1: ECG Findings #1,Comment:,40
Pre-dose Triplicate ECG 1: ECG Findings inc Rhythm #1,"PRE-DOSE Triplicate ECG 1: ECG Findings, including rhythm assessment",40
Pre-dose Triplicate ECG 1: ECG Findings inc Rhythm #1,Staff Initials:,40
Pre-dose Triplicate ECG 1: ECG Findings inc Rhythm #1,Comment:,40
Pre-dose Triplicate ECG 2: 12 Lead Standard #1,PRE-DOSE Triplicate ECG 2: 12 Lead Standard ECG (To be performed at least 2 minutes after ECG1),40
Pre-dose Triplicate ECG 2: 12 Lead Standard #1,Staff Initials:,40
Pre-dose Triplicate ECG 2: ECG Rhythm Assess/Interpretation #1,PRE-DOSE Triplicate ECG 2: ECG Rhythm assessment and interpretation,41
Pre-dose Triplicate ECG 2: ECG Rhythm Assess/Interpretation #1,Staff Initials:,41
Pre-dose Triplicate ECG 2: ECG Rhythm Assess/Interpretation #1,Comment:,41
Pre-dose Triplicate ECG 2: ECG Significance #1,PRE-DOSE Triplicate ECG 2: Was the ECG clinically significant? (Medic to assess),42
Pre-dose Triplicate ECG 2: ECG Significance #1,Staff Initials:,42
Pre-dose Triplicate ECG 2: ECG Significance #1,Comment:,42
Pre-dose Triplicate ECG 2: ECG Findings #1,PRE-DOSE Triplicate ECG 2: ECG Findings,42
Pre-dose Triplicate ECG 2: ECG Findings #1,Staff Initials:,42
Pre-dose Triplicate ECG 2: ECG Findings #1,Comment:,42
Pre-dose Triplicate ECG 2: ECG Findings inc Rhythm #1,"PRE-DOSE Triplicate ECG 2: ECG Findings, including rhythm assessment",42
Pre-dose Triplicate ECG 2: ECG Findings inc Rhythm #1,Staff Initials:,42
Pre-dose Triplicate ECG 2: ECG Findings inc Rhythm #1,Comment:,42
Pre-dose Triplicate ECG 3: 12 Lead Standard #1,PRE-DOSE Triplicate ECG 3: 12 Lead Standard ECG (To be performed at least 2 minutes after ECG2),42
Pre-dose Triplicate ECG 3: 12 Lead Standard #1,Staff Initials:,42
Pre-dose Triplicate ECG 3: 12 Lead Standard #1,PR interval ms (##0),42
Pre-dose Triplicate ECG 3: 12 Lead Standard #1,QRS Duration ms (##0),42
Pre-dose Triplicate ECG 3: 12 Lead Standard #1,QT interval ms (##0),42
Pre-dose Triplicate ECG 3: ECG Rhythm Assess/Interpretation #1,PRE-DOSE Triplicate ECG 3: ECG Rhythm assessment and interpretation,43
Pre-dose Triplicate ECG 3: ECG Rhythm Assess/Interpretation #1,Staff Initials:,43
Pre-dose Triplicate ECG 3: ECG Rhythm Assess/Interpretation #1,Comment:,43
Pre-dose Triplicate ECG 3: ECG Significance #1,PRE-DOSE Triplicate ECG 3: Was the ECG clinically significant? (Medic to assess),43
Pre-dose Triplicate ECG 3: ECG Significance #1,Staff Initials:,43
Pre-dose Triplicate ECG 3: ECG Significance #1,Comment:,43
Pre-dose Triplicate ECG 3: ECG Findings #1,PRE-DOSE Triplicate ECG 3: ECG Findings,44
Pre-dose Triplicate ECG 3: ECG Findings #1,Staff Initials:,44
Pre-dose Triplicate ECG 3: ECG Findings #1,Comment:,44
Pre-dose Triplicate ECG 3: ECG Findings inc Rhythm #1,"PRE-DOSE Triplicate ECG 3: ECG Findings, including rhythm assessment",44
Pre-dose Triplicate ECG 3: ECG Findings inc Rhythm #1,Staff Initials:,44
Pre-dose Triplicate ECG 3: ECG Findings inc Rhythm #1,Comment:,44
Mean Values: Pre-dose Mean values #1,PRE-DOSE - Mean values,44
Mean Values: Pre-dose Mean values #1,"Exclude if - QT interval corrected for heart rate using Fridericia’s formula (QTcF) >450 msec for male participants or >470 msec for female participants, QRS interval >120 msec, or PR interval >200 msec",44
Mean Values: Pre-dose Mean values #1,Staff Initials:,44
Mean Values: Pre-dose Mean values #1,Comment:,44
Mean Values: Pre-dose Mean values #1,QRS Duration ms (##0),44
Mean Values: Pre-dose Mean values #1,QTcF ms (##0),44
ECG Difference: Baseline values #1,Please transcribe the baseline value for QTcF for withdrawal purposes for Period 1 post dose from the mean QTcF above,44
ECG Difference: Baseline values #1,Staff Initials:,44
ECG Difference: Baseline values #1,Comment:,44
Pre-dose Vital Signs: Clinical Significance #1,PRE-DOSE - Clinical Assessment of Vital Signs (Medic or Nurse to assess vital signs),45
Pre-dose Vital Signs: Clinical Significance #1,Staff Initials:,45
Pre-dose Vital Signs: Clinical Significance #1,Comment:,45
Pre-dose Vital Signs: Vital Signs Findings #1,PRE-DOSE - Vital Sign Findings,45
Pre-dose Vital Signs: Vital Signs Findings #1,Staff Initials:,45
Pre-dose Vital Signs: Vital Signs Findings #1,Comment:,45
Pre-dose Vital Signs Standing: Drop in BP from Supine to Standing #1,PRE-DOSE - Is there a drop in SYSTOLIC BP from supine to standing?,46
Pre-dose Vital Signs Standing: Drop in BP from Supine to Standing #1,Staff Initials:,46
Pre-dose Vital Signs Standing: Drop in BP from Supine to Standing #1,Comment:,46
Pre-dose Vital Signs Standing 2: Drop in BP from Supine to Standing #1,PRE-DOSE - Is there a drop in DIASTOLIC BP from supine to standing?,46
Pre-dose Vital Signs Standing 2: Drop in BP from Supine to Standing #1,Staff Initials:,46
Pre-dose Vital Signs Standing 2: Drop in BP from Supine to Standing #1,Comment:,46
Pre-dose Vital Signs Difference: Vital Signs Calculation BP and HR #1,PRE-DOSE - Vital Signs Difference for SYSTOLIC Drop,46
Pre-dose Vital Signs Difference: Vital Signs Calculation BP and HR #1,Staff Initials:,46
Pre-dose Vital Signs Difference: Vital Signs Calculation BP and HR #1,Comment:,46
Pre-dose Vital Signs Standing: Clinical Significance #1,PRE-DOSE - Clinical Assessment of Vital Signs (Medic or Nurse to assess vital signs),47
Pre-dose Vital Signs Standing: Clinical Significance #1,Staff Initials:,47
Pre-dose Vital Signs Standing: Clinical Significance #1,Comment:,47
Pre-dose Vital Signs Standing: Vital Signs Findings #1,PRE-DOSE - Vital Sign Findings,47
Pre-dose Vital Signs Standing: Vital Signs Findings #1,Staff Initials:,47
Pre-dose Vital Signs Standing: Vital Signs Findings #1,Comment:,47
Predose Targeted Physical Examination: Require Targeted PE? #1,"PRE-DOSE - Targeted Physical Examination: Does the participant require a targeted physical examination? (If yes, please specify the reason)",47
Predose Targeted Physical Examination: Require Targeted PE? #1,Staff Initials:,47
Predose Targeted Physical Examination: Require Targeted PE? #1,Comment:,47
Predose Targeted Physical Examination: Any clinically significant abnormal,findings? #1,47
Predose Targeted Physical Examination: Physical Examination Category #1,PRE-DOSE - Physical Examination Category,48
Predose Targeted Physical Examination: Physical Examination Category #1,Staff Initials:,48
Predose Targeted Physical Examination: Physical Examination Category #1,Comment:,48
Predose Targeted Physical Examination: Physical Examination Category #1,Other (Specify) (40 char. max.),48
Predose Targeted Physical Examination: Findings #1,PRE-DOSE - Detailed findings of Physical Examination,49
Predose Targeted Physical Examination: Findings #1,Staff Initials:,49
Predose Targeted Physical Examination: Findings #1,Comment:,49
Targeted Neurological Examination: Require Targeted NE? #1,"PREDOSE - Targeted Neurological Examination: Does the participant require a targeted neurological examination? (If yes, please specify the reason)",49
Targeted Neurological Examination: Require Targeted NE? #1,Staff Initials:,49
Targeted Neurological Examination: Require Targeted NE? #1,Comment:,49
Targeted Neurological Examination: Any clinically significant abnormal,"findings? #1 If yes, were there any clinically significant abnormal findings?",49
Targeted Neurological Examination: Any clinically significant abnormal,Staff Initials:,49
Targeted Neurological Examination: Any clinically significant abnormal,Comment:,49
Targeted Neurological Examination: Neurological Examination Category #1,Targeted Neurological Examination Category,49
Targeted Neurological Examination: Neurological Examination Category #1,Staff Initials:,49
Targeted Neurological Examination: Findings #1,Detailed findings of Targeted Neurological Examination,50
Targeted Neurological Examination: Findings #1,Staff Initials:,50
Targeted Neurological Examination: Findings #1,Comment:,50
Inclusion: I01 #1,"Inclusion 1. Male or NCBP female participants between 18 and 55 years of age, inclusive.",50
Inclusion: I01 #1,Staff Initials:,50
Inclusion: I01 #1,Comment:,50
Inclusion: I02 #1,Inclusion 2. BMI from 18.0 to 32.0 kg/m2 (inclusive).,51
Inclusion: I02 #1,Staff Initials:,51
Inclusion: I02 #1,Comment:,51
Inclusion: I03 #1,"Inclusion 3. In good health as determined by: a) Medical history b) Physical examination c) Neurological examination d) ECG e) Serum chemistry, urinalysis, hematology, and serology tests.",51
Inclusion: I03 #1,Staff Initials:,51
Inclusion: I03 #1,Comment:,51
Inclusion: I04 #1,"Inclusion 4. Sexually active males who: a) Will commit to utilizing 2 different approved methods of birth control during the trial and for 90 days plus 5 half-lives (ie, 92 days) after the last dose of IMP, or b) Will remain abstinent during the trial and for 90 days plus 5 half-lives (ie, 92 days) after the last dose of IMP. c) Will refrain from sperm donation from the screening visit through 90 days plus 5 half-lives (ie, 92 days) after the last dose of IMP, or d) Have had a bilateral orchiectomy.",52
Inclusion: I04 #1,Staff Initials:,52
Inclusion: I04 #1,Comment:,52
Inclusion: I05 #1,"Inclusion 5. Female participants who are surgically sterile (ie, have undergone bilateral oophorectomy or hysterectomy) or who have been postmenopausal for at least 12 consecutive months. This will be confirmed with a follicle-stimulating hormone (FSH) assessment.",52
Inclusion: I05 #1,Staff Initials:,52
Inclusion: I05 #1,Comment:,52
Inclusion: I06 #1,"Inclusion 6. Ability to provide written, informed consent prior to initiation of any trial-related procedures, and ability, in the opinion of the principal investigator, to comply with all the requirements of the trial.",53
Inclusion: I06 #1,Staff Initials:,53
Inclusion: I06 #1,Comment:,53
Exclusion: E01 #1,Exclusion 1. Non-English speakers and those with language or hearing impairments will not participate in the trial.,53
Exclusion: E01 #1,Staff Initials:,53
Exclusion: E01 #1,Comment:,53
Exclusion: E02 #1,Exclusion 2. Participants who are breast-feeding and/or who have a positive pregnancy test result prior to receiving the IMP.,53
Exclusion: E02 #1,Staff Initials:,53
Exclusion: E02 #1,Comment:,53
Exclusion: E03 #1,"Exclusion 3. Clinically significant abnormality in past medical history, or at the screening physical examination, that in the investigators or sponsor’s opinion may place the participant at risk or interfere with outcome variables including absorption, distribution, metabolism, and excretion of drug. This includes, but is not limited to, history of or concurrent cardiac, hepatic, renal, neurologic, endocrine, gastrointestinal, respiratory, hematologic, dermatologic, and immunologic disease.",53
Exclusion: E04 #1,Exclusion 4. History of drug and/or alcohol abuse within 2 years prior to screening.,54
Exclusion: E04 #1,Staff Initials:,54
Exclusion: E04 #1,Comment:,54
Exclusion: E05 #1,"Exclusion 5. History of or current hepatitis or acquired immunodeficiency syndrome or carriers of hepatitis B surface antigen (HBsAg) and/or hepatitis C antibodies (anti-HCV), or human immunodeficiency virus (HIV) antibodies. Exceptions are permitted for participants with a prior history of infection with hepatitis A who have fully recovered and are experiencing no liver sequelae, or with hepatitis C who have been adequately treated to be considered cured with no liver sequelae.",54
Exclusion: E05 #1,Staff Initials:,54
Exclusion: E05 #1,Comment:,54
Exclusion: E06 #1,Exclusion 6. History of any significant drug allergy or known or suspected hypersensitivity to any component of IMP.,55
Exclusion: E06 #1,Staff Initials:,55
Exclusion: E06 #1,Comment:,55
Exclusion: E07 #1,Exclusion 7. A positive urine or breath alcohol test or urine drug screen for substances of abuse at screening or upon check-in to the trial site.,55
Exclusion: E07 #1,Staff Initials:,55
Exclusion: E07 #1,Comment:,55
Exclusion: E08 #1,Exclusion 8. Any history of significant bleeding or hemorrhagic tendencies.,55
Exclusion: E08 #1,Staff Initials:,55
Exclusion: E08 #1,Comment:,55
Exclusion: E09 #1,Exclusion 9. A history of difficulty in donating blood.,55
Exclusion: E09 #1,Staff Initials:,55
Exclusion: E09 #1,Comment:,55
Exclusion: E10 #1,Exclusion 10. The donation of blood or plasma within 30 days prior to the first dose of IMP.,56
Exclusion: E10 #1,Staff Initials:,56
Exclusion: E10 #1,Comment:,56
Exclusion: E11 #1,Exclusion 11. Participants having taken an investigational drug within 90 days prior to first dose.,56
Exclusion: E11 #1,Staff Initials:,56
Exclusion: E11 #1,Comment:,56
Exclusion: E12 #1,"Exclusion 12. Use of prescription, over-the-counter, herbal medications, or vitamin supplements within 14 days prior to the first dose of IMP and oral antibiotics within 30 days prior to the first dose of IMP. The sponsor may allow exceptions only if the medication’s administration is deemed unlikely to impact the PK result.",56
Exclusion: E12 #1,Staff Initials:,56
Exclusion: E12 #1,Comment:,56
Exclusion: E13 #1,"Exclusion 13. Exposure to any substances known to stimulate hepatic microsomal enzymes within 30 days prior to screening (eg, occupational exposure to pesticides, organic solvents, etc).",57
Exclusion: E13 #1,Staff Initials:,57
Exclusion: E13 #1,Comment:,57
Exclusion: E14 #1,"Exclusion 14. Use of tobacco products or daily exposure to second-hand smoke within 2 months prior to the screening visit, or urine cotinine concentrations >200 ng/mL or serum cotinine concentrations >20 ng/mL at screening or check-in.",57
Exclusion: E14 #1,Staff Initials:,57
Exclusion: E14 #1,Comment:,57
Exclusion: E15 #1,"Exclusion 15. Participants presenting with, or having a history of, uncontrolled hypertension (systolic blood pressure [SBP] >140 mmHg or diastolic blood pressure [DBP] >90 mmHg in the supine position) or symptomatic hypotension or orthostatic hypotension, which is defined as a decrease of ≥20 mmHg in SBP and/or a decrease of ≥10 mmHg in DBP after at least 3 minutes of standing compared with the previous supine blood pressure, at screening or check-in.",57
Exclusion: E15 #1,Staff Initials:,57
Exclusion: E15 #1,Comment:,57
Exclusion: E17 #1,Exclusion 17. History of unexplained syncope.,58
Exclusion: E17 #1,Staff Initials:,58
Exclusion: E17 #1,Comment:,58
Exclusion: E18 #1,"Exclusion 18. Abnormal ECG findings at screening or check-in including QT interval corrected for heart rate using Fridericia’s formula (QTcF) >450 msec for male participants or >470 msec for female participants, QRS interval >120 msec, or PR interval >200 msec.",58
Exclusion: E18 #1,Staff Initials:,58
Exclusion: E18 #1,Comment:,58
Exclusion: E19 #1,Exclusion 19. Personal or family history of sudden death or long QT syndrome.,59
Exclusion: E19 #1,Staff Initials:,59
Exclusion: E19 #1,Comment:,59
Exclusion: E20 #1,"Exclusion 20. History of serious mental disorders that, in the opinion of the investigator, would exclude the participant from participating in this trial.",59
Exclusion: E20 #1,Staff Initials:,59
Exclusion: E20 #1,Comment:,59
Exclusion: E21 #1,Exclusion 21. Participants with no permanent place of residence.,59
Exclusion: E21 #1,Staff Initials:,59
Exclusion: E21 #1,Comment:,59
Exclusion: E22 #1,"Exclusion 22. Any participant who, in the opinion of the investigator, should not participate in the trial.",59
Exclusion: E22 #1,Staff Initials:,59
Exclusion: E22 #1,Comment:,59
Exclusion: E23 #1,Exclusion 23. Previous exposure to OPC-224333.,60
Exclusion: E23 #1,Staff Initials:,60
Exclusion: E23 #1,Comment:,60
Exclusion: E24 #1,"Exclusion 24. Consumption of alcohol and/or food and beverages containing methylxanthines (caffeinated coffee, caffeinated tea, caffeinated soda, and chocolate), pomelo, grapefruit, grapefruit juice, Seville oranges, Seville orange juice, blueberry juice, or cranberry juice within 72 hours prior to dosing.",60
Exclusion: E24 #1,Staff Initials:,60
Exclusion: E24 #1,Comment:,60
Exclusion: E25 #1,"Exclusion 25. Participants with active suicidal ideation or suicidal behavior within the last 6 months, at the screening visit (Baseline/Screening version), and/or prior to dosing (as evidenced by clinical examination or an answer of “yes” on Questions 4 or 5 of the C SSRS Since Last Visit version) or suicidal behavior is present in the C-SSRS.",60
Exclusion: E25 #1,Staff Initials:,60
Exclusion: E25 #1,Comment:,60
Exclusion: E26 #1,Exclusion 26. Not able to consume the FDA HFM (High Fat Meal) for Part 2 and Part 3 within 20 minutes.,60
Exclusion: E26 #1,Staff Initials:,60
Exclusion: E27 #1,"Exclusion 27. Participant has any significant primary sleep disorder. Participants with known untreated moderate or severe sleep apnea, other major untreated sleep disorders, or a known diagnosis of a circadian rhythm disorder. Participants adequately treated for obstructive sleep apnea are not excluded.",61
Exclusion: E27 #1,Staff Initials:,61
Exclusion: E27 #1,Comment:,61
Exclusion: E28 #1,"Exclusion 28. Participants with abnormal liver function and or hepatic impairment, defined as participants with aspartate aminotransferase (AST), alanine aminotransferase (ALT), or alkaline phosphatase > the upper limit of normal (ULN) or total bilirubin > the ULN.",61
Exclusion: E28 #1,Staff Initials:,61
Exclusion: E28 #1,Comment:,61
Exclusion: AST Level #1,AST level (IU/L),61
Exclusion: AST Level #1,Normal Range for Male: 10-50 Normal Range for Female: 10-35,61
Exclusion: AST Level #1,Staff Initials:,61
Exclusion: AST Level #1,Comment:,61
Exclusion: ALP Level #1,ALP level (IU/L),62
Exclusion: ALP Level #1,Normal Range for Male: 40-129 Normal Range for Female: 35-104,62
Exclusion: ALP Level #1,Staff Initials:,62
Exclusion: ALP Level #1,Comment:,62
Exclusion: Total Bilirubin #1,Total Bilirubin (umol/L),62
Exclusion: Total Bilirubin #1,Staff Initials:,62
Exclusion: Total Bilirubin #1,Comment:,62
Sign In: Admission Eligibility #1,I confirm that the relevant admission criteria have been reviewed and the participant is eligible to proceed in this clinical study,62
Sign In: Admission Eligibility #1,Staff Initials:,62
Sign In: Admission Eligibility #1,Comment:,62
Outcome Admission: Final Admission Outcome #1,What was the final Admission outcome?,63
Outcome Admission: Final Admission Outcome #1,Staff Initials:,63
Outcome Admission: Final Admission Outcome #1,Comment:,63
Sign In: Rejection #1,"If no, add reason for rejection",63
Sign In: Rejection #1,Staff Initials:,63
Sign In: Rejection #1,Comment:,63
Sign In: Rejection #1,Exclusion Criteria (50 char. max.),63
Sign In: Rejection #1,Other (specify) (200 char. max.),63
Outcome Admission: Date of Admission Failure #1,Record date of admission failure (or date of last contact),63
Outcome Admission: Date of Admission Failure #1,Staff Initials:,63
Outcome Admission: Date of Admission Failure #1,Comment:,63
PK Samples: PK Plasma #1,PK Sample for Bioanalysis - Gently invert tube 8-10 times immediately after collection and protect the sample from light (4 mL K2EDTA),63
PK Samples: PK Plasma #1,Staff Initials:,63
PK Samples: PK Plasma #1,Comment:,63
Whole Blood: PGx #1,Pharmacogenomic (PGx) Sample - Gently invert tube 8-10 times immediately after collection and protect from the light (4 mL K2EDTA),64
Whole Blood: PGx #1,Staff Initials:,64
Whole Blood: PGx #1,Comment:,64
AE/CM Surveys: AE/CM Check #1,Confirm an AE and Conmed check has been performed (Record any AE and Conmeds if applicable),64
AE/CM Surveys: AE/CM Check #1,Staff Initials:,64
AE/CM Surveys: AE/CM Check #1,Comment:,64
Exposure: Dosing Eligibility #1,I confirm that the inclusion/exclusion criteria and all relevant pre dose assessments have been reviewed and the participant continues to be eligible to participate in this clinical study.,64
Exposure: Dosing Eligibility #1,Staff Initials:,64
Exposure: Dosing Eligibility #1,Comment:,64
Exposure x: Prandial state #1,Prandial state,64
Exposure x: Prandial state #1,Staff Initials:,64
Exposure x: Prandial state #1,Comment:,64
Exposure x: Fasted for 10 hours for Breakfast #1,Has the participant fasted for 10 hours prior to breakfast?,64
Exposure x: Fasted for 10 hours for Breakfast #1,Staff Initials:,64
Exposure x: Fasted for 10 hours for Breakfast #1,Comment:,64
Meals: Start Breakfast #1,Participant should begin eating breakfast.,65
Meals: Start Breakfast #1,Staff Initials:,65
Meals: Start Breakfast #1,Comment:,65
Meals: End Breakfast #1,Participant should stop eating breakfast.,65
Meals: End Breakfast #1,Staff Initials:,65
Meals: End Breakfast #1,Comment:,65
Meals: Amount Consumed (Breakfast) #1,Total amount of breakfast consumed,65
Meals: Amount Consumed (Breakfast) #1,Staff Initials:,65
Meals: Amount Consumed (Breakfast) #1,Comment:,65
Meals: Not eaten #1,Please describe what was not eaten,65
Meals: Not eaten #1,Staff Initials:,65
Meals: Not eaten #1,Comment:,65
Meals: PI Check #1,PI to authorise. Full meal must be consumed to proceed with dosing.,65
Meals: PI Check #1,Staff Initials:,65
Meals: PI Check #1,Comment:,65
Exposure: Panel Number Check #1,Check the volunteer panel number on the wristband matches eSource,66
Exposure: Panel Number Check #1,Staff Initials:,66
Exposure: Panel Number Check #1,Comment:,66
Exposure: Participant Number Check #1,Check the participant number in eSource matches the Instruction to Dispense and Dose,66
Exposure: Participant Number Check #1,Staff Initials:,66
Exposure: Participant Number Check #1,Comment:,66
Exposure: Has the participant refrained from water #1,Has the participant refrained from drinking water for at least 1 hour prior to dosing?,66
Exposure: Has the participant refrained from water #1,Staff Initials:,66
Exposure: Has the participant refrained from water #1,Comment:,66
Exposure: Fasted for 10 hours for Dosing #1,Has the participant fasted for 10 hours prior to dosing?,66
Exposure: Fasted for 10 hours for Dosing #1,Staff Initials:,66
Exposure: Fasted for 10 hours for Dosing #1,Comment:,66
Exposure: Consumed breakfast #1,"Has the participant consumed breakfast per the protocol requirements, over 20 minutes and the full meal?",66
Exposure: Predose Blood Draw #1,Pre dose blood draws for PK and PGx samples taken?,67
Exposure: Predose Blood Draw #1,Staff Initials:,67
Exposure: Predose Blood Draw #1,Comment:,67
Exposure: Predose Procedure Check #1,Have all required pre dose procedures been completed?,67
Exposure: Predose Procedure Check #1,Staff Initials:,67
Exposure: Predose Procedure Check #1,Comment:,67
Exposure: Dose Eligibility Check #1,Is the participant eligible to dose?,67
Exposure: Dose Eligibility Check #1,Staff Initials:,67
Exposure: Dose Eligibility Check #1,Comment:,67
Exposure: Subject/regimen v2 #1,Enter the product details,67
Exposure: Subject/regimen v2 #1,Staff Initials:,67
Exposure: Subject/regimen v2 #1,Treatment (25 char. max.),67
Exposure: Subject/regimen v2 #1,Dose Level mg (#0),67
Exposure: Product label check #1,Does the Product label match the Instruction to Dispense and Dose?,68
Exposure: Product label check #1,Staff Initials:,68
Exposure: Product label check #1,Comment:,68
Exposure: Randomisation Number #1,Randomisation Number (Point of Randomisation),68
Exposure: Randomisation Number #1,Staff Initials:,68
Exposure: Randomisation Number #1,Comment:,68
Exposure: Final Check #1,"Final check performed (5 R’s of dosing, Jones 2009 – right participant, right drug, right dose, right route, right time)",68
Exposure: Final Check #1,Staff Initials:,68
Exposure: Final Check #1,Comment:,68
Exposure: Dose #1,Time of administration of study treatment,68
Exposure: Dose #1,Staff Initials:,68
Exposure: Dose #1,Comment:,68
Exposure: Post Administration Water #1,Has the participant been provided with 240 mL of water?,69
Exposure: Post Administration Water #1,Staff Initials:,69
Exposure: Post Administration Water #1,Comment:,69
Exposure: Hand and Mouth Check #1,Has a hand and mouth check been performed?,69
Exposure: Hand and Mouth Check #1,Staff Initials:,69
Exposure: Hand and Mouth Check #1,Comment:,69
Exposure: Reminder to refrain from water #1,Has the participant been reminded to refrain from water for 2 hours post-dose?,69
Exposure: Reminder to refrain from water #1,Staff Initials:,69
Exposure: Reminder to refrain from water #1,Comment:,69
Exposure x: Reminder to minimise sunlight exposure #1,Has the participant been advised to minimise exposure to sunlight from dosing for at least 7 days post final dose?,69
Exposure x: Reminder to minimise sunlight exposure #1,"Due to the unavailability of phototoxic data, participants will be advised to minimize exposure to sunlight by spending a reduced amount of time outdoors/remaining inside the clinical unit during the residential periods of the study wearing sunglasses and clothing that minimizes exposure to sunlight and using sun cream on exposed areas when going outdoors. They will also be advised not to use sunbeds.",69
Exposure x: Reminder to minimise sunlight exposure #1,Staff Initials:,69
Exposure x: Reminder to minimise sunlight exposure #1,Comment:,69
Exposure: Witness Check #1,Confirm dosing is complete (Operator to complete (switch user)),70
Exposure: Witness Check #1,Staff Initials:,70
Exposure: Witness Check #1,Comment:,70
System: Available #1,What is the status of the subject?,70
System: Available #1,Staff Initials:,70
System: Available #1,Comment:,70
ECG Difference: Baseline values #1,Baseline QTcF from Period 1 Predose,70
ECG Difference: Baseline values #1,Staff Initials:,70
ECG Difference: Baseline values #1,Comment:,70
PK Samples: PK Plasma #2,PK Sample for Bioanalysis - Gently invert tube 8-10 times immediately after collection and protect the sample from light (4 mL K2EDTA),70
PK Samples: PK Plasma #2,Staff Initials:,70
PK Samples: PK Plasma #2,Comment:,70
AE/CM Surveys: AE/CM Check #2,Confirm an AE and Conmed check has been performed (Record any AE and Conmeds if applicable),70
AE/CM Surveys: AE/CM Check #2,Staff Initials:,70
AE/CM Surveys: AE/CM Check #2,Comment:,70
PK Samples: PK Plasma #3,PK Sample for Bioanalysis - Gently invert tube 8-10 times immediately after collection and protect the sample from light (4 mL K2EDTA),71
PK Samples: PK Plasma #3,Staff Initials:,71
PK Samples: PK Plasma #3,Comment:,71
AE/CM Surveys: AE/CM Check #3,Confirm an AE and Conmed check has been performed (Record any AE and Conmeds if applicable),71
AE/CM Surveys: AE/CM Check #3,Staff Initials:,71
AE/CM Surveys: AE/CM Check #3,Comment:,71
Stanford Sleepiness Scale: Stanford Sleepiness Scale Date #1,Stanford Sleepiness Scale Questionnaire - Date and Time (Transcribe from paper source workbook),71
Stanford Sleepiness Scale: Stanford Sleepiness Scale Date #1,Staff Initials:,71
Stanford Sleepiness Scale: Stanford Sleepiness Scale Date #1,Comment:,71
Stanford Sleepiness Scale: Stanford Sleepiness Scale Date #1,Time (HH:mm),71
Stanford Sleepiness Scale: Degree of Sleepiness #1,Degree of Sleepiness,71
Stanford Sleepiness Scale: Degree of Sleepiness #1,Staff Initials:,71
ECG: 12 Lead Standard #1,12 Lead Standard ECG,72
ECG: 12 Lead Standard #1,"Exclude if - QT interval corrected for heart rate using Fridericia’s formula (QTcF) >450 msec for male participants or >470 msec for female participants, QRS interval >120 msec, or PR interval >200 msec. (Supine for a minimum 3 minutes)",72
ECG: 12 Lead Standard #1,Staff Initials:,72
ECG: 12 Lead Standard #1,Comment:,72
ECG: 12 Lead Standard #1,PR interval ms (##0),72
ECG: 12 Lead Standard #1,QRS Duration ms (##0),72
ECG: 12 Lead Standard #1,QT interval ms (##0),72
ECG: 12 Lead Standard #1,QRS Axis deg (###0),72
ECG: 12 Lead Standard #1,RR interval ms (###0),72
ECG: 12 Lead Standard #1,QTcF ms (##0),72
ECG: ECG Rhythm Assess/Interpretation #1,ECG Rhythm assessment and interpretation,72
ECG: ECG Rhythm Assess/Interpretation #1,Staff Initials:,72
ECG: ECG Significance #1,Was the ECG clinically significant? (Medic to assess),73
ECG: ECG Significance #1,Staff Initials:,73
ECG: ECG Significance #1,Comment:,73
ECG: ECG Findings #1,ECG Findings,73
ECG: ECG Findings #1,Staff Initials:,73
ECG: ECG Findings #1,Comment:,73
ECG: ECG Findings inc Rhythm #1,"ECG Findings, including rhythm assessment",73
ECG: ECG Findings inc Rhythm #1,Staff Initials:,73
ECG: ECG Findings inc Rhythm #1,Comment:,73
ECG Difference: ECG Difference Calculation #1,ECG Difference Calculation - a participant will be withdrawn where there is an increase in QTcF interval of >60 msec from baseline (confirmed following a repeat ECG),73
ECG Difference: ECG Difference Calculation #1,Staff Initials:,73
ECG Difference: ECG Difference Calculation #1,Comment:,73
PK Samples: PK Plasma #4,PK Sample for Bioanalysis - Gently invert tube 8-10 times immediately after collection and protect the sample from light (4 mL K2EDTA),74
PK Samples: PK Plasma #4,Staff Initials:,74
PK Samples: PK Plasma #4,Comment:,74
AE/CM Surveys: AE/CM Check #4,Confirm an AE and Conmed check has been performed (Record any AE and Conmeds if applicable),74
AE/CM Surveys: AE/CM Check #4,Staff Initials:,74
AE/CM Surveys: AE/CM Check #4,Comment:,74
Exposure: Provided with water #1,Has the participant been provided with water 2 hrs post-dose?,74
Exposure: Provided with water #1,Staff Initials:,74
Exposure: Provided with water #1,Comment:,74
Stanford Sleepiness Scale: Stanford Sleepiness Scale Date #2,Stanford Sleepiness Scale Questionnaire - Date and Time (Transcribe from paper source workbook),74
Stanford Sleepiness Scale: Stanford Sleepiness Scale Date #2,Staff Initials:,74
Stanford Sleepiness Scale: Stanford Sleepiness Scale Date #2,Comment:,74
Stanford Sleepiness Scale: Stanford Sleepiness Scale Date #2,Time (HH:mm),74
Stanford Sleepiness Scale: Degree of Sleepiness #2,Degree of Sleepiness,74
Stanford Sleepiness Scale: Degree of Sleepiness #2,Staff Initials:,74
Vital Signs: Vital Signs Supine Full Set #1,Vital Signs (Supine for at least 3 minutes),75
Vital Signs: Vital Signs Supine Full Set #1,Staff Initials:,75
Vital Signs: Vital Signs Supine Full Set #1,Comment:,75
Vital Signs: Vital Signs Supine Full Set #1,Diastolic mmHg (##0),75
Vital Signs: Vital Signs Supine Full Set #1,Heart Rate beats/min (##0),75
Vital Signs: Vital Signs Supine Full Set #1,Respiratory Rate breaths/mi (##0),75
Vital Signs: Vital Signs Supine Full Set #1,Oral Temperature - Degrees Celsius . C (##.0),75
Vital Signs: Clinical Significance #1,Clinical Assessment of Vital Signs (Medic or Nurse to assess vital signs),76
Vital Signs: Clinical Significance #1,Staff Initials:,76
Vital Signs: Clinical Significance #1,Comment:,76
Vital Signs: Vital Signs Findings #1,Vital Sign Findings,76
Vital Signs: Vital Signs Findings #1,Staff Initials:,76
Vital Signs: Vital Signs Findings #1,Comment:,76
Vital Signs Standing: Vital Signs Standing BP and HR #1,Vital Signs Standing BP and HR (Standing for at least 3 minutes),76
Vital Signs Standing: Vital Signs Standing BP and HR #1,Staff Initials:,76
Vital Signs Standing: Vital Signs Standing BP and HR #1,Comment:,76
Vital Signs Standing: Vital Signs Standing BP and HR #1,Diastolic mmHg (##0),76
Vital Signs Standing: Vital Signs Standing BP and HR #1,Heart Rate beats/min (##0),76
Vital Signs Standing: Drop in SBP from Supine to Standing #1,Is there a drop in SYSTOLIC BP from supine to standing?,77
Vital Signs Standing: Drop in SBP from Supine to Standing #1,Staff Initials:,77
Vital Signs Standing: Drop in SBP from Supine to Standing #1,Comment:,77
Vital Signs Standing 2: Drop in DBP from Supine to Standing #1,Is there a drop in DIASTOLIC BP from supine to standing?,77
Vital Signs Standing 2: Drop in DBP from Supine to Standing #1,Staff Initials:,77
Vital Signs Standing 2: Drop in DBP from Supine to Standing #1,Comment:,77
Vital Signs Difference: Vital Signs Calculation BP and HR #1,Vital Signs Difference for SYSTOLIC Drop,77
Vital Signs Difference: Vital Signs Calculation BP and HR #1,Staff Initials:,77
Vital Signs Difference: Vital Signs Calculation BP and HR #1,Comment:,77
Vital Signs Difference: Vital Signs Calculation BP and HR 2 #1,Vital Signs Difference for DIASTOLIC Drop,77
Vital Signs Difference: Vital Signs Calculation BP and HR 2 #1,Staff Initials:,77
Vital Signs Difference: Vital Signs Calculation BP and HR 2 #1,Comment:,77
Vital Signs Standing: Clinical Significance #1,Clinical Assessment of Standing Vital Signs (Medic or Nurse to assess vital signs),77
Vital Signs Standing: Clinical Significance #1,Staff Initials:,77
Vital Signs Standing: Vital Signs Findings #1,Vital Sign Findings,78
Vital Signs Standing: Vital Signs Findings #1,Staff Initials:,78
Vital Signs Standing: Vital Signs Findings #1,Comment:,78
PK Samples: PK Plasma #5,PK Sample for Bioanalysis - Gently invert tube 8-10 times immediately after collection and protect the sample from light (4 mL K2EDTA),78
PK Samples: PK Plasma #5,Staff Initials:,78
PK Samples: PK Plasma #5,Comment:,78
AE/CM Surveys: AE/CM Check #5,Confirm an AE and Conmed check has been performed (Record any AE and Conmeds if applicable),78
AE/CM Surveys: AE/CM Check #5,Staff Initials:,78
AE/CM Surveys: AE/CM Check #5,Comment:,78
Meals: Confirm Lunch #1,Confirm Lunch Provided,78
Meals: Confirm Lunch #1,Staff Initials:,78
Meals: Confirm Lunch #1,Comment:,78
PK Samples: PK Plasma #6,PK Sample for Bioanalysis - Gently invert tube 8-10 times immediately after collection and protect the sample from light (4 mL K2EDTA),79
PK Samples: PK Plasma #6,Staff Initials:,79
PK Samples: PK Plasma #6,Comment:,79
AE/CM Surveys: AE/CM Check #6,Confirm an AE and Conmed check has been performed (Record any AE and Conmeds if applicable),79
AE/CM Surveys: AE/CM Check #6,Staff Initials:,79
AE/CM Surveys: AE/CM Check #6,Comment:,79
PK Samples: PK Plasma #7,PK Sample for Bioanalysis - Gently invert tube 8-10 times immediately after collection and protect the sample from light (4 mL K2EDTA),79
PK Samples: PK Plasma #7,Staff Initials:,79
PK Samples: PK Plasma #7,Comment:,79
AE/CM Surveys: AE/CM Check #7,Confirm an AE and Conmed check has been performed (Record any AE and Conmeds if applicable),79
AE/CM Surveys: AE/CM Check #7,Staff Initials:,79
AE/CM Surveys: AE/CM Check #7,Comment:,79
PK Samples: PK Plasma #8,PK Sample for Bioanalysis - Gently invert tube 8-10 times immediately after collection and protect the sample from light (4 mL K2EDTA),79
PK Samples: PK Plasma #8,Staff Initials:,79
PK Samples: PK Plasma #8,Comment:,79
AE/CM Surveys: AE/CM Check #8,Confirm an AE and Conmed check has been performed (Record any AE and Conmeds if applicable),79
AE/CM Surveys: AE/CM Check #8,Staff Initials:,79
AE/CM Surveys: AE/CM Check #8,Comment:,79
Vital Signs: Vital Signs Supine Full Set #2,Vital Signs (Supine for at least 3 minutes),79
Vital Signs: Clinical Significance #2,Clinical Assessment of Vital Signs (Medic or Nurse to assess vital signs),80
Vital Signs: Clinical Significance #2,Staff Initials:,80
Vital Signs: Clinical Significance #2,Comment:,80
Vital Signs: Vital Signs Findings #2,Vital Sign Findings,80
Vital Signs: Vital Signs Findings #2,Staff Initials:,80
Vital Signs: Vital Signs Findings #2,Comment:,80
Vital Signs Standing: Vital Signs Standing BP and HR #2,Vital Signs Standing BP and HR (Standing for at least 3 minutes),80
Vital Signs Standing: Vital Signs Standing BP and HR #2,Staff Initials:,80
Vital Signs Standing: Drop in SBP from Supine to Standing #2,Is there a drop in SYSTOLIC BP from supine to standing?,81
Vital Signs Standing: Drop in SBP from Supine to Standing #2,Staff Initials:,81
Vital Signs Standing: Drop in SBP from Supine to Standing #2,Comment:,81
Vital Signs Standing 2: Drop in DBP from Supine to Standing #2,Is there a drop in DIASTOLIC BP from supine to standing?,81
Vital Signs Standing 2: Drop in DBP from Supine to Standing #2,Staff Initials:,81
Vital Signs Standing 2: Drop in DBP from Supine to Standing #2,Comment:,81
Vital Signs Difference: Vital Signs Calculation BP and HR #2,Vital Signs Difference for SYSTOLIC Drop,81
Vital Signs Difference: Vital Signs Calculation BP and HR #2,Staff Initials:,81
Vital Signs Difference: Vital Signs Calculation BP and HR #2,Comment:,81
Vital Signs Difference: Vital Signs Calculation BP and HR 2 #2,Vital Signs Difference for DIASTOLIC Drop,82
Vital Signs Difference: Vital Signs Calculation BP and HR 2 #2,Staff Initials:,82
Vital Signs Difference: Vital Signs Calculation BP and HR 2 #2,Comment:,82
Vital Signs Standing: Clinical Significance #2,Clinical Assessment of Standing Vital Signs (Medic or Nurse to assess vital signs),82
Vital Signs Standing: Clinical Significance #2,Staff Initials:,82
Vital Signs Standing: Clinical Significance #2,Comment:,82
Vital Signs Standing: Vital Signs Findings #2,Vital Sign Findings,82
Vital Signs Standing: Vital Signs Findings #2,Staff Initials:,82
Vital Signs Standing: Vital Signs Findings #2,Comment:,82
PK Samples: PK Plasma #9,PK Sample for Bioanalysis - Gently invert tube 8-10 times immediately after collection and protect the sample from light (4 mL K2EDTA),82
PK Samples: PK Plasma #9,Staff Initials:,82
PK Samples: PK Plasma #9,Comment:,82
AE/CM Surveys: AE/CM Check #9,Confirm an AE and Conmed check has been performed (Record any AE and Conmeds if applicable),82
AE/CM Surveys: AE/CM Check #9,Staff Initials:,82
AE/CM Surveys: AE/CM Check #9,Comment:,82
Stanford Sleepiness Scale: Stanford Sleepiness Scale Date #3,Stanford Sleepiness Scale Questionnaire - Date and Time (Transcribe from paper source workbook),83
Stanford Sleepiness Scale: Stanford Sleepiness Scale Date #3,Staff Initials:,83
Stanford Sleepiness Scale: Stanford Sleepiness Scale Date #3,Comment:,83
Stanford Sleepiness Scale: Stanford Sleepiness Scale Date #3,Time (HH:mm),83
Stanford Sleepiness Scale: Degree of Sleepiness #3,Degree of Sleepiness,83
Stanford Sleepiness Scale: Degree of Sleepiness #3,Staff Initials:,83
Stanford Sleepiness Scale: Degree of Sleepiness #3,Comment:,83
PK Samples: PK Plasma #10,PK Sample for Bioanalysis - Gently invert tube 8-10 times immediately after collection and protect the sample from light (4 mL K2EDTA),83
PK Samples: PK Plasma #10,Staff Initials:,83
PK Samples: PK Plasma #10,Comment:,83
AE/CM Surveys: AE/CM Check #10,Confirm an AE and Conmed check has been performed (Record any AE and Conmeds if applicable),84
AE/CM Surveys: AE/CM Check #10,Staff Initials:,84
AE/CM Surveys: AE/CM Check #10,Comment:,84
Vital Signs: Vital Signs Supine Full Set #3,Vital Signs (Supine for at least 3 minutes),84
Vital Signs: Vital Signs Supine Full Set #3,Staff Initials:,84
Vital Signs: Vital Signs Supine Full Set #3,Comment:,84
Vital Signs: Vital Signs Supine Full Set #3,Diastolic mmHg (##0),84
Vital Signs: Vital Signs Supine Full Set #3,Heart Rate beats/min (##0),84
Vital Signs: Vital Signs Supine Full Set #3,Respiratory Rate breaths/mi (##0),84
Vital Signs: Vital Signs Supine Full Set #3,Oral Temperature - Degrees Celsius . C (##.0),84
Vital Signs: Clinical Significance #3,Clinical Assessment of Vital Signs (Medic or Nurse to assess vital signs),84
Vital Signs: Clinical Significance #3,Staff Initials:,84
Vital Signs: Clinical Significance #3,Comment:,84
Vital Signs: Vital Signs Findings #3,Vital Sign Findings,85
Vital Signs: Vital Signs Findings #3,Staff Initials:,85
Vital Signs: Vital Signs Findings #3,Comment:,85
Vital Signs Standing: Vital Signs Standing BP and HR #3,Vital Signs Standing BP and HR (Standing for at least 3 minutes),85
Vital Signs Standing: Vital Signs Standing BP and HR #3,Staff Initials:,85
Vital Signs Standing: Vital Signs Standing BP and HR #3,Comment:,85
Vital Signs Standing: Vital Signs Standing BP and HR #3,Diastolic mmHg (##0),85
Vital Signs Standing: Vital Signs Standing BP and HR #3,Heart Rate beats/min (##0),85
Vital Signs Standing: Drop in SBP from Supine to Standing #3,Is there a drop in SYSTOLIC BP from supine to standing?,85
Vital Signs Standing: Drop in SBP from Supine to Standing #3,Staff Initials:,85
Vital Signs Standing: Drop in SBP from Supine to Standing #3,Comment:,85
Vital Signs Standing 2: Drop in DBP from Supine to Standing #3,Is there a drop in DIASTOLIC BP from supine to standing?,85
Vital Signs Standing 2: Drop in DBP from Supine to Standing #3,Staff Initials:,85
Vital Signs Standing 2: Drop in DBP from Supine to Standing #3,Comment:,85
Vital Signs Difference: Vital Signs Calculation BP and HR #3,Vital Signs Difference for SYSTOLIC Drop,86
Vital Signs Difference: Vital Signs Calculation BP and HR #3,Staff Initials:,86
Vital Signs Difference: Vital Signs Calculation BP and HR #3,Comment:,86
Vital Signs Difference: Vital Signs Calculation BP and HR 2 #3,Vital Signs Difference for DIASTOLIC Drop,86
Vital Signs Difference: Vital Signs Calculation BP and HR 2 #3,Staff Initials:,86
Vital Signs Difference: Vital Signs Calculation BP and HR 2 #3,Comment:,86
Vital Signs Standing: Clinical Significance #3,Clinical Assessment of Standing Vital Signs (Medic or Nurse to assess vital signs),86
Vital Signs Standing: Clinical Significance #3,Staff Initials:,86
Vital Signs Standing: Clinical Significance #3,Comment:,86
Vital Signs Standing: Vital Signs Findings #3,Vital Sign Findings,86
Vital Signs Standing: Vital Signs Findings #3,Staff Initials:,86
Vital Signs Standing: Vital Signs Findings #3,Comment:,86
PK Samples: PK Plasma #11,PK Sample for Bioanalysis - Gently invert tube 8-10 times immediately after collection and protect the sample from light (4 mL K2EDTA),87
PK Samples: PK Plasma #11,Staff Initials:,87
PK Samples: PK Plasma #11,Comment:,87
AE/CM Surveys: AE/CM Check #11,Confirm an AE and Conmed check has been performed (Record any AE and Conmeds if applicable),87
AE/CM Surveys: AE/CM Check #11,Staff Initials:,87
AE/CM Surveys: AE/CM Check #11,Comment:,87
Meals: Confirm Dinner #1,Confirm Dinner Provided,87
Meals: Confirm Dinner #1,Staff Initials:,87
Meals: Confirm Dinner #1,Comment:,87
ECG: 12 Lead Standard #2,12 Lead Standard ECG,87
ECG: 12 Lead Standard #2,"Exclude if - QT interval corrected for heart rate using Fridericia’s formula (QTcF) >450 msec for male participants or >470 msec for female participants, QRS interval >120 msec, or PR interval >200 msec. (Supine for a minimum 3 minutes)",87
ECG: 12 Lead Standard #2,Staff Initials:,87
ECG: 12 Lead Standard #2,PR interval ms (##0),87
ECG: 12 Lead Standard #2,QRS Duration ms (##0),87
ECG: 12 Lead Standard #2,QT interval ms (##0),87
ECG: 12 Lead Standard #2,QRS Axis deg (###0),87
ECG: ECG Rhythm Assess/Interpretation #2,ECG Rhythm assessment and interpretation,88
ECG: ECG Rhythm Assess/Interpretation #2,Staff Initials:,88
ECG: ECG Rhythm Assess/Interpretation #2,Comment:,88
ECG: ECG Significance #2,Was the ECG clinically significant? (Medic to assess),88
ECG: ECG Significance #2,Staff Initials:,88
ECG: ECG Significance #2,Comment:,88
ECG: ECG Findings #2,ECG Findings,88
ECG: ECG Findings #2,Staff Initials:,88
ECG: ECG Findings #2,Comment:,88
ECG Difference: ECG Difference Calculation #2,ECG Difference Calculation - a participant will be withdrawn where there is an increase in QTcF interval of >60 msec from baseline (confirmed following a repeat ECG),89
ECG Difference: ECG Difference Calculation #2,Staff Initials:,89
ECG Difference: ECG Difference Calculation #2,Comment:,89
Vital Signs: Vital Signs Supine Full Set #4,Vital Signs (Supine for at least 3 minutes),89
Vital Signs: Vital Signs Supine Full Set #4,Staff Initials:,89
Vital Signs: Vital Signs Supine Full Set #4,Comment:,89
Vital Signs: Vital Signs Supine Full Set #4,Diastolic mmHg (##0),89
Vital Signs: Vital Signs Supine Full Set #4,Heart Rate beats/min (##0),89
Vital Signs: Vital Signs Supine Full Set #4,Respiratory Rate breaths/mi (##0),89
Vital Signs: Vital Signs Supine Full Set #4,Oral Temperature - Degrees Celsius . C (##.0),89
Vital Signs: Clinical Significance #4,Clinical Assessment of Vital Signs (Medic or Nurse to assess vital signs),90
Vital Signs: Clinical Significance #4,Staff Initials:,90
Vital Signs: Clinical Significance #4,Comment:,90
Vital Signs: Vital Signs Findings #4,Vital Sign Findings,90
Vital Signs: Vital Signs Findings #4,Staff Initials:,90
Vital Signs: Vital Signs Findings #4,Comment:,90
Vital Signs Standing: Vital Signs Standing BP and HR #4,Vital Signs Standing BP and HR (Standing for at least 3 minutes),90
Vital Signs Standing: Vital Signs Standing BP and HR #4,Staff Initials:,90
Vital Signs Standing: Vital Signs Standing BP and HR #4,Comment:,90
Vital Signs Standing: Vital Signs Standing BP and HR #4,Diastolic mmHg (##0),90
Vital Signs Standing: Vital Signs Standing BP and HR #4,Heart Rate beats/min (##0),90
Vital Signs Standing: Drop in SBP from Supine to Standing #4,Is there a drop in SYSTOLIC BP from supine to standing?,91
Vital Signs Standing: Drop in SBP from Supine to Standing #4,Staff Initials:,91
Vital Signs Standing: Drop in SBP from Supine to Standing #4,Comment:,91
Vital Signs Standing 2: Drop in DBP from Supine to Standing #4,Is there a drop in DIASTOLIC BP from supine to standing?,91
Vital Signs Standing 2: Drop in DBP from Supine to Standing #4,Staff Initials:,91
Vital Signs Standing 2: Drop in DBP from Supine to Standing #4,Comment:,91
Vital Signs Difference: Vital Signs Calculation BP and HR #4,Vital Signs Difference for SYSTOLIC Drop,91
Vital Signs Difference: Vital Signs Calculation BP and HR #4,Staff Initials:,91
Vital Signs Difference: Vital Signs Calculation BP and HR #4,Comment:,91
Vital Signs Difference: Vital Signs Calculation BP and HR 2 #4,Vital Signs Difference for DIASTOLIC Drop,91
Vital Signs Difference: Vital Signs Calculation BP and HR 2 #4,Staff Initials:,91
Vital Signs Difference: Vital Signs Calculation BP and HR 2 #4,Comment:,91
Vital Signs Standing: Clinical Significance #4,Clinical Assessment of Standing Vital Signs (Medic or Nurse to assess vital signs),91
Vital Signs Standing: Clinical Significance #4,Staff Initials:,91
Vital Signs Standing: Vital Signs Findings #4,Vital Sign Findings,92
Vital Signs Standing: Vital Signs Findings #4,Staff Initials:,92
Vital Signs Standing: Vital Signs Findings #4,Comment:,92
PK Samples: PK Plasma #12,PK Sample for Bioanalysis - Gently invert tube 8-10 times immediately after collection and protect the sample from light (4 mL K2EDTA),92
PK Samples: PK Plasma #12,Staff Initials:,92
PK Samples: PK Plasma #12,Comment:,92
AE/CM Surveys: AE/CM Check #12,Confirm an AE and Conmed check has been performed (Record any AE and Conmeds if applicable),92
AE/CM Surveys: AE/CM Check #12,Staff Initials:,92
AE/CM Surveys: AE/CM Check #12,Comment:,92
Stanford Sleepiness Scale: Stanford Sleepiness Scale Date #4,Stanford Sleepiness Scale Questionnaire - Date and Time (Transcribe from paper source workbook),92
Stanford Sleepiness Scale: Stanford Sleepiness Scale Date #4,Staff Initials:,92
Stanford Sleepiness Scale: Stanford Sleepiness Scale Date #4,Comment:,92
Stanford Sleepiness Scale: Stanford Sleepiness Scale Date #4,Time (HH:mm),92
Meals: Confirm Snack #1,Confirm Evening Snack Provided,93
Meals: Confirm Snack #1,Staff Initials:,93
Meals: Confirm Snack #1,Comment:,93
PK Samples: PK Plasma #13,PK Sample for Bioanalysis - Gently invert tube 8-10 times immediately after collection and protect the sample from light (4 mL K2EDTA),93
PK Samples: PK Plasma #13,Staff Initials:,93
PK Samples: PK Plasma #13,Comment:,93
AE/CM Surveys: AE/CM Check #13,Confirm an AE and Conmed check has been performed (Record any AE and Conmeds if applicable),94
AE/CM Surveys: AE/CM Check #13,Staff Initials:,94
AE/CM Surveys: AE/CM Check #13,Comment:,94
Urinalysis: Collection Time #1,Record time of urine sample (Collect Urine Sample),94
Urinalysis: Collection Time #1,Staff Initials:,94
Urinalysis: Collection Time #1,Comment:,94
Urinalysis: Bilirubin #1,"What was the bilirubin result? If any positive result, inform medic/PI. (Perform urinalysis and read results)",94
Urinalysis: Bilirubin #1,Staff Initials:,94
Urinalysis: Bilirubin #1,Comment:,94
Urinalysis: Urobilinogen #1,"What was the urobilinogen result? If any positive result, inform medic/PI. (Perform urinalysis and read results)",95
Urinalysis: Urobilinogen #1,Staff Initials:,95
Urinalysis: Urobilinogen #1,Comment:,95
Urinalysis: Ketones #1,"What was the ketone result? If any positive result, inform medic/PI. (Perform urinalysis and read results)",95
Urinalysis: Ketones #1,Staff Initials:,95
Urinalysis: Ketones #1,Comment:,95
Urinalysis: Glucose #1,"What was the glucose result? If any positive result, inform medic/PI. (Perform urinalysis and read results)",95
Urinalysis: Glucose #1,Staff Initials:,95
Urinalysis: Protein #1,What was the protein result?,96
Urinalysis: Protein #1,"IF PROTEIN ≥ 30mg/dl: Repeat urinalysis as soon as possible, ensuring a clean catch specimen. If protein remains ≥ 30mg/dl on repeat, then inform PI/medic. (Perform urinalysis and read results)",96
Urinalysis: Protein #1,Staff Initials:,96
Urinalysis: Protein #1,Comment:,96
Urinalysis: Blood #1,What was the blood result? (Perform urinalysis and read results),96
Urinalysis: Blood #1,Staff Initials:,96
Urinalysis: Nitrite #1,What was the nitrite result? (Perform urinalysis and read results),97
Urinalysis: Nitrite #1,Staff Initials:,97
Urinalysis: Nitrite #1,Comment:,97
Urinalysis: pH #1,Record pH value (Perform urinalysis and read results),97
Urinalysis: pH #1,Staff Initials:,97
Urinalysis: Specific Gravity #1,Record specific gravity of sample (Perform urinalysis and read results),98
Urinalysis: Specific Gravity #1,Staff Initials:,98
Urinalysis: Specific Gravity #1,Comment:,98
Urinalysis: Leukocytes #1,What was the leukocyte result? (Perform urinalysis and read results),99
Urinalysis: Leukocytes #1,Staff Initials:,99
Urinalysis: Leukocytes #1,Comment:,99
Urinalysis: Participant menstruating #1,"Is participant female and menstruating? (If 'Yes', DO NOT send sample for Microscopy. If 'No', send sample for Microscopy)",99
Urinalysis: Participant menstruating #1,Staff Initials:,99
Urinalysis: Participant menstruating #1,Comment:,99
Urinalysis: Send for microscopy #1,Confirm sample sent for microscopy (Complete associated paperwork),99
Urinalysis: Send for microscopy #1,Staff Initials:,99
Urinalysis: Send for microscopy #1,Comment:,99
Urinalysis: Repeat Urinalysis #1,Has urinalysis been repeated as soon as possible with a clean catch specimen? Ensure events are repeated to capture this data.,100
Urinalysis: Repeat Urinalysis #1,Staff Initials:,100
Urinalysis: Repeat Urinalysis #1,Comment:,100
Urinalysis: Urinalysis Microscopy #1,Urinalysis Microscopy Sample (20 mL Sterilin screw cap),100
Urinalysis: Urinalysis Microscopy #1,Staff Initials:,100
Urinalysis: Urinalysis Microscopy #1,Comment:,100
Urinalysis: TDL Form Check #1,Confirm TDL form completed:,100
Urinalysis: TDL Form Check #1,- Correct form used - Correct participant label applied - Correct slot number written - Correct sex and fasting status - Correct timepoint checked - Correct sample date and time written - Correct visit - Initials signed to confirm sample collected and form correct,100
Urinalysis: TDL Form Check #1,Staff Initials:,100
Urinalysis: TDL Form Check #1,Comment:,100
Urinalysis: Urinalysis Medic Assessment #1,Has there been a medic review of the Microscopy results?,100
Urinalysis: Urinalysis Medic Assessment #1,Staff Initials:,100
Urinalysis: Urinalysis Medic Assessment #1,Comment:,100
ECG: ECG Rhythm Assess/Interpretation #3,ECG Rhythm assessment and interpretation,101
ECG: ECG Rhythm Assess/Interpretation #3,Staff Initials:,101
ECG: ECG Rhythm Assess/Interpretation #3,Comment:,101
ECG: ECG Significance #3,Was the ECG clinically significant? (Medic to assess),101
ECG: ECG Findings #3,ECG Findings,102
ECG: ECG Findings #3,Staff Initials:,102
ECG: ECG Findings #3,Comment:,102
ECG: ECG Findings inc Rhythm #3,"ECG Findings, including rhythm assessment",102
ECG: ECG Findings inc Rhythm #3,Staff Initials:,102
ECG: ECG Findings inc Rhythm #3,Comment:,102
ECG Difference: ECG Difference Calculation #3,ECG Difference Calculation - a participant will be withdrawn where there is an increase in QTcF interval of >60 msec from baseline (confirmed following a repeat ECG),102
ECG Difference: ECG Difference Calculation #3,Staff Initials:,102
ECG Difference: ECG Difference Calculation #3,Comment:,102
Vital Signs: Vital Signs Supine Full Set #5,Vital Signs (Supine for at least 3 minutes),102
Vital Signs: Vital Signs Supine Full Set #5,Staff Initials:,102
Vital Signs: Vital Signs Supine Full Set #5,Diastolic mmHg (##0),102
Vital Signs: Clinical Significance #5,Clinical Assessment of Vital Signs (Medic or Nurse to assess vital signs),103
Vital Signs: Clinical Significance #5,Staff Initials:,103
Vital Signs: Clinical Significance #5,Comment:,103
Vital Signs: Vital Signs Findings #5,Vital Sign Findings,103
Vital Signs: Vital Signs Findings #5,Staff Initials:,103
Vital Signs: Vital Signs Findings #5,Comment:,103
Vital Signs Standing: Vital Signs Standing BP and HR #5,Vital Signs Standing BP and HR (Standing for at least 3 minutes),104
Vital Signs Standing: Vital Signs Standing BP and HR #5,Staff Initials:,104
Vital Signs Standing: Vital Signs Standing BP and HR #5,Comment:,104
Vital Signs Standing: Vital Signs Standing BP and HR #5,Diastolic mmHg (##0),104
Vital Signs Standing: Vital Signs Standing BP and HR #5,Heart Rate beats/min (##0),104
Vital Signs Standing: Drop in SBP from Supine to Standing #5,Is there a drop in SYSTOLIC BP from supine to standing?,104
Vital Signs Standing: Drop in SBP from Supine to Standing #5,Staff Initials:,104
Vital Signs Standing: Drop in SBP from Supine to Standing #5,Comment:,104
Vital Signs Standing 2: Drop in DBP from Supine to Standing #5,Is there a drop in DIASTOLIC BP from supine to standing?,104
Vital Signs Standing 2: Drop in DBP from Supine to Standing #5,Staff Initials:,104
Vital Signs Standing 2: Drop in DBP from Supine to Standing #5,Comment:,104
Vital Signs Difference: Vital Signs Calculation BP and HR #5,Vital Signs Difference for SYSTOLIC Drop,104
Vital Signs Difference: Vital Signs Calculation BP and HR #5,Staff Initials:,104
Vital Signs Difference: Vital Signs Calculation BP and HR #5,Comment:,104
Vital Signs Difference: Vital Signs Calculation BP and HR 2 #5,Vital Signs Difference for DIASTOLIC Drop,105
Vital Signs Difference: Vital Signs Calculation BP and HR 2 #5,Staff Initials:,105
Vital Signs Difference: Vital Signs Calculation BP and HR 2 #5,Comment:,105
Vital Signs Standing: Clinical Significance #5,Clinical Assessment of Standing Vital Signs (Medic or Nurse to assess vital signs),105
Vital Signs Standing: Clinical Significance #5,Staff Initials:,105
Vital Signs Standing: Clinical Significance #5,Comment:,105
Vital Signs Standing: Vital Signs Findings #5,Vital Sign Findings,105
Vital Signs Standing: Vital Signs Findings #5,Staff Initials:,105
Vital Signs Standing: Vital Signs Findings #5,Comment:,105
Safety: Fasted #1,Has the participant fasted for 8 hours?,105
Safety: Fasted #1,Staff Initials:,105
Safety: Fasted #1,Comment:,105
Safety: Haematology #1,Haematology – Mix tube gently by inverting 8–10 times (2 mL K3EDTA),106
Safety: Haematology #1,Staff Initials:,106
Safety: Haematology #1,Comment:,106
Safety: Haematology Medic Assessment #1,Has there been a medic review of the Haematology blood results?,106
Safety: Haematology Medic Assessment #1,Staff Initials:,106
Safety: Haematology Medic Assessment #1,Comment:,106
Safety: Chemistry #1,Chemistry – Mix tube gently by inverting 5–6 times (5 mL SST),106
Safety: Chemistry #1,Staff Initials:,106
Safety: Chemistry #1,Comment:,106
Safety: Chemistry Medic Assessment #1,Has there been a medic review of the Clinical Chemistry blood results?,106
Safety: Chemistry Medic Assessment #1,Staff Initials:,106
Safety: Chemistry Medic Assessment #1,Comment:,106
Safety: TDL Form Check #1,Confirm TDL form completed:,107
Safety: TDL Form Check #1,- Correct form used - Correct participant label applied - Correct slot number written - Correct sex and fasting status - Correct timepoint checked - Correct sample date and time written - Correct visit - Initials signed to confirm sample collected and form correct,107
Safety: TDL Form Check #1,Staff Initials:,107
Safety: TDL Form Check #1,Comment:,107
PK Samples: PK Plasma #14,PK Sample for Bioanalysis - Gently invert tube 8-10 times immediately after collection and protect the sample from light (4 mL K2EDTA),107
PK Samples: PK Plasma #14,Staff Initials:,107
PK Samples: PK Plasma #14,Comment:,107
AE/CM Surveys: AE/CM Check #14,Confirm an AE and Conmed check has been performed (Record any AE and Conmeds if applicable),107
AE/CM Surveys: AE/CM Check #14,Staff Initials:,107
AE/CM Surveys: AE/CM Check #14,Comment:,107
Stanford Sleepiness Scale: Stanford Sleepiness Scale Date #5,Stanford Sleepiness Scale Questionnaire - Date and Time (Transcribe from paper source workbook),107
Stanford Sleepiness Scale: Stanford Sleepiness Scale Date #5,Staff Initials:,107
Stanford Sleepiness Scale: Stanford Sleepiness Scale Date #5,Comment:,107
Stanford Sleepiness Scale: Stanford Sleepiness Scale Date #5,Time (HH:mm),107
Stanford Sleepiness Scale: Degree of Sleepiness #5,Degree of Sleepiness,107
PK Samples: PK Plasma #15,PK Sample for Bioanalysis - Gently invert tube 8-10 times immediately after collection and protect the sample from light (4 mL K2EDTA),108
PK Samples: PK Plasma #15,Staff Initials:,108
PK Samples: PK Plasma #15,Comment:,108
AE/CM Surveys: AE/CM Check #15,Confirm an AE and Conmed check has been performed (Record any AE and Conmeds if applicable),108
AE/CM Surveys: AE/CM Check #15,Staff Initials:,108
AE/CM Surveys: AE/CM Check #15,Comment:,108
PK Samples: PK Plasma #16,PK Sample for Bioanalysis - Gently invert tube 8-10 times immediately after collection and protect the sample from light (4 mL K2EDTA),108
PK Samples: PK Plasma #16,Staff Initials:,108
PK Samples: PK Plasma #16,Comment:,108
Vital Signs: Vital Signs Supine Full Set #6,Vital Signs (Supine for at least 3 minutes),109
Vital Signs: Vital Signs Supine Full Set #6,Staff Initials:,109
Vital Signs: Vital Signs Supine Full Set #6,Comment:,109
Vital Signs: Vital Signs Supine Full Set #6,Diastolic mmHg (##0),109
Vital Signs: Vital Signs Supine Full Set #6,Heart Rate beats/min (##0),109
Vital Signs: Vital Signs Supine Full Set #6,Respiratory Rate breaths/mi (##0),109
Vital Signs: Vital Signs Supine Full Set #6,Oral Temperature - Degrees Celsius . C (##.0),109
Vital Signs: Clinical Significance #6,Clinical Assessment of Vital Signs (Medic or Nurse to assess vital signs),109
Vital Signs: Clinical Significance #6,Staff Initials:,109
Vital Signs: Clinical Significance #6,Comment:,109
Vital Signs: Vital Signs Findings #6,Vital Sign Findings,110
Vital Signs: Vital Signs Findings #6,Staff Initials:,110
Vital Signs: Vital Signs Findings #6,Comment:,110
Vital Signs Standing: Vital Signs Standing BP and HR #6,Vital Signs Standing BP and HR (Standing for at least 3 minutes),110
Vital Signs Standing: Vital Signs Standing BP and HR #6,Staff Initials:,110
Vital Signs Standing: Vital Signs Standing BP and HR #6,Comment:,110
Vital Signs Standing: Vital Signs Standing BP and HR #6,Diastolic mmHg (##0),110
Vital Signs Standing: Vital Signs Standing BP and HR #6,Heart Rate beats/min (##0),110
Vital Signs Standing: Drop in SBP from Supine to Standing #6,Is there a drop in SYSTOLIC BP from supine to standing?,110
Vital Signs Standing: Drop in SBP from Supine to Standing #6,Staff Initials:,110
Vital Signs Standing: Drop in SBP from Supine to Standing #6,Comment:,110
Vital Signs Standing 2: Drop in DBP from Supine to Standing #6,Is there a drop in DIASTOLIC BP from supine to standing?,110
Vital Signs Standing 2: Drop in DBP from Supine to Standing #6,Staff Initials:,110
Vital Signs Standing 2: Drop in DBP from Supine to Standing #6,Comment:,110
Vital Signs Difference: Vital Signs Calculation BP and HR #6,Vital Signs Difference for SYSTOLIC Drop,111
Vital Signs Difference: Vital Signs Calculation BP and HR #6,Staff Initials:,111
Vital Signs Difference: Vital Signs Calculation BP and HR #6,Comment:,111
Vital Signs Difference: Vital Signs Calculation BP and HR 2 #6,Vital Signs Difference for DIASTOLIC Drop,111
Vital Signs Difference: Vital Signs Calculation BP and HR 2 #6,Staff Initials:,111
Vital Signs Difference: Vital Signs Calculation BP and HR 2 #6,Comment:,111
Vital Signs Standing: Clinical Significance #6,Clinical Assessment of Standing Vital Signs (Medic or Nurse to assess vital signs),111
Vital Signs Standing: Clinical Significance #6,Staff Initials:,111
Vital Signs Standing: Clinical Significance #6,Comment:,111
Vital Signs Standing: Vital Signs Findings #6,Vital Sign Findings,111
Vital Signs Standing: Vital Signs Findings #6,Staff Initials:,111
Vital Signs Standing: Vital Signs Findings #6,Comment:,111
PK Samples: PK Plasma #17,PK Sample for Bioanalysis - Gently invert tube 8-10 times immediately after collection and protect the sample from light (4 mL K2EDTA),112
PK Samples: PK Plasma #17,Staff Initials:,112
PK Samples: PK Plasma #17,Comment:,112
AE/CM Surveys: AE/CM Check #17,Confirm an AE and Conmed check has been performed (Record any AE and Conmeds if applicable),112
AE/CM Surveys: AE/CM Check #17,Staff Initials:,112
AE/CM Surveys: AE/CM Check #17,Comment:,112
C-SSRS Assessment: Date of Assessment #1,C-SSRS Questionnaire - Date and Time (Transcribe from C-SSRS paper source workbook),112
C-SSRS Assessment: Date of Assessment #1,Staff Initials:,112
C-SSRS Assessment: Date of Assessment #1,Comment:,112
C-SSRS Assessment: Date of Assessment #1,Time (HH:mm),112
C-SSRS Since Last Visit: 1. Wish to be Dead #1,1. Wish to be dead,112
C-SSRS Since Last Visit: 1. Wish to be Dead #1,"Subject endorses thoughts about a wish to be dead or not alive anymore, or a wish to fall asleep and not wake up. (Have you wished you were dead or wished you could go to sleep and not wake up?)",112
C-SSRS Since Last Visit: 1. Wish to be Dead #1,Staff Initials:,112
C-SSRS Since Last Visit: 1. Wish to be Dead #1,Comment:,112
C-SSRS Since Last Visit: 3. Active Ideation No Intent #1,3. Active Suicidal Ideation with Any Methods (Not Plan) Without Intent to Act,113
C-SSRS Since Last Visit: 3. Active Ideation No Intent #1,"Subject endorses thoughts of suicide and has thought of at least one method during the assessment period. This is different from a specific plan with time, place or method details worked out (e.g. thought of method to kill self but not a specific plan). Includes person who would say, ""I thought about taking an overdose but I never made a specific plan as to when, where or how I would actually do it… and I would never go through with it"". (Have you been thinking about how you might do this?)",113
C-SSRS Since Last Visit: 3. Active Ideation No Intent #1,Staff Initials:,113
C-SSRS Since Last Visit: 3. Active Ideation No Intent #1,Comment:,113
C-SSRS Since Last Visit: 4. Active Ideation Some Intent #1,"4. Active Suicidal Ideation with Some Intent to Act, without Specific Plan",113
C-SSRS Since Last Visit: 4. Active Ideation Some Intent #1,"Active suicidal thoughts of killing oneself and subject reports having some intent to act on such thoughts, as opposed to ""I have the thoughts but I definitely will not do anything about them"". (Have you had these thoughts and had some intention of acting on them?)",113
C-SSRS Since Last Visit: 4. Active Ideation Some Intent #1,Staff Initials:,113
C-SSRS Since Last Visit: 4. Active Ideation Some Intent #1,Comment:,113
C-SSRS Since Last Visit: 5. Active Ideation Specific Intent #1,5. Active Suicidal Ideation with Specific Plan and Intent,114
C-SSRS Since Last Visit: 5. Active Ideation Specific Intent #1,Thoughts of killing oneself with details of plan fully or partially worked out and subject has some intent to carry it out. (Have you started to work out or worked out the details of how to kill yourself? Do you intend to carry out this plan?),114
C-SSRS Since Last Visit: 5. Active Ideation Specific Intent #1,Staff Initials:,114
C-SSRS Since Last Visit: 5. Active Ideation Specific Intent #1,Comment:,114
C-SSRS Since Last Visit: 6. Most Severe Ideation #1,Most Severe Ideation,114
C-SSRS Since Last Visit: 6. Most Severe Ideation #1,"The following feature should be rated with respect to the most severe type of ideation (i.e. 1-5 from above, with 1 being the least severe and 5 being the most severe). Ask about time he/she was feeling the most suicidal.",114
C-SSRS Since Last Visit: 6. Most Severe Ideation #1,Staff Initials:,114
C-SSRS Since Last Visit: 6. Most Severe Ideation #1,Comment:,114
C-SSRS Since Last Visit: 7. Frequency #1,Frequency,115
C-SSRS Since Last Visit: 7. Frequency #1,(How many times have you had these thoughts?),115
C-SSRS Since Last Visit: 7. Frequency #1,Staff Initials:,115
C-SSRS Since Last Visit: 7. Frequency #1,Comment:,115
C-SSRS Since Last Visit: 8. Duration #1,Duration,115
C-SSRS Since Last Visit: 8. Duration #1,"(When you have the thoughts, how long do they last?)",115
C-SSRS Since Last Visit: 8. Duration #1,Staff Initials:,115
C-SSRS Since Last Visit: 8. Duration #1,Comment:,115
C-SSRS Since Last Visit: 9. Controllability #1,Controllability,115
C-SSRS Since Last Visit: 9. Controllability #1,(Could/can you stop thinking about killing yourself or wanting to die if you want to?),115
C-SSRS Since Last Visit: 9. Controllability #1,Staff Initials:,115
C-SSRS Since Last Visit: 10. Deterrents #1,Deterrents,116
C-SSRS Since Last Visit: 10. Deterrents #1,"(Are there things - anyone or anything (e.g. family, religion, pain of death) - that stopped you from wanting to die or acting on thoughts of committing suicide?)",116
C-SSRS Since Last Visit: 10. Deterrents #1,Staff Initials:,116
C-SSRS Since Last Visit: 10. Deterrents #1,Comment:,116
C-SSRS Since Last Visit: 12. Total Number of Attempts #1,Total Number of Attempts,118
C-SSRS Since Last Visit: 12. Total Number of Attempts #1,Staff Initials:,118
C-SSRS Since Last Visit: 12. Total Number of Attempts #1,Comment:,118
C-SSRS Since Last Visit: 13. Has Subject Engaged #1,Has subject engaged in Non-Suicidal Self-Injurious Behaviour (Since Last Visit),119
C-SSRS Since Last Visit: 13. Has Subject Engaged #1,Staff Initials:,119
C-SSRS Since Last Visit: 13. Has Subject Engaged #1,Comment:,119
C-SSRS Since Last Visit: 14. Interrupted Attempt #1,Interrupted Attempt (Since Last Visit),119
C-SSRS Since Last Visit: 14. Interrupted Attempt #1,"When the person is interrupted (by an outside circumstance) from starting the potentially self- injurious act (if not for that, actual attempt would have occurred). Overdose: Person has pills in hand but is stopped from ingesting. Once they ingest any pills, this becomes an attempt rather than an interrupted attempt. Shooting: Person has gun pointed towards self, gun is taken away by someone else, or he/she is somehow prevented from pulling trigger. Once they pull the trigger, even if the gun fails to fire, it is an attempt. Jumping: Person is poised to jump, is grabbed and taken down from ledge. Hanging: Person has noose around neck but has not yet started to hang - is stopped from doing so. (Has there been a time when you started to do something to end your life but someone or something stopped you before you actually did anything?)",119
C-SSRS Since Last Visit: 14. Interrupted Attempt #1,Staff Initials:,119
C-SSRS Since Last Visit: 14. Interrupted Attempt #1,Comment:,119
C-SSRS Since Last Visit: 14. Total Number of Interrupted #1,Total Number of Interrupted,119
C-SSRS Since Last Visit: 14. Total Number of Interrupted #1,Staff Initials:,119
C-SSRS Since Last Visit: 14. Total Number of Interrupted #1,Comment:,119
C-SSRS Since Last Visit: 15. Total Number of Aborted #1,Total Number of Aborted,120
C-SSRS Since Last Visit: 15. Total Number of Aborted #1,"Acts or preparation towards imminently making a suicide attempt. This can include anything beyond a verbalisation or thought, such as assembling a specific method (e.g. buying pills, purchasing a gun) or preparing for one's death by suicide (e.g. giving things away, writing a suicide note). (Have you taken any steps towards making a suicide attempt or preparing to kill yourself (such as collecting pills, getting a gun, giving valuables away or writing a suicide note)?)",120
C-SSRS Since Last Visit: 15. Total Number of Aborted #1,Staff Initials:,120
C-SSRS Since Last Visit: 15. Total Number of Aborted #1,Comment:,120
C-SSRS Since Last Visit: 16. Preparatory Acts or Behaviour #1,Preparatory Acts or Behaviour (Since Last Visit),121
C-SSRS Since Last Visit: 16. Preparatory Acts or Behaviour #1,"Acts or preparation towards imminently making a suicide attempt. This can include anything beyond a verbalisation or thought, such as assembling a specific method (e.g. buying pills, purchasing a gun) or preparing for one's death by suicide (e.g. giving things away, writing a suicide note). (Have you taken any steps towards making a suicide attempt or preparing to kill yourself (such as collecting pills, getting a gun, giving valuables away or writing a suicide note)?)",121
C-SSRS Since Last Visit: 16. Preparatory Acts or Behaviour #1,Staff Initials:,121
C-SSRS Since Last Visit: 16. Preparatory Acts or Behaviour #1,Comment:,121
C-SSRS Since Last Visit: 17. Suicidal Behaviour #1,Suicidal Behaviour (Since Last Visit),121
C-SSRS Since Last Visit: 17. Suicidal Behaviour #1,Suicidal behaviour was present during the assessment period?,121
C-SSRS Since Last Visit: 17. Suicidal Behaviour #1,Staff Initials:,121
C-SSRS Since Last Visit: 17. Suicidal Behaviour #1,Comment:,121
C-SSRS Since Last Visit: 18. Suicide #1,Suicide (Since Last Visit),121
C-SSRS Since Last Visit: 18. Suicide #1,Staff Initials:,121
C-SSRS Since Last Visit: 18. Suicide #1,Comment:,121
C-SSRS Since Last Visit: 19. Most Lethal Attempt Date #1,Most Lethal Attempt Date,122
C-SSRS Since Last Visit: 19. Most Lethal Attempt Date #1,Staff Initials:,122
C-SSRS Since Last Visit: 19. Most Lethal Attempt Date #1,Comment:,122
C-SSRS Since Last Visit: 19. Actual Lethality Most Lethal Attempt #1,Actual Lethality/Medical Damage - Most Lethal Attempt,122
C-SSRS Since Last Visit: 19. Actual Lethality Most Lethal Attempt #1,Staff Initials:,122
C-SSRS Since Last Visit: 19. Actual Lethality Most Lethal Attempt #1,Comment:,122
C-SSRS Since Last Visit: 19. Potential Lethality Most Lethal Attempt #1,Potential Lethality - Most Lethal Attempt Code (only answer if Actual Lethality = 0),123
C-SSRS Since Last Visit: 19. Potential Lethality Most Lethal Attempt #1,Staff Initials:,123
C-SSRS Since Last Visit: 19. Potential Lethality Most Lethal Attempt #1,Comment:,123
Meals: Confirm Snack #2,Confirm Evening Snack Provided,123
Meals: Confirm Snack #2,Staff Initials:,123
Meals: Confirm Snack #2,Comment:,123
Meals: Start Fast #1,Start time of fast (Includes all food and drink except water),123
Meals: Start Fast #1,(Fast for at least 10 hours before breakfast or dosing depending on Part & Cohort),123
Meals: Start Fast #1,"Group, Visit:",123
Meals: Start Fast #1,Staff Initials:,123
Meals: Start Fast #1,Comment:,123
Pre-dose Triplicate ECG 1: 12 Lead Standard #1,PRE-DOSE Triplicate ECG 1: 12 Lead Standard ECG (Supine for a minimum 3 minutes),123
Pre-dose Triplicate ECG 1: 12 Lead Standard #1,Staff Initials:,123
Pre-dose Triplicate ECG 1: ECG Rhythm Assess/Interpretation #1,PRE-DOSE Triplicate ECG 1: ECG Rhythm assessment and interpretation,124
Pre-dose Triplicate ECG 1: ECG Rhythm Assess/Interpretation #1,Staff Initials:,124
Pre-dose Triplicate ECG 1: ECG Rhythm Assess/Interpretation #1,Comment:,124
Pre-dose Triplicate ECG 1: ECG Significance #1,PRE-DOSE Triplicate ECG 1: Was the ECG clinically significant? (Medic to assess),124
Pre-dose Triplicate ECG 1: ECG Significance #1,Staff Initials:,124
Pre-dose Triplicate ECG 1: ECG Significance #1,Comment:,124
Pre-dose Triplicate ECG 1: ECG Findings #1,PRE-DOSE Triplicate ECG 1: ECG Findings,125
Pre-dose Triplicate ECG 1: ECG Findings #1,Staff Initials:,125
Pre-dose Triplicate ECG 1: ECG Findings #1,Comment:,125
Pre-dose Triplicate ECG 1: ECG Findings inc Rhythm #1,"PRE-DOSE Triplicate ECG 1: ECG Findings, including rhythm assessment",125
Pre-dose Triplicate ECG 1: ECG Findings inc Rhythm #1,Staff Initials:,125
Pre-dose Triplicate ECG 1: ECG Findings inc Rhythm #1,Comment:,125
Pre-dose Triplicate ECG 2: 12 Lead Standard #1,PRE-DOSE Triplicate ECG 2: 12 Lead Standard ECG (To be performed at least 2 minutes after ECG1),125
Pre-dose Triplicate ECG 2: 12 Lead Standard #1,Staff Initials:,125
Pre-dose Triplicate ECG 2: 12 Lead Standard #1,Comment:,125
Pre-dose Triplicate ECG 2: 12 Lead Standard #1,PR interval ms (##0),125
Pre-dose Triplicate ECG 2: 12 Lead Standard #1,QRS Duration ms (##0),125
Pre-dose Triplicate ECG 2: 12 Lead Standard #1,QT interval ms (##0),125
Pre-dose Triplicate ECG 2: 12 Lead Standard #1,QRS Axis deg (###0),125
Pre-dose Triplicate ECG 2: 12 Lead Standard #1,RR Interval ms (###0),125
Pre-dose Triplicate ECG 2: 12 Lead Standard #1,QTcF ms (##0),125
Pre-dose Triplicate ECG 2: ECG Rhythm Assess/Interpretation #1,PRE-DOSE Triplicate ECG 2: ECG Rhythm assessment and interpretation,125
Pre-dose Triplicate ECG 2: ECG Significance #1,PRE-DOSE Triplicate ECG 2: Was the ECG clinically significant? (Medic to assess),126
Pre-dose Triplicate ECG 2: ECG Significance #1,Staff Initials:,126
Pre-dose Triplicate ECG 2: ECG Significance #1,Comment:,126
Pre-dose Triplicate ECG 2: ECG Findings #1,PRE-DOSE Triplicate ECG 2: ECG Findings,126
Pre-dose Triplicate ECG 2: ECG Findings #1,Staff Initials:,126
Pre-dose Triplicate ECG 2: ECG Findings #1,Comment:,126
Pre-dose Triplicate ECG 2: ECG Findings inc Rhythm #1,"PRE-DOSE Triplicate ECG 2: ECG Findings, including rhythm assessment",126
Pre-dose Triplicate ECG 2: ECG Findings inc Rhythm #1,Staff Initials:,126
Pre-dose Triplicate ECG 2: ECG Findings inc Rhythm #1,Comment:,126
Pre-dose Triplicate ECG 3: 12 Lead Standard #1,PRE-DOSE Triplicate ECG 3: 12 Lead Standard ECG (To be performed at least 2 minutes after ECG2),126
Pre-dose Triplicate ECG 3: ECG Rhythm Assess/Interpretation #1,PRE-DOSE Triplicate ECG 3: ECG Rhythm assessment and interpretation,127
Pre-dose Triplicate ECG 3: ECG Rhythm Assess/Interpretation #1,Staff Initials:,127
Pre-dose Triplicate ECG 3: ECG Rhythm Assess/Interpretation #1,Comment:,127
Pre-dose Triplicate ECG 3: ECG Significance #1,PRE-DOSE Triplicate ECG 3: Was the ECG clinically significant? (Medic to assess),128
Pre-dose Triplicate ECG 3: ECG Significance #1,Staff Initials:,128
Pre-dose Triplicate ECG 3: ECG Significance #1,Comment:,128
Pre-dose Triplicate ECG 3: ECG Findings #1,PRE-DOSE Triplicate ECG 3: ECG Findings,128
Pre-dose Triplicate ECG 3: ECG Findings #1,Staff Initials:,128
Pre-dose Triplicate ECG 3: ECG Findings #1,Comment:,128
Pre-dose Triplicate ECG 3: ECG Findings inc Rhythm #1,"PRE-DOSE Triplicate ECG 3: ECG Findings, including rhythm assessment",128
Pre-dose Triplicate ECG 3: ECG Findings inc Rhythm #1,Staff Initials:,128
Pre-dose Triplicate ECG 3: ECG Findings inc Rhythm #1,Comment:,128
Mean Values: Pre-dose Mean values #1,PRE-DOSE - Mean values,129
Mean Values: Pre-dose Mean values #1,"Withdraw if - QT interval corrected for heart rate using Fridericia’s formula (QTcF) >450 msec for male participants or >470 msec for female participants, QRS interval >120 msec, or PR interval >200 msec",129
Mean Values: Pre-dose Mean values #1,Staff Initials:,129
Mean Values: Pre-dose Mean values #1,Comment:,129
Mean Values: Pre-dose Mean values #1,QRS Duration ms (##0),129
Mean Values: Pre-dose Mean values #1,QTcF ms (##0),129
ECG Difference: Baseline values #1,Please transcribe the baseline value for QTcF for withdrawal purposes for Period 2 post dose from the mean QTcF above,129
ECG Difference: Baseline values #1,Staff Initials:,129
ECG Difference: Baseline values #1,Comment:,129
Pre-dose Vital Signs: Vital Signs Supine Full Set #1,PRE-DOSE - Vital Signs (Supine for at least 3 minutes),129
Pre-dose Vital Signs: Vital Signs Supine Full Set #1,Staff Initials:,129
Pre-dose Vital Signs: Vital Signs Supine Full Set #1,Comment:,129
Pre-dose Vital Signs: Vital Signs Supine Full Set #1,Diastolic mmHg (##0),129
Pre-dose Vital Signs: Vital Signs Supine Full Set #1,Heart Rate beats/min (##0),129
Pre-dose Vital Signs: Vital Signs Supine Full Set #1,Respiratory Rate breaths/mi (##0),129
Pre-dose Vital Signs: Vital Signs Supine Full Set #1,Oral Temperature - Degrees Celsius . C (##.0),129
Pre-dose Vital Signs: Clinical Significance #1,PRE-DOSE - Clinical Assessment of Vital Signs (Medic or Nurse to assess vital signs),130
Pre-dose Vital Signs: Clinical Significance #1,Staff Initials:,130
Pre-dose Vital Signs: Clinical Significance #1,Comment:,130
Pre-dose Vital Signs: Vital Signs Findings #1,PRE-DOSE - Vital Sign Findings,130
Pre-dose Vital Signs: Vital Signs Findings #1,Staff Initials:,130
Pre-dose Vital Signs: Vital Signs Findings #1,Comment:,130
Pre-dose Vital Signs Standing: Vital Signs Standing BP and HR #1,PRE-DOSE - Vital Signs (Standing),130
Pre-dose Vital Signs Standing: Vital Signs Standing BP and HR #1,Staff Initials:,130
Pre-dose Vital Signs Standing: Vital Signs Standing BP and HR #1,Comment:,130
Pre-dose Vital Signs Standing: Vital Signs Standing BP and HR #1,Diastolic mmHg (##0),130
Pre-dose Vital Signs Standing: Vital Signs Standing BP and HR #1,Heart Rate beats/min (##0),130
Pre-dose Vital Signs Standing: Drop in BP from Supine to Standing #1,PRE-DOSE - Is there a drop in SYSTOLIC BP from supine to standing?,131
Pre-dose Vital Signs Standing: Drop in BP from Supine to Standing #1,Staff Initials:,131
Pre-dose Vital Signs Standing: Drop in BP from Supine to Standing #1,Comment:,131
Pre-dose Vital Signs Standing 2: Drop in BP from Supine to Standing #1,PRE-DOSE - Is there a drop in DIASTOLIC BP from supine to standing?,131
Pre-dose Vital Signs Standing 2: Drop in BP from Supine to Standing #1,Staff Initials:,131
Pre-dose Vital Signs Standing 2: Drop in BP from Supine to Standing #1,Comment:,131
Pre-dose Vital Signs Difference: Vital Signs Calculation BP and HR #1,PRE-DOSE - Vital Signs Difference for SYSTOLIC Drop,131
Pre-dose Vital Signs Difference: Vital Signs Calculation BP and HR #1,Staff Initials:,131
Pre-dose Vital Signs Difference: Vital Signs Calculation BP and HR #1,Comment:,131
Pre-dose Vital Signs Difference: Vital Signs Calculation BP and HR 2 #1,PRE-DOSE - Vital Signs Difference for DIASTOLIC Drop (Supine),131
Pre-dose Vital Signs Difference: Vital Signs Calculation BP and HR 2 #1,Staff Initials:,131
Pre-dose Vital Signs Difference: Vital Signs Calculation BP and HR 2 #1,Comment:,131
Pre-dose Vital Signs Standing: Clinical Significance #1,PRE-DOSE - Clinical Assessment of Vital Signs (Medic or Nurse to assess vital signs),131
Pre-dose Vital Signs Standing: Clinical Significance #1,Staff Initials:,131
Pre-dose Vital Signs Standing: Vital Signs Findings #1,PRE-DOSE - Vital Sign Findings,132
Pre-dose Vital Signs Standing: Vital Signs Findings #1,Staff Initials:,132
Pre-dose Vital Signs Standing: Vital Signs Findings #1,Comment:,132
PK Samples: PK Plasma #1,PK Sample for Bioanalysis - Gently invert tube 8-10 times immediately after collection and protect the sample from light (4 mL K2EDTA),132
PK Samples: PK Plasma #1,Staff Initials:,132
PK Samples: PK Plasma #1,Comment:,132
AE/CM Surveys: AE/CM Check #1,Confirm an AE and Conmed check has been performed (Record any AE and Conmeds if applicable),132
AE/CM Surveys: AE/CM Check #1,Staff Initials:,132
AE/CM Surveys: AE/CM Check #1,Comment:,132
Exposure: Dosing Eligibility Continues #1,I confirm that the participant continues to be eligible to participate in this clinical study.,132
Exposure: Dosing Eligibility Continues #1,Staff Initials:,132
Exposure: Dosing Eligibility Continues #1,Comment:,132
Exposure x: Prandial state #1,Prandial state,132
Exposure x: Prandial state #1,Staff Initials:,132
Exposure x: Fasted for 10 hours for Breakfast #1,Has the participant fasted for 10 hours prior to breakfast?,133
Exposure x: Fasted for 10 hours for Breakfast #1,Staff Initials:,133
Exposure x: Fasted for 10 hours for Breakfast #1,Comment:,133
Meals: Start Breakfast #1,Participant should begin eating breakfast.,133
Meals: Start Breakfast #1,Staff Initials:,133
Meals: Start Breakfast #1,Comment:,133
Meals: End Breakfast #1,Participant should stop eating breakfast.,133
Meals: End Breakfast #1,Staff Initials:,133
Meals: End Breakfast #1,Comment:,133
Meals: Amount Consumed (Breakfast) #1,Total amount of breakfast consumed,133
Meals: Amount Consumed (Breakfast) #1,Staff Initials:,133
Meals: Amount Consumed (Breakfast) #1,Comment:,133
Meals: Not eaten #1,Please describe what was not eaten,134
Meals: Not eaten #1,Staff Initials:,134
Meals: Not eaten #1,Comment:,134
Meals: PI Check #1,PI to authorise. Full meal must be consumed to proceed with dosing.,134
Meals: PI Check #1,Staff Initials:,134
Meals: PI Check #1,Comment:,134
Exposure: Volunteer ID Check #1,"Check the Volunteer ID in eSource matches the volunteer (Initials, DOB and Photographic ID)",134
Exposure: Volunteer ID Check #1,Staff Initials:,134
Exposure: Volunteer ID Check #1,Comment:,134
Exposure: Panel Number Check #1,Check the volunteer panel number on the wristband matches eSource,134
Exposure: Panel Number Check #1,Staff Initials:,134
Exposure: Panel Number Check #1,Comment:,134
Exposure: Participant Number Check #1,Check the participant number in eSource matches the Instruction to Dispense and Dose,134
Exposure: Participant Number Check #1,Staff Initials:,134
Exposure: Participant Number Check #1,Comment:,134
Exposure: Has the participant refrained from water #1,Has the participant refrained from drinking water for at least 1 hour prior to dosing?,135
Exposure: Has the participant refrained from water #1,Staff Initials:,135
Exposure: Has the participant refrained from water #1,Comment:,135
Exposure: Fasted for 10 hours for Dosing #1,Has the participant fasted for 10 hours prior to dosing?,135
Exposure: Fasted for 10 hours for Dosing #1,Staff Initials:,135
Exposure: Fasted for 10 hours for Dosing #1,Comment:,135
Exposure: Consumed breakfast #1,"Has the participant consumed breakfast per the protocol requirements, over 20 minutes and the full meal?",135
Exposure: Consumed breakfast #1,Staff Initials:,135
Exposure: Consumed breakfast #1,Comment:,135
Exposure: Predose Blood Draw #1,Pre dose blood draws for PK sample taken?,135
Exposure: Predose Blood Draw #1,Staff Initials:,135
Exposure: Predose Blood Draw #1,Comment:,135
Exposure: Predose Procedure Check #1,Have all required pre dose procedures been completed?,136
Exposure: Predose Procedure Check #1,Staff Initials:,136
Exposure: Predose Procedure Check #1,Comment:,136
Exposure: Dose Eligibility Check #1,Is the participant eligible to dose?,136
Exposure: Dose Eligibility Check #1,Staff Initials:,136
Exposure: Dose Eligibility Check #1,Comment:,136
Exposure: Subject/regimen #1,Enter the product details,136
Exposure: Subject/regimen #1,Staff Initials:,136
Exposure: Subject/regimen #1,Comment:,136
Exposure: Subject/regimen #1,Treatment (25 char. max.),136
Exposure: Subject/regimen #1,Dose Level mg (#0),136
Exposure: Subject/regimen #1,Number of tablets/capsules to be administered (#0),136
Exposure: Subject/regimen #1,Batch Number (25 char. max.),136
Exposure: Subject/regimen #1,Container Number (##0),136
Exposure: Product label check #1,Does the Product label match the Instruction to Dispense and Dose?,137
Exposure: Product label check #1,Staff Initials:,137
Exposure: Product label check #1,Comment:,137
Exposure: Final Check #1,"Final check performed (5 R’s of dosing, Jones 2009 – right participant, right drug, right dose, right route, right time)",137
Exposure: Final Check #1,Staff Initials:,137
Exposure: Final Check #1,Comment:,137
Exposure: Dose #1,Time of administration of study treatment,137
Exposure: Dose #1,Staff Initials:,137
Exposure: Dose #1,Comment:,137
Exposure: Post Administration Water #1,Has the participant been provided with 240 mL of water?,137
Exposure: Post Administration Water #1,Staff Initials:,137
Exposure: Post Administration Water #1,Comment:,137
Exposure: Hand and Mouth Check #1,Has a hand and mouth check been performed?,137
Exposure: Hand and Mouth Check #1,Staff Initials:,137
Exposure: Hand and Mouth Check #1,Comment:,137
Exposure: Reminder to refrain from water #1,Has the participant been reminded to refrain from water for 2 hours post-dose?,138
Exposure: Reminder to refrain from water #1,Staff Initials:,138
Exposure: Reminder to refrain from water #1,Comment:,138
Exposure x: Reminder to minimise sunlight exposure #1,Has the participant been advised to minimise exposure to sunlight from dosing for at least 7 days post final dose?,138
Exposure x: Reminder to minimise sunlight exposure #1,"Due to the unavailability of phototoxic data, participants will be advised to minimize exposure to sunlight by spending a reduced amount of time outdoors/remaining inside the clinical unit during the residential periods of the study wearing sunglasses and clothing that minimizes exposure to sunlight and using sun cream on exposed areas when going outdoors. They will also be advised not to use sunbeds.",138
Exposure x: Reminder to minimise sunlight exposure #1,Staff Initials:,138
Exposure x: Reminder to minimise sunlight exposure #1,Comment:,138
Exposure: Witness Check #1,Confirm dosing is complete (Operator to complete (switch user)),138
Exposure: Witness Check #1,Staff Initials:,138
Exposure: Witness Check #1,Comment:,138
System: Available #1,What is the status of the subject?,138
System: Available #1,Staff Initials:,138
System: Available #1,Comment:,138
PK Samples: PK Plasma #2,PK Sample for Bioanalysis - Gently invert tube 8-10 times immediately after collection and protect the sample from light (4 mL K2EDTA),139
PK Samples: PK Plasma #2,Staff Initials:,139
PK Samples: PK Plasma #2,Comment:,139
AE/CM Surveys: AE/CM Check #2,Confirm an AE and Conmed check has been performed (Record any AE and Conmeds if applicable),139
AE/CM Surveys: AE/CM Check #2,Staff Initials:,139
AE/CM Surveys: AE/CM Check #2,Comment:,139
PK Samples: PK Plasma #3,PK Sample for Bioanalysis - Gently invert tube 8-10 times immediately after collection and protect the sample from light (4 mL K2EDTA),139
PK Samples: PK Plasma #3,Staff Initials:,139
PK Samples: PK Plasma #3,Comment:,139
AE/CM Surveys: AE/CM Check #3,Confirm an AE and Conmed check has been performed (Record any AE and Conmeds if applicable),139
AE/CM Surveys: AE/CM Check #3,Staff Initials:,139
AE/CM Surveys: AE/CM Check #3,Comment:,139
Stanford Sleepiness Scale: Stanford Sleepiness Scale Date #1,Stanford Sleepiness Scale Questionnaire - Date and Time (Transcribe from paper source workbook),139
Stanford Sleepiness Scale: Stanford Sleepiness Scale Date #1,Staff Initials:,139
Stanford Sleepiness Scale: Stanford Sleepiness Scale Date #1,Comment:,139
Stanford Sleepiness Scale: Stanford Sleepiness Scale Date #1,Time (HH:mm),139
Stanford Sleepiness Scale: Degree of Sleepiness #1,Degree of Sleepiness,139
Stanford Sleepiness Scale: Degree of Sleepiness #1,Staff Initials:,139
ECG: 12 Lead Standard #1,12 Lead Standard ECG,141
ECG: 12 Lead Standard #1,"Exclude if - QT interval corrected for heart rate using Fridericia’s formula (QTcF) >450 msec for male participants or >470 msec for female participants, QRS interval >120 msec, or PR interval >200 msec. (Supine for a minimum 3 minutes)",141
ECG: 12 Lead Standard #1,Staff Initials:,141
ECG: 12 Lead Standard #1,Comment:,141
ECG: 12 Lead Standard #1,PR interval ms (##0),141
ECG: 12 Lead Standard #1,QRS Duration ms (##0),141
ECG: 12 Lead Standard #1,QT interval ms (##0),141
ECG: 12 Lead Standard #1,QRS Axis deg (###0),141
ECG: 12 Lead Standard #1,RR interval ms (###0),141
ECG: 12 Lead Standard #1,QTcF ms (##0),141
ECG: ECG Rhythm Assess/Interpretation #1,ECG Rhythm assessment and interpretation,141
ECG: ECG Rhythm Assess/Interpretation #1,Staff Initials:,141
ECG: ECG Rhythm Assess/Interpretation #1,Comment:,141
ECG: ECG Findings #1,ECG Findings,142
ECG: ECG Findings #1,Staff Initials:,142
ECG: ECG Findings #1,Comment:,142
ECG: ECG Findings inc Rhythm #1,"ECG Findings, including rhythm assessment",142
ECG: ECG Findings inc Rhythm #1,Staff Initials:,142
ECG: ECG Findings inc Rhythm #1,Comment:,142
ECG Difference: ECG Difference Calculation #1,ECG Difference Calculation - a participant will be withdrawn where there is an increase in QTcF interval of >60 msec from baseline (confirmed following a repeat ECG),142
ECG Difference: ECG Difference Calculation #1,Staff Initials:,142
ECG Difference: ECG Difference Calculation #1,Comment:,142
PK Samples: PK Plasma #4,PK Sample for Bioanalysis - Gently invert tube 8-10 times immediately after collection and protect the sample from light (4 mL K2EDTA),142
PK Samples: PK Plasma #4,Staff Initials:,142
PK Samples: PK Plasma #4,Comment:,142
Exposure: Provided with water #1,Has the participant been provided with water 2 hrs post-dose?,143
Exposure: Provided with water #1,Staff Initials:,143
Exposure: Provided with water #1,Comment:,143
Stanford Sleepiness Scale: Stanford Sleepiness Scale Date #2,Stanford Sleepiness Scale Questionnaire - Date and Time (Transcribe from paper source workbook),143
Stanford Sleepiness Scale: Stanford Sleepiness Scale Date #2,Staff Initials:,143
Stanford Sleepiness Scale: Stanford Sleepiness Scale Date #2,Comment:,143
Stanford Sleepiness Scale: Stanford Sleepiness Scale Date #2,Time (HH:mm),143
Stanford Sleepiness Scale: Degree of Sleepiness #2,Degree of Sleepiness,143
Stanford Sleepiness Scale: Degree of Sleepiness #2,Staff Initials:,143
Targeted Physical Examination Findings: Require Targeted PE? #1,"Targeted Physical Examination: Does the participant require a targeted physical examination? (If yes, please specify the reason)",144
Targeted Physical Examination Findings: Require Targeted PE? #1,Staff Initials:,144
Targeted Physical Examination Findings: Require Targeted PE? #1,Comment:,144
Targeted Physical Examination Findings: Any clinically significant abnormal,"findings? #1 If yes, were there any clinically significant abnormal findings?",144
Targeted Physical Examination Findings: Any clinically significant abnormal,Staff Initials:,144
Targeted Physical Examination Findings: Any clinically significant abnormal,Comment:,144
Targeted Physical Examination Findings: Physical Examination Category #1,Physical Examination Category,144
Targeted Physical Examination Findings: Physical Examination Category #1,Staff Initials:,144
Targeted Physical Examination Findings: Findings #1,Detailed findings of Physical Examination,145
Targeted Physical Examination Findings: Findings #1,Staff Initials:,145
Targeted Physical Examination Findings: Findings #1,Comment:,145
Targeted Neurological Examination: Require Targeted NE? #1,"Targeted Neurological Examination: Does the participant require a targeted neurological examination? (If yes, please specify the reason)",146
Targeted Neurological Examination: Require Targeted NE? #1,Staff Initials:,146
Targeted Neurological Examination: Require Targeted NE? #1,Comment:,146
Targeted Neurological Examination: Any clinically significant abnormal,"findings? #1 If yes, were there any clinically significant abnormal findings?",146
Targeted Neurological Examination: Any clinically significant abnormal,Staff Initials:,146
Targeted Neurological Examination: Any clinically significant abnormal,Comment:,146
Targeted Neurological Examination: Neurological Examination Category #1,Targeted Neurological Examination Category,146
Targeted Neurological Examination: Neurological Examination Category #1,Staff Initials:,146
Targeted Neurological Examination: Findings #1,Detailed findings of Targeted Neurological Examination,147
Targeted Neurological Examination: Findings #1,Staff Initials:,147
Targeted Neurological Examination: Findings #1,Comment:,147
Vital Signs: Vital Signs Supine Full Set #1,Vital Signs (Supine for at least 3 minutes),147
Vital Signs: Vital Signs Supine Full Set #1,Staff Initials:,147
Vital Signs: Vital Signs Supine Full Set #1,Comment:,147
Vital Signs: Vital Signs Supine Full Set #1,Diastolic mmHg (##0),147
Vital Signs: Vital Signs Supine Full Set #1,Heart Rate beats/min (##0),147
Vital Signs: Vital Signs Supine Full Set #1,Respiratory Rate breaths/mi (##0),147
Vital Signs: Vital Signs Supine Full Set #1,Oral Temperature - Degrees Celsius . C (##.0),147
Vital Signs: Clinical Significance #1,Clinical Assessment of Vital Signs (Medic or Nurse to assess vital signs),148
Vital Signs: Clinical Significance #1,Staff Initials:,148
Vital Signs: Clinical Significance #1,Comment:,148
Vital Signs: Vital Signs Findings #1,Vital Sign Findings,148
Vital Signs: Vital Signs Findings #1,Staff Initials:,148
Vital Signs: Vital Signs Findings #1,Comment:,148
Vital Signs Standing: Vital Signs Standing BP and HR #1,Vital Signs Standing BP and HR (Standing for at least 3 minutes),148
Vital Signs Standing: Vital Signs Standing BP and HR #1,Staff Initials:,148
Vital Signs Standing: Vital Signs Standing BP and HR #1,Comment:,148
Vital Signs Standing: Vital Signs Standing BP and HR #1,Diastolic mmHg (##0),148
Vital Signs Standing: Vital Signs Standing BP and HR #1,Heart Rate beats/min (##0),148
Vital Signs Standing: Drop in SBP from Supine to Standing #1,Is there a drop in SYSTOLIC BP from supine to standing?,149
Vital Signs Standing: Drop in SBP from Supine to Standing #1,Staff Initials:,149
Vital Signs Standing: Drop in SBP from Supine to Standing #1,Comment:,149
Vital Signs Standing 2: Drop in DBP from Supine to Standing #1,Is there a drop in DIASTOLIC BP from supine to standing?,149
Vital Signs Standing 2: Drop in DBP from Supine to Standing #1,Staff Initials:,149
Vital Signs Standing 2: Drop in DBP from Supine to Standing #1,Comment:,149
Vital Signs Difference: Vital Signs Calculation BP and HR #1,Vital Signs Difference for SYSTOLIC Drop,149
Vital Signs Difference: Vital Signs Calculation BP and HR #1,Staff Initials:,149
Vital Signs Difference: Vital Signs Calculation BP and HR #1,Comment:,149
Vital Signs Difference: Vital Signs Calculation BP and HR 2 #1,Vital Signs Difference for DIASTOLIC Drop,149
Vital Signs Difference: Vital Signs Calculation BP and HR 2 #1,Staff Initials:,149
Vital Signs Difference: Vital Signs Calculation BP and HR 2 #1,Comment:,149
Vital Signs Standing: Clinical Significance #1,Clinical Assessment of Standing Vital Signs (Medic or Nurse to assess vital signs),149
Vital Signs Standing: Clinical Significance #1,Staff Initials:,149
Vital Signs Standing: Vital Signs Findings #1,Vital Sign Findings,150
Vital Signs Standing: Vital Signs Findings #1,Staff Initials:,150
Vital Signs Standing: Vital Signs Findings #1,Comment:,150
PK Samples: PK Plasma #5,PK Sample for Bioanalysis - Gently invert tube 8-10 times immediately after collection and protect the sample from light (4 mL K2EDTA),150
PK Samples: PK Plasma #5,Staff Initials:,150
PK Samples: PK Plasma #5,Comment:,150
AE/CM Surveys: AE/CM Check #5,Confirm an AE and Conmed check has been performed (Record any AE and Conmeds if applicable),150
AE/CM Surveys: AE/CM Check #5,Staff Initials:,150
AE/CM Surveys: AE/CM Check #5,Comment:,150
Meals: Confirm Lunch #1,Confirm Lunch Provided,150
Meals: Confirm Lunch #1,Staff Initials:,150
Meals: Confirm Lunch #1,Comment:,150
PK Samples: PK Plasma #6,PK Sample for Bioanalysis - Gently invert tube 8-10 times immediately after collection and protect the sample from light (4 mL K2EDTA),151
PK Samples: PK Plasma #6,Staff Initials:,151
PK Samples: PK Plasma #6,Comment:,151
AE/CM Surveys: AE/CM Check #6,Confirm an AE and Conmed check has been performed (Record any AE and Conmeds if applicable),151
AE/CM Surveys: AE/CM Check #6,Staff Initials:,151
AE/CM Surveys: AE/CM Check #6,Comment:,151
PK Samples: PK Plasma #7,PK Sample for Bioanalysis - Gently invert tube 8-10 times immediately after collection and protect the sample from light (4 mL K2EDTA),151
PK Samples: PK Plasma #7,Staff Initials:,151
PK Samples: PK Plasma #7,Comment:,151
AE/CM Surveys: AE/CM Check #7,Confirm an AE and Conmed check has been performed (Record any AE and Conmeds if applicable),151
AE/CM Surveys: AE/CM Check #7,Staff Initials:,151
AE/CM Surveys: AE/CM Check #7,Comment:,151
PK Samples: PK Plasma #8,PK Sample for Bioanalysis - Gently invert tube 8-10 times immediately after collection and protect the sample from light (4 mL K2EDTA),151
PK Samples: PK Plasma #8,Staff Initials:,151
PK Samples: PK Plasma #8,Comment:,151
AE/CM Surveys: AE/CM Check #8,Confirm an AE and Conmed check has been performed (Record any AE and Conmeds if applicable),151
AE/CM Surveys: AE/CM Check #8,Staff Initials:,151
AE/CM Surveys: AE/CM Check #8,Comment:,151
Vital Signs: Vital Signs Supine Full Set #2,Vital Signs (Supine for at least 3 minutes),151
Vital Signs: Clinical Significance #2,Clinical Assessment of Vital Signs (Medic or Nurse to assess vital signs),152
Vital Signs: Clinical Significance #2,Staff Initials:,152
Vital Signs: Clinical Significance #2,Comment:,152
Vital Signs: Vital Signs Findings #2,Vital Sign Findings,152
Vital Signs: Vital Signs Findings #2,Staff Initials:,152
Vital Signs: Vital Signs Findings #2,Comment:,152
Vital Signs Standing: Vital Signs Standing BP and HR #2,Vital Signs Standing BP and HR (Standing for at least 3 minutes),152
Vital Signs Standing: Vital Signs Standing BP and HR #2,Staff Initials:,152
Vital Signs Standing: Drop in SBP from Supine to Standing #2,Is there a drop in SYSTOLIC BP from supine to standing?,153
Vital Signs Standing: Drop in SBP from Supine to Standing #2,Staff Initials:,153
Vital Signs Standing: Drop in SBP from Supine to Standing #2,Comment:,153
Vital Signs Standing 2: Drop in DBP from Supine to Standing #2,Is there a drop in DIASTOLIC BP from supine to standing?,153
Vital Signs Standing 2: Drop in DBP from Supine to Standing #2,Staff Initials:,153
Vital Signs Standing 2: Drop in DBP from Supine to Standing #2,Comment:,153
Vital Signs Difference: Vital Signs Calculation BP and HR #2,Vital Signs Difference for SYSTOLIC Drop,153
Vital Signs Difference: Vital Signs Calculation BP and HR #2,Staff Initials:,153
Vital Signs Difference: Vital Signs Calculation BP and HR #2,Comment:,153
Vital Signs Difference: Vital Signs Calculation BP and HR 2 #2,Vital Signs Difference for DIASTOLIC Drop,154
Vital Signs Difference: Vital Signs Calculation BP and HR 2 #2,Staff Initials:,154
Vital Signs Difference: Vital Signs Calculation BP and HR 2 #2,Comment:,154
Vital Signs Standing: Clinical Significance #2,Clinical Assessment of Standing Vital Signs (Medic or Nurse to assess vital signs),154
Vital Signs Standing: Clinical Significance #2,Staff Initials:,154
Vital Signs Standing: Clinical Significance #2,Comment:,154
Vital Signs Standing: Vital Signs Findings #2,Vital Sign Findings,154
Vital Signs Standing: Vital Signs Findings #2,Staff Initials:,154
Vital Signs Standing: Vital Signs Findings #2,Comment:,154
PK Samples: PK Plasma #9,PK Sample for Bioanalysis - Gently invert tube 8-10 times immediately after collection and protect the sample from light (4 mL K2EDTA),154
PK Samples: PK Plasma #9,Staff Initials:,154
PK Samples: PK Plasma #9,Comment:,154
AE/CM Surveys: AE/CM Check #9,Confirm an AE and Conmed check has been performed (Record any AE and Conmeds if applicable),154
AE/CM Surveys: AE/CM Check #9,Staff Initials:,154
AE/CM Surveys: AE/CM Check #9,Comment:,154
Stanford Sleepiness Scale: Stanford Sleepiness Scale Date #3,Stanford Sleepiness Scale Questionnaire - Date and Time (Transcribe from paper source workbook),155
Stanford Sleepiness Scale: Stanford Sleepiness Scale Date #3,Staff Initials:,155
Stanford Sleepiness Scale: Stanford Sleepiness Scale Date #3,Comment:,155
Stanford Sleepiness Scale: Stanford Sleepiness Scale Date #3,Time (HH:mm),155
Stanford Sleepiness Scale: Degree of Sleepiness #3,Degree of Sleepiness,155
Stanford Sleepiness Scale: Degree of Sleepiness #3,Staff Initials:,155
Stanford Sleepiness Scale: Degree of Sleepiness #3,Comment:,155
PK Samples: PK Plasma #10,PK Sample for Bioanalysis - Gently invert tube 8-10 times immediately after collection and protect the sample from light (4 mL K2EDTA),155
PK Samples: PK Plasma #10,Staff Initials:,155
PK Samples: PK Plasma #10,Comment:,155
AE/CM Surveys: AE/CM Check #10,Confirm an AE and Conmed check has been performed (Record any AE and Conmeds if applicable),156
AE/CM Surveys: AE/CM Check #10,Staff Initials:,156
AE/CM Surveys: AE/CM Check #10,Comment:,156
Vital Signs: Vital Signs Supine Full Set #3,Vital Signs (Supine for at least 3 minutes),156
Vital Signs: Vital Signs Supine Full Set #3,Staff Initials:,156
Vital Signs: Vital Signs Supine Full Set #3,Comment:,156
Vital Signs: Vital Signs Supine Full Set #3,Diastolic mmHg (##0),156
Vital Signs: Vital Signs Supine Full Set #3,Heart Rate beats/min (##0),156
Vital Signs: Vital Signs Supine Full Set #3,Respiratory Rate breaths/mi (##0),156
Vital Signs: Vital Signs Supine Full Set #3,Oral Temperature - Degrees Celsius . C (##.0),156
Vital Signs: Clinical Significance #3,Clinical Assessment of Vital Signs (Medic or Nurse to assess vital signs),156
Vital Signs: Clinical Significance #3,Staff Initials:,156
Vital Signs: Clinical Significance #3,Comment:,156
Vital Signs: Vital Signs Findings #3,Vital Sign Findings,157
Vital Signs: Vital Signs Findings #3,Staff Initials:,157
Vital Signs: Vital Signs Findings #3,Comment:,157
Vital Signs Standing: Vital Signs Standing BP and HR #3,Vital Signs Standing BP and HR (Standing for at least 3 minutes),157
Vital Signs Standing: Vital Signs Standing BP and HR #3,Staff Initials:,157
Vital Signs Standing: Vital Signs Standing BP and HR #3,Comment:,157
Vital Signs Standing: Vital Signs Standing BP and HR #3,Diastolic mmHg (##0),157
Vital Signs Standing: Vital Signs Standing BP and HR #3,Heart Rate beats/min (##0),157
Vital Signs Standing: Drop in SBP from Supine to Standing #3,Is there a drop in SYSTOLIC BP from supine to standing?,157
Vital Signs Standing: Drop in SBP from Supine to Standing #3,Staff Initials:,157
Vital Signs Standing: Drop in SBP from Supine to Standing #3,Comment:,157
Vital Signs Standing 2: Drop in DBP from Supine to Standing #3,Is there a drop in DIASTOLIC BP from supine to standing?,157
Vital Signs Standing 2: Drop in DBP from Supine to Standing #3,Staff Initials:,157
Vital Signs Standing 2: Drop in DBP from Supine to Standing #3,Comment:,157
Vital Signs Difference: Vital Signs Calculation BP and HR #3,Vital Signs Difference for SYSTOLIC Drop,158
Vital Signs Difference: Vital Signs Calculation BP and HR #3,Staff Initials:,158
Vital Signs Difference: Vital Signs Calculation BP and HR #3,Comment:,158
Vital Signs Difference: Vital Signs Calculation BP and HR 2 #3,Vital Signs Difference for DIASTOLIC Drop,158
Vital Signs Difference: Vital Signs Calculation BP and HR 2 #3,Staff Initials:,158
Vital Signs Difference: Vital Signs Calculation BP and HR 2 #3,Comment:,158
Vital Signs Standing: Clinical Significance #3,Clinical Assessment of Standing Vital Signs (Medic or Nurse to assess vital signs),158
Vital Signs Standing: Clinical Significance #3,Staff Initials:,158
Vital Signs Standing: Clinical Significance #3,Comment:,158
Vital Signs Standing: Vital Signs Findings #3,Vital Sign Findings,158
Vital Signs Standing: Vital Signs Findings #3,Staff Initials:,158
Vital Signs Standing: Vital Signs Findings #3,Comment:,158
PK Samples: PK Plasma #11,PK Sample for Bioanalysis - Gently invert tube 8-10 times immediately after collection and protect the sample from light (4 mL K2EDTA),159
PK Samples: PK Plasma #11,Staff Initials:,159
PK Samples: PK Plasma #11,Comment:,159
AE/CM Surveys: AE/CM Check #11,Confirm an AE and Conmed check has been performed (Record any AE and Conmeds if applicable),159
AE/CM Surveys: AE/CM Check #11,Staff Initials:,159
AE/CM Surveys: AE/CM Check #11,Comment:,159
Meals: Confirm Dinner #1,Confirm Dinner Provided,159
Meals: Confirm Dinner #1,Staff Initials:,159
Meals: Confirm Dinner #1,Comment:,159
ECG: 12 Lead Standard #2,12 Lead Standard ECG,159
ECG: 12 Lead Standard #2,"Exclude if - QT interval corrected for heart rate using Fridericia’s formula (QTcF) >450 msec for male participants or >470 msec for female participants, QRS interval >120 msec, or PR interval >200 msec. (Supine for a minimum 3 minutes)",159
ECG: 12 Lead Standard #2,Staff Initials:,159
ECG: 12 Lead Standard #2,PR interval ms (##0),159
ECG: 12 Lead Standard #2,QRS Duration ms (##0),159
ECG: 12 Lead Standard #2,QT interval ms (##0),159
ECG: 12 Lead Standard #2,QRS Axis deg (###0),159
ECG: ECG Rhythm Assess/Interpretation #2,ECG Rhythm assessment and interpretation,160
ECG: ECG Rhythm Assess/Interpretation #2,Staff Initials:,160
ECG: ECG Rhythm Assess/Interpretation #2,Comment:,160
ECG: ECG Significance #2,Was the ECG clinically significant? (Medic to assess),160
ECG: ECG Significance #2,Staff Initials:,160
ECG: ECG Significance #2,Comment:,160
ECG: ECG Findings #2,ECG Findings,160
ECG: ECG Findings #2,Staff Initials:,160
ECG: ECG Findings #2,Comment:,160
ECG Difference: ECG Difference Calculation #2,ECG Difference Calculation - a participant will be withdrawn where there is an increase in QTcF interval of >60 msec from baseline (confirmed following a repeat ECG),161
ECG Difference: ECG Difference Calculation #2,Staff Initials:,161
ECG Difference: ECG Difference Calculation #2,Comment:,161
Vital Signs: Vital Signs Supine Full Set #4,Vital Signs (Supine for at least 3 minutes),161
Vital Signs: Vital Signs Supine Full Set #4,Staff Initials:,161
Vital Signs: Vital Signs Supine Full Set #4,Comment:,161
Vital Signs: Vital Signs Supine Full Set #4,Diastolic mmHg (##0),161
Vital Signs: Vital Signs Supine Full Set #4,Heart Rate beats/min (##0),161
Vital Signs: Vital Signs Supine Full Set #4,Respiratory Rate breaths/mi (##0),161
Vital Signs: Vital Signs Supine Full Set #4,Oral Temperature - Degrees Celsius . C (##.0),161
Vital Signs: Clinical Significance #4,Clinical Assessment of Vital Signs (Medic or Nurse to assess vital signs),162
Vital Signs: Clinical Significance #4,Staff Initials:,162
Vital Signs: Clinical Significance #4,Comment:,162
Vital Signs: Vital Signs Findings #4,Vital Sign Findings,162
Vital Signs: Vital Signs Findings #4,Staff Initials:,162
Vital Signs: Vital Signs Findings #4,Comment:,162
Vital Signs Standing: Vital Signs Standing BP and HR #4,Vital Signs Standing BP and HR (Standing for at least 3 minutes),162
Vital Signs Standing: Vital Signs Standing BP and HR #4,Staff Initials:,162
Vital Signs Standing: Vital Signs Standing BP and HR #4,Comment:,162
Vital Signs Standing: Vital Signs Standing BP and HR #4,Diastolic mmHg (##0),162
Vital Signs Standing: Vital Signs Standing BP and HR #4,Heart Rate beats/min (##0),162
Vital Signs Standing: Drop in SBP from Supine to Standing #4,Is there a drop in SYSTOLIC BP from supine to standing?,163
Vital Signs Standing: Drop in SBP from Supine to Standing #4,Staff Initials:,163
Vital Signs Standing: Drop in SBP from Supine to Standing #4,Comment:,163
Vital Signs Standing 2: Drop in DBP from Supine to Standing #4,Is there a drop in DIASTOLIC BP from supine to standing?,163
Vital Signs Standing 2: Drop in DBP from Supine to Standing #4,Staff Initials:,163
Vital Signs Standing 2: Drop in DBP from Supine to Standing #4,Comment:,163
Vital Signs Difference: Vital Signs Calculation BP and HR #4,Vital Signs Difference for SYSTOLIC Drop,163
Vital Signs Difference: Vital Signs Calculation BP and HR #4,Staff Initials:,163
Vital Signs Difference: Vital Signs Calculation BP and HR #4,Comment:,163
Vital Signs Difference: Vital Signs Calculation BP and HR 2 #4,Vital Signs Difference for DIASTOLIC Drop,163
Vital Signs Difference: Vital Signs Calculation BP and HR 2 #4,Staff Initials:,163
Vital Signs Difference: Vital Signs Calculation BP and HR 2 #4,Comment:,163
Vital Signs Standing: Clinical Significance #4,Clinical Assessment of Standing Vital Signs (Medic or Nurse to assess vital signs),163
Vital Signs Standing: Clinical Significance #4,Staff Initials:,163
Vital Signs Standing: Vital Signs Findings #4,Vital Sign Findings,164
Vital Signs Standing: Vital Signs Findings #4,Staff Initials:,164
Vital Signs Standing: Vital Signs Findings #4,Comment:,164
PK Samples: PK Plasma #12,PK Sample for Bioanalysis - Gently invert tube 8-10 times immediately after collection and protect the sample from light (4 mL K2EDTA),164
PK Samples: PK Plasma #12,Staff Initials:,164
PK Samples: PK Plasma #12,Comment:,164
AE/CM Surveys: AE/CM Check #12,Confirm an AE and Conmed check has been performed (Record any AE and Conmeds if applicable),164
AE/CM Surveys: AE/CM Check #12,Staff Initials:,164
AE/CM Surveys: AE/CM Check #12,Comment:,164
Stanford Sleepiness Scale: Stanford Sleepiness Scale Date #4,Stanford Sleepiness Scale Questionnaire - Date and Time (Transcribe from paper source workbook),164
Stanford Sleepiness Scale: Stanford Sleepiness Scale Date #4,Staff Initials:,164
Stanford Sleepiness Scale: Stanford Sleepiness Scale Date #4,Comment:,164
Stanford Sleepiness Scale: Stanford Sleepiness Scale Date #4,Time (HH:mm),164
Meals: Confirm Snack #1,Confirm Evening Snack Provided,165
Meals: Confirm Snack #1,Staff Initials:,165
Meals: Confirm Snack #1,Comment:,165
PK Samples: PK Plasma #13,PK Sample for Bioanalysis - Gently invert tube 8-10 times immediately after collection and protect the sample from light (4 mL K2EDTA),165
PK Samples: PK Plasma #13,Staff Initials:,165
PK Samples: PK Plasma #13,Comment:,165
AE/CM Surveys: AE/CM Check #13,Confirm an AE and Conmed check has been performed (Record any AE and Conmeds if applicable),166
AE/CM Surveys: AE/CM Check #13,Staff Initials:,166
AE/CM Surveys: AE/CM Check #13,Comment:,166
Urinalysis: Collection Time #1,Record time of urine sample (Collect Urine Sample),166
Urinalysis: Collection Time #1,Staff Initials:,166
Urinalysis: Collection Time #1,Comment:,166
Urinalysis: Bilirubin #1,"What was the bilirubin result? If any positive result, inform medic/PI. (Perform urinalysis and read results)",166
Urinalysis: Bilirubin #1,Staff Initials:,166
Urinalysis: Bilirubin #1,Comment:,166
Urinalysis: Urobilinogen #1,"What was the urobilinogen result? If any positive result, inform medic/PI. (Perform urinalysis and read results)",167
Urinalysis: Urobilinogen #1,Staff Initials:,167
Urinalysis: Urobilinogen #1,Comment:,167
Urinalysis: Ketones #1,"What was the ketone result? If any positive result, inform medic/PI. (Perform urinalysis and read results)",167
Urinalysis: Ketones #1,Staff Initials:,167
Urinalysis: Ketones #1,Comment:,167
Urinalysis: Glucose #1,"What was the glucose result? If any positive result, inform medic/PI. (Perform urinalysis and read results)",167
Urinalysis: Glucose #1,Staff Initials:,167
Urinalysis: Protein #1,What was the protein result?,168
Urinalysis: Protein #1,"IF PROTEIN ≥ 30mg/dl: Repeat urinalysis as soon as possible, ensuring a clean catch specimen. If protein remains ≥ 30mg/dl on repeat, then inform PI/medic. (Perform urinalysis and read results)",168
Urinalysis: Protein #1,Staff Initials:,168
Urinalysis: Protein #1,Comment:,168
Urinalysis: Blood #1,What was the blood result? (Perform urinalysis and read results),168
Urinalysis: Blood #1,Staff Initials:,168
Urinalysis: Nitrite #1,What was the nitrite result? (Perform urinalysis and read results),169
Urinalysis: Nitrite #1,Staff Initials:,169
Urinalysis: Nitrite #1,Comment:,169
Urinalysis: pH #1,Record pH value (Perform urinalysis and read results),169
Urinalysis: pH #1,Staff Initials:,169
Urinalysis: Specific Gravity #1,Record specific gravity of sample (Perform urinalysis and read results),170
Urinalysis: Specific Gravity #1,Staff Initials:,170
Urinalysis: Specific Gravity #1,Comment:,170
Urinalysis: Leukocytes #1,What was the leukocyte result? (Perform urinalysis and read results),171
Urinalysis: Leukocytes #1,Staff Initials:,171
Urinalysis: Leukocytes #1,Comment:,171
Urinalysis: Participant menstruating #1,"Is participant female and menstruating? (If 'Yes', DO NOT send sample for Microscopy. If 'No', send sample for Microscopy)",171
Urinalysis: Participant menstruating #1,Staff Initials:,171
Urinalysis: Participant menstruating #1,Comment:,171
Urinalysis: Send for microscopy #1,Confirm sample sent for microscopy (Complete associated paperwork),171
Urinalysis: Send for microscopy #1,Staff Initials:,171
Urinalysis: Send for microscopy #1,Comment:,171
Urinalysis: Repeat Urinalysis #1,Has urinalysis been repeated as soon as possible with a clean catch specimen? Ensure events are repeated to capture this data.,172
Urinalysis: Repeat Urinalysis #1,Staff Initials:,172
Urinalysis: Repeat Urinalysis #1,Comment:,172
Urinalysis: Urinalysis Microscopy #1,Urinalysis Microscopy Sample (20 mL Sterilin screw cap),172
Urinalysis: Urinalysis Microscopy #1,Staff Initials:,172
Urinalysis: Urinalysis Microscopy #1,Comment:,172
Urinalysis: TDL Form Check #1,Confirm TDL form completed:,172
Urinalysis: TDL Form Check #1,- Correct form used - Correct participant label applied - Correct slot number written - Correct sex and fasting status - Correct timepoint checked - Correct sample date and time written - Correct visit - Initials signed to confirm sample collected and form correct,172
Urinalysis: TDL Form Check #1,Staff Initials:,172
Urinalysis: TDL Form Check #1,Comment:,172
Urinalysis: Urinalysis Medic Assessment #1,Has there been a medic review of the Microscopy results?,172
Urinalysis: Urinalysis Medic Assessment #1,Staff Initials:,172
Urinalysis: Urinalysis Medic Assessment #1,Comment:,172
ECG: ECG Rhythm Assess/Interpretation #3,ECG Rhythm assessment and interpretation,173
ECG: ECG Rhythm Assess/Interpretation #3,Staff Initials:,173
ECG: ECG Rhythm Assess/Interpretation #3,Comment:,173
ECG: ECG Significance #3,Was the ECG clinically significant? (Medic to assess),173
ECG: ECG Findings #3,ECG Findings,174
ECG: ECG Findings #3,Staff Initials:,174
ECG: ECG Findings #3,Comment:,174
ECG: ECG Findings inc Rhythm #3,"ECG Findings, including rhythm assessment",174
ECG: ECG Findings inc Rhythm #3,Staff Initials:,174
ECG: ECG Findings inc Rhythm #3,Comment:,174
ECG Difference: ECG Difference Calculation #3,ECG Difference Calculation - a participant will be withdrawn where there is an increase in QTcF interval of >60 msec from baseline (confirmed following a repeat ECG),174
ECG Difference: ECG Difference Calculation #3,Staff Initials:,174
ECG Difference: ECG Difference Calculation #3,Comment:,174
Vital Signs: Vital Signs Supine Full Set #5,Vital Signs (Supine for at least 3 minutes),174
Vital Signs: Vital Signs Supine Full Set #5,Staff Initials:,174
Vital Signs: Vital Signs Supine Full Set #5,Diastolic mmHg (##0),174
Vital Signs: Clinical Significance #5,Clinical Assessment of Vital Signs (Medic or Nurse to assess vital signs),175
Vital Signs: Clinical Significance #5,Staff Initials:,175
Vital Signs: Clinical Significance #5,Comment:,175
Vital Signs: Vital Signs Findings #5,Vital Sign Findings,175
Vital Signs: Vital Signs Findings #5,Staff Initials:,175
Vital Signs: Vital Signs Findings #5,Comment:,175
Vital Signs Standing: Vital Signs Standing BP and HR #5,Vital Signs Standing BP and HR (Standing for at least 3 minutes),176
Vital Signs Standing: Vital Signs Standing BP and HR #5,Staff Initials:,176
Vital Signs Standing: Vital Signs Standing BP and HR #5,Comment:,176
Vital Signs Standing: Vital Signs Standing BP and HR #5,Diastolic mmHg (##0),176
Vital Signs Standing: Vital Signs Standing BP and HR #5,Heart Rate beats/min (##0),176
Vital Signs Standing: Drop in SBP from Supine to Standing #5,Is there a drop in SYSTOLIC BP from supine to standing?,176
Vital Signs Standing: Drop in SBP from Supine to Standing #5,Staff Initials:,176
Vital Signs Standing: Drop in SBP from Supine to Standing #5,Comment:,176
Vital Signs Standing 2: Drop in DBP from Supine to Standing #5,Is there a drop in DIASTOLIC BP from supine to standing?,176
Vital Signs Standing 2: Drop in DBP from Supine to Standing #5,Staff Initials:,176
Vital Signs Standing 2: Drop in DBP from Supine to Standing #5,Comment:,176
Vital Signs Difference: Vital Signs Calculation BP and HR #5,Vital Signs Difference for SYSTOLIC Drop,176
Vital Signs Difference: Vital Signs Calculation BP and HR #5,Staff Initials:,176
Vital Signs Difference: Vital Signs Calculation BP and HR #5,Comment:,176
Vital Signs Difference: Vital Signs Calculation BP and HR 2 #5,Vital Signs Difference for DIASTOLIC Drop,177
Vital Signs Difference: Vital Signs Calculation BP and HR 2 #5,Staff Initials:,177
Vital Signs Difference: Vital Signs Calculation BP and HR 2 #5,Comment:,177
Vital Signs Standing: Clinical Significance #5,Clinical Assessment of Standing Vital Signs (Medic or Nurse to assess vital signs),177
Vital Signs Standing: Clinical Significance #5,Staff Initials:,177
Vital Signs Standing: Clinical Significance #5,Comment:,177
Vital Signs Standing: Vital Signs Findings #5,Vital Sign Findings,177
Vital Signs Standing: Vital Signs Findings #5,Staff Initials:,177
Vital Signs Standing: Vital Signs Findings #5,Comment:,177
Safety: Fasted #1,Has the participant fasted for 8 hours?,177
Safety: Fasted #1,Staff Initials:,177
Safety: Fasted #1,Comment:,177
Safety: Haematology #1,Haematology – Mix tube gently by inverting 8–10 times (2 mL K3EDTA),178
Safety: Haematology #1,Staff Initials:,178
Safety: Haematology #1,Comment:,178
Safety: Haematology Medic Assessment #1,Has there been a medic review of the Haematology blood results?,178
Safety: Haematology Medic Assessment #1,Staff Initials:,178
Safety: Haematology Medic Assessment #1,Comment:,178
Safety: Chemistry #1,Chemistry – Mix tube gently by inverting 5–6 times (5 mL SST),178
Safety: Chemistry #1,Staff Initials:,178
Safety: Chemistry #1,Comment:,178
Safety: Chemistry Medic Assessment #1,Has there been a medic review of the Clinical Chemistry blood results?,178
Safety: Chemistry Medic Assessment #1,Staff Initials:,178
Safety: Chemistry Medic Assessment #1,Comment:,178
Safety: TDL Form Check #1,Confirm TDL form completed:,179
Safety: TDL Form Check #1,- Correct form used - Correct participant label applied - Correct slot number written - Correct sex and fasting status - Correct timepoint checked - Correct sample date and time written - Correct visit - Initials signed to confirm sample collected and form correct,179
Safety: TDL Form Check #1,Staff Initials:,179
Safety: TDL Form Check #1,Comment:,179
PK Samples: PK Plasma #14,PK Sample for Bioanalysis - Gently invert tube 8-10 times immediately after collection and protect the sample from light (4 mL K2EDTA),179
PK Samples: PK Plasma #14,Staff Initials:,179
PK Samples: PK Plasma #14,Comment:,179
AE/CM Surveys: AE/CM Check #14,Confirm an AE and Conmed check has been performed (Record any AE and Conmeds if applicable),179
AE/CM Surveys: AE/CM Check #14,Staff Initials:,179
AE/CM Surveys: AE/CM Check #14,Comment:,179
Stanford Sleepiness Scale: Stanford Sleepiness Scale Date #5,Stanford Sleepiness Scale Questionnaire - Date and Time (Transcribe from paper source workbook),179
Stanford Sleepiness Scale: Stanford Sleepiness Scale Date #5,Staff Initials:,179
Stanford Sleepiness Scale: Stanford Sleepiness Scale Date #5,Comment:,179
Stanford Sleepiness Scale: Stanford Sleepiness Scale Date #5,Time (HH:mm),179
Stanford Sleepiness Scale: Degree of Sleepiness #5,Degree of Sleepiness,179
PK Samples: PK Plasma #15,PK Sample for Bioanalysis - Gently invert tube 8-10 times immediately after collection and protect the sample from light (4 mL K2EDTA),180
PK Samples: PK Plasma #15,Staff Initials:,180
PK Samples: PK Plasma #15,Comment:,180
AE/CM Surveys: AE/CM Check #15,Confirm an AE and Conmed check has been performed (Record any AE and Conmeds if applicable),180
AE/CM Surveys: AE/CM Check #15,Staff Initials:,180
AE/CM Surveys: AE/CM Check #15,Comment:,180
PK Samples: PK Plasma #16,PK Sample for Bioanalysis - Gently invert tube 8-10 times immediately after collection and protect the sample from light (4 mL K2EDTA),180
PK Samples: PK Plasma #16,Staff Initials:,180
PK Samples: PK Plasma #16,Comment:,180
Vital Signs: Vital Signs Supine Full Set #6,Vital Signs (Supine for at least 3 minutes),181
Vital Signs: Vital Signs Supine Full Set #6,Staff Initials:,181
Vital Signs: Vital Signs Supine Full Set #6,Comment:,181
Vital Signs: Vital Signs Supine Full Set #6,Diastolic mmHg (##0),181
Vital Signs: Vital Signs Supine Full Set #6,Heart Rate beats/min (##0),181
Vital Signs: Vital Signs Supine Full Set #6,Respiratory Rate breaths/mi (##0),181
Vital Signs: Vital Signs Supine Full Set #6,Oral Temperature - Degrees Celsius . C (##.0),181
Vital Signs: Clinical Significance #6,Clinical Assessment of Vital Signs (Medic or Nurse to assess vital signs),181
Vital Signs: Clinical Significance #6,Staff Initials:,181
Vital Signs: Clinical Significance #6,Comment:,181
Vital Signs: Vital Signs Findings #6,Vital Sign Findings,182
Vital Signs: Vital Signs Findings #6,Staff Initials:,182
Vital Signs: Vital Signs Findings #6,Comment:,182
Vital Signs Standing: Vital Signs Standing BP and HR #6,Vital Signs Standing BP and HR (Standing for at least 3 minutes),182
Vital Signs Standing: Vital Signs Standing BP and HR #6,Staff Initials:,182
Vital Signs Standing: Vital Signs Standing BP and HR #6,Comment:,182
Vital Signs Standing: Vital Signs Standing BP and HR #6,Diastolic mmHg (##0),182
Vital Signs Standing: Vital Signs Standing BP and HR #6,Heart Rate beats/min (##0),182
Vital Signs Standing: Drop in SBP from Supine to Standing #6,Is there a drop in SYSTOLIC BP from supine to standing?,182
Vital Signs Standing: Drop in SBP from Supine to Standing #6,Staff Initials:,182
Vital Signs Standing: Drop in SBP from Supine to Standing #6,Comment:,182
Vital Signs Standing 2: Drop in DBP from Supine to Standing #6,Is there a drop in DIASTOLIC BP from supine to standing?,182
Vital Signs Standing 2: Drop in DBP from Supine to Standing #6,Staff Initials:,182
Vital Signs Standing 2: Drop in DBP from Supine to Standing #6,Comment:,182
Vital Signs Difference: Vital Signs Calculation BP and HR #6,Vital Signs Difference for SYSTOLIC Drop,183
Vital Signs Difference: Vital Signs Calculation BP and HR #6,Staff Initials:,183
Vital Signs Difference: Vital Signs Calculation BP and HR #6,Comment:,183
Vital Signs Difference: Vital Signs Calculation BP and HR 2 #6,Vital Signs Difference for DIASTOLIC Drop,183
Vital Signs Difference: Vital Signs Calculation BP and HR 2 #6,Staff Initials:,183
Vital Signs Difference: Vital Signs Calculation BP and HR 2 #6,Comment:,183
Vital Signs Standing: Clinical Significance #6,Clinical Assessment of Standing Vital Signs (Medic or Nurse to assess vital signs),183
Vital Signs Standing: Clinical Significance #6,Staff Initials:,183
Vital Signs Standing: Clinical Significance #6,Comment:,183
Vital Signs Standing: Vital Signs Findings #6,Vital Sign Findings,183
Vital Signs Standing: Vital Signs Findings #6,Staff Initials:,183
Vital Signs Standing: Vital Signs Findings #6,Comment:,183
PK Samples: PK Plasma #17,PK Sample for Bioanalysis - Gently invert tube 8-10 times immediately after collection and protect the sample from light (4 mL K2EDTA),184
PK Samples: PK Plasma #17,Staff Initials:,184
PK Samples: PK Plasma #17,Comment:,184
AE/CM Surveys: AE/CM Check #17,Confirm an AE and Conmed check has been performed (Record any AE and Conmeds if applicable),184
AE/CM Surveys: AE/CM Check #17,Staff Initials:,184
AE/CM Surveys: AE/CM Check #17,Comment:,184
C-SSRS Assessment: Date of Assessment #1,C-SSRS Questionnaire - Date and Time (Transcribe from C-SSRS paper source workbook),184
C-SSRS Assessment: Date of Assessment #1,Staff Initials:,184
C-SSRS Assessment: Date of Assessment #1,Comment:,184
C-SSRS Assessment: Date of Assessment #1,Time (HH:mm),184
C-SSRS Since Last Visit: 1. Wish to be Dead #1,1. Wish to be dead,184
C-SSRS Since Last Visit: 1. Wish to be Dead #1,"Subject endorses thoughts about a wish to be dead or not alive anymore, or a wish to fall asleep and not wake up. (Have you wished you were dead or wished you could go to sleep and not wake up?)",184
C-SSRS Since Last Visit: 1. Wish to be Dead #1,Staff Initials:,184
C-SSRS Since Last Visit: 1. Wish to be Dead #1,Comment:,184
C-SSRS Since Last Visit: 3. Active Ideation No Intent #1,3. Active Suicidal Ideation with Any Methods (Not Plan) Without Intent to Act,185
C-SSRS Since Last Visit: 3. Active Ideation No Intent #1,"Subject endorses thoughts of suicide and has thought of at least one method during the assessment period. This is different from a specific plan with time, place or method details worked out (e.g. thought of method to kill self but not a specific plan). Includes person who would say, ""I thought about taking an overdose but I never made a specific plan as to when, where or how I would actually do it… and I would never go through with it"". (Have you been thinking about how you might do this?)",185
C-SSRS Since Last Visit: 3. Active Ideation No Intent #1,Staff Initials:,185
C-SSRS Since Last Visit: 3. Active Ideation No Intent #1,Comment:,185
C-SSRS Since Last Visit: 4. Active Ideation Some Intent #1,"4. Active Suicidal Ideation with Some Intent to Act, without Specific Plan",185
C-SSRS Since Last Visit: 4. Active Ideation Some Intent #1,"Active suicidal thoughts of killing oneself and subject reports having some intent to act on such thoughts, as opposed to ""I have the thoughts but I definitely will not do anything about them"". (Have you had these thoughts and had some intention of acting on them?)",185
C-SSRS Since Last Visit: 4. Active Ideation Some Intent #1,Staff Initials:,185
C-SSRS Since Last Visit: 4. Active Ideation Some Intent #1,Comment:,185
C-SSRS Since Last Visit: 5. Active Ideation Specific Intent #1,5. Active Suicidal Ideation with Specific Plan and Intent,186
C-SSRS Since Last Visit: 5. Active Ideation Specific Intent #1,Thoughts of killing oneself with details of plan fully or partially worked out and subject has some intent to carry it out. (Have you started to work out or worked out the details of how to kill yourself? Do you intend to carry out this plan?),186
C-SSRS Since Last Visit: 5. Active Ideation Specific Intent #1,Staff Initials:,186
C-SSRS Since Last Visit: 5. Active Ideation Specific Intent #1,Comment:,186
C-SSRS Since Last Visit: 6. Most Severe Ideation #1,Most Severe Ideation,186
C-SSRS Since Last Visit: 6. Most Severe Ideation #1,"The following feature should be rated with respect to the most severe type of ideation (i.e. 1-5 from above, with 1 being the least severe and 5 being the most severe). Ask about time he/she was feeling the most suicidal.",186
C-SSRS Since Last Visit: 6. Most Severe Ideation #1,Staff Initials:,186
C-SSRS Since Last Visit: 6. Most Severe Ideation #1,Comment:,186
C-SSRS Since Last Visit: 7. Frequency #1,Frequency,187
C-SSRS Since Last Visit: 7. Frequency #1,(How many times have you had these thoughts?),187
C-SSRS Since Last Visit: 7. Frequency #1,Staff Initials:,187
C-SSRS Since Last Visit: 7. Frequency #1,Comment:,187
C-SSRS Since Last Visit: 8. Duration #1,Duration,187
C-SSRS Since Last Visit: 8. Duration #1,"(When you have the thoughts, how long do they last?)",187
C-SSRS Since Last Visit: 8. Duration #1,Staff Initials:,187
C-SSRS Since Last Visit: 8. Duration #1,Comment:,187
C-SSRS Since Last Visit: 9. Controllability #1,Controllability,187
C-SSRS Since Last Visit: 9. Controllability #1,(Could/can you stop thinking about killing yourself or wanting to die if you want to?),187
C-SSRS Since Last Visit: 9. Controllability #1,Staff Initials:,187
C-SSRS Since Last Visit: 10. Deterrents #1,Deterrents,188
C-SSRS Since Last Visit: 10. Deterrents #1,"(Are there things - anyone or anything (e.g. family, religion, pain of death) - that stopped you from wanting to die or acting on thoughts of committing suicide?)",188
C-SSRS Since Last Visit: 10. Deterrents #1,Staff Initials:,188
C-SSRS Since Last Visit: 10. Deterrents #1,Comment:,188
C-SSRS Since Last Visit: 12. Total Number of Attempts #1,Total Number of Attempts,190
C-SSRS Since Last Visit: 12. Total Number of Attempts #1,Staff Initials:,190
C-SSRS Since Last Visit: 12. Total Number of Attempts #1,Comment:,190
C-SSRS Since Last Visit: 13. Has Subject Engaged #1,Has subject engaged in Non-Suicidal Self-Injurious Behaviour (Since Last Visit),191
C-SSRS Since Last Visit: 13. Has Subject Engaged #1,Staff Initials:,191
C-SSRS Since Last Visit: 13. Has Subject Engaged #1,Comment:,191
C-SSRS Since Last Visit: 14. Interrupted Attempt #1,Interrupted Attempt (Since Last Visit),191
C-SSRS Since Last Visit: 14. Interrupted Attempt #1,"When the person is interrupted (by an outside circumstance) from starting the potentially self- injurious act (if not for that, actual attempt would have occurred). Overdose: Person has pills in hand but is stopped from ingesting. Once they ingest any pills, this becomes an attempt rather than an interrupted attempt. Shooting: Person has gun pointed towards self, gun is taken away by someone else, or he/she is somehow prevented from pulling trigger. Once they pull the trigger, even if the gun fails to fire, it is an attempt. Jumping: Person is poised to jump, is grabbed and taken down from ledge. Hanging: Person has noose around neck but has not yet started to hang - is stopped from doing so. (Has there been a time when you started to do something to end your life but someone or something stopped you before you actually did anything?)",191
C-SSRS Since Last Visit: 14. Interrupted Attempt #1,Staff Initials:,191
C-SSRS Since Last Visit: 14. Interrupted Attempt #1,Comment:,191
C-SSRS Since Last Visit: 14. Total Number of Interrupted #1,Total Number of Interrupted,191
C-SSRS Since Last Visit: 14. Total Number of Interrupted #1,Staff Initials:,191
C-SSRS Since Last Visit: 14. Total Number of Interrupted #1,Comment:,191
C-SSRS Since Last Visit: 15. Total Number of Aborted #1,Total Number of Aborted,192
C-SSRS Since Last Visit: 15. Total Number of Aborted #1,"Acts or preparation towards imminently making a suicide attempt. This can include anything beyond a verbalisation or thought, such as assembling a specific method (e.g. buying pills, purchasing a gun) or preparing for one's death by suicide (e.g. giving things away, writing a suicide note). (Have you taken any steps towards making a suicide attempt or preparing to kill yourself (such as collecting pills, getting a gun, giving valuables away or writing a suicide note)?)",192
C-SSRS Since Last Visit: 15. Total Number of Aborted #1,Staff Initials:,192
C-SSRS Since Last Visit: 15. Total Number of Aborted #1,Comment:,192
C-SSRS Since Last Visit: 16. Preparatory Acts or Behaviour #1,Preparatory Acts or Behaviour (Since Last Visit),193
C-SSRS Since Last Visit: 16. Preparatory Acts or Behaviour #1,"Acts or preparation towards imminently making a suicide attempt. This can include anything beyond a verbalisation or thought, such as assembling a specific method (e.g. buying pills, purchasing a gun) or preparing for one's death by suicide (e.g. giving things away, writing a suicide note). (Have you taken any steps towards making a suicide attempt or preparing to kill yourself (such as collecting pills, getting a gun, giving valuables away or writing a suicide note)?)",193
C-SSRS Since Last Visit: 16. Preparatory Acts or Behaviour #1,Staff Initials:,193
C-SSRS Since Last Visit: 16. Preparatory Acts or Behaviour #1,Comment:,193
C-SSRS Since Last Visit: 17. Suicidal Behaviour #1,Suicidal Behaviour (Since Last Visit),193
C-SSRS Since Last Visit: 17. Suicidal Behaviour #1,Suicidal behaviour was present during the assessment period?,193
C-SSRS Since Last Visit: 17. Suicidal Behaviour #1,Staff Initials:,193
C-SSRS Since Last Visit: 17. Suicidal Behaviour #1,Comment:,193
C-SSRS Since Last Visit: 18. Suicide #1,Suicide (Since Last Visit),193
C-SSRS Since Last Visit: 18. Suicide #1,Staff Initials:,193
C-SSRS Since Last Visit: 18. Suicide #1,Comment:,193
C-SSRS Since Last Visit: 19. Most Lethal Attempt Date #1,Most Lethal Attempt Date,194
C-SSRS Since Last Visit: 19. Most Lethal Attempt Date #1,Staff Initials:,194
C-SSRS Since Last Visit: 19. Most Lethal Attempt Date #1,Comment:,194
C-SSRS Since Last Visit: 19. Actual Lethality Most Lethal Attempt #1,Actual Lethality/Medical Damage - Most Lethal Attempt,194
C-SSRS Since Last Visit: 19. Actual Lethality Most Lethal Attempt #1,Staff Initials:,194
C-SSRS Since Last Visit: 19. Actual Lethality Most Lethal Attempt #1,Comment:,194
C-SSRS Since Last Visit: 19. Potential Lethality Most Lethal Attempt #1,Potential Lethality - Most Lethal Attempt Code (only answer if Actual Lethality = 0),195
C-SSRS Since Last Visit: 19. Potential Lethality Most Lethal Attempt #1,Staff Initials:,195
C-SSRS Since Last Visit: 19. Potential Lethality Most Lethal Attempt #1,Comment:,195
Meals: Confirm Snack #2,Confirm Evening Snack Provided,195
Meals: Confirm Snack #2,Staff Initials:,195
Meals: Confirm Snack #2,Comment:,195
Meals: Start Fast #1,Start time of fast (Includes all food and drink except water),195
Meals: Start Fast #1,(Fast for at least 10 hours before breakfast or dosing depending on Part & Cohort),195
Meals: Start Fast #1,"Group, Visit:",195
Meals: Start Fast #1,Staff Initials:,195
Meals: Start Fast #1,Comment:,195
Pre-dose Triplicate ECG 1: 12 Lead Standard #1,PRE-DOSE Triplicate ECG 1: 12 Lead Standard ECG (Supine for a minimum 3 minutes),195
Pre-dose Triplicate ECG 1: 12 Lead Standard #1,Staff Initials:,195
Pre-dose Triplicate ECG 1: ECG Rhythm Assess/Interpretation #1,PRE-DOSE Triplicate ECG 1: ECG Rhythm assessment and interpretation,196
Pre-dose Triplicate ECG 1: ECG Rhythm Assess/Interpretation #1,Staff Initials:,196
Pre-dose Triplicate ECG 1: ECG Rhythm Assess/Interpretation #1,Comment:,196
Pre-dose Triplicate ECG 1: ECG Significance #1,PRE-DOSE Triplicate ECG 1: Was the ECG clinically significant? (Medic to assess),196
Pre-dose Triplicate ECG 1: ECG Significance #1,Staff Initials:,196
Pre-dose Triplicate ECG 1: ECG Significance #1,Comment:,196
Pre-dose Triplicate ECG 1: ECG Findings #1,PRE-DOSE Triplicate ECG 1: ECG Findings,197
Pre-dose Triplicate ECG 1: ECG Findings #1,Staff Initials:,197
Pre-dose Triplicate ECG 1: ECG Findings #1,Comment:,197
Pre-dose Triplicate ECG 1: ECG Findings inc Rhythm #1,"PRE-DOSE Triplicate ECG 1: ECG Findings, including rhythm assessment",197
Pre-dose Triplicate ECG 1: ECG Findings inc Rhythm #1,Staff Initials:,197
Pre-dose Triplicate ECG 1: ECG Findings inc Rhythm #1,Comment:,197
Pre-dose Triplicate ECG 2: 12 Lead Standard #1,PRE-DOSE Triplicate ECG 2: 12 Lead Standard ECG (To be performed at least 2 minutes after ECG1),197
Pre-dose Triplicate ECG 2: 12 Lead Standard #1,Staff Initials:,197
Pre-dose Triplicate ECG 2: 12 Lead Standard #1,Comment:,197
Pre-dose Triplicate ECG 2: 12 Lead Standard #1,PR interval ms (##0),197
Pre-dose Triplicate ECG 2: 12 Lead Standard #1,QRS Duration ms (##0),197
Pre-dose Triplicate ECG 2: 12 Lead Standard #1,QT interval ms (##0),197
Pre-dose Triplicate ECG 2: 12 Lead Standard #1,QRS Axis deg (###0),197
Pre-dose Triplicate ECG 2: 12 Lead Standard #1,RR Interval ms (###0),197
Pre-dose Triplicate ECG 2: 12 Lead Standard #1,QTcF ms (##0),197
Pre-dose Triplicate ECG 2: ECG Rhythm Assess/Interpretation #1,PRE-DOSE Triplicate ECG 2: ECG Rhythm assessment and interpretation,197
Pre-dose Triplicate ECG 2: ECG Significance #1,PRE-DOSE Triplicate ECG 2: Was the ECG clinically significant? (Medic to assess),198
Pre-dose Triplicate ECG 2: ECG Significance #1,Staff Initials:,198
Pre-dose Triplicate ECG 2: ECG Significance #1,Comment:,198
Pre-dose Triplicate ECG 2: ECG Findings #1,PRE-DOSE Triplicate ECG 2: ECG Findings,198
Pre-dose Triplicate ECG 2: ECG Findings #1,Staff Initials:,198
Pre-dose Triplicate ECG 2: ECG Findings #1,Comment:,198
Pre-dose Triplicate ECG 2: ECG Findings inc Rhythm #1,"PRE-DOSE Triplicate ECG 2: ECG Findings, including rhythm assessment",198
Pre-dose Triplicate ECG 2: ECG Findings inc Rhythm #1,Staff Initials:,198
Pre-dose Triplicate ECG 2: ECG Findings inc Rhythm #1,Comment:,198
Pre-dose Triplicate ECG 3: 12 Lead Standard #1,PRE-DOSE Triplicate ECG 3: 12 Lead Standard ECG (To be performed at least 2 minutes after ECG2),198
Pre-dose Triplicate ECG 3: ECG Rhythm Assess/Interpretation #1,PRE-DOSE Triplicate ECG 3: ECG Rhythm assessment and interpretation,199
Pre-dose Triplicate ECG 3: ECG Rhythm Assess/Interpretation #1,Staff Initials:,199
Pre-dose Triplicate ECG 3: ECG Rhythm Assess/Interpretation #1,Comment:,199
Pre-dose Triplicate ECG 3: ECG Significance #1,PRE-DOSE Triplicate ECG 3: Was the ECG clinically significant? (Medic to assess),200
Pre-dose Triplicate ECG 3: ECG Significance #1,Staff Initials:,200
Pre-dose Triplicate ECG 3: ECG Significance #1,Comment:,200
Pre-dose Triplicate ECG 3: ECG Findings #1,PRE-DOSE Triplicate ECG 3: ECG Findings,200
Pre-dose Triplicate ECG 3: ECG Findings #1,Staff Initials:,200
Pre-dose Triplicate ECG 3: ECG Findings #1,Comment:,200
Pre-dose Triplicate ECG 3: ECG Findings inc Rhythm #1,"PRE-DOSE Triplicate ECG 3: ECG Findings, including rhythm assessment",200
Pre-dose Triplicate ECG 3: ECG Findings inc Rhythm #1,Staff Initials:,200
Pre-dose Triplicate ECG 3: ECG Findings inc Rhythm #1,Comment:,200
Mean Values: Pre-dose Mean values #1,PRE-DOSE - Mean values,201
Mean Values: Pre-dose Mean values #1,"Withdraw if - QT interval corrected for heart rate using Fridericia’s formula (QTcF) >450 msec for male participants or >470 msec for female participants, QRS interval >120 msec, or PR interval >200 msec",201
Mean Values: Pre-dose Mean values #1,Staff Initials:,201
Mean Values: Pre-dose Mean values #1,Comment:,201
Mean Values: Pre-dose Mean values #1,QRS Duration ms (##0),201
Mean Values: Pre-dose Mean values #1,QTcF ms (##0),201
ECG Difference: Baseline values #1,Please transcribe the baseline value for QTcF for withdrawal purposes for Period 3 post dose from the mean QTcF above,201
ECG Difference: Baseline values #1,Staff Initials:,201
ECG Difference: Baseline values #1,Comment:,201
Pre-dose Vital Signs: Vital Signs Supine Full Set #1,PRE-DOSE - Vital Signs (Supine for at least 3 minutes),201
Pre-dose Vital Signs: Vital Signs Supine Full Set #1,Staff Initials:,201
Pre-dose Vital Signs: Vital Signs Supine Full Set #1,Comment:,201
Pre-dose Vital Signs: Vital Signs Supine Full Set #1,Diastolic mmHg (##0),201
Pre-dose Vital Signs: Vital Signs Supine Full Set #1,Heart Rate beats/min (##0),201
Pre-dose Vital Signs: Vital Signs Supine Full Set #1,Respiratory Rate breaths/mi (##0),201
Pre-dose Vital Signs: Vital Signs Supine Full Set #1,Oral Temperature - Degrees Celsius . C (##.0),201
Pre-dose Vital Signs: Clinical Significance #1,PRE-DOSE - Clinical Assessment of Vital Signs (Medic or Nurse to assess vital signs),202
Pre-dose Vital Signs: Clinical Significance #1,Staff Initials:,202
Pre-dose Vital Signs: Clinical Significance #1,Comment:,202
Pre-dose Vital Signs: Vital Signs Findings #1,PRE-DOSE - Vital Sign Findings,202
Pre-dose Vital Signs: Vital Signs Findings #1,Staff Initials:,202
Pre-dose Vital Signs: Vital Signs Findings #1,Comment:,202
Pre-dose Vital Signs Standing: Vital Signs Standing BP and HR #1,PRE-DOSE - Vital Signs (Standing),202
Pre-dose Vital Signs Standing: Vital Signs Standing BP and HR #1,Staff Initials:,202
Pre-dose Vital Signs Standing: Vital Signs Standing BP and HR #1,Comment:,202
Pre-dose Vital Signs Standing: Vital Signs Standing BP and HR #1,Diastolic mmHg (##0),202
Pre-dose Vital Signs Standing: Vital Signs Standing BP and HR #1,Heart Rate beats/min (##0),202
Pre-dose Vital Signs Standing: Drop in BP from Supine to Standing #1,PRE-DOSE - Is there a drop in SYSTOLIC BP from supine to standing?,203
Pre-dose Vital Signs Standing: Drop in BP from Supine to Standing #1,Staff Initials:,203
Pre-dose Vital Signs Standing: Drop in BP from Supine to Standing #1,Comment:,203
Pre-dose Vital Signs Standing 2: Drop in BP from Supine to Standing #1,PRE-DOSE - Is there a drop in DIASTOLIC BP from supine to standing?,203
Pre-dose Vital Signs Standing 2: Drop in BP from Supine to Standing #1,Staff Initials:,203
Pre-dose Vital Signs Standing 2: Drop in BP from Supine to Standing #1,Comment:,203
Pre-dose Vital Signs Difference: Vital Signs Calculation BP and HR #1,PRE-DOSE - Vital Signs Difference for SYSTOLIC Drop,203
Pre-dose Vital Signs Difference: Vital Signs Calculation BP and HR #1,Staff Initials:,203
Pre-dose Vital Signs Difference: Vital Signs Calculation BP and HR #1,Comment:,203
Pre-dose Vital Signs Difference: Vital Signs Calculation BP and HR 2 #1,PRE-DOSE - Vital Signs Difference for DIASTOLIC Drop (Supine),203
Pre-dose Vital Signs Difference: Vital Signs Calculation BP and HR 2 #1,Staff Initials:,203
Pre-dose Vital Signs Difference: Vital Signs Calculation BP and HR 2 #1,Comment:,203
Pre-dose Vital Signs Standing: Clinical Significance #1,PRE-DOSE - Clinical Assessment of Vital Signs (Medic or Nurse to assess vital signs),203
Pre-dose Vital Signs Standing: Clinical Significance #1,Staff Initials:,203
Pre-dose Vital Signs Standing: Vital Signs Findings #1,PRE-DOSE - Vital Sign Findings,204
Pre-dose Vital Signs Standing: Vital Signs Findings #1,Staff Initials:,204
Pre-dose Vital Signs Standing: Vital Signs Findings #1,Comment:,204
PK Samples: PK Plasma #1,PK Sample for Bioanalysis - Gently invert tube 8-10 times immediately after collection and protect the sample from light (4 mL K2EDTA),204
PK Samples: PK Plasma #1,Staff Initials:,204
PK Samples: PK Plasma #1,Comment:,204
AE/CM Surveys: AE/CM Check #1,Confirm an AE and Conmed check has been performed (Record any AE and Conmeds if applicable),204
AE/CM Surveys: AE/CM Check #1,Staff Initials:,204
AE/CM Surveys: AE/CM Check #1,Comment:,204
Exposure: Dosing Eligibility Continues #1,I confirm that the participant continues to be eligible to participate in this clinical study.,204
Exposure: Dosing Eligibility Continues #1,Staff Initials:,204
Exposure: Dosing Eligibility Continues #1,Comment:,204
Exposure x: Prandial state #1,Prandial state,204
Exposure x: Prandial state #1,Staff Initials:,204
Exposure x: Fasted for 10 hours for Breakfast #1,Has the participant fasted for 10 hours prior to breakfast?,205
Exposure x: Fasted for 10 hours for Breakfast #1,Staff Initials:,205
Exposure x: Fasted for 10 hours for Breakfast #1,Comment:,205
Meals: Start Breakfast #1,Participant should begin eating breakfast.,205
Meals: Start Breakfast #1,Staff Initials:,205
Meals: Start Breakfast #1,Comment:,205
Meals: End Breakfast #1,Participant should stop eating breakfast.,205
Meals: End Breakfast #1,Staff Initials:,205
Meals: End Breakfast #1,Comment:,205
Meals: Amount Consumed (Breakfast) #1,Total amount of breakfast consumed,205
Meals: Amount Consumed (Breakfast) #1,Staff Initials:,205
Meals: Amount Consumed (Breakfast) #1,Comment:,205
Meals: Not eaten #1,Please describe what was not eaten,206
Meals: Not eaten #1,Staff Initials:,206
Meals: Not eaten #1,Comment:,206
Meals: PI Check #1,PI to authorise. Full meal must be consumed to proceed with dosing.,206
Meals: PI Check #1,Staff Initials:,206
Meals: PI Check #1,Comment:,206
Exposure: Volunteer ID Check #1,"Check the Volunteer ID in eSource matches the volunteer (Initials, DOB and Photographic ID)",206
Exposure: Volunteer ID Check #1,Staff Initials:,206
Exposure: Volunteer ID Check #1,Comment:,206
Exposure: Panel Number Check #1,Check the volunteer panel number on the wristband matches eSource,206
Exposure: Panel Number Check #1,Staff Initials:,206
Exposure: Panel Number Check #1,Comment:,206
Exposure: Participant Number Check #1,Check the participant number in eSource matches the Instruction to Dispense and Dose,206
Exposure: Participant Number Check #1,Staff Initials:,206
Exposure: Participant Number Check #1,Comment:,206
Exposure: Has the participant refrained from water #1,Has the participant refrained from drinking water for at least 1 hour prior to dosing?,207
Exposure: Has the participant refrained from water #1,Staff Initials:,207
Exposure: Has the participant refrained from water #1,Comment:,207
Exposure: Fasted for 10 hours for Dosing #1,Has the participant fasted for 10 hours prior to dosing?,207
Exposure: Fasted for 10 hours for Dosing #1,Staff Initials:,207
Exposure: Fasted for 10 hours for Dosing #1,Comment:,207
Exposure: Consumed breakfast #1,"Has the participant consumed breakfast per the protocol requirements, over 20 minutes and the full meal?",207
Exposure: Consumed breakfast #1,Staff Initials:,207
Exposure: Consumed breakfast #1,Comment:,207
Exposure: Predose Blood Draw #1,Pre dose blood draws for PK sample taken?,207
Exposure: Predose Blood Draw #1,Staff Initials:,207
Exposure: Predose Blood Draw #1,Comment:,207
Exposure: Predose Procedure Check #1,Have all required pre dose procedures been completed?,208
Exposure: Predose Procedure Check #1,Staff Initials:,208
Exposure: Predose Procedure Check #1,Comment:,208
Exposure: Dose Eligibility Check #1,Is the participant eligible to dose?,208
Exposure: Dose Eligibility Check #1,Staff Initials:,208
Exposure: Dose Eligibility Check #1,Comment:,208
Exposure: Subject/regimen #1,Enter the product details,208
Exposure: Subject/regimen #1,Staff Initials:,208
Exposure: Subject/regimen #1,Comment:,208
Exposure: Subject/regimen #1,Treatment (25 char. max.),208
Exposure: Subject/regimen #1,Dose Level mg (#0),208
Exposure: Subject/regimen #1,Number of tablets/capsules to be administered (#0),208
Exposure: Subject/regimen #1,Batch Number (25 char. max.),208
Exposure: Subject/regimen #1,Container Number (##0),208
Exposure: Product label check #1,Does the Product label match the Instruction to Dispense and Dose?,209
Exposure: Product label check #1,Staff Initials:,209
Exposure: Product label check #1,Comment:,209
Exposure: Final Check #1,"Final check performed (5 R’s of dosing, Jones 2009 – right participant, right drug, right dose, right route, right time)",209
Exposure: Final Check #1,Staff Initials:,209
Exposure: Final Check #1,Comment:,209
Exposure: Dose #1,Time of administration of study treatment,209
Exposure: Dose #1,Staff Initials:,209
Exposure: Dose #1,Comment:,209
Exposure: Post Administration Water #1,Has the participant been provided with 240 mL of water?,209
Exposure: Post Administration Water #1,Staff Initials:,209
Exposure: Post Administration Water #1,Comment:,209
Exposure: Hand and Mouth Check #1,Has a hand and mouth check been performed?,209
Exposure: Hand and Mouth Check #1,Staff Initials:,209
Exposure: Hand and Mouth Check #1,Comment:,209
Exposure: Reminder to refrain from water #1,Has the participant been reminded to refrain from water for 2 hours post-dose?,210
Exposure: Reminder to refrain from water #1,Staff Initials:,210
Exposure: Reminder to refrain from water #1,Comment:,210
Exposure x: Reminder to minimise sunlight exposure #1,Has the participant been advised to minimise exposure to sunlight from dosing for at least 7 days post final dose?,210
Exposure x: Reminder to minimise sunlight exposure #1,"Due to the unavailability of phototoxic data, participants will be advised to minimize exposure to sunlight by spending a reduced amount of time outdoors/remaining inside the clinical unit during the residential periods of the study wearing sunglasses and clothing that minimizes exposure to sunlight and using sun cream on exposed areas when going outdoors. They will also be advised not to use sunbeds.",210
Exposure x: Reminder to minimise sunlight exposure #1,Staff Initials:,210
Exposure x: Reminder to minimise sunlight exposure #1,Comment:,210
Exposure: Witness Check #1,Confirm dosing is complete (Operator to complete (switch user)),210
Exposure: Witness Check #1,Staff Initials:,210
Exposure: Witness Check #1,Comment:,210
System: Available #1,What is the status of the subject?,210
System: Available #1,Staff Initials:,210
System: Available #1,Comment:,210
PK Samples: PK Plasma #2,PK Sample for Bioanalysis - Gently invert tube 8-10 times immediately after collection and protect the sample from light (4 mL K2EDTA),211
PK Samples: PK Plasma #2,Staff Initials:,211
PK Samples: PK Plasma #2,Comment:,211
AE/CM Surveys: AE/CM Check #2,Confirm an AE and Conmed check has been performed (Record any AE and Conmeds if applicable),211
AE/CM Surveys: AE/CM Check #2,Staff Initials:,211
AE/CM Surveys: AE/CM Check #2,Comment:,211
PK Samples: PK Plasma #3,PK Sample for Bioanalysis - Gently invert tube 8-10 times immediately after collection and protect the sample from light (4 mL K2EDTA),211
PK Samples: PK Plasma #3,Staff Initials:,211
PK Samples: PK Plasma #3,Comment:,211
AE/CM Surveys: AE/CM Check #3,Confirm an AE and Conmed check has been performed (Record any AE and Conmeds if applicable),211
AE/CM Surveys: AE/CM Check #3,Staff Initials:,211
AE/CM Surveys: AE/CM Check #3,Comment:,211
Stanford Sleepiness Scale: Stanford Sleepiness Scale Date #1,Stanford Sleepiness Scale Questionnaire - Date and Time (Transcribe from paper source workbook),211
Stanford Sleepiness Scale: Stanford Sleepiness Scale Date #1,Staff Initials:,211
Stanford Sleepiness Scale: Stanford Sleepiness Scale Date #1,Comment:,211
Stanford Sleepiness Scale: Stanford Sleepiness Scale Date #1,Time (HH:mm),211
Stanford Sleepiness Scale: Degree of Sleepiness #1,Degree of Sleepiness,211
Stanford Sleepiness Scale: Degree of Sleepiness #1,Staff Initials:,211
ECG: 12 Lead Standard #1,12 Lead Standard ECG,213
ECG: 12 Lead Standard #1,"Exclude if - QT interval corrected for heart rate using Fridericia’s formula (QTcF) >450 msec for male participants or >470 msec for female participants, QRS interval >120 msec, or PR interval >200 msec. (Supine for a minimum 3 minutes)",213
ECG: 12 Lead Standard #1,Staff Initials:,213
ECG: 12 Lead Standard #1,Comment:,213
ECG: 12 Lead Standard #1,PR interval ms (##0),213
ECG: 12 Lead Standard #1,QRS Duration ms (##0),213
ECG: 12 Lead Standard #1,QT interval ms (##0),213
ECG: 12 Lead Standard #1,QRS Axis deg (###0),213
ECG: 12 Lead Standard #1,RR interval ms (###0),213
ECG: 12 Lead Standard #1,QTcF ms (##0),213
ECG: ECG Rhythm Assess/Interpretation #1,ECG Rhythm assessment and interpretation,213
ECG: ECG Rhythm Assess/Interpretation #1,Staff Initials:,213
ECG: ECG Rhythm Assess/Interpretation #1,Comment:,213
ECG: ECG Findings #1,ECG Findings,214
ECG: ECG Findings #1,Staff Initials:,214
ECG: ECG Findings #1,Comment:,214
ECG: ECG Findings inc Rhythm #1,"ECG Findings, including rhythm assessment",214
ECG: ECG Findings inc Rhythm #1,Staff Initials:,214
ECG: ECG Findings inc Rhythm #1,Comment:,214
ECG Difference: ECG Difference Calculation #1,ECG Difference Calculation - a participant will be withdrawn where there is an increase in QTcF interval of >60 msec from baseline (confirmed following a repeat ECG),214
ECG Difference: ECG Difference Calculation #1,Staff Initials:,214
ECG Difference: ECG Difference Calculation #1,Comment:,214
PK Samples: PK Plasma #4,PK Sample for Bioanalysis - Gently invert tube 8-10 times immediately after collection and protect the sample from light (4 mL K2EDTA),214
PK Samples: PK Plasma #4,Staff Initials:,214
PK Samples: PK Plasma #4,Comment:,214
Exposure: Provided with water #1,Has the volunteer been provided with water 2 hrs post-dose?,215
Exposure: Provided with water #1,Staff Initials:,215
Exposure: Provided with water #1,Comment:,215
Stanford Sleepiness Scale: Stanford Sleepiness Scale Date #2,Stanford Sleepiness Scale Questionnaire - Date and Time (Transcribe from paper source workbook),215
Stanford Sleepiness Scale: Stanford Sleepiness Scale Date #2,Staff Initials:,215
Stanford Sleepiness Scale: Stanford Sleepiness Scale Date #2,Comment:,215
Stanford Sleepiness Scale: Stanford Sleepiness Scale Date #2,Time (HH:mm),215
Stanford Sleepiness Scale: Degree of Sleepiness #2,Degree of Sleepiness,215
Stanford Sleepiness Scale: Degree of Sleepiness #2,Staff Initials:,215
Targeted Physical Examination Findings: Require Targeted PE? #1,"Targeted Physical Examination: Does the participant require a targeted physical examination? (If yes, please specify the reason)",216
Targeted Physical Examination Findings: Require Targeted PE? #1,Staff Initials:,216
Targeted Physical Examination Findings: Require Targeted PE? #1,Comment:,216
Targeted Physical Examination Findings: Any clinically significant abnormal,"findings? #1 If yes, were there any clinically significant abnormal findings?",216
Targeted Physical Examination Findings: Any clinically significant abnormal,Staff Initials:,216
Targeted Physical Examination Findings: Any clinically significant abnormal,Comment:,216
Targeted Physical Examination Findings: Physical Examination Category #1,Physical Examination Category,216
Targeted Physical Examination Findings: Physical Examination Category #1,Staff Initials:,216
Targeted Physical Examination Findings: Findings #1,Detailed findings of Physical Examination,217
Targeted Physical Examination Findings: Findings #1,Staff Initials:,217
Targeted Physical Examination Findings: Findings #1,Comment:,217
Targeted Neurological Examination: Require Targeted NE? #1,"Targeted Neurological Examination: Does the participant require a targeted neurological examination? (If yes, please specify the reason)",218
Targeted Neurological Examination: Require Targeted NE? #1,Staff Initials:,218
Targeted Neurological Examination: Require Targeted NE? #1,Comment:,218
Targeted Neurological Examination: Any clinically significant abnormal,"findings? #1 If yes, were there any clinically significant abnormal findings?",218
Targeted Neurological Examination: Any clinically significant abnormal,Staff Initials:,218
Targeted Neurological Examination: Any clinically significant abnormal,Comment:,218
Targeted Neurological Examination: Neurological Examination Category #1,Targeted Neurological Examination Category,218
Targeted Neurological Examination: Neurological Examination Category #1,Staff Initials:,218
Targeted Neurological Examination: Findings #1,Detailed findings of Targeted Neurological Examination,219
Targeted Neurological Examination: Findings #1,Staff Initials:,219
Targeted Neurological Examination: Findings #1,Comment:,219
Vital Signs: Vital Signs Supine Full Set #1,Vital Signs (Supine for at least 3 minutes),219
Vital Signs: Vital Signs Supine Full Set #1,Staff Initials:,219
Vital Signs: Vital Signs Supine Full Set #1,Comment:,219
Vital Signs: Vital Signs Supine Full Set #1,Diastolic mmHg (##0),219
Vital Signs: Vital Signs Supine Full Set #1,Heart Rate beats/min (##0),219
Vital Signs: Vital Signs Supine Full Set #1,Respiratory Rate breaths/mi (##0),219
Vital Signs: Vital Signs Supine Full Set #1,Oral Temperature - Degrees Celsius . C (##.0),219
Vital Signs: Clinical Significance #1,Clinical Assessment of Vital Signs (Medic or Nurse to assess vital signs),220
Vital Signs: Clinical Significance #1,Staff Initials:,220
Vital Signs: Clinical Significance #1,Comment:,220
Vital Signs: Vital Signs Findings #1,Vital Sign Findings,220
Vital Signs: Vital Signs Findings #1,Staff Initials:,220
Vital Signs: Vital Signs Findings #1,Comment:,220
Vital Signs Standing: Vital Signs Standing BP and HR #1,Vital Signs Standing BP and HR (Standing for at least 3 minutes),220
Vital Signs Standing: Vital Signs Standing BP and HR #1,Staff Initials:,220
Vital Signs Standing: Vital Signs Standing BP and HR #1,Comment:,220
Vital Signs Standing: Vital Signs Standing BP and HR #1,Diastolic mmHg (##0),220
Vital Signs Standing: Vital Signs Standing BP and HR #1,Heart Rate beats/min (##0),220
Vital Signs Standing: Drop in SBP from Supine to Standing #1,Is there a drop in SYSTOLIC BP from supine to standing?,221
Vital Signs Standing: Drop in SBP from Supine to Standing #1,Staff Initials:,221
Vital Signs Standing: Drop in SBP from Supine to Standing #1,Comment:,221
Vital Signs Standing 2: Drop in DBP from Supine to Standing #1,Is there a drop in DIASTOLIC BP from supine to standing?,221
Vital Signs Standing 2: Drop in DBP from Supine to Standing #1,Staff Initials:,221
Vital Signs Standing 2: Drop in DBP from Supine to Standing #1,Comment:,221
Vital Signs Difference: Vital Signs Calculation BP and HR #1,Vital Signs Difference for SYSTOLIC Drop,221
Vital Signs Difference: Vital Signs Calculation BP and HR #1,Staff Initials:,221
Vital Signs Difference: Vital Signs Calculation BP and HR #1,Comment:,221
Vital Signs Difference: Vital Signs Calculation BP and HR 2 #1,Vital Signs Difference for DIASTOLIC Drop,221
Vital Signs Difference: Vital Signs Calculation BP and HR 2 #1,Staff Initials:,221
Vital Signs Difference: Vital Signs Calculation BP and HR 2 #1,Comment:,221
Vital Signs Standing: Clinical Significance #1,Clinical Assessment of Standing Vital Signs (Medic or Nurse to assess vital signs),221
Vital Signs Standing: Clinical Significance #1,Staff Initials:,221
Vital Signs Standing: Vital Signs Findings #1,Vital Sign Findings,222
Vital Signs Standing: Vital Signs Findings #1,Staff Initials:,222
Vital Signs Standing: Vital Signs Findings #1,Comment:,222
PK Samples: PK Plasma #5,PK Sample for Bioanalysis - Gently invert tube 8-10 times immediately after collection and protect the sample from light (4 mL K2EDTA),222
PK Samples: PK Plasma #5,Staff Initials:,222
PK Samples: PK Plasma #5,Comment:,222
AE/CM Surveys: AE/CM Check #5,Confirm an AE and Conmed check has been performed (Record any AE and Conmeds if applicable),222
AE/CM Surveys: AE/CM Check #5,Staff Initials:,222
AE/CM Surveys: AE/CM Check #5,Comment:,222
Meals: Confirm Lunch #1,Confirm Lunch Provided,222
Meals: Confirm Lunch #1,Staff Initials:,222
Meals: Confirm Lunch #1,Comment:,222
PK Samples: PK Plasma #6,PK Sample for Bioanalysis - Gently invert tube 8-10 times immediately after collection and protect the sample from light (4 mL K2EDTA),223
PK Samples: PK Plasma #6,Staff Initials:,223
PK Samples: PK Plasma #6,Comment:,223
AE/CM Surveys: AE/CM Check #6,Confirm an AE and Conmed check has been performed (Record any AE and Conmeds if applicable),223
AE/CM Surveys: AE/CM Check #6,Staff Initials:,223
AE/CM Surveys: AE/CM Check #6,Comment:,223
PK Samples: PK Plasma #7,PK Sample for Bioanalysis - Gently invert tube 8-10 times immediately after collection and protect the sample from light (4 mL K2EDTA),223
PK Samples: PK Plasma #7,Staff Initials:,223
PK Samples: PK Plasma #7,Comment:,223
AE/CM Surveys: AE/CM Check #7,Confirm an AE and Conmed check has been performed (Record any AE and Conmeds if applicable),223
AE/CM Surveys: AE/CM Check #7,Staff Initials:,223
AE/CM Surveys: AE/CM Check #7,Comment:,223
PK Samples: PK Plasma #8,PK Sample for Bioanalysis - Gently invert tube 8-10 times immediately after collection and protect the sample from light (4 mL K2EDTA),223
PK Samples: PK Plasma #8,Staff Initials:,223
PK Samples: PK Plasma #8,Comment:,223
AE/CM Surveys: AE/CM Check #8,Confirm an AE and Conmed check has been performed (Record any AE and Conmeds if applicable),223
AE/CM Surveys: AE/CM Check #8,Staff Initials:,223
AE/CM Surveys: AE/CM Check #8,Comment:,223
Vital Signs: Vital Signs Supine Full Set #2,Vital Signs (Supine for at least 3 minutes),223
Vital Signs: Clinical Significance #2,Clinical Assessment of Vital Signs (Medic or Nurse to assess vital signs),224
Vital Signs: Clinical Significance #2,Staff Initials:,224
Vital Signs: Clinical Significance #2,Comment:,224
Vital Signs: Vital Signs Findings #2,Vital Sign Findings,224
Vital Signs: Vital Signs Findings #2,Staff Initials:,224
Vital Signs: Vital Signs Findings #2,Comment:,224
Vital Signs Standing: Vital Signs Standing BP and HR #2,Vital Signs Standing BP and HR (Standing for at least 3 minutes),224
Vital Signs Standing: Vital Signs Standing BP and HR #2,Staff Initials:,224
Vital Signs Standing: Drop in SBP from Supine to Standing #2,Is there a drop in SYSTOLIC BP from supine to standing?,225
Vital Signs Standing: Drop in SBP from Supine to Standing #2,Staff Initials:,225
Vital Signs Standing: Drop in SBP from Supine to Standing #2,Comment:,225
Vital Signs Standing 2: Drop in DBP from Supine to Standing #2,Is there a drop in DIASTOLIC BP from supine to standing?,225
Vital Signs Standing 2: Drop in DBP from Supine to Standing #2,Staff Initials:,225
Vital Signs Standing 2: Drop in DBP from Supine to Standing #2,Comment:,225
Vital Signs Difference: Vital Signs Calculation BP and HR #2,Vital Signs Difference for SYSTOLIC Drop,225
Vital Signs Difference: Vital Signs Calculation BP and HR #2,Staff Initials:,225
Vital Signs Difference: Vital Signs Calculation BP and HR #2,Comment:,225
Vital Signs Difference: Vital Signs Calculation BP and HR 2 #2,Vital Signs Difference for DIASTOLIC Drop,226
Vital Signs Difference: Vital Signs Calculation BP and HR 2 #2,Staff Initials:,226
Vital Signs Difference: Vital Signs Calculation BP and HR 2 #2,Comment:,226
Vital Signs Standing: Clinical Significance #2,Clinical Assessment of Standing Vital Signs (Medic or Nurse to assess vital signs),226
Vital Signs Standing: Clinical Significance #2,Staff Initials:,226
Vital Signs Standing: Clinical Significance #2,Comment:,226
Vital Signs Standing: Vital Signs Findings #2,Vital Sign Findings,226
Vital Signs Standing: Vital Signs Findings #2,Staff Initials:,226
Vital Signs Standing: Vital Signs Findings #2,Comment:,226
PK Samples: PK Plasma #9,PK Sample for Bioanalysis - Gently invert tube 8-10 times immediately after collection and protect the sample from light (4 mL K2EDTA),226
PK Samples: PK Plasma #9,Staff Initials:,226
PK Samples: PK Plasma #9,Comment:,226
AE/CM Surveys: AE/CM Check #9,Confirm an AE and Conmed check has been performed (Record any AE and Conmeds if applicable),226
AE/CM Surveys: AE/CM Check #9,Staff Initials:,226
AE/CM Surveys: AE/CM Check #9,Comment:,226
Stanford Sleepiness Scale: Stanford Sleepiness Scale Date #3,Stanford Sleepiness Scale Questionnaire - Date and Time (Transcribe from paper source workbook),227
Stanford Sleepiness Scale: Stanford Sleepiness Scale Date #3,Staff Initials:,227
Stanford Sleepiness Scale: Stanford Sleepiness Scale Date #3,Comment:,227
Stanford Sleepiness Scale: Stanford Sleepiness Scale Date #3,Time (HH:mm),227
Stanford Sleepiness Scale: Degree of Sleepiness #3,Degree of Sleepiness,227
Stanford Sleepiness Scale: Degree of Sleepiness #3,Staff Initials:,227
Stanford Sleepiness Scale: Degree of Sleepiness #3,Comment:,227
PK Samples: PK Plasma #10,PK Sample for Bioanalysis - Gently invert tube 8-10 times immediately after collection and protect the sample from light (4 mL K2EDTA),227
PK Samples: PK Plasma #10,Staff Initials:,227
PK Samples: PK Plasma #10,Comment:,227
AE/CM Surveys: AE/CM Check #10,Confirm an AE and Conmed check has been performed (Record any AE and Conmeds if applicable),228
AE/CM Surveys: AE/CM Check #10,Staff Initials:,228
AE/CM Surveys: AE/CM Check #10,Comment:,228
Vital Signs: Vital Signs Supine Full Set #3,Vital Signs (Supine for at least 3 minutes),228
Vital Signs: Vital Signs Supine Full Set #3,Staff Initials:,228
Vital Signs: Vital Signs Supine Full Set #3,Comment:,228
Vital Signs: Vital Signs Supine Full Set #3,Diastolic mmHg (##0),228
Vital Signs: Vital Signs Supine Full Set #3,Heart Rate beats/min (##0),228
Vital Signs: Vital Signs Supine Full Set #3,Respiratory Rate breaths/mi (##0),228
Vital Signs: Vital Signs Supine Full Set #3,Oral Temperature - Degrees Celsius . C (##.0),228
Vital Signs: Clinical Significance #3,Clinical Assessment of Vital Signs (Medic or Nurse to assess vital signs),228
Vital Signs: Clinical Significance #3,Staff Initials:,228
Vital Signs: Clinical Significance #3,Comment:,228
Vital Signs: Vital Signs Findings #3,Vital Sign Findings,229
Vital Signs: Vital Signs Findings #3,Staff Initials:,229
Vital Signs: Vital Signs Findings #3,Comment:,229
Vital Signs Standing: Vital Signs Standing BP and HR #3,Vital Signs Standing BP and HR (Standing for at least 3 minutes),229
Vital Signs Standing: Vital Signs Standing BP and HR #3,Staff Initials:,229
Vital Signs Standing: Vital Signs Standing BP and HR #3,Comment:,229
Vital Signs Standing: Vital Signs Standing BP and HR #3,Diastolic mmHg (##0),229
Vital Signs Standing: Vital Signs Standing BP and HR #3,Heart Rate beats/min (##0),229
Vital Signs Standing: Drop in SBP from Supine to Standing #3,Is there a drop in SYSTOLIC BP from supine to standing?,229
Vital Signs Standing: Drop in SBP from Supine to Standing #3,Staff Initials:,229
Vital Signs Standing: Drop in SBP from Supine to Standing #3,Comment:,229
Vital Signs Standing 2: Drop in DBP from Supine to Standing #3,Is there a drop in DIASTOLIC BP from supine to standing?,229
Vital Signs Standing 2: Drop in DBP from Supine to Standing #3,Staff Initials:,229
Vital Signs Standing 2: Drop in DBP from Supine to Standing #3,Comment:,229
Vital Signs Difference: Vital Signs Calculation BP and HR #3,Vital Signs Difference for SYSTOLIC Drop,230
Vital Signs Difference: Vital Signs Calculation BP and HR #3,Staff Initials:,230
Vital Signs Difference: Vital Signs Calculation BP and HR #3,Comment:,230
Vital Signs Difference: Vital Signs Calculation BP and HR 2 #3,Vital Signs Difference for DIASTOLIC Drop,230
Vital Signs Difference: Vital Signs Calculation BP and HR 2 #3,Staff Initials:,230
Vital Signs Difference: Vital Signs Calculation BP and HR 2 #3,Comment:,230
Vital Signs Standing: Clinical Significance #3,Clinical Assessment of Standing Vital Signs (Medic or Nurse to assess vital signs),230
Vital Signs Standing: Clinical Significance #3,Staff Initials:,230
Vital Signs Standing: Clinical Significance #3,Comment:,230
Vital Signs Standing: Vital Signs Findings #3,Vital Sign Findings,230
Vital Signs Standing: Vital Signs Findings #3,Staff Initials:,230
Vital Signs Standing: Vital Signs Findings #3,Comment:,230
PK Samples: PK Plasma #11,PK Sample for Bioanalysis - Gently invert tube 8-10 times immediately after collection and protect the sample from light (4 mL K2EDTA),231
PK Samples: PK Plasma #11,Staff Initials:,231
PK Samples: PK Plasma #11,Comment:,231
AE/CM Surveys: AE/CM Check #11,Confirm an AE and Conmed check has been performed (Record any AE and Conmeds if applicable),231
AE/CM Surveys: AE/CM Check #11,Staff Initials:,231
AE/CM Surveys: AE/CM Check #11,Comment:,231
Meals: Confirm Dinner #1,Confirm Dinner Provided,231
Meals: Confirm Dinner #1,Staff Initials:,231
Meals: Confirm Dinner #1,Comment:,231
ECG: 12 Lead Standard #2,12 Lead Standard ECG,231
ECG: 12 Lead Standard #2,"Exclude if - QT interval corrected for heart rate using Fridericia’s formula (QTcF) >450 msec for male participants or >470 msec for female participants, QRS interval >120 msec, or PR interval >200 msec. (Supine for a minimum 3 minutes)",231
ECG: 12 Lead Standard #2,Staff Initials:,231
ECG: 12 Lead Standard #2,PR interval ms (##0),231
ECG: 12 Lead Standard #2,QRS Duration ms (##0),231
ECG: 12 Lead Standard #2,QT interval ms (##0),231
ECG: 12 Lead Standard #2,QRS Axis deg (###0),231
ECG: ECG Rhythm Assess/Interpretation #2,ECG Rhythm assessment and interpretation,232
ECG: ECG Rhythm Assess/Interpretation #2,Staff Initials:,232
ECG: ECG Rhythm Assess/Interpretation #2,Comment:,232
ECG: ECG Significance #2,Was the ECG clinically significant? (Medic to assess),232
ECG: ECG Significance #2,Staff Initials:,232
ECG: ECG Significance #2,Comment:,232
ECG: ECG Findings #2,ECG Findings,232
ECG: ECG Findings #2,Staff Initials:,232
ECG: ECG Findings #2,Comment:,232
ECG Difference: ECG Difference Calculation #2,ECG Difference Calculation - a participant will be withdrawn where there is an increase in QTcF interval of >60 msec from baseline (confirmed following a repeat ECG),233
ECG Difference: ECG Difference Calculation #2,Staff Initials:,233
ECG Difference: ECG Difference Calculation #2,Comment:,233
Vital Signs: Vital Signs Supine Full Set #4,Vital Signs (Supine for at least 3 minutes),233
Vital Signs: Vital Signs Supine Full Set #4,Staff Initials:,233
Vital Signs: Vital Signs Supine Full Set #4,Comment:,233
Vital Signs: Vital Signs Supine Full Set #4,Diastolic mmHg (##0),233
Vital Signs: Vital Signs Supine Full Set #4,Heart Rate beats/min (##0),233
Vital Signs: Vital Signs Supine Full Set #4,Respiratory Rate breaths/mi (##0),233
Vital Signs: Vital Signs Supine Full Set #4,Oral Temperature - Degrees Celsius . C (##.0),233
Vital Signs: Clinical Significance #4,Clinical Assessment of Vital Signs (Medic or Nurse to assess vital signs),234
Vital Signs: Clinical Significance #4,Staff Initials:,234
Vital Signs: Clinical Significance #4,Comment:,234
Vital Signs: Vital Signs Findings #4,Vital Sign Findings,234
Vital Signs: Vital Signs Findings #4,Staff Initials:,234
Vital Signs: Vital Signs Findings #4,Comment:,234
Vital Signs Standing: Vital Signs Standing BP and HR #4,Vital Signs Standing BP and HR (Standing for at least 3 minutes),234
Vital Signs Standing: Vital Signs Standing BP and HR #4,Staff Initials:,234
Vital Signs Standing: Vital Signs Standing BP and HR #4,Comment:,234
Vital Signs Standing: Vital Signs Standing BP and HR #4,Diastolic mmHg (##0),234
Vital Signs Standing: Vital Signs Standing BP and HR #4,Heart Rate beats/min (##0),234
Vital Signs Standing: Drop in SBP from Supine to Standing #4,Is there a drop in SYSTOLIC BP from supine to standing?,235
Vital Signs Standing: Drop in SBP from Supine to Standing #4,Staff Initials:,235
Vital Signs Standing: Drop in SBP from Supine to Standing #4,Comment:,235
Vital Signs Standing 2: Drop in DBP from Supine to Standing #4,Is there a drop in DIASTOLIC BP from supine to standing?,235
Vital Signs Standing 2: Drop in DBP from Supine to Standing #4,Staff Initials:,235
Vital Signs Standing 2: Drop in DBP from Supine to Standing #4,Comment:,235
Vital Signs Difference: Vital Signs Calculation BP and HR #4,Vital Signs Difference for SYSTOLIC Drop,235
Vital Signs Difference: Vital Signs Calculation BP and HR #4,Staff Initials:,235
Vital Signs Difference: Vital Signs Calculation BP and HR #4,Comment:,235
Vital Signs Difference: Vital Signs Calculation BP and HR 2 #4,Vital Signs Difference for DIASTOLIC Drop,235
Vital Signs Difference: Vital Signs Calculation BP and HR 2 #4,Staff Initials:,235
Vital Signs Difference: Vital Signs Calculation BP and HR 2 #4,Comment:,235
Vital Signs Standing: Clinical Significance #4,Clinical Assessment of Standing Vital Signs (Medic or Nurse to assess vital signs),235
Vital Signs Standing: Clinical Significance #4,Staff Initials:,235
Vital Signs Standing: Vital Signs Findings #4,Vital Sign Findings,236
Vital Signs Standing: Vital Signs Findings #4,Staff Initials:,236
Vital Signs Standing: Vital Signs Findings #4,Comment:,236
PK Samples: PK Plasma #12,PK Sample for Bioanalysis - Gently invert tube 8-10 times immediately after collection and protect the sample from light (4 mL K2EDTA),236
PK Samples: PK Plasma #12,Staff Initials:,236
PK Samples: PK Plasma #12,Comment:,236
AE/CM Surveys: AE/CM Check #12,Confirm an AE and Conmed check has been performed (Record any AE and Conmeds if applicable),236
AE/CM Surveys: AE/CM Check #12,Staff Initials:,236
AE/CM Surveys: AE/CM Check #12,Comment:,236
Stanford Sleepiness Scale: Stanford Sleepiness Scale Date #4,Stanford Sleepiness Scale Questionnaire - Date and Time (Transcribe from paper source workbook),236
Stanford Sleepiness Scale: Stanford Sleepiness Scale Date #4,Staff Initials:,236
Stanford Sleepiness Scale: Stanford Sleepiness Scale Date #4,Comment:,236
Stanford Sleepiness Scale: Stanford Sleepiness Scale Date #4,Time (HH:mm),236
Meals: Confirm Snack #1,Confirm Evening Snack Provided,237
Meals: Confirm Snack #1,Staff Initials:,237
Meals: Confirm Snack #1,Comment:,237
PK Samples: PK Plasma #13,PK Sample for Bioanalysis - Gently invert tube 8-10 times immediately after collection and protect the sample from light (4 mL K2EDTA),237
PK Samples: PK Plasma #13,Staff Initials:,237
PK Samples: PK Plasma #13,Comment:,237
AE/CM Surveys: AE/CM Check #13,Confirm an AE and Conmed check has been performed (Record any AE and Conmeds if applicable),238
AE/CM Surveys: AE/CM Check #13,Staff Initials:,238
AE/CM Surveys: AE/CM Check #13,Comment:,238
Urinalysis: Collection Time #1,Record time of urine sample (Collect Urine Sample),238
Urinalysis: Collection Time #1,Staff Initials:,238
Urinalysis: Collection Time #1,Comment:,238
Urinalysis: Bilirubin #1,"What was the bilirubin result? If any positive result, inform medic/PI. (Perform urinalysis and read results)",238
Urinalysis: Bilirubin #1,Staff Initials:,238
Urinalysis: Bilirubin #1,Comment:,238
Urinalysis: Urobilinogen #1,"What was the urobilinogen result? If any positive result, inform medic/PI. (Perform urinalysis and read results)",239
Urinalysis: Urobilinogen #1,Staff Initials:,239
Urinalysis: Urobilinogen #1,Comment:,239
Urinalysis: Ketones #1,"What was the ketone result? If any positive result, inform medic/PI. (Perform urinalysis and read results)",239
Urinalysis: Ketones #1,Staff Initials:,239
Urinalysis: Ketones #1,Comment:,239
Urinalysis: Glucose #1,"What was the glucose result? If any positive result, inform medic/PI. (Perform urinalysis and read results)",239
Urinalysis: Glucose #1,Staff Initials:,239
Urinalysis: Protein #1,What was the protein result?,240
Urinalysis: Protein #1,"IF PROTEIN ≥ 30mg/dl: Repeat urinalysis as soon as possible, ensuring a clean catch specimen. If protein remains ≥ 30mg/dl on repeat, then inform PI/medic. (Perform urinalysis and read results)",240
Urinalysis: Protein #1,Staff Initials:,240
Urinalysis: Protein #1,Comment:,240
Urinalysis: Blood #1,What was the blood result? (Perform urinalysis and read results),240
Urinalysis: Blood #1,Staff Initials:,240
Urinalysis: Nitrite #1,What was the nitrite result? (Perform urinalysis and read results),241
Urinalysis: Nitrite #1,Staff Initials:,241
Urinalysis: Nitrite #1,Comment:,241
Urinalysis: pH #1,Record pH value (Perform urinalysis and read results),241
Urinalysis: pH #1,Staff Initials:,241
Urinalysis: Specific Gravity #1,Record specific gravity of sample (Perform urinalysis and read results),242
Urinalysis: Specific Gravity #1,Staff Initials:,242
Urinalysis: Specific Gravity #1,Comment:,242
Urinalysis: Leukocytes #1,What was the leukocyte result? (Perform urinalysis and read results),243
Urinalysis: Leukocytes #1,Staff Initials:,243
Urinalysis: Leukocytes #1,Comment:,243
Urinalysis: Participant menstruating #1,"Is participant female and menstruating? (If 'Yes', DO NOT send sample for Microscopy. If 'No', send sample for Microscopy)",243
Urinalysis: Participant menstruating #1,Staff Initials:,243
Urinalysis: Participant menstruating #1,Comment:,243
Urinalysis: Send for microscopy #1,Confirm sample sent for microscopy (Complete associated paperwork),243
Urinalysis: Send for microscopy #1,Staff Initials:,243
Urinalysis: Send for microscopy #1,Comment:,243
Urinalysis: Repeat Urinalysis #1,Has urinalysis been repeated as soon as possible with a clean catch specimen? Ensure events are repeated to capture this data.,244
Urinalysis: Repeat Urinalysis #1,Staff Initials:,244
Urinalysis: Repeat Urinalysis #1,Comment:,244
Urinalysis: Urinalysis Microscopy #1,Urinalysis Microscopy Sample (20 mL Sterilin screw cap),244
Urinalysis: Urinalysis Microscopy #1,Staff Initials:,244
Urinalysis: Urinalysis Microscopy #1,Comment:,244
Urinalysis: TDL Form Check #1,Confirm TDL form completed:,244
Urinalysis: TDL Form Check #1,- Correct form used - Correct participant label applied - Correct slot number written - Correct sex and fasting status - Correct timepoint checked - Correct sample date and time written - Correct visit - Initials signed to confirm sample collected and form correct,244
Urinalysis: TDL Form Check #1,Staff Initials:,244
Urinalysis: TDL Form Check #1,Comment:,244
Urinalysis: Urinalysis Medic Assessment #1,Has there been a medic review of the Microscopy results?,244
Urinalysis: Urinalysis Medic Assessment #1,Staff Initials:,244
Urinalysis: Urinalysis Medic Assessment #1,Comment:,244
Safety: Urine Pregnancy test #1,Urine Pregnancy test (N/A if male),244
Safety: Urine Pregnancy test #1,Staff Initials:,244
Safety: Prompt for Medic for Urine Pregnancy #1,Positive result for Urine Pregnancy (Medic to exclude subject),245
Safety: Prompt for Medic for Urine Pregnancy #1,Staff Initials:,245
Safety: Prompt for Medic for Urine Pregnancy #1,Comment:,245
ECG: 12 Lead Standard #3,12 Lead Standard ECG,245
ECG: 12 Lead Standard #3,"Exclude if - QT interval corrected for heart rate using Fridericia’s formula (QTcF) >450 msec for male participants or >470 msec for female participants, QRS interval >120 msec, or PR interval >200 msec. (Supine for a minimum 3 minutes)",245
ECG: 12 Lead Standard #3,Staff Initials:,245
ECG: 12 Lead Standard #3,Comment:,245
ECG: 12 Lead Standard #3,PR interval ms (##0),245
ECG: 12 Lead Standard #3,QRS Duration ms (##0),245
ECG: 12 Lead Standard #3,QT interval ms (##0),245
ECG: 12 Lead Standard #3,QRS Axis deg (###0),245
ECG: 12 Lead Standard #3,RR interval ms (###0),245
ECG: 12 Lead Standard #3,QTcF ms (##0),245
ECG: ECG Significance #3,Was the ECG clinically significant? (Medic to assess),246
ECG: ECG Significance #3,Staff Initials:,246
ECG: ECG Significance #3,Comment:,246
ECG: ECG Findings #3,ECG Findings,246
ECG: ECG Findings #3,Staff Initials:,246
ECG: ECG Findings #3,Comment:,246
ECG: ECG Findings inc Rhythm #3,"ECG Findings, including rhythm assessment",246
ECG: ECG Findings inc Rhythm #3,Staff Initials:,246
ECG: ECG Findings inc Rhythm #3,Comment:,246
Vital Signs: Vital Signs Supine Full Set #5,Vital Signs (Supine for at least 3 minutes),247
Vital Signs: Vital Signs Supine Full Set #5,Staff Initials:,247
Vital Signs: Vital Signs Supine Full Set #5,Comment:,247
Vital Signs: Vital Signs Supine Full Set #5,Diastolic mmHg (##0),247
Vital Signs: Vital Signs Supine Full Set #5,Heart Rate beats/min (##0),247
Vital Signs: Vital Signs Supine Full Set #5,Respiratory Rate breaths/mi (##0),247
Vital Signs: Vital Signs Supine Full Set #5,Oral Temperature - Degrees Celsius . C (##.0),247
Vital Signs: Clinical Significance #5,Clinical Assessment of Vital Signs (Medic or Nurse to assess vital signs),247
Vital Signs: Clinical Significance #5,Staff Initials:,247
Vital Signs: Clinical Significance #5,Comment:,247
Vital Signs: Vital Signs Findings #5,Vital Sign Findings,248
Vital Signs: Vital Signs Findings #5,Staff Initials:,248
Vital Signs: Vital Signs Findings #5,Comment:,248
Vital Signs Standing: Vital Signs Standing BP and HR #5,Vital Signs Standing BP and HR (Standing for at least 3 minutes),248
Vital Signs Standing: Vital Signs Standing BP and HR #5,Staff Initials:,248
Vital Signs Standing: Vital Signs Standing BP and HR #5,Comment:,248
Vital Signs Standing: Vital Signs Standing BP and HR #5,Diastolic mmHg (##0),248
Vital Signs Standing: Vital Signs Standing BP and HR #5,Heart Rate beats/min (##0),248
Vital Signs Standing: Drop in SBP from Supine to Standing #5,Is there a drop in SYSTOLIC BP from supine to standing?,248
Vital Signs Standing: Drop in SBP from Supine to Standing #5,Staff Initials:,248
Vital Signs Standing: Drop in SBP from Supine to Standing #5,Comment:,248
Vital Signs Standing 2: Drop in DBP from Supine to Standing #5,Is there a drop in DIASTOLIC BP from supine to standing?,248
Vital Signs Standing 2: Drop in DBP from Supine to Standing #5,Staff Initials:,248
Vital Signs Standing 2: Drop in DBP from Supine to Standing #5,Comment:,248
Vital Signs Difference: Vital Signs Calculation BP and HR #5,Vital Signs Difference for SYSTOLIC Drop,249
Vital Signs Difference: Vital Signs Calculation BP and HR #5,Staff Initials:,249
Vital Signs Difference: Vital Signs Calculation BP and HR #5,Comment:,249
Vital Signs Difference: Vital Signs Calculation BP and HR 2 #5,Vital Signs Difference for DIASTOLIC Drop,249
Vital Signs Difference: Vital Signs Calculation BP and HR 2 #5,Staff Initials:,249
Vital Signs Difference: Vital Signs Calculation BP and HR 2 #5,Comment:,249
Vital Signs Standing: Clinical Significance #5,Clinical Assessment of Standing Vital Signs (Medic or Nurse to assess vital signs),249
Vital Signs Standing: Clinical Significance #5,Staff Initials:,249
Vital Signs Standing: Clinical Significance #5,Comment:,249
Vital Signs Standing: Vital Signs Findings #5,Vital Sign Findings,249
Vital Signs Standing: Vital Signs Findings #5,Staff Initials:,249
Vital Signs Standing: Vital Signs Findings #5,Comment:,249
Safety: Fasted #1,Has the participant fasted for 8 hours?,249
Safety: Fasted #1,Staff Initials:,249
Safety: Haematology #1,Haematology – Mix tube gently by inverting 8–10 times (2 mL K3EDTA),250
Safety: Haematology #1,Staff Initials:,250
Safety: Haematology #1,Comment:,250
Safety: Haematology Medic Assessment #1,Has there been a medic review of the Haematology blood results?,250
Safety: Haematology Medic Assessment #1,Staff Initials:,250
Safety: Haematology Medic Assessment #1,Comment:,250
Safety: Chemistry #1,Chemistry – Mix tube gently by inverting 5–6 times (5 mL SST),250
Safety: Chemistry #1,Staff Initials:,250
Safety: Chemistry #1,Comment:,250
Safety: Chemistry Medic Assessment #1,Has there been a medic review of the Clinical Chemistry blood results?,250
Safety: Chemistry Medic Assessment #1,Staff Initials:,250
Safety: Chemistry Medic Assessment #1,Comment:,250
PK Samples: PK Plasma #14,PK Sample for Bioanalysis - Gently invert tube 8-10 times immediately after collection and protect the sample from light (4 mL K2EDTA),251
PK Samples: PK Plasma #14,Staff Initials:,251
PK Samples: PK Plasma #14,Comment:,251
AE/CM Surveys: AE/CM Check #14,Confirm an AE and Conmed check has been performed (Record any AE and Conmeds if applicable),251
AE/CM Surveys: AE/CM Check #14,Staff Initials:,251
AE/CM Surveys: AE/CM Check #14,Comment:,251
Stanford Sleepiness Scale: Stanford Sleepiness Scale Date #5,Stanford Sleepiness Scale Questionnaire - Date and Time (Transcribe from paper source workbook),251
Stanford Sleepiness Scale: Stanford Sleepiness Scale Date #5,Staff Initials:,251
Stanford Sleepiness Scale: Stanford Sleepiness Scale Date #5,Comment:,251
Stanford Sleepiness Scale: Stanford Sleepiness Scale Date #5,Time (HH:mm),251
Stanford Sleepiness Scale: Degree of Sleepiness #5,Degree of Sleepiness,251
Stanford Sleepiness Scale: Degree of Sleepiness #5,Staff Initials:,251
PK Samples: PK Plasma #15,PK Sample for Bioanalysis - Gently invert tube 8-10 times immediately after collection and protect the sample from light (4 mL K2EDTA),252
PK Samples: PK Plasma #15,Staff Initials:,252
PK Samples: PK Plasma #15,Comment:,252
AE/CM Surveys: AE/CM Check #15,Confirm an AE and Conmed check has been performed (Record any AE and Conmeds if applicable),252
AE/CM Surveys: AE/CM Check #15,Staff Initials:,252
AE/CM Surveys: AE/CM Check #15,Comment:,252
PK Samples: PK Plasma #16,PK Sample for Bioanalysis - Gently invert tube 8-10 times immediately after collection and protect the sample from light (4 mL K2EDTA),252
PK Samples: PK Plasma #16,Staff Initials:,252
PK Samples: PK Plasma #16,Comment:,252
AE/CM Surveys: AE/CM Check #16,Confirm an AE and Conmed check has been performed (Record any AE and Conmeds if applicable),253
AE/CM Surveys: AE/CM Check #16,Staff Initials:,253
AE/CM Surveys: AE/CM Check #16,Comment:,253
Vital Signs: Vital Signs Supine Full Set #6,Vital Signs (Supine for at least 3 minutes),253
Vital Signs: Vital Signs Supine Full Set #6,Staff Initials:,253
Vital Signs: Vital Signs Supine Full Set #6,Comment:,253
Vital Signs: Vital Signs Supine Full Set #6,Diastolic mmHg (##0),253
Vital Signs: Vital Signs Supine Full Set #6,Heart Rate beats/min (##0),253
Vital Signs: Vital Signs Supine Full Set #6,Respiratory Rate breaths/mi (##0),253
Vital Signs: Vital Signs Supine Full Set #6,Oral Temperature - Degrees Celsius . C (##.0),253
Vital Signs: Clinical Significance #6,Clinical Assessment of Vital Signs (Medic or Nurse to assess vital signs),253
Vital Signs: Clinical Significance #6,Staff Initials:,253
Vital Signs: Clinical Significance #6,Comment:,253
Vital Signs: Vital Signs Findings #6,Vital Sign Findings,254
Vital Signs: Vital Signs Findings #6,Staff Initials:,254
Vital Signs: Vital Signs Findings #6,Comment:,254
Vital Signs Standing: Vital Signs Standing BP and HR #6,Vital Signs Standing BP and HR (Standing for at least 3 minutes),254
Vital Signs Standing: Vital Signs Standing BP and HR #6,Staff Initials:,254
Vital Signs Standing: Vital Signs Standing BP and HR #6,Comment:,254
Vital Signs Standing: Vital Signs Standing BP and HR #6,Diastolic mmHg (##0),254
Vital Signs Standing: Vital Signs Standing BP and HR #6,Heart Rate beats/min (##0),254
Vital Signs Standing: Drop in SBP from Supine to Standing #6,Is there a drop in SYSTOLIC BP from supine to standing?,254
Vital Signs Standing: Drop in SBP from Supine to Standing #6,Staff Initials:,254
Vital Signs Standing: Drop in SBP from Supine to Standing #6,Comment:,254
Vital Signs Standing 2: Drop in DBP from Supine to Standing #6,Is there a drop in DIASTOLIC BP from supine to standing?,254
Vital Signs Standing 2: Drop in DBP from Supine to Standing #6,Staff Initials:,254
Vital Signs Standing 2: Drop in DBP from Supine to Standing #6,Comment:,254
Vital Signs Difference: Vital Signs Calculation BP and HR #6,Vital Signs Difference for SYSTOLIC Drop,255
Vital Signs Difference: Vital Signs Calculation BP and HR #6,Staff Initials:,255
Vital Signs Difference: Vital Signs Calculation BP and HR #6,Comment:,255
Vital Signs Difference: Vital Signs Calculation BP and HR 2 #6,Vital Signs Difference for DIASTOLIC Drop,255
Vital Signs Difference: Vital Signs Calculation BP and HR 2 #6,Staff Initials:,255
Vital Signs Difference: Vital Signs Calculation BP and HR 2 #6,Comment:,255
Vital Signs Standing: Clinical Significance #6,Clinical Assessment of Standing Vital Signs (Medic or Nurse to assess vital signs),255
Vital Signs Standing: Clinical Significance #6,Staff Initials:,255
Vital Signs Standing: Clinical Significance #6,Comment:,255
Vital Signs Standing: Vital Signs Findings #6,Vital Sign Findings,255
Vital Signs Standing: Vital Signs Findings #6,Staff Initials:,255
Vital Signs Standing: Vital Signs Findings #6,Comment:,255
PK Samples: PK Plasma #17,PK Sample for Bioanalysis - Gently invert tube 8-10 times immediately after collection and protect the sample from light (4 mL K2EDTA),256
PK Samples: PK Plasma #17,Staff Initials:,256
PK Samples: PK Plasma #17,Comment:,256
AE/CM Surveys: AE/CM Check #17,Confirm an AE and Conmed check has been performed (Record any AE and Conmeds if applicable),256
AE/CM Surveys: AE/CM Check #17,Staff Initials:,256
AE/CM Surveys: AE/CM Check #17,Comment:,256
Urinalysis: Collection Time #2,Record time of urine sample (Collect Urine Sample),256
Urinalysis: Collection Time #2,Staff Initials:,256
Urinalysis: Collection Time #2,Comment:,256
Urinalysis: Bilirubin #2,"What was the bilirubin result? If any positive result, inform medic/PI. (Perform urinalysis and read results)",256
Urinalysis: Bilirubin #2,Staff Initials:,256
Urinalysis: Bilirubin #2,Comment:,256
Urinalysis: Urobilinogen #2,"What was the urobilinogen result? If any positive result, inform medic/PI. (Perform urinalysis and read results)",256
Urinalysis: Urobilinogen #2,Staff Initials:,256
Urinalysis: Ketones #2,"What was the ketone result? If any positive result, inform medic/PI. (Perform urinalysis and read results)",257
Urinalysis: Ketones #2,Staff Initials:,257
Urinalysis: Ketones #2,Comment:,257
Urinalysis: Glucose #2,"What was the glucose result? If any positive result, inform medic/PI. (Perform urinalysis and read results)",257
Urinalysis: Glucose #2,Staff Initials:,257
Urinalysis: Protein #2,What was the protein result?,258
Urinalysis: Protein #2,"IF PROTEIN ≥ 30mg/dl: Repeat urinalysis as soon as possible, ensuring a clean catch specimen. If protein remains ≥ 30mg/dl on repeat, then inform PI/medic. (Perform urinalysis and read results)",258
Urinalysis: Protein #2,Staff Initials:,258
Urinalysis: Protein #2,Comment:,258
Urinalysis: Blood #2,What was the blood result? (Perform urinalysis and read results),258
Urinalysis: Blood #2,Staff Initials:,258
Urinalysis: Nitrite #2,What was the nitrite result? (Perform urinalysis and read results),259
Urinalysis: Nitrite #2,Staff Initials:,259
Urinalysis: Nitrite #2,Comment:,259
Urinalysis: pH #2,Record pH value (Perform urinalysis and read results),260
Urinalysis: pH #2,Staff Initials:,260
Urinalysis: pH #2,Comment:,260
Urinalysis: Specific Gravity #2,Record specific gravity of sample (Perform urinalysis and read results),260
Urinalysis: Specific Gravity #2,Staff Initials:,260
Urinalysis: Specific Gravity #2,Comment:,260
Urinalysis: Leukocytes #2,What was the leukocyte result? (Perform urinalysis and read results),261
Urinalysis: Leukocytes #2,Staff Initials:,261
Urinalysis: Leukocytes #2,Comment:,261
Urinalysis: Participant menstruating #2,"Is participant female and menstruating? (If 'Yes', DO NOT send sample for Microscopy. If 'No', send sample for Microscopy)",261
Urinalysis: Participant menstruating #2,Staff Initials:,261
Urinalysis: Participant menstruating #2,Comment:,261
Urinalysis: Send for microscopy #2,Confirm sample sent for microscopy (Complete associated paperwork),261
Urinalysis: Send for microscopy #2,Staff Initials:,261
Urinalysis: Send for microscopy #2,Comment:,261
Urinalysis: Repeat Urinalysis #2,Has urinalysis been repeated as soon as possible with a clean catch specimen? Ensure events are repeated to capture this data.,262
Urinalysis: Repeat Urinalysis #2,Staff Initials:,262
Urinalysis: Repeat Urinalysis #2,Comment:,262
Urinalysis: Urinalysis Microscopy #2,Urinalysis Microscopy Sample (20 mL Sterilin screw cap),262
Urinalysis: Urinalysis Microscopy #2,Staff Initials:,262
Urinalysis: Urinalysis Microscopy #2,Comment:,262
Urinalysis: TDL Form Check #2,Confirm TDL form completed:,262
Urinalysis: TDL Form Check #2,- Correct form used - Correct participant label applied - Correct slot number written - Correct sex and fasting status - Correct timepoint checked - Correct sample date and time written - Correct visit - Initials signed to confirm sample collected and form correct,262
Urinalysis: TDL Form Check #2,Staff Initials:,262
Urinalysis: TDL Form Check #2,Comment:,262
Urinalysis: Urinalysis Medic Assessment #2,Has there been a medic review of the Microscopy results?,262
Urinalysis: Urinalysis Medic Assessment #2,Staff Initials:,262
Urinalysis: Urinalysis Medic Assessment #2,Comment:,262
ECG: ECG Rhythm Assess/Interpretation #4,ECG Rhythm assessment and interpretation,263
ECG: ECG Rhythm Assess/Interpretation #4,Staff Initials:,263
ECG: ECG Rhythm Assess/Interpretation #4,Comment:,263
ECG: ECG Significance #4,Was the ECG clinically significant? (Medic to assess),263
ECG: ECG Findings #4,ECG Findings,264
ECG: ECG Findings #4,Staff Initials:,264
ECG: ECG Findings #4,Comment:,264
ECG: ECG Findings inc Rhythm #4,"ECG Findings, including rhythm assessment",264
ECG: ECG Findings inc Rhythm #4,Staff Initials:,264
ECG: ECG Findings inc Rhythm #4,Comment:,264
ECG Difference: ECG Difference Calculation #4,ECG Difference Calculation - a participant will be withdrawn where there is an increase in QTcF interval of >60 msec from baseline (confirmed following a repeat ECG),264
ECG Difference: ECG Difference Calculation #4,Staff Initials:,264
ECG Difference: ECG Difference Calculation #4,Comment:,264
Vital Signs: Vital Signs Supine Full Set #7,Vital Signs (Supine for at least 3 minutes),264
Vital Signs: Vital Signs Supine Full Set #7,Staff Initials:,264
Vital Signs: Vital Signs Supine Full Set #7,Diastolic mmHg (##0),264
Vital Signs: Clinical Significance #7,Clinical Assessment of Vital Signs (Medic or Nurse to assess vital signs),265
Vital Signs: Clinical Significance #7,Staff Initials:,265
Vital Signs: Clinical Significance #7,Comment:,265
Vital Signs: Vital Signs Findings #7,Vital Sign Findings,265
Vital Signs: Vital Signs Findings #7,Staff Initials:,265
Vital Signs: Vital Signs Findings #7,Comment:,265
Vital Signs Standing: Vital Signs Standing BP and HR #7,Vital Signs Standing BP and HR (Standing for at least 3 minutes),266
Vital Signs Standing: Vital Signs Standing BP and HR #7,Staff Initials:,266
Vital Signs Standing: Vital Signs Standing BP and HR #7,Comment:,266
Vital Signs Standing: Vital Signs Standing BP and HR #7,Diastolic mmHg (##0),266
Vital Signs Standing: Vital Signs Standing BP and HR #7,Heart Rate beats/min (##0),266
Vital Signs Standing: Drop in SBP from Supine to Standing #7,Is there a drop in SYSTOLIC BP from supine to standing?,266
Vital Signs Standing: Drop in SBP from Supine to Standing #7,Staff Initials:,266
Vital Signs Standing: Drop in SBP from Supine to Standing #7,Comment:,266
Vital Signs Standing 2: Drop in DBP from Supine to Standing #7,Is there a drop in DIASTOLIC BP from supine to standing?,266
Vital Signs Standing 2: Drop in DBP from Supine to Standing #7,Staff Initials:,266
Vital Signs Standing 2: Drop in DBP from Supine to Standing #7,Comment:,266
Vital Signs Difference: Vital Signs Calculation BP and HR #7,Vital Signs Difference for SYSTOLIC Drop,266
Vital Signs Difference: Vital Signs Calculation BP and HR #7,Staff Initials:,266
Vital Signs Difference: Vital Signs Calculation BP and HR #7,Comment:,266
Vital Signs Difference: Vital Signs Calculation BP and HR 2 #7,Vital Signs Difference for DIASTOLIC Drop,267
Vital Signs Difference: Vital Signs Calculation BP and HR 2 #7,Staff Initials:,267
Vital Signs Difference: Vital Signs Calculation BP and HR 2 #7,Comment:,267
Vital Signs Standing: Clinical Significance #7,Clinical Assessment of Standing Vital Signs (Medic or Nurse to assess vital signs),267
Vital Signs Standing: Clinical Significance #7,Staff Initials:,267
Vital Signs Standing: Clinical Significance #7,Comment:,267
Vital Signs Standing: Vital Signs Findings #7,Vital Sign Findings,267
Vital Signs Standing: Vital Signs Findings #7,Staff Initials:,267
Vital Signs Standing: Vital Signs Findings #7,Comment:,267
Safety: Fasted #2,Has the participant fasted for 8 hours?,267
Safety: Fasted #2,Staff Initials:,267
Safety: Fasted #2,Comment:,267
Safety: Haematology #2,Haematology – Mix tube gently by inverting 8–10 times (2 mL K3EDTA),268
Safety: Haematology #2,Staff Initials:,268
Safety: Haematology #2,Comment:,268
Safety: Haematology Medic Assessment #2,Has there been a medic review of the Haematology blood results?,268
Safety: Haematology Medic Assessment #2,Staff Initials:,268
Safety: Haematology Medic Assessment #2,Comment:,268
Safety: Chemistry #2,Chemistry – Mix tube gently by inverting 5–6 times (5 mL SST),268
Safety: Chemistry #2,Staff Initials:,268
Safety: Chemistry #2,Comment:,268
Safety: Chemistry Medic Assessment #2,Has there been a medic review of the Clinical Chemistry blood results?,268
Safety: Chemistry Medic Assessment #2,Staff Initials:,268
Safety: Chemistry Medic Assessment #2,Comment:,268
Safety: TDL Form Check #2,Confirm TDL form completed:,269
Safety: TDL Form Check #2,- Correct form used - Correct participant label applied - Correct slot number written - Correct sex and fasting status - Correct timepoint checked - Correct sample date and time written - Correct visit - Initials signed to confirm sample collected and form correct,269
Safety: TDL Form Check #2,Staff Initials:,269
Safety: TDL Form Check #2,Comment:,269
PK Samples: PK Plasma #18,PK Sample for Bioanalysis - Gently invert tube 8-10 times immediately after collection and protect the sample from light (4 mL K2EDTA),269
PK Samples: PK Plasma #18,Staff Initials:,269
PK Samples: PK Plasma #18,Comment:,269
AE/CM Surveys: AE/CM Check #18,Confirm an AE and Conmed check has been performed (Record any AE and Conmeds if applicable),269
AE/CM Surveys: AE/CM Check #18,Staff Initials:,269
AE/CM Surveys: AE/CM Check #18,Comment:,269
C-SSRS Assessment: Date of Assessment #1,C-SSRS Questionnaire - Date and Time (Transcribe from C-SSRS paper source workbook),269
C-SSRS Assessment: Date of Assessment #1,Staff Initials:,269
C-SSRS Assessment: Date of Assessment #1,Comment:,269
C-SSRS Assessment: Date of Assessment #1,Time (HH:mm),269
C-SSRS Since Last Visit: 2. Non-specific Thoughts #1,2. Non-specific Active Suicidal Thoughts,270
C-SSRS Since Last Visit: 2. Non-specific Thoughts #1,"General non-specific thoughts of wanting to end one's life / commit suicide (e.g. ""I've thought about killing myself"") without thoughts of ways to kill oneself / associated methods, intent, or plan during the assessment period. (Have you actually had any thoughts of killing yourself?)",270
C-SSRS Since Last Visit: 2. Non-specific Thoughts #1,Staff Initials:,270
C-SSRS Since Last Visit: 2. Non-specific Thoughts #1,Comment:,270
C-SSRS Since Last Visit: 3. Active Ideation No Intent #1,3. Active Suicidal Ideation with Any Methods (Not Plan) Without Intent to Act,271
C-SSRS Since Last Visit: 3. Active Ideation No Intent #1,"Subject endorses thoughts of suicide and has thought of at least one method during the assessment period. This is different from a specific plan with time, place or method details worked out (e.g. thought of method to kill self but not a specific plan). Includes person who would say, ""I thought about taking an overdose but I never made a specific plan as to when, where or how I would actually do it… and I would never go through with it"". (Have you been thinking about how you might do this?)",271
C-SSRS Since Last Visit: 3. Active Ideation No Intent #1,Staff Initials:,271
C-SSRS Since Last Visit: 3. Active Ideation No Intent #1,Comment:,271
C-SSRS Since Last Visit: 4. Active Ideation Some Intent #1,"4. Active Suicidal Ideation with Some Intent to Act, without Specific Plan",271
C-SSRS Since Last Visit: 4. Active Ideation Some Intent #1,"Active suicidal thoughts of killing oneself and subject reports having some intent to act on such thoughts, as opposed to ""I have the thoughts but I definitely will not do anything about them"". (Have you had these thoughts and had some intention of acting on them?)",271
C-SSRS Since Last Visit: 4. Active Ideation Some Intent #1,Staff Initials:,271
C-SSRS Since Last Visit: 4. Active Ideation Some Intent #1,Comment:,271
C-SSRS Since Last Visit: 5. Active Ideation Specific Intent #1,5. Active Suicidal Ideation with Specific Plan and Intent,272
C-SSRS Since Last Visit: 5. Active Ideation Specific Intent #1,Thoughts of killing oneself with details of plan fully or partially worked out and subject has some intent to carry it out. (Have you started to work out or worked out the details of how to kill yourself? Do you intend to carry out this plan?),272
C-SSRS Since Last Visit: 5. Active Ideation Specific Intent #1,Staff Initials:,272
C-SSRS Since Last Visit: 5. Active Ideation Specific Intent #1,Comment:,272
C-SSRS Since Last Visit: 6. Most Severe Ideation #1,Most Severe Ideation,272
C-SSRS Since Last Visit: 6. Most Severe Ideation #1,"The following feature should be rated with respect to the most severe type of ideation (i.e. 1-5 from above, with 1 being the least severe and 5 being the most severe). Ask about time he/she was feeling the most suicidal.",272
C-SSRS Since Last Visit: 6. Most Severe Ideation #1,Staff Initials:,272
C-SSRS Since Last Visit: 6. Most Severe Ideation #1,Comment:,272
C-SSRS Since Last Visit: 7. Frequency #1,Frequency,273
C-SSRS Since Last Visit: 7. Frequency #1,(How many times have you had these thoughts?),273
C-SSRS Since Last Visit: 7. Frequency #1,Staff Initials:,273
C-SSRS Since Last Visit: 7. Frequency #1,Comment:,273
C-SSRS Since Last Visit: 8. Duration #1,Duration,273
C-SSRS Since Last Visit: 8. Duration #1,"(When you have the thoughts, how long do they last?)",273
C-SSRS Since Last Visit: 8. Duration #1,Staff Initials:,273
C-SSRS Since Last Visit: 8. Duration #1,Comment:,273
C-SSRS Since Last Visit: 9. Controllability #1,Controllability,273
C-SSRS Since Last Visit: 9. Controllability #1,(Could/can you stop thinking about killing yourself or wanting to die if you want to?),273
C-SSRS Since Last Visit: 9. Controllability #1,Staff Initials:,273
C-SSRS Since Last Visit: 10. Deterrents #1,Deterrents,274
C-SSRS Since Last Visit: 10. Deterrents #1,"(Are there things - anyone or anything (e.g. family, religion, pain of death) - that stopped you from wanting to die or acting on thoughts of committing suicide?)",274
C-SSRS Since Last Visit: 10. Deterrents #1,Staff Initials:,274
C-SSRS Since Last Visit: 10. Deterrents #1,Comment:,274
C-SSRS Since Last Visit: 12. Total Number of Attempts #1,Total Number of Attempts,276
C-SSRS Since Last Visit: 12. Total Number of Attempts #1,Staff Initials:,276
C-SSRS Since Last Visit: 12. Total Number of Attempts #1,Comment:,276
C-SSRS Since Last Visit: 13. Has Subject Engaged #1,Has subject engaged in Non-Suicidal Self-Injurious Behaviour (Since Last Visit),277
C-SSRS Since Last Visit: 13. Has Subject Engaged #1,Staff Initials:,277
C-SSRS Since Last Visit: 13. Has Subject Engaged #1,Comment:,277
C-SSRS Since Last Visit: 14. Interrupted Attempt #1,Interrupted Attempt (Since Last Visit),277
C-SSRS Since Last Visit: 14. Interrupted Attempt #1,"When the person is interrupted (by an outside circumstance) from starting the potentially self- injurious act (if not for that, actual attempt would have occurred). Overdose: Person has pills in hand but is stopped from ingesting. Once they ingest any pills, this becomes an attempt rather than an interrupted attempt. Shooting: Person has gun pointed towards self, gun is taken away by someone else, or he/she is somehow prevented from pulling trigger. Once they pull the trigger, even if the gun fails to fire, it is an attempt. Jumping: Person is poised to jump, is grabbed and taken down from ledge. Hanging: Person has noose around neck but has not yet started to hang - is stopped from doing so. (Has there been a time when you started to do something to end your life but someone or something stopped you before you actually did anything?)",277
C-SSRS Since Last Visit: 14. Interrupted Attempt #1,Staff Initials:,277
C-SSRS Since Last Visit: 14. Interrupted Attempt #1,Comment:,277
C-SSRS Since Last Visit: 14. Total Number of Interrupted #1,Total Number of Interrupted,277
C-SSRS Since Last Visit: 14. Total Number of Interrupted #1,Staff Initials:,277
C-SSRS Since Last Visit: 14. Total Number of Interrupted #1,Comment:,277
C-SSRS Since Last Visit: 15. Total Number of Aborted #1,Total Number of Aborted,278
C-SSRS Since Last Visit: 15. Total Number of Aborted #1,"Acts or preparation towards imminently making a suicide attempt. This can include anything beyond a verbalisation or thought, such as assembling a specific method (e.g. buying pills, purchasing a gun) or preparing for one's death by suicide (e.g. giving things away, writing a suicide note). (Have you taken any steps towards making a suicide attempt or preparing to kill yourself (such as collecting pills, getting a gun, giving valuables away or writing a suicide note)?)",278
C-SSRS Since Last Visit: 15. Total Number of Aborted #1,Staff Initials:,278
C-SSRS Since Last Visit: 15. Total Number of Aborted #1,Comment:,278
C-SSRS Since Last Visit: 16. Preparatory Acts or Behaviour #1,Preparatory Acts or Behaviour (Since Last Visit),279
C-SSRS Since Last Visit: 16. Preparatory Acts or Behaviour #1,"Acts or preparation towards imminently making a suicide attempt. This can include anything beyond a verbalisation or thought, such as assembling a specific method (e.g. buying pills, purchasing a gun) or preparing for one's death by suicide (e.g. giving things away, writing a suicide note). (Have you taken any steps towards making a suicide attempt or preparing to kill yourself (such as collecting pills, getting a gun, giving valuables away or writing a suicide note)?)",279
C-SSRS Since Last Visit: 16. Preparatory Acts or Behaviour #1,Staff Initials:,279
C-SSRS Since Last Visit: 16. Preparatory Acts or Behaviour #1,Comment:,279
C-SSRS Since Last Visit: 17. Suicidal Behaviour #1,Suicidal Behaviour (Since Last Visit),279
C-SSRS Since Last Visit: 17. Suicidal Behaviour #1,Suicidal behaviour was present during the assessment period?,279
C-SSRS Since Last Visit: 17. Suicidal Behaviour #1,Staff Initials:,279
C-SSRS Since Last Visit: 17. Suicidal Behaviour #1,Comment:,279
C-SSRS Since Last Visit: 18. Suicide #1,Suicide (Since Last Visit),279
C-SSRS Since Last Visit: 18. Suicide #1,Staff Initials:,279
C-SSRS Since Last Visit: 18. Suicide #1,Comment:,279
C-SSRS Since Last Visit: 19. Most Lethal Attempt Date #1,Most Lethal Attempt Date,280
C-SSRS Since Last Visit: 19. Most Lethal Attempt Date #1,Staff Initials:,280
C-SSRS Since Last Visit: 19. Most Lethal Attempt Date #1,Comment:,280
C-SSRS Since Last Visit: 19. Actual Lethality Most Lethal Attempt #1,Actual Lethality/Medical Damage - Most Lethal Attempt,280
C-SSRS Since Last Visit: 19. Actual Lethality Most Lethal Attempt #1,Staff Initials:,280
C-SSRS Since Last Visit: 19. Actual Lethality Most Lethal Attempt #1,Comment:,280
C-SSRS Since Last Visit: 19. Potential Lethality Most Lethal Attempt #1,Potential Lethality - Most Lethal Attempt Code (only answer if Actual Lethality = 0),281
C-SSRS Since Last Visit: 19. Potential Lethality Most Lethal Attempt #1,Staff Initials:,281
C-SSRS Since Last Visit: 19. Potential Lethality Most Lethal Attempt #1,Comment:,281
Targeted Physical Examination Findings: Require Targeted PE? #2,"Targeted Physical Examination: Does the participant require a targeted physical examination? (If yes, please specify the reason)",281
Targeted Physical Examination Findings: Require Targeted PE? #2,Staff Initials:,281
Targeted Physical Examination Findings: Require Targeted PE? #2,Comment:,281
Targeted Physical Examination Findings: Any clinically significant abnormal,"findings? #2 If yes, were there any clinically significant abnormal findings?",281
Targeted Physical Examination Findings: Any clinically significant abnormal,Staff Initials:,281
Targeted Physical Examination Findings: Any clinically significant abnormal,Comment:,281
Targeted Physical Examination Findings: Physical Examination Category #2,Physical Examination Category,281
Targeted Physical Examination Findings: Physical Examination Category #2,Staff Initials:,281
Targeted Physical Examination Findings: Findings #2,Detailed findings of Physical Examination,282
Targeted Physical Examination Findings: Findings #2,Staff Initials:,282
Targeted Physical Examination Findings: Findings #2,Comment:,282
Neurological Examination: Neurological Examination Performed? #1,Was a neurological examination performed?,283
Neurological Examination: Neurological Examination Performed? #1,Staff Initials:,283
Neurological Examination: Neurological Examination Performed? #1,Comment:,283
Neurological Examination: Mental Status #1,Mental Status,283
Neurological Examination: Mental Status #1,Staff Initials:,283
Neurological Examination: Mental Status #1,Comment:,283
Neurological Examination: Cranial Nerves #1,Cranial Nerves,283
Neurological Examination: Cranial Nerves #1,Staff Initials:,283
Neurological Examination: Cranial Nerves #1,Comment:,283
Neurological Examination: Motor Systems #1,Motor Systems,283
Neurological Examination: Reflexes #1,Reflexes,284
Neurological Examination: Reflexes #1,Staff Initials:,284
Neurological Examination: Reflexes #1,Comment:,284
Neurological Examination: Sensory System #1,Sensory System,285
Neurological Examination: Sensory System #1,Staff Initials:,285
Neurological Examination: Sensory System #1,Comment:,285
Neurological Examination: Co-ordination #1,Co-ordination,285
Neurological Examination: Co-ordination #1,Staff Initials:,285
Neurological Examination: Co-ordination #1,Comment:,285
Neurological Examination: Station and Gait #1,Station and Gait,286
Neurological Examination: Station and Gait #1,Staff Initials:,286
Neurological Examination: Station and Gait #1,Comment:,286
Neurological Examination: Findings #1,Detailed findings of Neurological Examination,286
Neurological Examination: Findings #1,Staff Initials:,286
Neurological Examination: Findings #1,Comment:,286
Discharge Procedures: Trial Participation Card #1,Confirm participant has been provided with a Trial Participation Card,286
Discharge Procedures: Trial Participation Card #1,Staff Initials:,286
Discharge Procedures: Trial Participation Card #1,Comment:,286
Discharge Procedures: ICF in Volunteer Folder #1,"Is the signed copy of the participant's ICF present in their volunteer folder? (If 'No', escalate immediately)",286
Discharge Procedures: ICF in Volunteer Folder #1,Staff Initials:,286
Discharge Procedures: ICF in Volunteer Folder #1,Comment:,286
Discharge Procedures: Informed of Restrictions #1,"Has volunteer been reminded of the restrictions, below?",287
Discharge Procedures: Informed of Restrictions #1,"Due to the unavailability of phototoxic data, participants will be advised to minimize exposure to sunlight by spending a reduced amount of time outdoors/remaining inside the clinical unit during the residential periods of the study wearing sunglasses and clothing that minimizes exposure to sunlight and using sun cream on exposed areas when going outdoors. They will also be advised not to use sunbeds. This restriction will be advised from first dose until 7 days post- final dose.",287
Discharge Procedures: Informed of Restrictions #1,"Sexually active males will commit to utilizing 2 different approved methods of birth control during the trial and for 90 days plus 5 half-lives (ie, 92 days) after the last dose of IMP, or will remain abstinent for the same period of time.",287
Discharge Procedures: Informed of Restrictions #1,"Males will refrain from sperm donation from the screening visit through 90 days plus 5 half-lives (ie, 92 days) after the last dose of IMP.",287
Discharge Procedures: Informed of Restrictions #1,Staff Initials:,287
Discharge Procedures: Informed of Restrictions #1,Comment:,287
Discharge Procedures: AE Discharge Question #1,Have there been any Adverse Events throughout study duration?,287
Discharge Procedures: AE Discharge Question #1,Staff Initials:,287
Discharge Procedures: AE Discharge Question #1,Comment:,287
Discharge Procedures: Discharge by Clinic #1,Confirm that all discharge procedures have been completed and the participant is safe to be discharged.,288
Discharge Procedures: Discharge by Clinic #1,Staff Initials:,288
Discharge Procedures: Discharge by Clinic #1,Comment:,288
Discharge Procedures: Discharge by Medic #1,"As participant has had AE(s) on the study, Medic to confirm that all discharge procedures have been completed and the participant is safe to be discharged.",288
Discharge Procedures: Discharge by Medic #1,Staff Initials:,288
Discharge Procedures: Discharge by Medic #1,Comment:,288
Pre-dose Triplicate ECG 1: 12 Lead Standard #1,PRE-DOSE Triplicate ECG 1: 12 Lead Standard ECG (Supine for a minimum 3 minutes),288
Pre-dose Triplicate ECG 1: 12 Lead Standard #1,Staff Initials:,288
Pre-dose Triplicate ECG 1: 12 Lead Standard #1,PR interval ms (##0),288
Pre-dose Triplicate ECG 1: 12 Lead Standard #1,QRS Duration ms (##0),288
Pre-dose Triplicate ECG 1: 12 Lead Standard #1,QT interval ms (##0),288
Pre-dose Triplicate ECG 1: 12 Lead Standard #1,QRS Axis deg (###0),288
Pre-dose Triplicate ECG 1: 12 Lead Standard #1,RR Interval ms (###0),288
Pre-dose Triplicate ECG 1: 12 Lead Standard #1,QTcF ms (##0),288
Pre-dose Triplicate ECG 1: ECG Rhythm Assess/Interpretation #1,PRE-DOSE Triplicate ECG 1: ECG Rhythm assessment and interpretation,289
Pre-dose Triplicate ECG 1: ECG Rhythm Assess/Interpretation #1,Staff Initials:,289
Pre-dose Triplicate ECG 1: ECG Rhythm Assess/Interpretation #1,Comment:,289
Pre-dose Triplicate ECG 1: ECG Significance #1,PRE-DOSE Triplicate ECG 1: Was the ECG clinically significant? (Medic to assess),289
Pre-dose Triplicate ECG 1: ECG Significance #1,Staff Initials:,289
Pre-dose Triplicate ECG 1: ECG Significance #1,Comment:,289
Pre-dose Triplicate ECG 1: ECG Findings #1,PRE-DOSE Triplicate ECG 1: ECG Findings,289
Pre-dose Triplicate ECG 1: ECG Findings #1,Staff Initials:,289
Pre-dose Triplicate ECG 1: ECG Findings #1,Comment:,289
Pre-dose Triplicate ECG 1: ECG Findings inc Rhythm #1,"PRE-DOSE Triplicate ECG 1: ECG Findings, including rhythm assessment",290
Pre-dose Triplicate ECG 1: ECG Findings inc Rhythm #1,Staff Initials:,290
Pre-dose Triplicate ECG 1: ECG Findings inc Rhythm #1,Comment:,290
Pre-dose Triplicate ECG 2: 12 Lead Standard #1,PRE-DOSE Triplicate ECG 2: 12 Lead Standard ECG (To be performed at least 2 minutes after ECG1),290
Pre-dose Triplicate ECG 2: 12 Lead Standard #1,Staff Initials:,290
Pre-dose Triplicate ECG 2: 12 Lead Standard #1,Comment:,290
Pre-dose Triplicate ECG 2: 12 Lead Standard #1,PR interval ms (##0),290
Pre-dose Triplicate ECG 2: 12 Lead Standard #1,QRS Duration ms (##0),290
Pre-dose Triplicate ECG 2: 12 Lead Standard #1,QT interval ms (##0),290
Pre-dose Triplicate ECG 2: 12 Lead Standard #1,QRS Axis deg (###0),290
Pre-dose Triplicate ECG 2: 12 Lead Standard #1,RR Interval ms (###0),290
Pre-dose Triplicate ECG 2: 12 Lead Standard #1,QTcF ms (##0),290
Pre-dose Triplicate ECG 2: ECG Rhythm Assess/Interpretation #1,PRE-DOSE Triplicate ECG 2: ECG Rhythm assessment and interpretation,291
Pre-dose Triplicate ECG 2: ECG Rhythm Assess/Interpretation #1,Staff Initials:,291
Pre-dose Triplicate ECG 2: ECG Rhythm Assess/Interpretation #1,Comment:,291
Pre-dose Triplicate ECG 2: ECG Significance #1,PRE-DOSE Triplicate ECG 2: Was the ECG clinically significant? (Medic to assess),291
Pre-dose Triplicate ECG 2: ECG Significance #1,Staff Initials:,291
Pre-dose Triplicate ECG 2: ECG Significance #1,Comment:,291
Pre-dose Triplicate ECG 2: ECG Findings #1,PRE-DOSE Triplicate ECG 2: ECG Findings,291
Pre-dose Triplicate ECG 2: ECG Findings #1,Staff Initials:,291
Pre-dose Triplicate ECG 2: ECG Findings #1,Comment:,291
Pre-dose Triplicate ECG 2: ECG Findings inc Rhythm #1,"PRE-DOSE Triplicate ECG 2: ECG Findings, including rhythm assessment",291
Pre-dose Triplicate ECG 2: ECG Findings inc Rhythm #1,Staff Initials:,291
Pre-dose Triplicate ECG 2: ECG Findings inc Rhythm #1,Comment:,291
Pre-dose Triplicate ECG 3: 12 Lead Standard #1,PRE-DOSE Triplicate ECG 3: 12 Lead Standard ECG (To be performed at least 2 minutes after ECG2),292
Pre-dose Triplicate ECG 3: 12 Lead Standard #1,Staff Initials:,292
Pre-dose Triplicate ECG 3: 12 Lead Standard #1,Comment:,292
Pre-dose Triplicate ECG 3: 12 Lead Standard #1,PR interval ms (##0),292
Pre-dose Triplicate ECG 3: 12 Lead Standard #1,QRS Duration ms (##0),292
Pre-dose Triplicate ECG 3: 12 Lead Standard #1,QT interval ms (##0),292
Pre-dose Triplicate ECG 3: 12 Lead Standard #1,QRS Axis deg (###0),292
Pre-dose Triplicate ECG 3: 12 Lead Standard #1,RR Interval ms (###0),292
Pre-dose Triplicate ECG 3: 12 Lead Standard #1,QTcF ms (##0),292
Pre-dose Triplicate ECG 3: ECG Rhythm Assess/Interpretation #1,PRE-DOSE Triplicate ECG 3: ECG Rhythm assessment and interpretation,292
Pre-dose Triplicate ECG 3: ECG Rhythm Assess/Interpretation #1,Staff Initials:,292
Pre-dose Triplicate ECG 3: ECG Rhythm Assess/Interpretation #1,Comment:,292
Pre-dose Triplicate ECG 3: ECG Significance #1,PRE-DOSE Triplicate ECG 3: Was the ECG clinically significant? (Medic to assess),292
Pre-dose Triplicate ECG 3: ECG Significance #1,Staff Initials:,292
Pre-dose Triplicate ECG 3: ECG Findings #1,PRE-DOSE Triplicate ECG 3: ECG Findings,293
Pre-dose Triplicate ECG 3: ECG Findings #1,Staff Initials:,293
Pre-dose Triplicate ECG 3: ECG Findings #1,Comment:,293
Pre-dose Triplicate ECG 3: ECG Findings inc Rhythm #1,"PRE-DOSE Triplicate ECG 3: ECG Findings, including rhythm assessment",293
Pre-dose Triplicate ECG 3: ECG Findings inc Rhythm #1,Staff Initials:,293
Pre-dose Triplicate ECG 3: ECG Findings inc Rhythm #1,Comment:,293
Mean Values: Pre-dose Mean values #1,PRE-DOSE - Mean values,293
Mean Values: Pre-dose Mean values #1,"Withdraw if - QT interval corrected for heart rate using Fridericia’s formula (QTcF) >450 msec for male participants or >470 msec for female participants, QRS interval >120 msec, or PR interval >200 msec",293
Mean Values: Pre-dose Mean values #1,Staff Initials:,293
Mean Values: Pre-dose Mean values #1,Comment:,293
Mean Values: Pre-dose Mean values #1,QRS Duration ms (##0),293
Mean Values: Pre-dose Mean values #1,QTcF ms (##0),293
ECG Difference: Baseline values #1,Please transcribe the baseline value for QTcF for withdrawal purposes for Period 2 post dose from the mean QTcF above,294
ECG Difference: Baseline values #1,Staff Initials:,294
ECG Difference: Baseline values #1,Comment:,294
Pre-dose Vital Signs: Vital Signs Supine Full Set #1,PRE-DOSE - Vital Signs (Supine for at least 3 minutes),294
Pre-dose Vital Signs: Vital Signs Supine Full Set #1,Staff Initials:,294
Pre-dose Vital Signs: Vital Signs Supine Full Set #1,Comment:,294
Pre-dose Vital Signs: Vital Signs Supine Full Set #1,Diastolic mmHg (##0),294
Pre-dose Vital Signs: Vital Signs Supine Full Set #1,Heart Rate beats/min (##0),294
Pre-dose Vital Signs: Vital Signs Supine Full Set #1,Respiratory Rate breaths/mi (##0),294
Pre-dose Vital Signs: Vital Signs Supine Full Set #1,Oral Temperature - Degrees Celsius . C (##.0),294
Pre-dose Vital Signs: Clinical Significance #1,PRE-DOSE - Clinical Assessment of Vital Signs (Medic or Nurse to assess vital signs),294
Pre-dose Vital Signs: Clinical Significance #1,Staff Initials:,294
Pre-dose Vital Signs: Clinical Significance #1,Comment:,294
Pre-dose Vital Signs: Vital Signs Findings #1,PRE-DOSE - Vital Sign Findings,294
Pre-dose Vital Signs Standing: Vital Signs Standing BP and HR #1,PRE-DOSE - Vital Signs (Standing),295
Pre-dose Vital Signs Standing: Vital Signs Standing BP and HR #1,Staff Initials:,295
Pre-dose Vital Signs Standing: Vital Signs Standing BP and HR #1,Comment:,295
Pre-dose Vital Signs Standing: Vital Signs Standing BP and HR #1,Diastolic mmHg (##0),295
Pre-dose Vital Signs Standing: Vital Signs Standing BP and HR #1,Heart Rate beats/min (##0),295
Pre-dose Vital Signs Standing: Drop in BP from Supine to Standing #1,PRE-DOSE - Is there a drop in SYSTOLIC BP from supine to standing?,295
Pre-dose Vital Signs Standing: Drop in BP from Supine to Standing #1,Staff Initials:,295
Pre-dose Vital Signs Standing: Drop in BP from Supine to Standing #1,Comment:,295
Pre-dose Vital Signs Standing 2: Drop in BP from Supine to Standing #1,PRE-DOSE - Is there a drop in DIASTOLIC BP from supine to standing?,295
Pre-dose Vital Signs Standing 2: Drop in BP from Supine to Standing #1,Staff Initials:,295
Pre-dose Vital Signs Standing 2: Drop in BP from Supine to Standing #1,Comment:,295
Pre-dose Vital Signs Difference: Vital Signs Calculation BP and HR #1,PRE-DOSE - Vital Signs Difference for SYSTOLIC Drop,295
Pre-dose Vital Signs Difference: Vital Signs Calculation BP and HR 2 #1,PRE-DOSE - Vital Signs Difference for DIASTOLIC Drop (Supine),296
Pre-dose Vital Signs Difference: Vital Signs Calculation BP and HR 2 #1,Staff Initials:,296
Pre-dose Vital Signs Difference: Vital Signs Calculation BP and HR 2 #1,Comment:,296
Pre-dose Vital Signs Standing: Clinical Significance #1,PRE-DOSE - Clinical Assessment of Vital Signs (Medic or Nurse to assess vital signs),296
Pre-dose Vital Signs Standing: Clinical Significance #1,Staff Initials:,296
Pre-dose Vital Signs Standing: Clinical Significance #1,Comment:,296
Pre-dose Vital Signs Standing: Vital Signs Findings #1,PRE-DOSE - Vital Sign Findings,296
Pre-dose Vital Signs Standing: Vital Signs Findings #1,Staff Initials:,296
Pre-dose Vital Signs Standing: Vital Signs Findings #1,Comment:,296
PK Samples: PK Plasma #1,PK Sample for Bioanalysis - Gently invert tube 8-10 times immediately after collection and protect the sample from light (4 mL K2EDTA),296
PK Samples: PK Plasma #1,Staff Initials:,296
PK Samples: PK Plasma #1,Comment:,296
Exposure: Dosing Eligibility Continues #1,I confirm that the participant continues to be eligible to participate in this clinical study.,297
Exposure: Dosing Eligibility Continues #1,Staff Initials:,297
Exposure: Dosing Eligibility Continues #1,Comment:,297
Exposure x: Prandial state #1,Prandial state,297
Exposure x: Prandial state #1,Staff Initials:,297
Exposure x: Prandial state #1,Comment:,297
Exposure x: Fasted for 10 hours for Breakfast #1,Has the participant fasted for 10 hours prior to breakfast?,297
Exposure x: Fasted for 10 hours for Breakfast #1,Staff Initials:,297
Exposure x: Fasted for 10 hours for Breakfast #1,Comment:,297
Meals: Start Breakfast #1,Participant should begin eating breakfast.,297
Meals: Start Breakfast #1,Staff Initials:,297
Meals: Start Breakfast #1,Comment:,297
Meals: Amount Consumed (Breakfast) #1,Total amount of breakfast consumed,298
Meals: Amount Consumed (Breakfast) #1,Staff Initials:,298
Meals: Amount Consumed (Breakfast) #1,Comment:,298
Meals: Not eaten #1,Please describe what was not eaten,298
Meals: Not eaten #1,Staff Initials:,298
Meals: Not eaten #1,Comment:,298
Meals: PI Check #1,PI to authorise. Full meal must be consumed to proceed with dosing.,298
Meals: PI Check #1,Staff Initials:,298
Meals: PI Check #1,Comment:,298
Exposure: Volunteer ID Check #1,"Check the Volunteer ID in eSource matches the volunteer (Initials, DOB and Photographic ID)",298
Exposure: Volunteer ID Check #1,Staff Initials:,298
Exposure: Volunteer ID Check #1,Comment:,298
Exposure: Participant Number Check #1,Check the participant number in eSource matches the Instruction to Dispense and Dose,299
Exposure: Participant Number Check #1,Staff Initials:,299
Exposure: Participant Number Check #1,Comment:,299
Exposure: Has the participant refrained from water #1,Has the participant refrained from drinking water for at least 1 hour prior to dosing?,299
Exposure: Has the participant refrained from water #1,Staff Initials:,299
Exposure: Has the participant refrained from water #1,Comment:,299
Exposure: Fasted for 10 hours for Dosing #1,Has the participant fasted for 10 hours prior to dosing?,299
Exposure: Fasted for 10 hours for Dosing #1,Staff Initials:,299
Exposure: Fasted for 10 hours for Dosing #1,Comment:,299
Exposure: Consumed breakfast #1,"Has the participant consumed breakfast per the protocol requirements, over 20 minutes and the full meal?",299
Exposure: Consumed breakfast #1,Staff Initials:,299
Exposure: Consumed breakfast #1,Comment:,299
Exposure: Predose Procedure Check #1,Have all required pre dose procedures been completed?,300
Exposure: Predose Procedure Check #1,Staff Initials:,300
Exposure: Predose Procedure Check #1,Comment:,300
Exposure: Dose Eligibility Check #1,Is the participant eligible to dose?,300
Exposure: Dose Eligibility Check #1,Staff Initials:,300
Exposure: Dose Eligibility Check #1,Comment:,300
Exposure: Subject/regimen #1,Enter the product details,301
Exposure: Subject/regimen #1,Staff Initials:,301
Exposure: Subject/regimen #1,Comment:,301
Exposure: Subject/regimen #1,Treatment (25 char. max.),301
Exposure: Subject/regimen #1,Dose Level mg (#0),301
Exposure: Subject/regimen #1,Number of tablets/capsules to be administered (#0),301
Exposure: Subject/regimen #1,Batch Number (25 char. max.),301
Exposure: Subject/regimen #1,Container Number (##0),301
Exposure: Product label check #1,Does the Product label match the Instruction to Dispense and Dose?,301
Exposure: Product label check #1,Staff Initials:,301
Exposure: Product label check #1,Comment:,301
Exposure: Final Check #1,"Final check performed (5 R’s of dosing, Jones 2009 – right participant, right drug, right dose, right route, right time)",301
Exposure: Final Check #1,Staff Initials:,301
Exposure: Final Check #1,Comment:,301
Exposure: Dose #1,Time of administration of study treatment,301
Exposure: Dose #1,Staff Initials:,301
Exposure: Dose #1,Comment:,301
Exposure: Hand and Mouth Check #1,Has a hand and mouth check been performed?,302
Exposure: Hand and Mouth Check #1,Staff Initials:,302
Exposure: Hand and Mouth Check #1,Comment:,302
Exposure: Reminder to refrain from water #1,Has the participant been reminded to refrain from water for 2 hours post-dose?,302
Exposure: Reminder to refrain from water #1,Staff Initials:,302
Exposure: Reminder to refrain from water #1,Comment:,302
Exposure x: Reminder to minimise sunlight exposure #1,Has the participant been advised to minimise exposure to sunlight from dosing for at least 7 days post final dose?,302
Exposure x: Reminder to minimise sunlight exposure #1,"Due to the unavailability of phototoxic data, participants will be advised to minimize exposure to sunlight by spending a reduced amount of time outdoors/remaining inside the clinical unit during the residential periods of the study wearing sunglasses and clothing that minimizes exposure to sunlight and using sun cream on exposed areas when going outdoors. They will also be advised not to use sunbeds.",302
Exposure x: Reminder to minimise sunlight exposure #1,Staff Initials:,302
Exposure x: Reminder to minimise sunlight exposure #1,Comment:,302
Exposure: Witness Check #1,Confirm dosing is complete (Operator to complete (switch user)),303
Exposure: Witness Check #1,Staff Initials:,303
Exposure: Witness Check #1,Comment:,303
System: Available #1,What is the status of the subject?,303
System: Available #1,Staff Initials:,303
System: Available #1,Comment:,303
PK Samples: PK Plasma #2,PK Sample for Bioanalysis - Gently invert tube 8-10 times immediately after collection and protect the sample from light (4 mL K2EDTA),303
PK Samples: PK Plasma #2,Staff Initials:,303
PK Samples: PK Plasma #2,Comment:,303
AE/CM Surveys: AE/CM Check #2,Confirm an AE and Conmed check has been performed (Record any AE and Conmeds if applicable),303
AE/CM Surveys: AE/CM Check #2,Staff Initials:,303
AE/CM Surveys: AE/CM Check #2,Comment:,303
PK Samples: PK Plasma #3,PK Sample for Bioanalysis - Gently invert tube 8-10 times immediately after collection and protect the sample from light (4 mL K2EDTA),303
PK Samples: PK Plasma #3,Staff Initials:,303
PK Samples: PK Plasma #3,Comment:,303
AE/CM Surveys: AE/CM Check #3,Confirm an AE and Conmed check has been performed (Record any AE and Conmeds if applicable),303
AE/CM Surveys: AE/CM Check #3,Staff Initials:,303
AE/CM Surveys: AE/CM Check #3,Comment:,303
Stanford Sleepiness Scale: Stanford Sleepiness Scale Date #1,Stanford Sleepiness Scale Questionnaire - Date and Time (Transcribe from paper source workbook),304
Stanford Sleepiness Scale: Stanford Sleepiness Scale Date #1,Staff Initials:,304
Stanford Sleepiness Scale: Stanford Sleepiness Scale Date #1,Comment:,304
Stanford Sleepiness Scale: Stanford Sleepiness Scale Date #1,Time (HH:mm),304
Stanford Sleepiness Scale: Degree of Sleepiness #1,Degree of Sleepiness,304
Stanford Sleepiness Scale: Degree of Sleepiness #1,Staff Initials:,304
Stanford Sleepiness Scale: Degree of Sleepiness #1,Comment:,304
ECG: 12 Lead Standard #1,12 Lead Standard ECG,304
ECG: 12 Lead Standard #1,"Exclude if - QT interval corrected for heart rate using Fridericia’s formula (QTcF) >450 msec for male participants or >470 msec for female participants, QRS interval >120 msec, or PR interval >200 msec. (Supine for a minimum 3 minutes)",304
ECG: 12 Lead Standard #1,Staff Initials:,304
ECG: ECG Rhythm Assess/Interpretation #1,ECG Rhythm assessment and interpretation,305
ECG: ECG Rhythm Assess/Interpretation #1,Staff Initials:,305
ECG: ECG Rhythm Assess/Interpretation #1,Comment:,305
ECG: ECG Significance #1,Was the ECG clinically significant? (Medic to assess),306
ECG: ECG Significance #1,Staff Initials:,306
ECG: ECG Significance #1,Comment:,306
ECG: ECG Findings #1,ECG Findings,306
ECG: ECG Findings #1,Staff Initials:,306
ECG: ECG Findings #1,Comment:,306
ECG: ECG Findings inc Rhythm #1,"ECG Findings, including rhythm assessment",306
ECG: ECG Findings inc Rhythm #1,Staff Initials:,306
ECG: ECG Findings inc Rhythm #1,Comment:,306
ECG Difference: ECG Difference Calculation #1,ECG Difference Calculation - a participant will be withdrawn where there is an increase in QTcF interval of >60 msec from baseline (confirmed following a repeat ECG),306
ECG Difference: ECG Difference Calculation #1,Staff Initials:,306
ECG Difference: ECG Difference Calculation #1,Comment:,306
PK Samples: PK Plasma #4,PK Sample for Bioanalysis - Gently invert tube 8-10 times immediately after collection and protect the sample from light (4 mL K2EDTA),306
PK Samples: PK Plasma #4,Staff Initials:,306
PK Samples: PK Plasma #4,Comment:,306
Exposure: Provided with water #1,Has the participant been provided with water 2 hrs post-dose?,307
Exposure: Provided with water #1,Staff Initials:,307
Exposure: Provided with water #1,Comment:,307
Stanford Sleepiness Scale: Stanford Sleepiness Scale Date #2,Stanford Sleepiness Scale Questionnaire - Date and Time (Transcribe from paper source workbook),307
Stanford Sleepiness Scale: Stanford Sleepiness Scale Date #2,Staff Initials:,307
Stanford Sleepiness Scale: Stanford Sleepiness Scale Date #2,Comment:,307
Stanford Sleepiness Scale: Stanford Sleepiness Scale Date #2,Time (HH:mm),307
Stanford Sleepiness Scale: Degree of Sleepiness #2,Degree of Sleepiness,307
Stanford Sleepiness Scale: Degree of Sleepiness #2,Staff Initials:,307
Targeted Physical Examination Findings: Require Targeted PE? #1,"Targeted Physical Examination: Does the participant require a targeted physical examination? (If yes, please specify the reason)",308
Targeted Physical Examination Findings: Require Targeted PE? #1,Staff Initials:,308
Targeted Physical Examination Findings: Require Targeted PE? #1,Comment:,308
Targeted Physical Examination Findings: Any clinically significant abnormal,"findings? #1 If yes, were there any clinically significant abnormal findings?",308
Targeted Physical Examination Findings: Any clinically significant abnormal,Staff Initials:,308
Targeted Physical Examination Findings: Any clinically significant abnormal,Comment:,308
Targeted Physical Examination Findings: Physical Examination Category #1,Physical Examination Category,308
Targeted Physical Examination Findings: Physical Examination Category #1,Staff Initials:,308
Targeted Physical Examination Findings: Findings #1,Detailed findings of Physical Examination,309
Targeted Physical Examination Findings: Findings #1,Staff Initials:,309
Targeted Physical Examination Findings: Findings #1,Comment:,309
Targeted Neurological Examination: Require Targeted NE? #1,"Targeted Neurological Examination: Does the participant require a targeted neurological examination? (If yes, please specify the reason)",310
Targeted Neurological Examination: Require Targeted NE? #1,Staff Initials:,310
Targeted Neurological Examination: Require Targeted NE? #1,Comment:,310
Targeted Neurological Examination: Any clinically significant abnormal,"findings? #1 If yes, were there any clinically significant abnormal findings?",310
Targeted Neurological Examination: Any clinically significant abnormal,Staff Initials:,310
Targeted Neurological Examination: Any clinically significant abnormal,Comment:,310
Targeted Neurological Examination: Neurological Examination Category #1,Targeted Neurological Examination Category,310
Targeted Neurological Examination: Neurological Examination Category #1,Staff Initials:,310
Targeted Neurological Examination: Findings #1,Detailed findings of Targeted Neurological Examination,311
Targeted Neurological Examination: Findings #1,Staff Initials:,311
Targeted Neurological Examination: Findings #1,Comment:,311
Vital Signs: Vital Signs Supine Full Set #1,Vital Signs (Supine for at least 3 minutes),311
Vital Signs: Vital Signs Supine Full Set #1,Staff Initials:,311
Vital Signs: Vital Signs Supine Full Set #1,Comment:,311
Vital Signs: Vital Signs Supine Full Set #1,Diastolic mmHg (##0),311
Vital Signs: Vital Signs Supine Full Set #1,Heart Rate beats/min (##0),311
Vital Signs: Vital Signs Supine Full Set #1,Respiratory Rate breaths/mi (##0),311
Vital Signs: Vital Signs Supine Full Set #1,Oral Temperature - Degrees Celsius . C (##.0),311
Vital Signs: Clinical Significance #1,Clinical Assessment of Vital Signs (Medic or Nurse to assess vital signs),312
Vital Signs: Clinical Significance #1,Staff Initials:,312
Vital Signs: Clinical Significance #1,Comment:,312
Vital Signs: Vital Signs Findings #1,Vital Sign Findings,312
Vital Signs: Vital Signs Findings #1,Staff Initials:,312
Vital Signs: Vital Signs Findings #1,Comment:,312
Vital Signs Standing: Vital Signs Standing BP and HR #1,Vital Signs Standing BP and HR (Standing for at least 3 minutes),312
Vital Signs Standing: Vital Signs Standing BP and HR #1,Staff Initials:,312
Vital Signs Standing: Vital Signs Standing BP and HR #1,Comment:,312
Vital Signs Standing: Vital Signs Standing BP and HR #1,Diastolic mmHg (##0),312
Vital Signs Standing: Vital Signs Standing BP and HR #1,Heart Rate beats/min (##0),312
Vital Signs Standing: Drop in SBP from Supine to Standing #1,Is there a drop in SYSTOLIC BP from supine to standing?,313
Vital Signs Standing: Drop in SBP from Supine to Standing #1,Staff Initials:,313
Vital Signs Standing: Drop in SBP from Supine to Standing #1,Comment:,313
Vital Signs Standing 2: Drop in DBP from Supine to Standing #1,Is there a drop in DIASTOLIC BP from supine to standing?,313
Vital Signs Standing 2: Drop in DBP from Supine to Standing #1,Staff Initials:,313
Vital Signs Standing 2: Drop in DBP from Supine to Standing #1,Comment:,313
Vital Signs Difference: Vital Signs Calculation BP and HR #1,Vital Signs Difference for SYSTOLIC Drop,313
Vital Signs Difference: Vital Signs Calculation BP and HR #1,Staff Initials:,313
Vital Signs Difference: Vital Signs Calculation BP and HR #1,Comment:,313
Vital Signs Difference: Vital Signs Calculation BP and HR 2 #1,Vital Signs Difference for DIASTOLIC Drop,313
Vital Signs Difference: Vital Signs Calculation BP and HR 2 #1,Staff Initials:,313
Vital Signs Difference: Vital Signs Calculation BP and HR 2 #1,Comment:,313
Vital Signs Standing: Clinical Significance #1,Clinical Assessment of Standing Vital Signs (Medic or Nurse to assess vital signs),313
Vital Signs Standing: Clinical Significance #1,Staff Initials:,313
Vital Signs Standing: Vital Signs Findings #1,Vital Sign Findings,314
Vital Signs Standing: Vital Signs Findings #1,Staff Initials:,314
Vital Signs Standing: Vital Signs Findings #1,Comment:,314
PK Samples: PK Plasma #5,PK Sample for Bioanalysis - Gently invert tube 8-10 times immediately after collection and protect the sample from light (4 mL K2EDTA),314
PK Samples: PK Plasma #5,Staff Initials:,314
PK Samples: PK Plasma #5,Comment:,314
AE/CM Surveys: AE/CM Check #5,Confirm an AE and Conmed check has been performed (Record any AE and Conmeds if applicable),314
AE/CM Surveys: AE/CM Check #5,Staff Initials:,314
AE/CM Surveys: AE/CM Check #5,Comment:,314
Meals: Confirm Lunch #1,Confirm Lunch Provided,314
Meals: Confirm Lunch #1,Staff Initials:,314
Meals: Confirm Lunch #1,Comment:,314
PK Samples: PK Plasma #6,PK Sample for Bioanalysis - Gently invert tube 8-10 times immediately after collection and protect the sample from light (4 mL K2EDTA),315
PK Samples: PK Plasma #6,Staff Initials:,315
PK Samples: PK Plasma #6,Comment:,315
AE/CM Surveys: AE/CM Check #6,Confirm an AE and Conmed check has been performed (Record any AE and Conmeds if applicable),315
AE/CM Surveys: AE/CM Check #6,Staff Initials:,315
AE/CM Surveys: AE/CM Check #6,Comment:,315
PK Samples: PK Plasma #7,PK Sample for Bioanalysis - Gently invert tube 8-10 times immediately after collection and protect the sample from light (4 mL K2EDTA),315
PK Samples: PK Plasma #7,Staff Initials:,315
PK Samples: PK Plasma #7,Comment:,315
AE/CM Surveys: AE/CM Check #7,Confirm an AE and Conmed check has been performed (Record any AE and Conmeds if applicable),315
AE/CM Surveys: AE/CM Check #7,Staff Initials:,315
AE/CM Surveys: AE/CM Check #7,Comment:,315
PK Samples: PK Plasma #8,PK Sample for Bioanalysis - Gently invert tube 8-10 times immediately after collection and protect the sample from light (4 mL K2EDTA),315
PK Samples: PK Plasma #8,Staff Initials:,315
PK Samples: PK Plasma #8,Comment:,315
AE/CM Surveys: AE/CM Check #8,Confirm an AE and Conmed check has been performed (Record any AE and Conmeds if applicable),315
AE/CM Surveys: AE/CM Check #8,Staff Initials:,315
AE/CM Surveys: AE/CM Check #8,Comment:,315
Vital Signs: Vital Signs Supine Full Set #2,Vital Signs (Supine for at least 3 minutes),315
Vital Signs: Clinical Significance #2,Clinical Assessment of Vital Signs (Medic or Nurse to assess vital signs),316
Vital Signs: Clinical Significance #2,Staff Initials:,316
Vital Signs: Clinical Significance #2,Comment:,316
Vital Signs: Vital Signs Findings #2,Vital Sign Findings,316
Vital Signs: Vital Signs Findings #2,Staff Initials:,316
Vital Signs: Vital Signs Findings #2,Comment:,316
Vital Signs Standing: Vital Signs Standing BP and HR #2,Vital Signs Standing BP and HR (Standing for at least 3 minutes),316
Vital Signs Standing: Vital Signs Standing BP and HR #2,Staff Initials:,316
Vital Signs Standing: Drop in SBP from Supine to Standing #2,Is there a drop in SYSTOLIC BP from supine to standing?,317
Vital Signs Standing: Drop in SBP from Supine to Standing #2,Staff Initials:,317
Vital Signs Standing: Drop in SBP from Supine to Standing #2,Comment:,317
Vital Signs Standing 2: Drop in DBP from Supine to Standing #2,Is there a drop in DIASTOLIC BP from supine to standing?,317
Vital Signs Standing 2: Drop in DBP from Supine to Standing #2,Staff Initials:,317
Vital Signs Standing 2: Drop in DBP from Supine to Standing #2,Comment:,317
Vital Signs Difference: Vital Signs Calculation BP and HR #2,Vital Signs Difference for SYSTOLIC Drop,317
Vital Signs Difference: Vital Signs Calculation BP and HR #2,Staff Initials:,317
Vital Signs Difference: Vital Signs Calculation BP and HR #2,Comment:,317
Vital Signs Difference: Vital Signs Calculation BP and HR 2 #2,Vital Signs Difference for DIASTOLIC Drop,318
Vital Signs Difference: Vital Signs Calculation BP and HR 2 #2,Staff Initials:,318
Vital Signs Difference: Vital Signs Calculation BP and HR 2 #2,Comment:,318
Vital Signs Standing: Clinical Significance #2,Clinical Assessment of Standing Vital Signs (Medic or Nurse to assess vital signs),318
Vital Signs Standing: Clinical Significance #2,Staff Initials:,318
Vital Signs Standing: Clinical Significance #2,Comment:,318
Vital Signs Standing: Vital Signs Findings #2,Vital Sign Findings,318
Vital Signs Standing: Vital Signs Findings #2,Staff Initials:,318
Vital Signs Standing: Vital Signs Findings #2,Comment:,318
PK Samples: PK Plasma #9,PK Sample for Bioanalysis - Gently invert tube 8-10 times immediately after collection and protect the sample from light (4 mL K2EDTA),318
PK Samples: PK Plasma #9,Staff Initials:,318
PK Samples: PK Plasma #9,Comment:,318
AE/CM Surveys: AE/CM Check #9,Confirm an AE and Conmed check has been performed (Record any AE and Conmeds if applicable),318
AE/CM Surveys: AE/CM Check #9,Staff Initials:,318
AE/CM Surveys: AE/CM Check #9,Comment:,318
Stanford Sleepiness Scale: Stanford Sleepiness Scale Date #3,Stanford Sleepiness Scale Questionnaire - Date and Time (Transcribe from paper source workbook),319
Stanford Sleepiness Scale: Stanford Sleepiness Scale Date #3,Staff Initials:,319
Stanford Sleepiness Scale: Stanford Sleepiness Scale Date #3,Comment:,319
Stanford Sleepiness Scale: Stanford Sleepiness Scale Date #3,Time (HH:mm),319
Stanford Sleepiness Scale: Degree of Sleepiness #3,Degree of Sleepiness,319
Stanford Sleepiness Scale: Degree of Sleepiness #3,Staff Initials:,319
Stanford Sleepiness Scale: Degree of Sleepiness #3,Comment:,319
PK Samples: PK Plasma #10,PK Sample for Bioanalysis - Gently invert tube 8-10 times immediately after collection and protect the sample from light (4 mL K2EDTA),319
PK Samples: PK Plasma #10,Staff Initials:,319
PK Samples: PK Plasma #10,Comment:,319
AE/CM Surveys: AE/CM Check #10,Confirm an AE and Conmed check has been performed (Record any AE and Conmeds if applicable),320
AE/CM Surveys: AE/CM Check #10,Staff Initials:,320
AE/CM Surveys: AE/CM Check #10,Comment:,320
Vital Signs: Vital Signs Supine Full Set #3,Vital Signs (Supine for at least 3 minutes),320
Vital Signs: Vital Signs Supine Full Set #3,Staff Initials:,320
Vital Signs: Vital Signs Supine Full Set #3,Comment:,320
Vital Signs: Vital Signs Supine Full Set #3,Diastolic mmHg (##0),320
Vital Signs: Vital Signs Supine Full Set #3,Heart Rate beats/min (##0),320
Vital Signs: Vital Signs Supine Full Set #3,Respiratory Rate breaths/mi (##0),320
Vital Signs: Vital Signs Supine Full Set #3,Oral Temperature - Degrees Celsius . C (##.0),320
Vital Signs: Clinical Significance #3,Clinical Assessment of Vital Signs (Medic or Nurse to assess vital signs),320
Vital Signs: Clinical Significance #3,Staff Initials:,320
Vital Signs: Clinical Significance #3,Comment:,320
Vital Signs: Vital Signs Findings #3,Vital Sign Findings,321
Vital Signs: Vital Signs Findings #3,Staff Initials:,321
Vital Signs: Vital Signs Findings #3,Comment:,321
Vital Signs Standing: Vital Signs Standing BP and HR #3,Vital Signs Standing BP and HR (Standing for at least 3 minutes),321
Vital Signs Standing: Vital Signs Standing BP and HR #3,Staff Initials:,321
Vital Signs Standing: Vital Signs Standing BP and HR #3,Comment:,321
Vital Signs Standing: Vital Signs Standing BP and HR #3,Diastolic mmHg (##0),321
Vital Signs Standing: Vital Signs Standing BP and HR #3,Heart Rate beats/min (##0),321
Vital Signs Standing: Drop in SBP from Supine to Standing #3,Is there a drop in SYSTOLIC BP from supine to standing?,321
Vital Signs Standing: Drop in SBP from Supine to Standing #3,Staff Initials:,321
Vital Signs Standing: Drop in SBP from Supine to Standing #3,Comment:,321
Vital Signs Standing 2: Drop in DBP from Supine to Standing #3,Is there a drop in DIASTOLIC BP from supine to standing?,321
Vital Signs Standing 2: Drop in DBP from Supine to Standing #3,Staff Initials:,321
Vital Signs Standing 2: Drop in DBP from Supine to Standing #3,Comment:,321
Vital Signs Difference: Vital Signs Calculation BP and HR #3,Vital Signs Difference for SYSTOLIC Drop,322
Vital Signs Difference: Vital Signs Calculation BP and HR #3,Staff Initials:,322
Vital Signs Difference: Vital Signs Calculation BP and HR #3,Comment:,322
Vital Signs Difference: Vital Signs Calculation BP and HR 2 #3,Vital Signs Difference for DIASTOLIC Drop,322
Vital Signs Difference: Vital Signs Calculation BP and HR 2 #3,Staff Initials:,322
Vital Signs Difference: Vital Signs Calculation BP and HR 2 #3,Comment:,322
Vital Signs Standing: Clinical Significance #3,Clinical Assessment of Standing Vital Signs (Medic or Nurse to assess vital signs),322
Vital Signs Standing: Clinical Significance #3,Staff Initials:,322
Vital Signs Standing: Clinical Significance #3,Comment:,322
Vital Signs Standing: Vital Signs Findings #3,Vital Sign Findings,322
Vital Signs Standing: Vital Signs Findings #3,Staff Initials:,322
Vital Signs Standing: Vital Signs Findings #3,Comment:,322
PK Samples: PK Plasma #11,PK Sample for Bioanalysis - Gently invert tube 8-10 times immediately after collection and protect the sample from light (4 mL K2EDTA),323
PK Samples: PK Plasma #11,Staff Initials:,323
PK Samples: PK Plasma #11,Comment:,323
AE/CM Surveys: AE/CM Check #11,Confirm an AE and Conmed check has been performed (Record any AE and Conmeds if applicable),323
AE/CM Surveys: AE/CM Check #11,Staff Initials:,323
AE/CM Surveys: AE/CM Check #11,Comment:,323
Meals: Confirm Dinner #1,Confirm Dinner Provided,323
Meals: Confirm Dinner #1,Staff Initials:,323
Meals: Confirm Dinner #1,Comment:,323
ECG: 12 Lead Standard #2,12 Lead Standard ECG,323
ECG: 12 Lead Standard #2,"Exclude if - QT interval corrected for heart rate using Fridericia’s formula (QTcF) >450 msec for male participants or >470 msec for female participants, QRS interval >120 msec, or PR interval >200 msec. (Supine for a minimum 3 minutes)",323
ECG: 12 Lead Standard #2,Staff Initials:,323
ECG: 12 Lead Standard #2,PR interval ms (##0),323
ECG: 12 Lead Standard #2,QRS Duration ms (##0),323
ECG: 12 Lead Standard #2,QT interval ms (##0),323
ECG: 12 Lead Standard #2,QRS Axis deg (###0),323
ECG: ECG Rhythm Assess/Interpretation #2,ECG Rhythm assessment and interpretation,324
ECG: ECG Rhythm Assess/Interpretation #2,Staff Initials:,324
ECG: ECG Rhythm Assess/Interpretation #2,Comment:,324
ECG: ECG Significance #2,Was the ECG clinically significant? (Medic to assess),324
ECG: ECG Significance #2,Staff Initials:,324
ECG: ECG Significance #2,Comment:,324
ECG: ECG Findings #2,ECG Findings,324
ECG: ECG Findings #2,Staff Initials:,324
ECG: ECG Findings #2,Comment:,324
ECG Difference: ECG Difference Calculation #2,ECG Difference Calculation - a participant will be withdrawn where there is an increase in QTcF interval of >60 msec from baseline (confirmed following a repeat ECG),325
ECG Difference: ECG Difference Calculation #2,Staff Initials:,325
ECG Difference: ECG Difference Calculation #2,Comment:,325
Vital Signs: Vital Signs Supine Full Set #4,Vital Signs (Supine for at least 3 minutes),325
Vital Signs: Vital Signs Supine Full Set #4,Staff Initials:,325
Vital Signs: Vital Signs Supine Full Set #4,Comment:,325
Vital Signs: Vital Signs Supine Full Set #4,Diastolic mmHg (##0),325
Vital Signs: Vital Signs Supine Full Set #4,Heart Rate beats/min (##0),325
Vital Signs: Vital Signs Supine Full Set #4,Respiratory Rate breaths/mi (##0),325
Vital Signs: Vital Signs Supine Full Set #4,Oral Temperature - Degrees Celsius . C (##.0),325
Vital Signs: Clinical Significance #4,Clinical Assessment of Vital Signs (Medic or Nurse to assess vital signs),326
Vital Signs: Clinical Significance #4,Staff Initials:,326
Vital Signs: Clinical Significance #4,Comment:,326
Vital Signs: Vital Signs Findings #4,Vital Sign Findings,326
Vital Signs: Vital Signs Findings #4,Staff Initials:,326
Vital Signs: Vital Signs Findings #4,Comment:,326
Vital Signs Standing: Vital Signs Standing BP and HR #4,Vital Signs Standing BP and HR (Standing for at least 3 minutes),326
Vital Signs Standing: Vital Signs Standing BP and HR #4,Staff Initials:,326
Vital Signs Standing: Vital Signs Standing BP and HR #4,Comment:,326
Vital Signs Standing: Vital Signs Standing BP and HR #4,Diastolic mmHg (##0),326
Vital Signs Standing: Vital Signs Standing BP and HR #4,Heart Rate beats/min (##0),326
Vital Signs Standing: Drop in SBP from Supine to Standing #4,Is there a drop in SYSTOLIC BP from supine to standing?,327
Vital Signs Standing: Drop in SBP from Supine to Standing #4,Staff Initials:,327
Vital Signs Standing: Drop in SBP from Supine to Standing #4,Comment:,327
Vital Signs Standing 2: Drop in DBP from Supine to Standing #4,Is there a drop in DIASTOLIC BP from supine to standing?,327
Vital Signs Standing 2: Drop in DBP from Supine to Standing #4,Staff Initials:,327
Vital Signs Standing 2: Drop in DBP from Supine to Standing #4,Comment:,327
Vital Signs Difference: Vital Signs Calculation BP and HR #4,Vital Signs Difference for SYSTOLIC Drop,327
Vital Signs Difference: Vital Signs Calculation BP and HR #4,Staff Initials:,327
Vital Signs Difference: Vital Signs Calculation BP and HR #4,Comment:,327
Vital Signs Difference: Vital Signs Calculation BP and HR 2 #4,Vital Signs Difference for DIASTOLIC Drop,327
Vital Signs Difference: Vital Signs Calculation BP and HR 2 #4,Staff Initials:,327
Vital Signs Difference: Vital Signs Calculation BP and HR 2 #4,Comment:,327
Vital Signs Standing: Clinical Significance #4,Clinical Assessment of Standing Vital Signs (Medic or Nurse to assess vital signs),327
Vital Signs Standing: Clinical Significance #4,Staff Initials:,327
Vital Signs Standing: Vital Signs Findings #4,Vital Sign Findings,328
Vital Signs Standing: Vital Signs Findings #4,Staff Initials:,328
Vital Signs Standing: Vital Signs Findings #4,Comment:,328
PK Samples: PK Plasma #12,PK Sample for Bioanalysis - Gently invert tube 8-10 times immediately after collection and protect the sample from light (4 mL K2EDTA),328
PK Samples: PK Plasma #12,Staff Initials:,328
PK Samples: PK Plasma #12,Comment:,328
AE/CM Surveys: AE/CM Check #12,Confirm an AE and Conmed check has been performed (Record any AE and Conmeds if applicable),328
AE/CM Surveys: AE/CM Check #12,Staff Initials:,328
AE/CM Surveys: AE/CM Check #12,Comment:,328
Stanford Sleepiness Scale: Stanford Sleepiness Scale Date #4,Stanford Sleepiness Scale Questionnaire - Date and Time (Transcribe from paper source workbook),328
Stanford Sleepiness Scale: Stanford Sleepiness Scale Date #4,Staff Initials:,328
Stanford Sleepiness Scale: Stanford Sleepiness Scale Date #4,Comment:,328
Stanford Sleepiness Scale: Stanford Sleepiness Scale Date #4,Time (HH:mm),328
Meals: Confirm Snack #1,Confirm Evening Snack Provided,329
Meals: Confirm Snack #1,Staff Initials:,329
Meals: Confirm Snack #1,Comment:,329
PK Samples: PK Plasma #13,PK Sample for Bioanalysis - Gently invert tube 8-10 times immediately after collection and protect the sample from light (4 mL K2EDTA),329
PK Samples: PK Plasma #13,Staff Initials:,329
PK Samples: PK Plasma #13,Comment:,329
AE/CM Surveys: AE/CM Check #13,Confirm an AE and Conmed check has been performed (Record any AE and Conmeds if applicable),330
AE/CM Surveys: AE/CM Check #13,Staff Initials:,330
AE/CM Surveys: AE/CM Check #13,Comment:,330
Urinalysis: Collection Time #1,Record time of urine sample (Collect Urine Sample),330
Urinalysis: Collection Time #1,Staff Initials:,330
Urinalysis: Collection Time #1,Comment:,330
Urinalysis: Bilirubin #1,"What was the bilirubin result? If any positive result, inform medic/PI. (Perform urinalysis and read results)",330
Urinalysis: Bilirubin #1,Staff Initials:,330
Urinalysis: Bilirubin #1,Comment:,330
Urinalysis: Urobilinogen #1,"What was the urobilinogen result? If any positive result, inform medic/PI. (Perform urinalysis and read results)",331
Urinalysis: Urobilinogen #1,Staff Initials:,331
Urinalysis: Urobilinogen #1,Comment:,331
Urinalysis: Ketones #1,"What was the ketone result? If any positive result, inform medic/PI. (Perform urinalysis and read results)",331
Urinalysis: Ketones #1,Staff Initials:,331
Urinalysis: Ketones #1,Comment:,331
Urinalysis: Glucose #1,"What was the glucose result? If any positive result, inform medic/PI. (Perform urinalysis and read results)",331
Urinalysis: Glucose #1,Staff Initials:,331
Urinalysis: Protein #1,What was the protein result?,332
Urinalysis: Protein #1,"IF PROTEIN ≥ 30mg/dl: Repeat urinalysis as soon as possible, ensuring a clean catch specimen. If protein remains ≥ 30mg/dl on repeat, then inform PI/medic. (Perform urinalysis and read results)",332
Urinalysis: Protein #1,Staff Initials:,332
Urinalysis: Protein #1,Comment:,332
Urinalysis: Blood #1,What was the blood result? (Perform urinalysis and read results),332
Urinalysis: Blood #1,Staff Initials:,332
Urinalysis: Nitrite #1,What was the nitrite result? (Perform urinalysis and read results),333
Urinalysis: Nitrite #1,Staff Initials:,333
Urinalysis: Nitrite #1,Comment:,333
Urinalysis: pH #1,Record pH value (Perform urinalysis and read results),333
Urinalysis: pH #1,Staff Initials:,333
Urinalysis: Specific Gravity #1,Record specific gravity of sample (Perform urinalysis and read results),334
Urinalysis: Specific Gravity #1,Staff Initials:,334
Urinalysis: Specific Gravity #1,Comment:,334
Urinalysis: Leukocytes #1,What was the leukocyte result? (Perform urinalysis and read results),335
Urinalysis: Leukocytes #1,Staff Initials:,335
Urinalysis: Leukocytes #1,Comment:,335
Urinalysis: Participant menstruating #1,"Is participant female and menstruating? (If 'Yes', DO NOT send sample for Microscopy. If 'No', send sample for Microscopy)",335
Urinalysis: Participant menstruating #1,Staff Initials:,335
Urinalysis: Participant menstruating #1,Comment:,335
Urinalysis: Send for microscopy #1,Confirm sample sent for microscopy (Complete associated paperwork),335
Urinalysis: Send for microscopy #1,Staff Initials:,335
Urinalysis: Send for microscopy #1,Comment:,335
Urinalysis: Repeat Urinalysis #1,Has urinalysis been repeated as soon as possible with a clean catch specimen? Ensure events are repeated to capture this data.,336
Urinalysis: Repeat Urinalysis #1,Staff Initials:,336
Urinalysis: Repeat Urinalysis #1,Comment:,336
Urinalysis: Urinalysis Microscopy #1,Urinalysis Microscopy Sample (20 mL Sterilin screw cap),336
Urinalysis: Urinalysis Microscopy #1,Staff Initials:,336
Urinalysis: Urinalysis Microscopy #1,Comment:,336
Urinalysis: TDL Form Check #1,Confirm TDL form completed:,336
Urinalysis: TDL Form Check #1,- Correct form used - Correct participant label applied - Correct slot number written - Correct sex and fasting status - Correct timepoint checked - Correct sample date and time written - Correct visit - Initials signed to confirm sample collected and form correct,336
Urinalysis: TDL Form Check #1,Staff Initials:,336
Urinalysis: TDL Form Check #1,Comment:,336
Urinalysis: Urinalysis Medic Assessment #1,Has there been a medic review of the Microscopy results?,336
Urinalysis: Urinalysis Medic Assessment #1,Staff Initials:,336
Urinalysis: Urinalysis Medic Assessment #1,Comment:,336
ECG: ECG Rhythm Assess/Interpretation #3,ECG Rhythm assessment and interpretation,337
ECG: ECG Rhythm Assess/Interpretation #3,Staff Initials:,337
ECG: ECG Rhythm Assess/Interpretation #3,Comment:,337
ECG: ECG Significance #3,Was the ECG clinically significant? (Medic to assess),337
ECG: ECG Findings #3,ECG Findings,338
ECG: ECG Findings #3,Staff Initials:,338
ECG: ECG Findings #3,Comment:,338
ECG: ECG Findings inc Rhythm #3,"ECG Findings, including rhythm assessment",338
ECG: ECG Findings inc Rhythm #3,Staff Initials:,338
ECG: ECG Findings inc Rhythm #3,Comment:,338
ECG Difference: ECG Difference Calculation #3,ECG Difference Calculation - a participant will be withdrawn where there is an increase in QTcF interval of >60 msec from baseline (confirmed following a repeat ECG),338
ECG Difference: ECG Difference Calculation #3,Staff Initials:,338
ECG Difference: ECG Difference Calculation #3,Comment:,338
Vital Signs: Vital Signs Supine Full Set #5,Vital Signs (Supine for at least 3 minutes),338
Vital Signs: Vital Signs Supine Full Set #5,Staff Initials:,338
Vital Signs: Vital Signs Supine Full Set #5,Diastolic mmHg (##0),338
Vital Signs: Clinical Significance #5,Clinical Assessment of Vital Signs (Medic or Nurse to assess vital signs),339
Vital Signs: Clinical Significance #5,Staff Initials:,339
Vital Signs: Clinical Significance #5,Comment:,339
Vital Signs: Vital Signs Findings #5,Vital Sign Findings,339
Vital Signs: Vital Signs Findings #5,Staff Initials:,339
Vital Signs: Vital Signs Findings #5,Comment:,339
Vital Signs Standing: Vital Signs Standing BP and HR #5,Vital Signs Standing BP and HR (Standing for at least 3 minutes),340
Vital Signs Standing: Vital Signs Standing BP and HR #5,Staff Initials:,340
Vital Signs Standing: Vital Signs Standing BP and HR #5,Comment:,340
Vital Signs Standing: Vital Signs Standing BP and HR #5,Diastolic mmHg (##0),340
Vital Signs Standing: Vital Signs Standing BP and HR #5,Heart Rate beats/min (##0),340
Vital Signs Standing: Drop in SBP from Supine to Standing #5,Is there a drop in SYSTOLIC BP from supine to standing?,340
Vital Signs Standing: Drop in SBP from Supine to Standing #5,Staff Initials:,340
Vital Signs Standing: Drop in SBP from Supine to Standing #5,Comment:,340
Vital Signs Standing 2: Drop in DBP from Supine to Standing #5,Is there a drop in DIASTOLIC BP from supine to standing?,340
Vital Signs Standing 2: Drop in DBP from Supine to Standing #5,Staff Initials:,340
Vital Signs Standing 2: Drop in DBP from Supine to Standing #5,Comment:,340
Vital Signs Difference: Vital Signs Calculation BP and HR #5,Vital Signs Difference for SYSTOLIC Drop,340
Vital Signs Difference: Vital Signs Calculation BP and HR #5,Staff Initials:,340
Vital Signs Difference: Vital Signs Calculation BP and HR #5,Comment:,340
Vital Signs Difference: Vital Signs Calculation BP and HR 2 #5,Vital Signs Difference for DIASTOLIC Drop,341
Vital Signs Difference: Vital Signs Calculation BP and HR 2 #5,Staff Initials:,341
Vital Signs Difference: Vital Signs Calculation BP and HR 2 #5,Comment:,341
Vital Signs Standing: Clinical Significance #5,Clinical Assessment of Standing Vital Signs (Medic or Nurse to assess vital signs),341
Vital Signs Standing: Clinical Significance #5,Staff Initials:,341
Vital Signs Standing: Clinical Significance #5,Comment:,341
Vital Signs Standing: Vital Signs Findings #5,Vital Sign Findings,341
Vital Signs Standing: Vital Signs Findings #5,Staff Initials:,341
Vital Signs Standing: Vital Signs Findings #5,Comment:,341
Safety: Fasted #1,Has the participant fasted for 8 hours?,341
Safety: Fasted #1,Staff Initials:,341
Safety: Fasted #1,Comment:,341
Safety: Haematology #1,Haematology – Mix tube gently by inverting 8–10 times (2 mL K3EDTA),342
Safety: Haematology #1,Staff Initials:,342
Safety: Haematology #1,Comment:,342
Safety: Haematology Medic Assessment #1,Has there been a medic review of the Haematology blood results?,342
Safety: Haematology Medic Assessment #1,Staff Initials:,342
Safety: Haematology Medic Assessment #1,Comment:,342
Safety: Chemistry #1,Chemistry – Mix tube gently by inverting 5–6 times (5 mL SST),342
Safety: Chemistry #1,Staff Initials:,342
Safety: Chemistry #1,Comment:,342
Safety: Chemistry Medic Assessment #1,Has there been a medic review of the Clinical Chemistry blood results?,342
Safety: Chemistry Medic Assessment #1,Staff Initials:,342
Safety: Chemistry Medic Assessment #1,Comment:,342
Safety: TDL Form Check #1,Confirm TDL form completed:,343
Safety: TDL Form Check #1,- Correct form used - Correct participant label applied - Correct slot number written - Correct sex and fasting status - Correct timepoint checked - Correct sample date and time written - Correct visit - Initials signed to confirm sample collected and form correct,343
Safety: TDL Form Check #1,Staff Initials:,343
Safety: TDL Form Check #1,Comment:,343
PK Samples: PK Plasma #14,PK Sample for Bioanalysis - Gently invert tube 8-10 times immediately after collection and protect the sample from light (4 mL K2EDTA),343
PK Samples: PK Plasma #14,Staff Initials:,343
PK Samples: PK Plasma #14,Comment:,343
AE/CM Surveys: AE/CM Check #14,Confirm an AE and Conmed check has been performed (Record any AE and Conmeds if applicable),343
AE/CM Surveys: AE/CM Check #14,Staff Initials:,343
AE/CM Surveys: AE/CM Check #14,Comment:,343
Stanford Sleepiness Scale: Stanford Sleepiness Scale Date #5,Stanford Sleepiness Scale Questionnaire - Date and Time (Transcribe from paper source workbook),343
Stanford Sleepiness Scale: Stanford Sleepiness Scale Date #5,Staff Initials:,343
Stanford Sleepiness Scale: Stanford Sleepiness Scale Date #5,Comment:,343
Stanford Sleepiness Scale: Stanford Sleepiness Scale Date #5,Time (HH:mm),343
Stanford Sleepiness Scale: Degree of Sleepiness #5,Degree of Sleepiness,343
PK Samples: PK Plasma #15,PK Sample for Bioanalysis - Gently invert tube 8-10 times immediately after collection and protect the sample from light (4 mL K2EDTA),344
PK Samples: PK Plasma #15,Staff Initials:,344
PK Samples: PK Plasma #15,Comment:,344
AE/CM Surveys: AE/CM Check #15,Confirm an AE and Conmed check has been performed (Record any AE and Conmeds if applicable),344
AE/CM Surveys: AE/CM Check #15,Staff Initials:,344
AE/CM Surveys: AE/CM Check #15,Comment:,344
PK Samples: PK Plasma #16,PK Sample for Bioanalysis - Gently invert tube 8-10 times immediately after collection and protect the sample from light (4 mL K2EDTA),344
PK Samples: PK Plasma #16,Staff Initials:,344
PK Samples: PK Plasma #16,Comment:,344
Vital Signs: Vital Signs Supine Full Set #6,Vital Signs (Supine for at least 3 minutes),345
Vital Signs: Vital Signs Supine Full Set #6,Staff Initials:,345
Vital Signs: Vital Signs Supine Full Set #6,Comment:,345
Vital Signs: Vital Signs Supine Full Set #6,Diastolic mmHg (##0),345
Vital Signs: Vital Signs Supine Full Set #6,Heart Rate beats/min (##0),345
Vital Signs: Vital Signs Supine Full Set #6,Respiratory Rate breaths/mi (##0),345
Vital Signs: Vital Signs Supine Full Set #6,Oral Temperature - Degrees Celsius . C (##.0),345
Vital Signs: Clinical Significance #6,Clinical Assessment of Vital Signs (Medic or Nurse to assess vital signs),345
Vital Signs: Clinical Significance #6,Staff Initials:,345
Vital Signs: Clinical Significance #6,Comment:,345
Vital Signs: Vital Signs Findings #6,Vital Sign Findings,346
Vital Signs: Vital Signs Findings #6,Staff Initials:,346
Vital Signs: Vital Signs Findings #6,Comment:,346
Vital Signs Standing: Vital Signs Standing BP and HR #6,Vital Signs Standing BP and HR (Standing for at least 3 minutes),346
Vital Signs Standing: Vital Signs Standing BP and HR #6,Staff Initials:,346
Vital Signs Standing: Vital Signs Standing BP and HR #6,Comment:,346
Vital Signs Standing: Vital Signs Standing BP and HR #6,Diastolic mmHg (##0),346
Vital Signs Standing: Vital Signs Standing BP and HR #6,Heart Rate beats/min (##0),346
Vital Signs Standing: Drop in SBP from Supine to Standing #6,Is there a drop in SYSTOLIC BP from supine to standing?,346
Vital Signs Standing: Drop in SBP from Supine to Standing #6,Staff Initials:,346
Vital Signs Standing: Drop in SBP from Supine to Standing #6,Comment:,346
Vital Signs Standing 2: Drop in DBP from Supine to Standing #6,Is there a drop in DIASTOLIC BP from supine to standing?,346
Vital Signs Standing 2: Drop in DBP from Supine to Standing #6,Staff Initials:,346
Vital Signs Standing 2: Drop in DBP from Supine to Standing #6,Comment:,346
Vital Signs Difference: Vital Signs Calculation BP and HR #6,Vital Signs Difference for SYSTOLIC Drop,347
Vital Signs Difference: Vital Signs Calculation BP and HR #6,Staff Initials:,347
Vital Signs Difference: Vital Signs Calculation BP and HR #6,Comment:,347
Vital Signs Difference: Vital Signs Calculation BP and HR 2 #6,Vital Signs Difference for DIASTOLIC Drop,347
Vital Signs Difference: Vital Signs Calculation BP and HR 2 #6,Staff Initials:,347
Vital Signs Difference: Vital Signs Calculation BP and HR 2 #6,Comment:,347
Vital Signs Standing: Clinical Significance #6,Clinical Assessment of Standing Vital Signs (Medic or Nurse to assess vital signs),347
Vital Signs Standing: Clinical Significance #6,Staff Initials:,347
Vital Signs Standing: Clinical Significance #6,Comment:,347
Vital Signs Standing: Vital Signs Findings #6,Vital Sign Findings,347
Vital Signs Standing: Vital Signs Findings #6,Staff Initials:,347
Vital Signs Standing: Vital Signs Findings #6,Comment:,347
PK Samples: PK Plasma #17,PK Sample for Bioanalysis - Gently invert tube 8-10 times immediately after collection and protect the sample from light (4 mL K2EDTA),348
PK Samples: PK Plasma #17,Staff Initials:,348
PK Samples: PK Plasma #17,Comment:,348
AE/CM Surveys: AE/CM Check #17,Confirm an AE and Conmed check has been performed (Record any AE and Conmeds if applicable),348
AE/CM Surveys: AE/CM Check #17,Staff Initials:,348
AE/CM Surveys: AE/CM Check #17,Comment:,348
C-SSRS Assessment: Date of Assessment #1,C-SSRS Questionnaire - Date and Time (Transcribe from C-SSRS paper source workbook),348
C-SSRS Assessment: Date of Assessment #1,Staff Initials:,348
C-SSRS Assessment: Date of Assessment #1,Comment:,348
C-SSRS Assessment: Date of Assessment #1,Time (HH:mm),348
C-SSRS Since Last Visit: 1. Wish to be Dead #1,1. Wish to be dead,348
C-SSRS Since Last Visit: 1. Wish to be Dead #1,"Subject endorses thoughts about a wish to be dead or not alive anymore, or a wish to fall asleep and not wake up. (Have you wished you were dead or wished you could go to sleep and not wake up?)",348
C-SSRS Since Last Visit: 1. Wish to be Dead #1,Staff Initials:,348
C-SSRS Since Last Visit: 1. Wish to be Dead #1,Comment:,348
C-SSRS Since Last Visit: 3. Active Ideation No Intent #1,3. Active Suicidal Ideation with Any Methods (Not Plan) Without Intent to Act,349
C-SSRS Since Last Visit: 3. Active Ideation No Intent #1,"Subject endorses thoughts of suicide and has thought of at least one method during the assessment period. This is different from a specific plan with time, place or method details worked out (e.g. thought of method to kill self but not a specific plan). Includes person who would say, ""I thought about taking an overdose but I never made a specific plan as to when, where or how I would actually do it… and I would never go through with it"". (Have you been thinking about how you might do this?)",349
C-SSRS Since Last Visit: 3. Active Ideation No Intent #1,Staff Initials:,349
C-SSRS Since Last Visit: 3. Active Ideation No Intent #1,Comment:,349
C-SSRS Since Last Visit: 4. Active Ideation Some Intent #1,"4. Active Suicidal Ideation with Some Intent to Act, without Specific Plan",349
C-SSRS Since Last Visit: 4. Active Ideation Some Intent #1,"Active suicidal thoughts of killing oneself and subject reports having some intent to act on such thoughts, as opposed to ""I have the thoughts but I definitely will not do anything about them"". (Have you had these thoughts and had some intention of acting on them?)",349
C-SSRS Since Last Visit: 4. Active Ideation Some Intent #1,Staff Initials:,349
C-SSRS Since Last Visit: 4. Active Ideation Some Intent #1,Comment:,349
C-SSRS Since Last Visit: 5. Active Ideation Specific Intent #1,5. Active Suicidal Ideation with Specific Plan and Intent,350
C-SSRS Since Last Visit: 5. Active Ideation Specific Intent #1,Thoughts of killing oneself with details of plan fully or partially worked out and subject has some intent to carry it out. (Have you started to work out or worked out the details of how to kill yourself? Do you intend to carry out this plan?),350
C-SSRS Since Last Visit: 5. Active Ideation Specific Intent #1,Staff Initials:,350
C-SSRS Since Last Visit: 5. Active Ideation Specific Intent #1,Comment:,350
C-SSRS Since Last Visit: 6. Most Severe Ideation #1,Most Severe Ideation,350
C-SSRS Since Last Visit: 6. Most Severe Ideation #1,"The following feature should be rated with respect to the most severe type of ideation (i.e. 1-5 from above, with 1 being the least severe and 5 being the most severe). Ask about time he/she was feeling the most suicidal.",350
C-SSRS Since Last Visit: 6. Most Severe Ideation #1,Staff Initials:,350
C-SSRS Since Last Visit: 6. Most Severe Ideation #1,Comment:,350
C-SSRS Since Last Visit: 7. Frequency #1,Frequency,351
C-SSRS Since Last Visit: 7. Frequency #1,(How many times have you had these thoughts?),351
C-SSRS Since Last Visit: 7. Frequency #1,Staff Initials:,351
C-SSRS Since Last Visit: 7. Frequency #1,Comment:,351
C-SSRS Since Last Visit: 8. Duration #1,Duration,351
C-SSRS Since Last Visit: 8. Duration #1,"(When you have the thoughts, how long do they last?)",351
C-SSRS Since Last Visit: 8. Duration #1,Staff Initials:,351
C-SSRS Since Last Visit: 8. Duration #1,Comment:,351
C-SSRS Since Last Visit: 9. Controllability #1,Controllability,351
C-SSRS Since Last Visit: 9. Controllability #1,(Could/can you stop thinking about killing yourself or wanting to die if you want to?),351
C-SSRS Since Last Visit: 9. Controllability #1,Staff Initials:,351
C-SSRS Since Last Visit: 10. Deterrents #1,Deterrents,352
C-SSRS Since Last Visit: 10. Deterrents #1,"(Are there things - anyone or anything (e.g. family, religion, pain of death) - that stopped you from wanting to die or acting on thoughts of committing suicide?)",352
C-SSRS Since Last Visit: 10. Deterrents #1,Staff Initials:,352
C-SSRS Since Last Visit: 10. Deterrents #1,Comment:,352
C-SSRS Since Last Visit: 12. Total Number of Attempts #1,Total Number of Attempts,354
C-SSRS Since Last Visit: 12. Total Number of Attempts #1,Staff Initials:,354
C-SSRS Since Last Visit: 12. Total Number of Attempts #1,Comment:,354
C-SSRS Since Last Visit: 13. Has Subject Engaged #1,Has subject engaged in Non-Suicidal Self-Injurious Behaviour (Since Last Visit),355
C-SSRS Since Last Visit: 13. Has Subject Engaged #1,Staff Initials:,355
C-SSRS Since Last Visit: 13. Has Subject Engaged #1,Comment:,355
C-SSRS Since Last Visit: 14. Interrupted Attempt #1,Interrupted Attempt (Since Last Visit),355
C-SSRS Since Last Visit: 14. Interrupted Attempt #1,"When the person is interrupted (by an outside circumstance) from starting the potentially self- injurious act (if not for that, actual attempt would have occurred). Overdose: Person has pills in hand but is stopped from ingesting. Once they ingest any pills, this becomes an attempt rather than an interrupted attempt. Shooting: Person has gun pointed towards self, gun is taken away by someone else, or he/she is somehow prevented from pulling trigger. Once they pull the trigger, even if the gun fails to fire, it is an attempt. Jumping: Person is poised to jump, is grabbed and taken down from ledge. Hanging: Person has noose around neck but has not yet started to hang - is stopped from doing so. (Has there been a time when you started to do something to end your life but someone or something stopped you before you actually did anything?)",355
C-SSRS Since Last Visit: 14. Interrupted Attempt #1,Staff Initials:,355
C-SSRS Since Last Visit: 14. Interrupted Attempt #1,Comment:,355
C-SSRS Since Last Visit: 14. Total Number of Interrupted #1,Total Number of Interrupted,355
C-SSRS Since Last Visit: 14. Total Number of Interrupted #1,Staff Initials:,355
C-SSRS Since Last Visit: 14. Total Number of Interrupted #1,Comment:,355
C-SSRS Since Last Visit: 15. Total Number of Aborted #1,Total Number of Aborted,356
C-SSRS Since Last Visit: 15. Total Number of Aborted #1,"Acts or preparation towards imminently making a suicide attempt. This can include anything beyond a verbalisation or thought, such as assembling a specific method (e.g. buying pills, purchasing a gun) or preparing for one's death by suicide (e.g. giving things away, writing a suicide note). (Have you taken any steps towards making a suicide attempt or preparing to kill yourself (such as collecting pills, getting a gun, giving valuables away or writing a suicide note)?)",356
C-SSRS Since Last Visit: 15. Total Number of Aborted #1,Staff Initials:,356
C-SSRS Since Last Visit: 15. Total Number of Aborted #1,Comment:,356
C-SSRS Since Last Visit: 16. Preparatory Acts or Behaviour #1,Preparatory Acts or Behaviour (Since Last Visit),357
C-SSRS Since Last Visit: 16. Preparatory Acts or Behaviour #1,"Acts or preparation towards imminently making a suicide attempt. This can include anything beyond a verbalisation or thought, such as assembling a specific method (e.g. buying pills, purchasing a gun) or preparing for one's death by suicide (e.g. giving things away, writing a suicide note). (Have you taken any steps towards making a suicide attempt or preparing to kill yourself (such as collecting pills, getting a gun, giving valuables away or writing a suicide note)?)",357
C-SSRS Since Last Visit: 16. Preparatory Acts or Behaviour #1,Staff Initials:,357
C-SSRS Since Last Visit: 16. Preparatory Acts or Behaviour #1,Comment:,357
C-SSRS Since Last Visit: 17. Suicidal Behaviour #1,Suicidal Behaviour (Since Last Visit),357
C-SSRS Since Last Visit: 17. Suicidal Behaviour #1,Suicidal behaviour was present during the assessment period?,357
C-SSRS Since Last Visit: 17. Suicidal Behaviour #1,Staff Initials:,357
C-SSRS Since Last Visit: 17. Suicidal Behaviour #1,Comment:,357
C-SSRS Since Last Visit: 18. Suicide #1,Suicide (Since Last Visit),357
C-SSRS Since Last Visit: 18. Suicide #1,Staff Initials:,357
C-SSRS Since Last Visit: 18. Suicide #1,Comment:,357
C-SSRS Since Last Visit: 19. Most Lethal Attempt Date #1,Most Lethal Attempt Date,358
C-SSRS Since Last Visit: 19. Most Lethal Attempt Date #1,Staff Initials:,358
C-SSRS Since Last Visit: 19. Most Lethal Attempt Date #1,Comment:,358
C-SSRS Since Last Visit: 19. Actual Lethality Most Lethal Attempt #1,Actual Lethality/Medical Damage - Most Lethal Attempt,358
C-SSRS Since Last Visit: 19. Actual Lethality Most Lethal Attempt #1,Staff Initials:,358
C-SSRS Since Last Visit: 19. Actual Lethality Most Lethal Attempt #1,Comment:,358
C-SSRS Since Last Visit: 19. Potential Lethality Most Lethal Attempt #1,Potential Lethality - Most Lethal Attempt Code (only answer if Actual Lethality = 0),359
C-SSRS Since Last Visit: 19. Potential Lethality Most Lethal Attempt #1,Staff Initials:,359
C-SSRS Since Last Visit: 19. Potential Lethality Most Lethal Attempt #1,Comment:,359
Meals: Confirm Snack #2,Confirm Evening Snack Provided,359
Meals: Confirm Snack #2,Staff Initials:,359
Meals: Confirm Snack #2,Comment:,359
Meals: Start Fast #1,Start time of fast (Includes all food and drink except water),359
Meals: Start Fast #1,(Fast for at least 10 hours before breakfast or dosing depending on Part & Cohort),359
Meals: Start Fast #1,"Group, Visit:",359
Meals: Start Fast #1,Staff Initials:,359
Meals: Start Fast #1,Comment:,359
Pre-dose Triplicate ECG 1: 12 Lead Standard #1,PRE-DOSE Triplicate ECG 1: 12 Lead Standard ECG (Supine for a minimum 3 minutes),359
Pre-dose Triplicate ECG 1: 12 Lead Standard #1,Staff Initials:,359
Pre-dose Triplicate ECG 1: ECG Rhythm Assess/Interpretation #1,PRE-DOSE Triplicate ECG 1: ECG Rhythm assessment and interpretation,360
Pre-dose Triplicate ECG 1: ECG Rhythm Assess/Interpretation #1,Staff Initials:,360
Pre-dose Triplicate ECG 1: ECG Rhythm Assess/Interpretation #1,Comment:,360
Pre-dose Triplicate ECG 1: ECG Significance #1,PRE-DOSE Triplicate ECG 1: Was the ECG clinically significant? (Medic to assess),360
Pre-dose Triplicate ECG 1: ECG Significance #1,Staff Initials:,360
Pre-dose Triplicate ECG 1: ECG Significance #1,Comment:,360
Pre-dose Triplicate ECG 1: ECG Findings #1,PRE-DOSE Triplicate ECG 1: ECG Findings,361
Pre-dose Triplicate ECG 1: ECG Findings #1,Staff Initials:,361
Pre-dose Triplicate ECG 1: ECG Findings #1,Comment:,361
Pre-dose Triplicate ECG 1: ECG Findings inc Rhythm #1,"PRE-DOSE Triplicate ECG 1: ECG Findings, including rhythm assessment",361
Pre-dose Triplicate ECG 1: ECG Findings inc Rhythm #1,Staff Initials:,361
Pre-dose Triplicate ECG 1: ECG Findings inc Rhythm #1,Comment:,361
Pre-dose Triplicate ECG 2: 12 Lead Standard #1,PRE-DOSE Triplicate ECG 2: 12 Lead Standard ECG (To be performed at least 2 minutes after ECG1),361
Pre-dose Triplicate ECG 2: 12 Lead Standard #1,Staff Initials:,361
Pre-dose Triplicate ECG 2: 12 Lead Standard #1,Comment:,361
Pre-dose Triplicate ECG 2: 12 Lead Standard #1,PR interval ms (##0),361
Pre-dose Triplicate ECG 2: 12 Lead Standard #1,QRS Duration ms (##0),361
Pre-dose Triplicate ECG 2: 12 Lead Standard #1,QT interval ms (##0),361
Pre-dose Triplicate ECG 2: 12 Lead Standard #1,QRS Axis deg (###0),361
Pre-dose Triplicate ECG 2: 12 Lead Standard #1,RR Interval ms (###0),361
Pre-dose Triplicate ECG 2: 12 Lead Standard #1,QTcF ms (##0),361
Pre-dose Triplicate ECG 2: ECG Rhythm Assess/Interpretation #1,PRE-DOSE Triplicate ECG 2: ECG Rhythm assessment and interpretation,361
Pre-dose Triplicate ECG 2: ECG Significance #1,PRE-DOSE Triplicate ECG 2: Was the ECG clinically significant? (Medic to assess),362
Pre-dose Triplicate ECG 2: ECG Significance #1,Staff Initials:,362
Pre-dose Triplicate ECG 2: ECG Significance #1,Comment:,362
Pre-dose Triplicate ECG 2: ECG Findings #1,PRE-DOSE Triplicate ECG 2: ECG Findings,362
Pre-dose Triplicate ECG 2: ECG Findings #1,Staff Initials:,362
Pre-dose Triplicate ECG 2: ECG Findings #1,Comment:,362
Pre-dose Triplicate ECG 2: ECG Findings inc Rhythm #1,"PRE-DOSE Triplicate ECG 2: ECG Findings, including rhythm assessment",362
Pre-dose Triplicate ECG 2: ECG Findings inc Rhythm #1,Staff Initials:,362
Pre-dose Triplicate ECG 2: ECG Findings inc Rhythm #1,Comment:,362
Pre-dose Triplicate ECG 3: 12 Lead Standard #1,PRE-DOSE Triplicate ECG 3: 12 Lead Standard ECG (To be performed at least 2 minutes after ECG2),362
Pre-dose Triplicate ECG 3: ECG Rhythm Assess/Interpretation #1,PRE-DOSE Triplicate ECG 3: ECG Rhythm assessment and interpretation,363
Pre-dose Triplicate ECG 3: ECG Rhythm Assess/Interpretation #1,Staff Initials:,363
Pre-dose Triplicate ECG 3: ECG Rhythm Assess/Interpretation #1,Comment:,363
Pre-dose Triplicate ECG 3: ECG Significance #1,PRE-DOSE Triplicate ECG 3: Was the ECG clinically significant? (Medic to assess),364
Pre-dose Triplicate ECG 3: ECG Significance #1,Staff Initials:,364
Pre-dose Triplicate ECG 3: ECG Significance #1,Comment:,364
Pre-dose Triplicate ECG 3: ECG Findings #1,PRE-DOSE Triplicate ECG 3: ECG Findings,364
Pre-dose Triplicate ECG 3: ECG Findings #1,Staff Initials:,364
Pre-dose Triplicate ECG 3: ECG Findings #1,Comment:,364
Pre-dose Triplicate ECG 3: ECG Findings inc Rhythm #1,"PRE-DOSE Triplicate ECG 3: ECG Findings, including rhythm assessment",364
Pre-dose Triplicate ECG 3: ECG Findings inc Rhythm #1,Staff Initials:,364
Pre-dose Triplicate ECG 3: ECG Findings inc Rhythm #1,Comment:,364
Mean Values: Pre-dose Mean values #1,PRE-DOSE - Mean values,365
Mean Values: Pre-dose Mean values #1,"Withdraw if - QT interval corrected for heart rate using Fridericia’s formula (QTcF) >450 msec for male participants or >470 msec for female participants, QRS interval >120 msec, or PR interval >200 msec",365
Mean Values: Pre-dose Mean values #1,Staff Initials:,365
Mean Values: Pre-dose Mean values #1,Comment:,365
Mean Values: Pre-dose Mean values #1,QRS Duration ms (##0),365
Mean Values: Pre-dose Mean values #1,QTcF ms (##0),365
ECG Difference: Baseline values #1,Please transcribe the baseline value for QTcF for withdrawal purposes for Period 4 post dose from the mean QTcF above,365
ECG Difference: Baseline values #1,Staff Initials:,365
ECG Difference: Baseline values #1,Comment:,365
Pre-dose Vital Signs: Vital Signs Supine Full Set #1,PRE-DOSE - Vital Signs (Supine for at least 3 minutes),365
Pre-dose Vital Signs: Vital Signs Supine Full Set #1,Staff Initials:,365
Pre-dose Vital Signs: Vital Signs Supine Full Set #1,Comment:,365
Pre-dose Vital Signs: Vital Signs Supine Full Set #1,Diastolic mmHg (##0),365
Pre-dose Vital Signs: Vital Signs Supine Full Set #1,Heart Rate beats/min (##0),365
Pre-dose Vital Signs: Vital Signs Supine Full Set #1,Respiratory Rate breaths/mi (##0),365
Pre-dose Vital Signs: Vital Signs Supine Full Set #1,Oral Temperature - Degrees Celsius . C (##.0),365
Pre-dose Vital Signs: Clinical Significance #1,PRE-DOSE - Clinical Assessment of Vital Signs (Medic or Nurse to assess vital signs),366
Pre-dose Vital Signs: Clinical Significance #1,Staff Initials:,366
Pre-dose Vital Signs: Clinical Significance #1,Comment:,366
Pre-dose Vital Signs: Vital Signs Findings #1,PRE-DOSE - Vital Sign Findings,366
Pre-dose Vital Signs: Vital Signs Findings #1,Staff Initials:,366
Pre-dose Vital Signs: Vital Signs Findings #1,Comment:,366
Pre-dose Vital Signs Standing: Vital Signs Standing BP and HR #1,PRE-DOSE - Vital Signs (Standing),366
Pre-dose Vital Signs Standing: Vital Signs Standing BP and HR #1,Staff Initials:,366
Pre-dose Vital Signs Standing: Vital Signs Standing BP and HR #1,Comment:,366
Pre-dose Vital Signs Standing: Vital Signs Standing BP and HR #1,Diastolic mmHg (##0),366
Pre-dose Vital Signs Standing: Vital Signs Standing BP and HR #1,Heart Rate beats/min (##0),366
Pre-dose Vital Signs Standing: Drop in BP from Supine to Standing #1,PRE-DOSE - Is there a drop in SYSTOLIC BP from supine to standing?,367
Pre-dose Vital Signs Standing: Drop in BP from Supine to Standing #1,Staff Initials:,367
Pre-dose Vital Signs Standing: Drop in BP from Supine to Standing #1,Comment:,367
Pre-dose Vital Signs Standing 2: Drop in BP from Supine to Standing #1,PRE-DOSE - Is there a drop in DIASTOLIC BP from supine to standing?,367
Pre-dose Vital Signs Standing 2: Drop in BP from Supine to Standing #1,Staff Initials:,367
Pre-dose Vital Signs Standing 2: Drop in BP from Supine to Standing #1,Comment:,367
Pre-dose Vital Signs Difference: Vital Signs Calculation BP and HR #1,PRE-DOSE - Vital Signs Difference for SYSTOLIC Drop,367
Pre-dose Vital Signs Difference: Vital Signs Calculation BP and HR #1,Staff Initials:,367
Pre-dose Vital Signs Difference: Vital Signs Calculation BP and HR #1,Comment:,367
Pre-dose Vital Signs Difference: Vital Signs Calculation BP and HR 2 #1,PRE-DOSE - Vital Signs Difference for DIASTOLIC Drop (Supine),367
Pre-dose Vital Signs Difference: Vital Signs Calculation BP and HR 2 #1,Staff Initials:,367
Pre-dose Vital Signs Difference: Vital Signs Calculation BP and HR 2 #1,Comment:,367
Pre-dose Vital Signs Standing: Clinical Significance #1,PRE-DOSE - Clinical Assessment of Vital Signs (Medic or Nurse to assess vital signs),367
Pre-dose Vital Signs Standing: Clinical Significance #1,Staff Initials:,367
Pre-dose Vital Signs Standing: Vital Signs Findings #1,PRE-DOSE - Vital Sign Findings,368
Pre-dose Vital Signs Standing: Vital Signs Findings #1,Staff Initials:,368
Pre-dose Vital Signs Standing: Vital Signs Findings #1,Comment:,368
PK Samples: PK Plasma #1,PK Sample for Bioanalysis - Gently invert tube 8-10 times immediately after collection and protect the sample from light (4 mL K2EDTA),368
PK Samples: PK Plasma #1,Staff Initials:,368
PK Samples: PK Plasma #1,Comment:,368
AE/CM Surveys: AE/CM Check #1,Confirm an AE and Conmed check has been performed (Record any AE and Conmeds if applicable),368
AE/CM Surveys: AE/CM Check #1,Staff Initials:,368
AE/CM Surveys: AE/CM Check #1,Comment:,368
Exposure: Dosing Eligibility Continues #1,I confirm that the participant continues to be eligible to participate in this clinical study.,368
Exposure: Dosing Eligibility Continues #1,Staff Initials:,368
Exposure: Dosing Eligibility Continues #1,Comment:,368
Exposure x: Prandial state #1,Prandial state,368
Exposure x: Prandial state #1,Staff Initials:,368
Exposure x: Fasted for 10 hours for Breakfast #1,Has the participant fasted for 10 hours prior to breakfast?,369
Exposure x: Fasted for 10 hours for Breakfast #1,Staff Initials:,369
Exposure x: Fasted for 10 hours for Breakfast #1,Comment:,369
Meals: Start Breakfast #1,Participant should begin eating breakfast.,369
Meals: Start Breakfast #1,Staff Initials:,369
Meals: Start Breakfast #1,Comment:,369
Meals: End Breakfast #1,Participant should stop eating breakfast.,369
Meals: End Breakfast #1,Staff Initials:,369
Meals: End Breakfast #1,Comment:,369
Meals: Amount Consumed (Breakfast) #1,Total amount of breakfast consumed,369
Meals: Amount Consumed (Breakfast) #1,Staff Initials:,369
Meals: Amount Consumed (Breakfast) #1,Comment:,369
Meals: Not eaten #1,Please describe what was not eaten,370
Meals: Not eaten #1,Staff Initials:,370
Meals: Not eaten #1,Comment:,370
Meals: PI Check #1,PI to authorise. Full meal must be consumed to proceed with dosing.,370
Meals: PI Check #1,Staff Initials:,370
Meals: PI Check #1,Comment:,370
Exposure: Volunteer ID Check #1,"Check the Volunteer ID in eSource matches the volunteer (Initials, DOB and Photographic ID)",370
Exposure: Volunteer ID Check #1,Staff Initials:,370
Exposure: Volunteer ID Check #1,Comment:,370
Exposure: Panel Number Check #1,Check the volunteer panel number on the wristband matches eSource,370
Exposure: Panel Number Check #1,Staff Initials:,370
Exposure: Panel Number Check #1,Comment:,370
Exposure: Participant Number Check #1,Check the participant number in eSource matches the Instruction to Dispense and Dose,370
Exposure: Participant Number Check #1,Staff Initials:,370
Exposure: Participant Number Check #1,Comment:,370
Exposure: Has the participant refrained from water #1,Has the participant refrained from drinking water for at least 1 hour prior to dosing?,371
Exposure: Has the participant refrained from water #1,Staff Initials:,371
Exposure: Has the participant refrained from water #1,Comment:,371
Exposure: Fasted for 10 hours for Dosing #1,Has the participant fasted for 10 hours prior to dosing?,371
Exposure: Fasted for 10 hours for Dosing #1,Staff Initials:,371
Exposure: Fasted for 10 hours for Dosing #1,Comment:,371
Exposure: Consumed breakfast #1,"Has the participant consumed breakfast per the protocol requirements, over 20 minutes and the full meal?",371
Exposure: Consumed breakfast #1,Staff Initials:,371
Exposure: Consumed breakfast #1,Comment:,371
Exposure: Predose Blood Draw #1,Pre dose blood draws for PK sample taken?,371
Exposure: Predose Blood Draw #1,Staff Initials:,371
Exposure: Predose Blood Draw #1,Comment:,371
Exposure: Predose Procedure Check #1,Have all required pre dose procedures been completed?,372
Exposure: Predose Procedure Check #1,Staff Initials:,372
Exposure: Predose Procedure Check #1,Comment:,372
Exposure: Dose Eligibility Check #1,Is the participant eligible to dose?,372
Exposure: Dose Eligibility Check #1,Staff Initials:,372
Exposure: Dose Eligibility Check #1,Comment:,372
Exposure: Subject/regimen #1,Enter the product details,372
Exposure: Subject/regimen #1,Staff Initials:,372
Exposure: Subject/regimen #1,Comment:,372
Exposure: Subject/regimen #1,Treatment (25 char. max.),372
Exposure: Subject/regimen #1,Dose Level mg (#0),372
Exposure: Subject/regimen #1,Number of tablets/capsules to be administered (#0),372
Exposure: Subject/regimen #1,Batch Number (25 char. max.),372
Exposure: Subject/regimen #1,Container Number (##0),372
Exposure: Product label check #1,Does the Product label match the Instruction to Dispense and Dose?,373
Exposure: Product label check #1,Staff Initials:,373
Exposure: Product label check #1,Comment:,373
Exposure: Final Check #1,"Final check performed (5 R’s of dosing, Jones 2009 – right participant, right drug, right dose, right route, right time)",373
Exposure: Final Check #1,Staff Initials:,373
Exposure: Final Check #1,Comment:,373
Exposure: Dose #1,Time of administration of study treatment,373
Exposure: Dose #1,Staff Initials:,373
Exposure: Dose #1,Comment:,373
Exposure: Post Administration Water #1,Has the participant been provided with 240 mL of water?,373
Exposure: Post Administration Water #1,Staff Initials:,373
Exposure: Post Administration Water #1,Comment:,373
Exposure: Hand and Mouth Check #1,Has a hand and mouth check been performed?,373
Exposure: Hand and Mouth Check #1,Staff Initials:,373
Exposure: Hand and Mouth Check #1,Comment:,373
Exposure: Reminder to refrain from water #1,Has the participant been reminded to refrain from water for 2 hours post-dose?,374
Exposure: Reminder to refrain from water #1,Staff Initials:,374
Exposure: Reminder to refrain from water #1,Comment:,374
Exposure x: Reminder to minimise sunlight exposure #1,Has the participant been advised to minimise exposure to sunlight from dosing for at least 7 days post final dose?,374
Exposure x: Reminder to minimise sunlight exposure #1,"Due to the unavailability of phototoxic data, participants will be advised to minimize exposure to sunlight by spending a reduced amount of time outdoors/remaining inside the clinical unit during the residential periods of the study wearing sunglasses and clothing that minimizes exposure to sunlight and using sun cream on exposed areas when going outdoors. They will also be advised not to use sunbeds.",374
Exposure x: Reminder to minimise sunlight exposure #1,Staff Initials:,374
Exposure x: Reminder to minimise sunlight exposure #1,Comment:,374
Exposure: Witness Check #1,Confirm dosing is complete (Operator to complete (switch user)),374
Exposure: Witness Check #1,Staff Initials:,374
Exposure: Witness Check #1,Comment:,374
System: Available #1,What is the status of the subject?,374
System: Available #1,Staff Initials:,374
System: Available #1,Comment:,374
PK Samples: PK Plasma #2,PK Sample for Bioanalysis - Gently invert tube 8-10 times immediately after collection and protect the sample from light (4 mL K2EDTA),375
PK Samples: PK Plasma #2,Staff Initials:,375
PK Samples: PK Plasma #2,Comment:,375
AE/CM Surveys: AE/CM Check #2,Confirm an AE and Conmed check has been performed (Record any AE and Conmeds if applicable),375
AE/CM Surveys: AE/CM Check #2,Staff Initials:,375
AE/CM Surveys: AE/CM Check #2,Comment:,375
PK Samples: PK Plasma #3,PK Sample for Bioanalysis - Gently invert tube 8-10 times immediately after collection and protect the sample from light (4 mL K2EDTA),375
PK Samples: PK Plasma #3,Staff Initials:,375
PK Samples: PK Plasma #3,Comment:,375
AE/CM Surveys: AE/CM Check #3,Confirm an AE and Conmed check has been performed (Record any AE and Conmeds if applicable),375
AE/CM Surveys: AE/CM Check #3,Staff Initials:,375
AE/CM Surveys: AE/CM Check #3,Comment:,375
Stanford Sleepiness Scale: Stanford Sleepiness Scale Date #1,Stanford Sleepiness Scale Questionnaire - Date and Time (Transcribe from paper source workbook),375
Stanford Sleepiness Scale: Stanford Sleepiness Scale Date #1,Staff Initials:,375
Stanford Sleepiness Scale: Stanford Sleepiness Scale Date #1,Comment:,375
Stanford Sleepiness Scale: Stanford Sleepiness Scale Date #1,Time (HH:mm),375
Stanford Sleepiness Scale: Degree of Sleepiness #1,Degree of Sleepiness,375
Stanford Sleepiness Scale: Degree of Sleepiness #1,Staff Initials:,375
ECG: 12 Lead Standard #1,12 Lead Standard ECG,377
ECG: 12 Lead Standard #1,"Exclude if - QT interval corrected for heart rate using Fridericia’s formula (QTcF) >450 msec for male participants or >470 msec for female participants, QRS interval >120 msec, or PR interval >200 msec. (Supine for a minimum 3 minutes)",377
ECG: 12 Lead Standard #1,Staff Initials:,377
ECG: 12 Lead Standard #1,Comment:,377
ECG: 12 Lead Standard #1,PR interval ms (##0),377
ECG: 12 Lead Standard #1,QRS Duration ms (##0),377
ECG: 12 Lead Standard #1,QT interval ms (##0),377
ECG: 12 Lead Standard #1,QRS Axis deg (###0),377
ECG: 12 Lead Standard #1,RR interval ms (###0),377
ECG: 12 Lead Standard #1,QTcF ms (##0),377
ECG: ECG Rhythm Assess/Interpretation #1,ECG Rhythm assessment and interpretation,377
ECG: ECG Rhythm Assess/Interpretation #1,Staff Initials:,377
ECG: ECG Rhythm Assess/Interpretation #1,Comment:,377
ECG: ECG Findings #1,ECG Findings,378
ECG: ECG Findings #1,Staff Initials:,378
ECG: ECG Findings #1,Comment:,378
ECG: ECG Findings inc Rhythm #1,"ECG Findings, including rhythm assessment",378
ECG: ECG Findings inc Rhythm #1,Staff Initials:,378
ECG: ECG Findings inc Rhythm #1,Comment:,378
ECG Difference: ECG Difference Calculation #1,ECG Difference Calculation - a participant will be withdrawn where there is an increase in QTcF interval of >60 msec from baseline (confirmed following a repeat ECG),378
ECG Difference: ECG Difference Calculation #1,Staff Initials:,378
ECG Difference: ECG Difference Calculation #1,Comment:,378
PK Samples: PK Plasma #4,PK Sample for Bioanalysis - Gently invert tube 8-10 times immediately after collection and protect the sample from light (4 mL K2EDTA),378
PK Samples: PK Plasma #4,Staff Initials:,378
PK Samples: PK Plasma #4,Comment:,378
Exposure: Provided with water #1,Has the volunteer been provided with water 2 hrs post-dose?,379
Exposure: Provided with water #1,Staff Initials:,379
Exposure: Provided with water #1,Comment:,379
Stanford Sleepiness Scale: Stanford Sleepiness Scale Date #2,Stanford Sleepiness Scale Questionnaire - Date and Time (Transcribe from paper source workbook),379
Stanford Sleepiness Scale: Stanford Sleepiness Scale Date #2,Staff Initials:,379
Stanford Sleepiness Scale: Stanford Sleepiness Scale Date #2,Comment:,379
Stanford Sleepiness Scale: Stanford Sleepiness Scale Date #2,Time (HH:mm),379
Stanford Sleepiness Scale: Degree of Sleepiness #2,Degree of Sleepiness,379
Stanford Sleepiness Scale: Degree of Sleepiness #2,Staff Initials:,379
Targeted Physical Examination Findings: Require Targeted PE? #1,"Targeted Physical Examination: Does the participant require a targeted physical examination? (If yes, please specify the reason)",380
Targeted Physical Examination Findings: Require Targeted PE? #1,Staff Initials:,380
Targeted Physical Examination Findings: Require Targeted PE? #1,Comment:,380
Targeted Physical Examination Findings: Any clinically significant abnormal,"findings? #1 If yes, were there any clinically significant abnormal findings?",380
Targeted Physical Examination Findings: Any clinically significant abnormal,Staff Initials:,380
Targeted Physical Examination Findings: Any clinically significant abnormal,Comment:,380
Targeted Physical Examination Findings: Physical Examination Category #1,Physical Examination Category,380
Targeted Physical Examination Findings: Physical Examination Category #1,Staff Initials:,380
Targeted Physical Examination Findings: Findings #1,Detailed findings of Physical Examination,381
Targeted Physical Examination Findings: Findings #1,Staff Initials:,381
Targeted Physical Examination Findings: Findings #1,Comment:,381
Targeted Neurological Examination: Require Targeted NE? #1,"Targeted Neurological Examination: Does the participant require a targeted neurological examination? (If yes, please specify the reason)",382
Targeted Neurological Examination: Require Targeted NE? #1,Staff Initials:,382
Targeted Neurological Examination: Require Targeted NE? #1,Comment:,382
Targeted Neurological Examination: Any clinically significant abnormal,"findings? #1 If yes, were there any clinically significant abnormal findings?",382
Targeted Neurological Examination: Any clinically significant abnormal,Staff Initials:,382
Targeted Neurological Examination: Any clinically significant abnormal,Comment:,382
Targeted Neurological Examination: Neurological Examination Category #1,Targeted Neurological Examination Category,382
Targeted Neurological Examination: Neurological Examination Category #1,Staff Initials:,382
Targeted Neurological Examination: Findings #1,Detailed findings of Targeted Neurological Examination,383
Targeted Neurological Examination: Findings #1,Staff Initials:,383
Targeted Neurological Examination: Findings #1,Comment:,383
Vital Signs: Vital Signs Supine Full Set #1,Vital Signs (Supine for at least 3 minutes),383
Vital Signs: Vital Signs Supine Full Set #1,Staff Initials:,383
Vital Signs: Vital Signs Supine Full Set #1,Comment:,383
Vital Signs: Vital Signs Supine Full Set #1,Diastolic mmHg (##0),383
Vital Signs: Vital Signs Supine Full Set #1,Heart Rate beats/min (##0),383
Vital Signs: Vital Signs Supine Full Set #1,Respiratory Rate breaths/mi (##0),383
Vital Signs: Vital Signs Supine Full Set #1,Oral Temperature - Degrees Celsius . C (##.0),383
Vital Signs: Clinical Significance #1,Clinical Assessment of Vital Signs (Medic or Nurse to assess vital signs),384
Vital Signs: Clinical Significance #1,Staff Initials:,384
Vital Signs: Clinical Significance #1,Comment:,384
Vital Signs: Vital Signs Findings #1,Vital Sign Findings,384
Vital Signs: Vital Signs Findings #1,Staff Initials:,384
Vital Signs: Vital Signs Findings #1,Comment:,384
Vital Signs Standing: Vital Signs Standing BP and HR #1,Vital Signs Standing BP and HR (Standing for at least 3 minutes),384
Vital Signs Standing: Vital Signs Standing BP and HR #1,Staff Initials:,384
Vital Signs Standing: Vital Signs Standing BP and HR #1,Comment:,384
Vital Signs Standing: Vital Signs Standing BP and HR #1,Diastolic mmHg (##0),384
Vital Signs Standing: Vital Signs Standing BP and HR #1,Heart Rate beats/min (##0),384
Vital Signs Standing: Drop in SBP from Supine to Standing #1,Is there a drop in SYSTOLIC BP from supine to standing?,385
Vital Signs Standing: Drop in SBP from Supine to Standing #1,Staff Initials:,385
Vital Signs Standing: Drop in SBP from Supine to Standing #1,Comment:,385
Vital Signs Standing 2: Drop in DBP from Supine to Standing #1,Is there a drop in DIASTOLIC BP from supine to standing?,385
Vital Signs Standing 2: Drop in DBP from Supine to Standing #1,Staff Initials:,385
Vital Signs Standing 2: Drop in DBP from Supine to Standing #1,Comment:,385
Vital Signs Difference: Vital Signs Calculation BP and HR #1,Vital Signs Difference for SYSTOLIC Drop,385
Vital Signs Difference: Vital Signs Calculation BP and HR #1,Staff Initials:,385
Vital Signs Difference: Vital Signs Calculation BP and HR #1,Comment:,385
Vital Signs Difference: Vital Signs Calculation BP and HR 2 #1,Vital Signs Difference for DIASTOLIC Drop,385
Vital Signs Difference: Vital Signs Calculation BP and HR 2 #1,Staff Initials:,385
Vital Signs Difference: Vital Signs Calculation BP and HR 2 #1,Comment:,385
Vital Signs Standing: Clinical Significance #1,Clinical Assessment of Standing Vital Signs (Medic or Nurse to assess vital signs),385
Vital Signs Standing: Clinical Significance #1,Staff Initials:,385
Vital Signs Standing: Vital Signs Findings #1,Vital Sign Findings,386
Vital Signs Standing: Vital Signs Findings #1,Staff Initials:,386
Vital Signs Standing: Vital Signs Findings #1,Comment:,386
PK Samples: PK Plasma #5,PK Sample for Bioanalysis - Gently invert tube 8-10 times immediately after collection and protect the sample from light (4 mL K2EDTA),386
PK Samples: PK Plasma #5,Staff Initials:,386
PK Samples: PK Plasma #5,Comment:,386
AE/CM Surveys: AE/CM Check #5,Confirm an AE and Conmed check has been performed (Record any AE and Conmeds if applicable),386
AE/CM Surveys: AE/CM Check #5,Staff Initials:,386
AE/CM Surveys: AE/CM Check #5,Comment:,386
Meals: Confirm Lunch #1,Confirm Lunch Provided,386
Meals: Confirm Lunch #1,Staff Initials:,386
Meals: Confirm Lunch #1,Comment:,386
PK Samples: PK Plasma #6,PK Sample for Bioanalysis - Gently invert tube 8-10 times immediately after collection and protect the sample from light (4 mL K2EDTA),387
PK Samples: PK Plasma #6,Staff Initials:,387
PK Samples: PK Plasma #6,Comment:,387
AE/CM Surveys: AE/CM Check #6,Confirm an AE and Conmed check has been performed (Record any AE and Conmeds if applicable),387
AE/CM Surveys: AE/CM Check #6,Staff Initials:,387
AE/CM Surveys: AE/CM Check #6,Comment:,387
PK Samples: PK Plasma #7,PK Sample for Bioanalysis - Gently invert tube 8-10 times immediately after collection and protect the sample from light (4 mL K2EDTA),387
PK Samples: PK Plasma #7,Staff Initials:,387
PK Samples: PK Plasma #7,Comment:,387
AE/CM Surveys: AE/CM Check #7,Confirm an AE and Conmed check has been performed (Record any AE and Conmeds if applicable),387
AE/CM Surveys: AE/CM Check #7,Staff Initials:,387
AE/CM Surveys: AE/CM Check #7,Comment:,387
PK Samples: PK Plasma #8,PK Sample for Bioanalysis - Gently invert tube 8-10 times immediately after collection and protect the sample from light (4 mL K2EDTA),387
PK Samples: PK Plasma #8,Staff Initials:,387
PK Samples: PK Plasma #8,Comment:,387
AE/CM Surveys: AE/CM Check #8,Confirm an AE and Conmed check has been performed (Record any AE and Conmeds if applicable),387
AE/CM Surveys: AE/CM Check #8,Staff Initials:,387
AE/CM Surveys: AE/CM Check #8,Comment:,387
Vital Signs: Vital Signs Supine Full Set #2,Vital Signs (Supine for at least 3 minutes),387
Vital Signs: Clinical Significance #2,Clinical Assessment of Vital Signs (Medic or Nurse to assess vital signs),388
Vital Signs: Clinical Significance #2,Staff Initials:,388
Vital Signs: Clinical Significance #2,Comment:,388
Vital Signs: Vital Signs Findings #2,Vital Sign Findings,388
Vital Signs: Vital Signs Findings #2,Staff Initials:,388
Vital Signs: Vital Signs Findings #2,Comment:,388
Vital Signs Standing: Vital Signs Standing BP and HR #2,Vital Signs Standing BP and HR (Standing for at least 3 minutes),388
Vital Signs Standing: Vital Signs Standing BP and HR #2,Staff Initials:,388
Vital Signs Standing: Drop in SBP from Supine to Standing #2,Is there a drop in SYSTOLIC BP from supine to standing?,389
Vital Signs Standing: Drop in SBP from Supine to Standing #2,Staff Initials:,389
Vital Signs Standing: Drop in SBP from Supine to Standing #2,Comment:,389
Vital Signs Standing 2: Drop in DBP from Supine to Standing #2,Is there a drop in DIASTOLIC BP from supine to standing?,389
Vital Signs Standing 2: Drop in DBP from Supine to Standing #2,Staff Initials:,389
Vital Signs Standing 2: Drop in DBP from Supine to Standing #2,Comment:,389
Vital Signs Difference: Vital Signs Calculation BP and HR #2,Vital Signs Difference for SYSTOLIC Drop,389
Vital Signs Difference: Vital Signs Calculation BP and HR #2,Staff Initials:,389
Vital Signs Difference: Vital Signs Calculation BP and HR #2,Comment:,389
Vital Signs Difference: Vital Signs Calculation BP and HR 2 #2,Vital Signs Difference for DIASTOLIC Drop,390
Vital Signs Difference: Vital Signs Calculation BP and HR 2 #2,Staff Initials:,390
Vital Signs Difference: Vital Signs Calculation BP and HR 2 #2,Comment:,390
Vital Signs Standing: Clinical Significance #2,Clinical Assessment of Standing Vital Signs (Medic or Nurse to assess vital signs),390
Vital Signs Standing: Clinical Significance #2,Staff Initials:,390
Vital Signs Standing: Clinical Significance #2,Comment:,390
Vital Signs Standing: Vital Signs Findings #2,Vital Sign Findings,390
Vital Signs Standing: Vital Signs Findings #2,Staff Initials:,390
Vital Signs Standing: Vital Signs Findings #2,Comment:,390
PK Samples: PK Plasma #9,PK Sample for Bioanalysis - Gently invert tube 8-10 times immediately after collection and protect the sample from light (4 mL K2EDTA),390
PK Samples: PK Plasma #9,Staff Initials:,390
PK Samples: PK Plasma #9,Comment:,390
AE/CM Surveys: AE/CM Check #9,Confirm an AE and Conmed check has been performed (Record any AE and Conmeds if applicable),390
AE/CM Surveys: AE/CM Check #9,Staff Initials:,390
AE/CM Surveys: AE/CM Check #9,Comment:,390
Stanford Sleepiness Scale: Stanford Sleepiness Scale Date #3,Stanford Sleepiness Scale Questionnaire - Date and Time (Transcribe from paper source workbook),391
Stanford Sleepiness Scale: Stanford Sleepiness Scale Date #3,Staff Initials:,391
Stanford Sleepiness Scale: Stanford Sleepiness Scale Date #3,Comment:,391
Stanford Sleepiness Scale: Stanford Sleepiness Scale Date #3,Time (HH:mm),391
Stanford Sleepiness Scale: Degree of Sleepiness #3,Degree of Sleepiness,391
Stanford Sleepiness Scale: Degree of Sleepiness #3,Staff Initials:,391
Stanford Sleepiness Scale: Degree of Sleepiness #3,Comment:,391
PK Samples: PK Plasma #10,PK Sample for Bioanalysis - Gently invert tube 8-10 times immediately after collection and protect the sample from light (4 mL K2EDTA),391
PK Samples: PK Plasma #10,Staff Initials:,391
PK Samples: PK Plasma #10,Comment:,391
AE/CM Surveys: AE/CM Check #10,Confirm an AE and Conmed check has been performed (Record any AE and Conmeds if applicable),392
AE/CM Surveys: AE/CM Check #10,Staff Initials:,392
AE/CM Surveys: AE/CM Check #10,Comment:,392
Vital Signs: Vital Signs Supine Full Set #3,Vital Signs (Supine for at least 3 minutes),392
Vital Signs: Vital Signs Supine Full Set #3,Staff Initials:,392
Vital Signs: Vital Signs Supine Full Set #3,Comment:,392
Vital Signs: Vital Signs Supine Full Set #3,Diastolic mmHg (##0),392
Vital Signs: Vital Signs Supine Full Set #3,Heart Rate beats/min (##0),392
Vital Signs: Vital Signs Supine Full Set #3,Respiratory Rate breaths/mi (##0),392
Vital Signs: Vital Signs Supine Full Set #3,Oral Temperature - Degrees Celsius . C (##.0),392
Vital Signs: Clinical Significance #3,Clinical Assessment of Vital Signs (Medic or Nurse to assess vital signs),392
Vital Signs: Clinical Significance #3,Staff Initials:,392
Vital Signs: Clinical Significance #3,Comment:,392
Vital Signs: Vital Signs Findings #3,Vital Sign Findings,393
Vital Signs: Vital Signs Findings #3,Staff Initials:,393
Vital Signs: Vital Signs Findings #3,Comment:,393
Vital Signs Standing: Vital Signs Standing BP and HR #3,Vital Signs Standing BP and HR (Standing for at least 3 minutes),393
Vital Signs Standing: Vital Signs Standing BP and HR #3,Staff Initials:,393
Vital Signs Standing: Vital Signs Standing BP and HR #3,Comment:,393
Vital Signs Standing: Vital Signs Standing BP and HR #3,Diastolic mmHg (##0),393
Vital Signs Standing: Vital Signs Standing BP and HR #3,Heart Rate beats/min (##0),393
Vital Signs Standing: Drop in SBP from Supine to Standing #3,Is there a drop in SYSTOLIC BP from supine to standing?,393
Vital Signs Standing: Drop in SBP from Supine to Standing #3,Staff Initials:,393
Vital Signs Standing: Drop in SBP from Supine to Standing #3,Comment:,393
Vital Signs Standing 2: Drop in DBP from Supine to Standing #3,Is there a drop in DIASTOLIC BP from supine to standing?,393
Vital Signs Standing 2: Drop in DBP from Supine to Standing #3,Staff Initials:,393
Vital Signs Standing 2: Drop in DBP from Supine to Standing #3,Comment:,393
Vital Signs Difference: Vital Signs Calculation BP and HR #3,Vital Signs Difference for SYSTOLIC Drop,394
Vital Signs Difference: Vital Signs Calculation BP and HR #3,Staff Initials:,394
Vital Signs Difference: Vital Signs Calculation BP and HR #3,Comment:,394
Vital Signs Difference: Vital Signs Calculation BP and HR 2 #3,Vital Signs Difference for DIASTOLIC Drop,394
Vital Signs Difference: Vital Signs Calculation BP and HR 2 #3,Staff Initials:,394
Vital Signs Difference: Vital Signs Calculation BP and HR 2 #3,Comment:,394
Vital Signs Standing: Clinical Significance #3,Clinical Assessment of Standing Vital Signs (Medic or Nurse to assess vital signs),394
Vital Signs Standing: Clinical Significance #3,Staff Initials:,394
Vital Signs Standing: Clinical Significance #3,Comment:,394
Vital Signs Standing: Vital Signs Findings #3,Vital Sign Findings,394
Vital Signs Standing: Vital Signs Findings #3,Staff Initials:,394
Vital Signs Standing: Vital Signs Findings #3,Comment:,394
PK Samples: PK Plasma #11,PK Sample for Bioanalysis - Gently invert tube 8-10 times immediately after collection and protect the sample from light (4 mL K2EDTA),395
PK Samples: PK Plasma #11,Staff Initials:,395
PK Samples: PK Plasma #11,Comment:,395
AE/CM Surveys: AE/CM Check #11,Confirm an AE and Conmed check has been performed (Record any AE and Conmeds if applicable),395
AE/CM Surveys: AE/CM Check #11,Staff Initials:,395
AE/CM Surveys: AE/CM Check #11,Comment:,395
Meals: Confirm Dinner #1,Confirm Dinner Provided,395
Meals: Confirm Dinner #1,Staff Initials:,395
Meals: Confirm Dinner #1,Comment:,395
ECG: 12 Lead Standard #2,12 Lead Standard ECG,395
ECG: 12 Lead Standard #2,"Exclude if - QT interval corrected for heart rate using Fridericia’s formula (QTcF) >450 msec for male participants or >470 msec for female participants, QRS interval >120 msec, or PR interval >200 msec. (Supine for a minimum 3 minutes)",395
ECG: 12 Lead Standard #2,Staff Initials:,395
ECG: 12 Lead Standard #2,PR interval ms (##0),395
ECG: 12 Lead Standard #2,QRS Duration ms (##0),395
ECG: 12 Lead Standard #2,QT interval ms (##0),395
ECG: 12 Lead Standard #2,QRS Axis deg (###0),395
ECG: ECG Rhythm Assess/Interpretation #2,ECG Rhythm assessment and interpretation,396
ECG: ECG Rhythm Assess/Interpretation #2,Staff Initials:,396
ECG: ECG Rhythm Assess/Interpretation #2,Comment:,396
ECG: ECG Significance #2,Was the ECG clinically significant? (Medic to assess),396
ECG: ECG Significance #2,Staff Initials:,396
ECG: ECG Significance #2,Comment:,396
ECG: ECG Findings #2,ECG Findings,396
ECG: ECG Findings #2,Staff Initials:,396
ECG: ECG Findings #2,Comment:,396
ECG Difference: ECG Difference Calculation #2,ECG Difference Calculation - a participant will be withdrawn where there is an increase in QTcF interval of >60 msec from baseline (confirmed following a repeat ECG),397
ECG Difference: ECG Difference Calculation #2,Staff Initials:,397
ECG Difference: ECG Difference Calculation #2,Comment:,397
Vital Signs: Vital Signs Supine Full Set #4,Vital Signs (Supine for at least 3 minutes),397
Vital Signs: Vital Signs Supine Full Set #4,Staff Initials:,397
Vital Signs: Vital Signs Supine Full Set #4,Comment:,397
Vital Signs: Vital Signs Supine Full Set #4,Diastolic mmHg (##0),397
Vital Signs: Vital Signs Supine Full Set #4,Heart Rate beats/min (##0),397
Vital Signs: Vital Signs Supine Full Set #4,Respiratory Rate breaths/mi (##0),397
Vital Signs: Vital Signs Supine Full Set #4,Oral Temperature - Degrees Celsius . C (##.0),397
Vital Signs: Clinical Significance #4,Clinical Assessment of Vital Signs (Medic or Nurse to assess vital signs),398
Vital Signs: Clinical Significance #4,Staff Initials:,398
Vital Signs: Clinical Significance #4,Comment:,398
Vital Signs: Vital Signs Findings #4,Vital Sign Findings,398
Vital Signs: Vital Signs Findings #4,Staff Initials:,398
Vital Signs: Vital Signs Findings #4,Comment:,398
Vital Signs Standing: Vital Signs Standing BP and HR #4,Vital Signs Standing BP and HR (Standing for at least 3 minutes),398
Vital Signs Standing: Vital Signs Standing BP and HR #4,Staff Initials:,398
Vital Signs Standing: Vital Signs Standing BP and HR #4,Comment:,398
Vital Signs Standing: Vital Signs Standing BP and HR #4,Diastolic mmHg (##0),398
Vital Signs Standing: Vital Signs Standing BP and HR #4,Heart Rate beats/min (##0),398
Vital Signs Standing: Drop in SBP from Supine to Standing #4,Is there a drop in SYSTOLIC BP from supine to standing?,399
Vital Signs Standing: Drop in SBP from Supine to Standing #4,Staff Initials:,399
Vital Signs Standing: Drop in SBP from Supine to Standing #4,Comment:,399
Vital Signs Standing 2: Drop in DBP from Supine to Standing #4,Is there a drop in DIASTOLIC BP from supine to standing?,399
Vital Signs Standing 2: Drop in DBP from Supine to Standing #4,Staff Initials:,399
Vital Signs Standing 2: Drop in DBP from Supine to Standing #4,Comment:,399
Vital Signs Difference: Vital Signs Calculation BP and HR #4,Vital Signs Difference for SYSTOLIC Drop,399
Vital Signs Difference: Vital Signs Calculation BP and HR #4,Staff Initials:,399
Vital Signs Difference: Vital Signs Calculation BP and HR #4,Comment:,399
Vital Signs Difference: Vital Signs Calculation BP and HR 2 #4,Vital Signs Difference for DIASTOLIC Drop,399
Vital Signs Difference: Vital Signs Calculation BP and HR 2 #4,Staff Initials:,399
Vital Signs Difference: Vital Signs Calculation BP and HR 2 #4,Comment:,399
Vital Signs Standing: Clinical Significance #4,Clinical Assessment of Standing Vital Signs (Medic or Nurse to assess vital signs),399
Vital Signs Standing: Clinical Significance #4,Staff Initials:,399
Vital Signs Standing: Vital Signs Findings #4,Vital Sign Findings,400
Vital Signs Standing: Vital Signs Findings #4,Staff Initials:,400
Vital Signs Standing: Vital Signs Findings #4,Comment:,400
PK Samples: PK Plasma #12,PK Sample for Bioanalysis - Gently invert tube 8-10 times immediately after collection and protect the sample from light (4 mL K2EDTA),400
PK Samples: PK Plasma #12,Staff Initials:,400
PK Samples: PK Plasma #12,Comment:,400
AE/CM Surveys: AE/CM Check #12,Confirm an AE and Conmed check has been performed (Record any AE and Conmeds if applicable),400
AE/CM Surveys: AE/CM Check #12,Staff Initials:,400
AE/CM Surveys: AE/CM Check #12,Comment:,400
Stanford Sleepiness Scale: Stanford Sleepiness Scale Date #4,Stanford Sleepiness Scale Questionnaire - Date and Time (Transcribe from paper source workbook),400
Stanford Sleepiness Scale: Stanford Sleepiness Scale Date #4,Staff Initials:,400
Stanford Sleepiness Scale: Stanford Sleepiness Scale Date #4,Comment:,400
Stanford Sleepiness Scale: Stanford Sleepiness Scale Date #4,Time (HH:mm),400
Meals: Confirm Snack #1,Confirm Evening Snack Provided,401
Meals: Confirm Snack #1,Staff Initials:,401
Meals: Confirm Snack #1,Comment:,401
PK Samples: PK Plasma #13,PK Sample for Bioanalysis - Gently invert tube 8-10 times immediately after collection and protect the sample from light (4 mL K2EDTA),401
PK Samples: PK Plasma #13,Staff Initials:,401
PK Samples: PK Plasma #13,Comment:,401
AE/CM Surveys: AE/CM Check #13,Confirm an AE and Conmed check has been performed (Record any AE and Conmeds if applicable),402
AE/CM Surveys: AE/CM Check #13,Staff Initials:,402
AE/CM Surveys: AE/CM Check #13,Comment:,402
Urinalysis: Collection Time #1,Record time of urine sample (Collect Urine Sample),402
Urinalysis: Collection Time #1,Staff Initials:,402
Urinalysis: Collection Time #1,Comment:,402
Urinalysis: Bilirubin #1,"What was the bilirubin result? If any positive result, inform medic/PI. (Perform urinalysis and read results)",402
Urinalysis: Bilirubin #1,Staff Initials:,402
Urinalysis: Bilirubin #1,Comment:,402
Urinalysis: Urobilinogen #1,"What was the urobilinogen result? If any positive result, inform medic/PI. (Perform urinalysis and read results)",403
Urinalysis: Urobilinogen #1,Staff Initials:,403
Urinalysis: Urobilinogen #1,Comment:,403
Urinalysis: Ketones #1,"What was the ketone result? If any positive result, inform medic/PI. (Perform urinalysis and read results)",403
Urinalysis: Ketones #1,Staff Initials:,403
Urinalysis: Ketones #1,Comment:,403
Urinalysis: Glucose #1,"What was the glucose result? If any positive result, inform medic/PI. (Perform urinalysis and read results)",403
Urinalysis: Glucose #1,Staff Initials:,403
Urinalysis: Protein #1,What was the protein result?,404
Urinalysis: Protein #1,"IF PROTEIN ≥ 30mg/dl: Repeat urinalysis as soon as possible, ensuring a clean catch specimen. If protein remains ≥ 30mg/dl on repeat, then inform PI/medic. (Perform urinalysis and read results)",404
Urinalysis: Protein #1,Staff Initials:,404
Urinalysis: Protein #1,Comment:,404
Urinalysis: Blood #1,What was the blood result? (Perform urinalysis and read results),404
Urinalysis: Blood #1,Staff Initials:,404
Urinalysis: Nitrite #1,What was the nitrite result? (Perform urinalysis and read results),405
Urinalysis: Nitrite #1,Staff Initials:,405
Urinalysis: Nitrite #1,Comment:,405
Urinalysis: pH #1,Record pH value (Perform urinalysis and read results),405
Urinalysis: pH #1,Staff Initials:,405
Urinalysis: Specific Gravity #1,Record specific gravity of sample (Perform urinalysis and read results),406
Urinalysis: Specific Gravity #1,Staff Initials:,406
Urinalysis: Specific Gravity #1,Comment:,406
Urinalysis: Leukocytes #1,What was the leukocyte result? (Perform urinalysis and read results),407
Urinalysis: Leukocytes #1,Staff Initials:,407
Urinalysis: Leukocytes #1,Comment:,407
Urinalysis: Participant menstruating #1,"Is participant female and menstruating? (If 'Yes', DO NOT send sample for Microscopy. If 'No', send sample for Microscopy)",407
Urinalysis: Participant menstruating #1,Staff Initials:,407
Urinalysis: Participant menstruating #1,Comment:,407
Urinalysis: Send for microscopy #1,Confirm sample sent for microscopy (Complete associated paperwork),407
Urinalysis: Send for microscopy #1,Staff Initials:,407
Urinalysis: Send for microscopy #1,Comment:,407
Urinalysis: Repeat Urinalysis #1,Has urinalysis been repeated as soon as possible with a clean catch specimen? Ensure events are repeated to capture this data.,408
Urinalysis: Repeat Urinalysis #1,Staff Initials:,408
Urinalysis: Repeat Urinalysis #1,Comment:,408
Urinalysis: Urinalysis Microscopy #1,Urinalysis Microscopy Sample (20 mL Sterilin screw cap),408
Urinalysis: Urinalysis Microscopy #1,Staff Initials:,408
Urinalysis: Urinalysis Microscopy #1,Comment:,408
Urinalysis: TDL Form Check #1,Confirm TDL form completed:,408
Urinalysis: TDL Form Check #1,- Correct form used - Correct participant label applied - Correct slot number written - Correct sex and fasting status - Correct timepoint checked - Correct sample date and time written - Correct visit - Initials signed to confirm sample collected and form correct,408
Urinalysis: TDL Form Check #1,Staff Initials:,408
Urinalysis: TDL Form Check #1,Comment:,408
Urinalysis: Urinalysis Medic Assessment #1,Has there been a medic review of the Microscopy results?,408
Urinalysis: Urinalysis Medic Assessment #1,Staff Initials:,408
Urinalysis: Urinalysis Medic Assessment #1,Comment:,408
Safety: Urine Pregnancy test #1,Urine Pregnancy test (N/A if male),408
Safety: Urine Pregnancy test #1,Staff Initials:,408
Safety: Prompt for Medic for Urine Pregnancy #1,Positive result for Urine Pregnancy (Medic to exclude subject),409
Safety: Prompt for Medic for Urine Pregnancy #1,Staff Initials:,409
Safety: Prompt for Medic for Urine Pregnancy #1,Comment:,409
ECG: 12 Lead Standard #3,12 Lead Standard ECG,409
ECG: 12 Lead Standard #3,"Exclude if - QT interval corrected for heart rate using Fridericia’s formula (QTcF) >450 msec for male participants or >470 msec for female participants, QRS interval >120 msec, or PR interval >200 msec. (Supine for a minimum 3 minutes)",409
ECG: 12 Lead Standard #3,Staff Initials:,409
ECG: 12 Lead Standard #3,Comment:,409
ECG: 12 Lead Standard #3,PR interval ms (##0),409
ECG: 12 Lead Standard #3,QRS Duration ms (##0),409
ECG: 12 Lead Standard #3,QT interval ms (##0),409
ECG: 12 Lead Standard #3,QRS Axis deg (###0),409
ECG: 12 Lead Standard #3,RR interval ms (###0),409
ECG: 12 Lead Standard #3,QTcF ms (##0),409
ECG: ECG Significance #3,Was the ECG clinically significant? (Medic to assess),410
ECG: ECG Significance #3,Staff Initials:,410
ECG: ECG Significance #3,Comment:,410
ECG: ECG Findings #3,ECG Findings,410
ECG: ECG Findings #3,Staff Initials:,410
ECG: ECG Findings #3,Comment:,410
ECG: ECG Findings inc Rhythm #3,"ECG Findings, including rhythm assessment",410
ECG: ECG Findings inc Rhythm #3,Staff Initials:,410
ECG: ECG Findings inc Rhythm #3,Comment:,410
Vital Signs: Vital Signs Supine Full Set #5,Vital Signs (Supine for at least 3 minutes),411
Vital Signs: Vital Signs Supine Full Set #5,Staff Initials:,411
Vital Signs: Vital Signs Supine Full Set #5,Comment:,411
Vital Signs: Vital Signs Supine Full Set #5,Diastolic mmHg (##0),411
Vital Signs: Vital Signs Supine Full Set #5,Heart Rate beats/min (##0),411
Vital Signs: Vital Signs Supine Full Set #5,Respiratory Rate breaths/mi (##0),411
Vital Signs: Vital Signs Supine Full Set #5,Oral Temperature - Degrees Celsius . C (##.0),411
Vital Signs: Clinical Significance #5,Clinical Assessment of Vital Signs (Medic or Nurse to assess vital signs),411
Vital Signs: Clinical Significance #5,Staff Initials:,411
Vital Signs: Clinical Significance #5,Comment:,411
Vital Signs: Vital Signs Findings #5,Vital Sign Findings,412
Vital Signs: Vital Signs Findings #5,Staff Initials:,412
Vital Signs: Vital Signs Findings #5,Comment:,412
Vital Signs Standing: Vital Signs Standing BP and HR #5,Vital Signs Standing BP and HR (Standing for at least 3 minutes),412
Vital Signs Standing: Vital Signs Standing BP and HR #5,Staff Initials:,412
Vital Signs Standing: Vital Signs Standing BP and HR #5,Comment:,412
Vital Signs Standing: Vital Signs Standing BP and HR #5,Diastolic mmHg (##0),412
Vital Signs Standing: Vital Signs Standing BP and HR #5,Heart Rate beats/min (##0),412
Vital Signs Standing: Drop in SBP from Supine to Standing #5,Is there a drop in SYSTOLIC BP from supine to standing?,412
Vital Signs Standing: Drop in SBP from Supine to Standing #5,Staff Initials:,412
Vital Signs Standing: Drop in SBP from Supine to Standing #5,Comment:,412
Vital Signs Standing 2: Drop in DBP from Supine to Standing #5,Is there a drop in DIASTOLIC BP from supine to standing?,412
Vital Signs Standing 2: Drop in DBP from Supine to Standing #5,Staff Initials:,412
Vital Signs Standing 2: Drop in DBP from Supine to Standing #5,Comment:,412
Vital Signs Difference: Vital Signs Calculation BP and HR #5,Vital Signs Difference for SYSTOLIC Drop,413
Vital Signs Difference: Vital Signs Calculation BP and HR #5,Staff Initials:,413
Vital Signs Difference: Vital Signs Calculation BP and HR #5,Comment:,413
Vital Signs Difference: Vital Signs Calculation BP and HR 2 #5,Vital Signs Difference for DIASTOLIC Drop,413
Vital Signs Difference: Vital Signs Calculation BP and HR 2 #5,Staff Initials:,413
Vital Signs Difference: Vital Signs Calculation BP and HR 2 #5,Comment:,413
Vital Signs Standing: Clinical Significance #5,Clinical Assessment of Standing Vital Signs (Medic or Nurse to assess vital signs),413
Vital Signs Standing: Clinical Significance #5,Staff Initials:,413
Vital Signs Standing: Clinical Significance #5,Comment:,413
Vital Signs Standing: Vital Signs Findings #5,Vital Sign Findings,413
Vital Signs Standing: Vital Signs Findings #5,Staff Initials:,413
Vital Signs Standing: Vital Signs Findings #5,Comment:,413
Safety: Fasted #1,Has the participant fasted for 8 hours?,413
Safety: Fasted #1,Staff Initials:,413
Safety: Haematology #1,Haematology – Mix tube gently by inverting 8–10 times (2 mL K3EDTA),414
Safety: Haematology #1,Staff Initials:,414
Safety: Haematology #1,Comment:,414
Safety: Haematology Medic Assessment #1,Has there been a medic review of the Haematology blood results?,414
Safety: Haematology Medic Assessment #1,Staff Initials:,414
Safety: Haematology Medic Assessment #1,Comment:,414
Safety: Chemistry #1,Chemistry – Mix tube gently by inverting 5–6 times (5 mL SST),414
Safety: Chemistry #1,Staff Initials:,414
Safety: Chemistry #1,Comment:,414
Safety: Chemistry Medic Assessment #1,Has there been a medic review of the Clinical Chemistry blood results?,414
Safety: Chemistry Medic Assessment #1,Staff Initials:,414
Safety: Chemistry Medic Assessment #1,Comment:,414
PK Samples: PK Plasma #14,PK Sample for Bioanalysis - Gently invert tube 8-10 times immediately after collection and protect the sample from light (4 mL K2EDTA),415
PK Samples: PK Plasma #14,Staff Initials:,415
PK Samples: PK Plasma #14,Comment:,415
AE/CM Surveys: AE/CM Check #14,Confirm an AE and Conmed check has been performed (Record any AE and Conmeds if applicable),415
AE/CM Surveys: AE/CM Check #14,Staff Initials:,415
AE/CM Surveys: AE/CM Check #14,Comment:,415
Stanford Sleepiness Scale: Stanford Sleepiness Scale Date #5,Stanford Sleepiness Scale Questionnaire - Date and Time (Transcribe from paper source workbook),415
Stanford Sleepiness Scale: Stanford Sleepiness Scale Date #5,Staff Initials:,415
Stanford Sleepiness Scale: Stanford Sleepiness Scale Date #5,Comment:,415
Stanford Sleepiness Scale: Stanford Sleepiness Scale Date #5,Time (HH:mm),415
Stanford Sleepiness Scale: Degree of Sleepiness #5,Degree of Sleepiness,415
Stanford Sleepiness Scale: Degree of Sleepiness #5,Staff Initials:,415
PK Samples: PK Plasma #15,PK Sample for Bioanalysis - Gently invert tube 8-10 times immediately after collection and protect the sample from light (4 mL K2EDTA),416
PK Samples: PK Plasma #15,Staff Initials:,416
PK Samples: PK Plasma #15,Comment:,416
AE/CM Surveys: AE/CM Check #15,Confirm an AE and Conmed check has been performed (Record any AE and Conmeds if applicable),416
AE/CM Surveys: AE/CM Check #15,Staff Initials:,416
AE/CM Surveys: AE/CM Check #15,Comment:,416
PK Samples: PK Plasma #16,PK Sample for Bioanalysis - Gently invert tube 8-10 times immediately after collection and protect the sample from light (4 mL K2EDTA),416
PK Samples: PK Plasma #16,Staff Initials:,416
PK Samples: PK Plasma #16,Comment:,416
AE/CM Surveys: AE/CM Check #16,Confirm an AE and Conmed check has been performed (Record any AE and Conmeds if applicable),417
AE/CM Surveys: AE/CM Check #16,Staff Initials:,417
AE/CM Surveys: AE/CM Check #16,Comment:,417
Vital Signs: Vital Signs Supine Full Set #6,Vital Signs (Supine for at least 3 minutes),417
Vital Signs: Vital Signs Supine Full Set #6,Staff Initials:,417
Vital Signs: Vital Signs Supine Full Set #6,Comment:,417
Vital Signs: Vital Signs Supine Full Set #6,Diastolic mmHg (##0),417
Vital Signs: Vital Signs Supine Full Set #6,Heart Rate beats/min (##0),417
Vital Signs: Vital Signs Supine Full Set #6,Respiratory Rate breaths/mi (##0),417
Vital Signs: Vital Signs Supine Full Set #6,Oral Temperature - Degrees Celsius . C (##.0),417
Vital Signs: Clinical Significance #6,Clinical Assessment of Vital Signs (Medic or Nurse to assess vital signs),417
Vital Signs: Clinical Significance #6,Staff Initials:,417
Vital Signs: Clinical Significance #6,Comment:,417
Vital Signs: Vital Signs Findings #6,Vital Sign Findings,418
Vital Signs: Vital Signs Findings #6,Staff Initials:,418
Vital Signs: Vital Signs Findings #6,Comment:,418
Vital Signs Standing: Vital Signs Standing BP and HR #6,Vital Signs Standing BP and HR (Standing for at least 3 minutes),418
Vital Signs Standing: Vital Signs Standing BP and HR #6,Staff Initials:,418
Vital Signs Standing: Vital Signs Standing BP and HR #6,Comment:,418
Vital Signs Standing: Vital Signs Standing BP and HR #6,Diastolic mmHg (##0),418
Vital Signs Standing: Vital Signs Standing BP and HR #6,Heart Rate beats/min (##0),418
Vital Signs Standing: Drop in SBP from Supine to Standing #6,Is there a drop in SYSTOLIC BP from supine to standing?,418
Vital Signs Standing: Drop in SBP from Supine to Standing #6,Staff Initials:,418
Vital Signs Standing: Drop in SBP from Supine to Standing #6,Comment:,418
Vital Signs Standing 2: Drop in DBP from Supine to Standing #6,Is there a drop in DIASTOLIC BP from supine to standing?,418
Vital Signs Standing 2: Drop in DBP from Supine to Standing #6,Staff Initials:,418
Vital Signs Standing 2: Drop in DBP from Supine to Standing #6,Comment:,418
Vital Signs Difference: Vital Signs Calculation BP and HR #6,Vital Signs Difference for SYSTOLIC Drop,419
Vital Signs Difference: Vital Signs Calculation BP and HR #6,Staff Initials:,419
Vital Signs Difference: Vital Signs Calculation BP and HR #6,Comment:,419
Vital Signs Difference: Vital Signs Calculation BP and HR 2 #6,Vital Signs Difference for DIASTOLIC Drop,419
Vital Signs Difference: Vital Signs Calculation BP and HR 2 #6,Staff Initials:,419
Vital Signs Difference: Vital Signs Calculation BP and HR 2 #6,Comment:,419
Vital Signs Standing: Clinical Significance #6,Clinical Assessment of Standing Vital Signs (Medic or Nurse to assess vital signs),419
Vital Signs Standing: Clinical Significance #6,Staff Initials:,419
Vital Signs Standing: Clinical Significance #6,Comment:,419
Vital Signs Standing: Vital Signs Findings #6,Vital Sign Findings,419
Vital Signs Standing: Vital Signs Findings #6,Staff Initials:,419
Vital Signs Standing: Vital Signs Findings #6,Comment:,419
PK Samples: PK Plasma #17,PK Sample for Bioanalysis - Gently invert tube 8-10 times immediately after collection and protect the sample from light (4 mL K2EDTA),420
PK Samples: PK Plasma #17,Staff Initials:,420
PK Samples: PK Plasma #17,Comment:,420
AE/CM Surveys: AE/CM Check #17,Confirm an AE and Conmed check has been performed (Record any AE and Conmeds if applicable),420
AE/CM Surveys: AE/CM Check #17,Staff Initials:,420
AE/CM Surveys: AE/CM Check #17,Comment:,420
Urinalysis: Collection Time #2,Record time of urine sample (Collect Urine Sample),420
Urinalysis: Collection Time #2,Staff Initials:,420
Urinalysis: Collection Time #2,Comment:,420
Urinalysis: Bilirubin #2,"What was the bilirubin result? If any positive result, inform medic/PI. (Perform urinalysis and read results)",420
Urinalysis: Bilirubin #2,Staff Initials:,420
Urinalysis: Bilirubin #2,Comment:,420
Urinalysis: Urobilinogen #2,"What was the urobilinogen result? If any positive result, inform medic/PI. (Perform urinalysis and read results)",420
Urinalysis: Urobilinogen #2,Staff Initials:,420
Urinalysis: Ketones #2,"What was the ketone result? If any positive result, inform medic/PI. (Perform urinalysis and read results)",421
Urinalysis: Ketones #2,Staff Initials:,421
Urinalysis: Ketones #2,Comment:,421
Urinalysis: Glucose #2,"What was the glucose result? If any positive result, inform medic/PI. (Perform urinalysis and read results)",421
Urinalysis: Glucose #2,Staff Initials:,421
Urinalysis: Protein #2,What was the protein result?,422
Urinalysis: Protein #2,"IF PROTEIN ≥ 30mg/dl: Repeat urinalysis as soon as possible, ensuring a clean catch specimen. If protein remains ≥ 30mg/dl on repeat, then inform PI/medic. (Perform urinalysis and read results)",422
Urinalysis: Protein #2,Staff Initials:,422
Urinalysis: Protein #2,Comment:,422
Urinalysis: Blood #2,What was the blood result? (Perform urinalysis and read results),422
Urinalysis: Blood #2,Staff Initials:,422
Urinalysis: Nitrite #2,What was the nitrite result? (Perform urinalysis and read results),423
Urinalysis: Nitrite #2,Staff Initials:,423
Urinalysis: Nitrite #2,Comment:,423
Urinalysis: pH #2,Record pH value (Perform urinalysis and read results),424
Urinalysis: pH #2,Staff Initials:,424
Urinalysis: pH #2,Comment:,424
Urinalysis: Specific Gravity #2,Record specific gravity of sample (Perform urinalysis and read results),424
Urinalysis: Specific Gravity #2,Staff Initials:,424
Urinalysis: Specific Gravity #2,Comment:,424
Urinalysis: Leukocytes #2,What was the leukocyte result? (Perform urinalysis and read results),425
Urinalysis: Leukocytes #2,Staff Initials:,425
Urinalysis: Leukocytes #2,Comment:,425
Urinalysis: Participant menstruating #2,"Is participant female and menstruating? (If 'Yes', DO NOT send sample for Microscopy. If 'No', send sample for Microscopy)",425
Urinalysis: Participant menstruating #2,Staff Initials:,425
Urinalysis: Participant menstruating #2,Comment:,425
Urinalysis: Send for microscopy #2,Confirm sample sent for microscopy (Complete associated paperwork),425
Urinalysis: Send for microscopy #2,Staff Initials:,425
Urinalysis: Send for microscopy #2,Comment:,425
Urinalysis: Repeat Urinalysis #2,Has urinalysis been repeated as soon as possible with a clean catch specimen? Ensure events are repeated to capture this data.,426
Urinalysis: Repeat Urinalysis #2,Staff Initials:,426
Urinalysis: Repeat Urinalysis #2,Comment:,426
Urinalysis: Urinalysis Microscopy #2,Urinalysis Microscopy Sample (20 mL Sterilin screw cap),426
Urinalysis: Urinalysis Microscopy #2,Staff Initials:,426
Urinalysis: Urinalysis Microscopy #2,Comment:,426
Urinalysis: TDL Form Check #2,Confirm TDL form completed:,426
Urinalysis: TDL Form Check #2,- Correct form used - Correct participant label applied - Correct slot number written - Correct sex and fasting status - Correct timepoint checked - Correct sample date and time written - Correct visit - Initials signed to confirm sample collected and form correct,426
Urinalysis: TDL Form Check #2,Staff Initials:,426
Urinalysis: TDL Form Check #2,Comment:,426
Urinalysis: Urinalysis Medic Assessment #2,Has there been a medic review of the Microscopy results?,426
Urinalysis: Urinalysis Medic Assessment #2,Staff Initials:,426
Urinalysis: Urinalysis Medic Assessment #2,Comment:,426
ECG: ECG Rhythm Assess/Interpretation #4,ECG Rhythm assessment and interpretation,427
ECG: ECG Rhythm Assess/Interpretation #4,Staff Initials:,427
ECG: ECG Rhythm Assess/Interpretation #4,Comment:,427
ECG: ECG Significance #4,Was the ECG clinically significant? (Medic to assess),427
ECG: ECG Findings #4,ECG Findings,428
ECG: ECG Findings #4,Staff Initials:,428
ECG: ECG Findings #4,Comment:,428
ECG: ECG Findings inc Rhythm #4,"ECG Findings, including rhythm assessment",428
ECG: ECG Findings inc Rhythm #4,Staff Initials:,428
ECG: ECG Findings inc Rhythm #4,Comment:,428
ECG Difference: ECG Difference Calculation #4,ECG Difference Calculation - a participant will be withdrawn where there is an increase in QTcF interval of >60 msec from baseline (confirmed following a repeat ECG),428
ECG Difference: ECG Difference Calculation #4,Staff Initials:,428
ECG Difference: ECG Difference Calculation #4,Comment:,428
Vital Signs: Vital Signs Supine Full Set #7,Vital Signs (Supine for at least 3 minutes),428
Vital Signs: Vital Signs Supine Full Set #7,Staff Initials:,428
Vital Signs: Vital Signs Supine Full Set #7,Diastolic mmHg (##0),428
Vital Signs: Clinical Significance #7,Clinical Assessment of Vital Signs (Medic or Nurse to assess vital signs),429
Vital Signs: Clinical Significance #7,Staff Initials:,429
Vital Signs: Clinical Significance #7,Comment:,429
Vital Signs: Vital Signs Findings #7,Vital Sign Findings,429
Vital Signs: Vital Signs Findings #7,Staff Initials:,429
Vital Signs: Vital Signs Findings #7,Comment:,429
Vital Signs Standing: Vital Signs Standing BP and HR #7,Vital Signs Standing BP and HR (Standing for at least 3 minutes),430
Vital Signs Standing: Vital Signs Standing BP and HR #7,Staff Initials:,430
Vital Signs Standing: Vital Signs Standing BP and HR #7,Comment:,430
Vital Signs Standing: Vital Signs Standing BP and HR #7,Diastolic mmHg (##0),430
Vital Signs Standing: Vital Signs Standing BP and HR #7,Heart Rate beats/min (##0),430
Vital Signs Standing: Drop in SBP from Supine to Standing #7,Is there a drop in SYSTOLIC BP from supine to standing?,430
Vital Signs Standing: Drop in SBP from Supine to Standing #7,Staff Initials:,430
Vital Signs Standing: Drop in SBP from Supine to Standing #7,Comment:,430
Vital Signs Standing 2: Drop in DBP from Supine to Standing #7,Is there a drop in DIASTOLIC BP from supine to standing?,430
Vital Signs Standing 2: Drop in DBP from Supine to Standing #7,Staff Initials:,430
Vital Signs Standing 2: Drop in DBP from Supine to Standing #7,Comment:,430
Vital Signs Difference: Vital Signs Calculation BP and HR #7,Vital Signs Difference for SYSTOLIC Drop,430
Vital Signs Difference: Vital Signs Calculation BP and HR #7,Staff Initials:,430
Vital Signs Difference: Vital Signs Calculation BP and HR #7,Comment:,430
Vital Signs Difference: Vital Signs Calculation BP and HR 2 #7,Vital Signs Difference for DIASTOLIC Drop,431
Vital Signs Difference: Vital Signs Calculation BP and HR 2 #7,Staff Initials:,431
Vital Signs Difference: Vital Signs Calculation BP and HR 2 #7,Comment:,431
Vital Signs Standing: Clinical Significance #7,Clinical Assessment of Standing Vital Signs (Medic or Nurse to assess vital signs),431
Vital Signs Standing: Clinical Significance #7,Staff Initials:,431
Vital Signs Standing: Clinical Significance #7,Comment:,431
Vital Signs Standing: Vital Signs Findings #7,Vital Sign Findings,431
Vital Signs Standing: Vital Signs Findings #7,Staff Initials:,431
Vital Signs Standing: Vital Signs Findings #7,Comment:,431
Safety: Fasted #2,Has the participant fasted for 8 hours?,431
Safety: Fasted #2,Staff Initials:,431
Safety: Fasted #2,Comment:,431
Safety: Haematology #2,Haematology – Mix tube gently by inverting 8–10 times (2 mL K3EDTA),432
Safety: Haematology #2,Staff Initials:,432
Safety: Haematology #2,Comment:,432
Safety: Haematology Medic Assessment #2,Has there been a medic review of the Haematology blood results?,432
Safety: Haematology Medic Assessment #2,Staff Initials:,432
Safety: Haematology Medic Assessment #2,Comment:,432
Safety: Chemistry #2,Chemistry – Mix tube gently by inverting 5–6 times (5 mL SST),432
Safety: Chemistry #2,Staff Initials:,432
Safety: Chemistry #2,Comment:,432
Safety: Chemistry Medic Assessment #2,Has there been a medic review of the Clinical Chemistry blood results?,432
Safety: Chemistry Medic Assessment #2,Staff Initials:,432
Safety: Chemistry Medic Assessment #2,Comment:,432
Safety: TDL Form Check #2,Confirm TDL form completed:,433
Safety: TDL Form Check #2,- Correct form used - Correct participant label applied - Correct slot number written - Correct sex and fasting status - Correct timepoint checked - Correct sample date and time written - Correct visit - Initials signed to confirm sample collected and form correct,433
Safety: TDL Form Check #2,Staff Initials:,433
Safety: TDL Form Check #2,Comment:,433
PK Samples: PK Plasma #18,PK Sample for Bioanalysis - Gently invert tube 8-10 times immediately after collection and protect the sample from light (4 mL K2EDTA),433
PK Samples: PK Plasma #18,Staff Initials:,433
PK Samples: PK Plasma #18,Comment:,433
AE/CM Surveys: AE/CM Check #18,Confirm an AE and Conmed check has been performed (Record any AE and Conmeds if applicable),433
AE/CM Surveys: AE/CM Check #18,Staff Initials:,433
AE/CM Surveys: AE/CM Check #18,Comment:,433
C-SSRS Assessment: Date of Assessment #1,C-SSRS Questionnaire - Date and Time (Transcribe from C-SSRS paper source workbook),433
C-SSRS Assessment: Date of Assessment #1,Staff Initials:,433
C-SSRS Assessment: Date of Assessment #1,Comment:,433
C-SSRS Assessment: Date of Assessment #1,Time (HH:mm),433
C-SSRS Since Last Visit: 2. Non-specific Thoughts #1,2. Non-specific Active Suicidal Thoughts,434
C-SSRS Since Last Visit: 2. Non-specific Thoughts #1,"General non-specific thoughts of wanting to end one's life / commit suicide (e.g. ""I've thought about killing myself"") without thoughts of ways to kill oneself / associated methods, intent, or plan during the assessment period. (Have you actually had any thoughts of killing yourself?)",434
C-SSRS Since Last Visit: 2. Non-specific Thoughts #1,Staff Initials:,434
C-SSRS Since Last Visit: 2. Non-specific Thoughts #1,Comment:,434
C-SSRS Since Last Visit: 3. Active Ideation No Intent #1,3. Active Suicidal Ideation with Any Methods (Not Plan) Without Intent to Act,435
C-SSRS Since Last Visit: 3. Active Ideation No Intent #1,"Subject endorses thoughts of suicide and has thought of at least one method during the assessment period. This is different from a specific plan with time, place or method details worked out (e.g. thought of method to kill self but not a specific plan). Includes person who would say, ""I thought about taking an overdose but I never made a specific plan as to when, where or how I would actually do it… and I would never go through with it"". (Have you been thinking about how you might do this?)",435
C-SSRS Since Last Visit: 3. Active Ideation No Intent #1,Staff Initials:,435
C-SSRS Since Last Visit: 3. Active Ideation No Intent #1,Comment:,435
C-SSRS Since Last Visit: 4. Active Ideation Some Intent #1,"4. Active Suicidal Ideation with Some Intent to Act, without Specific Plan",435
C-SSRS Since Last Visit: 4. Active Ideation Some Intent #1,"Active suicidal thoughts of killing oneself and subject reports having some intent to act on such thoughts, as opposed to ""I have the thoughts but I definitely will not do anything about them"". (Have you had these thoughts and had some intention of acting on them?)",435
C-SSRS Since Last Visit: 4. Active Ideation Some Intent #1,Staff Initials:,435
C-SSRS Since Last Visit: 4. Active Ideation Some Intent #1,Comment:,435
C-SSRS Since Last Visit: 5. Active Ideation Specific Intent #1,5. Active Suicidal Ideation with Specific Plan and Intent,436
C-SSRS Since Last Visit: 5. Active Ideation Specific Intent #1,Thoughts of killing oneself with details of plan fully or partially worked out and subject has some intent to carry it out. (Have you started to work out or worked out the details of how to kill yourself? Do you intend to carry out this plan?),436
C-SSRS Since Last Visit: 5. Active Ideation Specific Intent #1,Staff Initials:,436
C-SSRS Since Last Visit: 5. Active Ideation Specific Intent #1,Comment:,436
C-SSRS Since Last Visit: 6. Most Severe Ideation #1,Most Severe Ideation,436
C-SSRS Since Last Visit: 6. Most Severe Ideation #1,"The following feature should be rated with respect to the most severe type of ideation (i.e. 1-5 from above, with 1 being the least severe and 5 being the most severe). Ask about time he/she was feeling the most suicidal.",436
C-SSRS Since Last Visit: 6. Most Severe Ideation #1,Staff Initials:,436
C-SSRS Since Last Visit: 6. Most Severe Ideation #1,Comment:,436
C-SSRS Since Last Visit: 7. Frequency #1,Frequency,437
C-SSRS Since Last Visit: 7. Frequency #1,(How many times have you had these thoughts?),437
C-SSRS Since Last Visit: 7. Frequency #1,Staff Initials:,437
C-SSRS Since Last Visit: 7. Frequency #1,Comment:,437
C-SSRS Since Last Visit: 8. Duration #1,Duration,437
C-SSRS Since Last Visit: 8. Duration #1,"(When you have the thoughts, how long do they last?)",437
C-SSRS Since Last Visit: 8. Duration #1,Staff Initials:,437
C-SSRS Since Last Visit: 8. Duration #1,Comment:,437
C-SSRS Since Last Visit: 9. Controllability #1,Controllability,437
C-SSRS Since Last Visit: 9. Controllability #1,(Could/can you stop thinking about killing yourself or wanting to die if you want to?),437
C-SSRS Since Last Visit: 9. Controllability #1,Staff Initials:,437
C-SSRS Since Last Visit: 10. Deterrents #1,Deterrents,438
C-SSRS Since Last Visit: 10. Deterrents #1,"(Are there things - anyone or anything (e.g. family, religion, pain of death) - that stopped you from wanting to die or acting on thoughts of committing suicide?)",438
C-SSRS Since Last Visit: 10. Deterrents #1,Staff Initials:,438
C-SSRS Since Last Visit: 10. Deterrents #1,Comment:,438
C-SSRS Since Last Visit: 12. Total Number of Attempts #1,Total Number of Attempts,440
C-SSRS Since Last Visit: 12. Total Number of Attempts #1,Staff Initials:,440
C-SSRS Since Last Visit: 12. Total Number of Attempts #1,Comment:,440
C-SSRS Since Last Visit: 13. Has Subject Engaged #1,Has subject engaged in Non-Suicidal Self-Injurious Behaviour (Since Last Visit),441
C-SSRS Since Last Visit: 13. Has Subject Engaged #1,Staff Initials:,441
C-SSRS Since Last Visit: 13. Has Subject Engaged #1,Comment:,441
C-SSRS Since Last Visit: 14. Interrupted Attempt #1,Interrupted Attempt (Since Last Visit),441
C-SSRS Since Last Visit: 14. Interrupted Attempt #1,"When the person is interrupted (by an outside circumstance) from starting the potentially self- injurious act (if not for that, actual attempt would have occurred). Overdose: Person has pills in hand but is stopped from ingesting. Once they ingest any pills, this becomes an attempt rather than an interrupted attempt. Shooting: Person has gun pointed towards self, gun is taken away by someone else, or he/she is somehow prevented from pulling trigger. Once they pull the trigger, even if the gun fails to fire, it is an attempt. Jumping: Person is poised to jump, is grabbed and taken down from ledge. Hanging: Person has noose around neck but has not yet started to hang - is stopped from doing so. (Has there been a time when you started to do something to end your life but someone or something stopped you before you actually did anything?)",441
C-SSRS Since Last Visit: 14. Interrupted Attempt #1,Staff Initials:,441
C-SSRS Since Last Visit: 14. Interrupted Attempt #1,Comment:,441
C-SSRS Since Last Visit: 14. Total Number of Interrupted #1,Total Number of Interrupted,441
C-SSRS Since Last Visit: 14. Total Number of Interrupted #1,Staff Initials:,441
C-SSRS Since Last Visit: 14. Total Number of Interrupted #1,Comment:,441
C-SSRS Since Last Visit: 15. Total Number of Aborted #1,Total Number of Aborted,442
C-SSRS Since Last Visit: 15. Total Number of Aborted #1,"Acts or preparation towards imminently making a suicide attempt. This can include anything beyond a verbalisation or thought, such as assembling a specific method (e.g. buying pills, purchasing a gun) or preparing for one's death by suicide (e.g. giving things away, writing a suicide note). (Have you taken any steps towards making a suicide attempt or preparing to kill yourself (such as collecting pills, getting a gun, giving valuables away or writing a suicide note)?)",442
C-SSRS Since Last Visit: 15. Total Number of Aborted #1,Staff Initials:,442
C-SSRS Since Last Visit: 15. Total Number of Aborted #1,Comment:,442
C-SSRS Since Last Visit: 16. Preparatory Acts or Behaviour #1,Preparatory Acts or Behaviour (Since Last Visit),443
C-SSRS Since Last Visit: 16. Preparatory Acts or Behaviour #1,"Acts or preparation towards imminently making a suicide attempt. This can include anything beyond a verbalisation or thought, such as assembling a specific method (e.g. buying pills, purchasing a gun) or preparing for one's death by suicide (e.g. giving things away, writing a suicide note). (Have you taken any steps towards making a suicide attempt or preparing to kill yourself (such as collecting pills, getting a gun, giving valuables away or writing a suicide note)?)",443
C-SSRS Since Last Visit: 16. Preparatory Acts or Behaviour #1,Staff Initials:,443
C-SSRS Since Last Visit: 16. Preparatory Acts or Behaviour #1,Comment:,443
C-SSRS Since Last Visit: 17. Suicidal Behaviour #1,Suicidal Behaviour (Since Last Visit),443
C-SSRS Since Last Visit: 17. Suicidal Behaviour #1,Suicidal behaviour was present during the assessment period?,443
C-SSRS Since Last Visit: 17. Suicidal Behaviour #1,Staff Initials:,443
C-SSRS Since Last Visit: 17. Suicidal Behaviour #1,Comment:,443
C-SSRS Since Last Visit: 18. Suicide #1,Suicide (Since Last Visit),443
C-SSRS Since Last Visit: 18. Suicide #1,Staff Initials:,443
C-SSRS Since Last Visit: 18. Suicide #1,Comment:,443
C-SSRS Since Last Visit: 19. Most Lethal Attempt Date #1,Most Lethal Attempt Date,444
C-SSRS Since Last Visit: 19. Most Lethal Attempt Date #1,Staff Initials:,444
C-SSRS Since Last Visit: 19. Most Lethal Attempt Date #1,Comment:,444
C-SSRS Since Last Visit: 19. Actual Lethality Most Lethal Attempt #1,Actual Lethality/Medical Damage - Most Lethal Attempt,444
C-SSRS Since Last Visit: 19. Actual Lethality Most Lethal Attempt #1,Staff Initials:,444
C-SSRS Since Last Visit: 19. Actual Lethality Most Lethal Attempt #1,Comment:,444
C-SSRS Since Last Visit: 19. Potential Lethality Most Lethal Attempt #1,Potential Lethality - Most Lethal Attempt Code (only answer if Actual Lethality = 0),445
C-SSRS Since Last Visit: 19. Potential Lethality Most Lethal Attempt #1,Staff Initials:,445
C-SSRS Since Last Visit: 19. Potential Lethality Most Lethal Attempt #1,Comment:,445
Targeted Physical Examination Findings: Require Targeted PE? #2,"Targeted Physical Examination: Does the participant require a targeted physical examination? (If yes, please specify the reason)",445
Targeted Physical Examination Findings: Require Targeted PE? #2,Staff Initials:,445
Targeted Physical Examination Findings: Require Targeted PE? #2,Comment:,445
Targeted Physical Examination Findings: Any clinically significant abnormal,"findings? #2 If yes, were there any clinically significant abnormal findings?",445
Targeted Physical Examination Findings: Any clinically significant abnormal,Staff Initials:,445
Targeted Physical Examination Findings: Any clinically significant abnormal,Comment:,445
Targeted Physical Examination Findings: Physical Examination Category #2,Physical Examination Category,445
Targeted Physical Examination Findings: Physical Examination Category #2,Staff Initials:,445
Targeted Physical Examination Findings: Findings #2,Detailed findings of Physical Examination,446
Targeted Physical Examination Findings: Findings #2,Staff Initials:,446
Targeted Physical Examination Findings: Findings #2,Comment:,446
Neurological Examination: Neurological Examination Performed? #1,Was a neurological examination performed?,447
Neurological Examination: Neurological Examination Performed? #1,Staff Initials:,447
Neurological Examination: Neurological Examination Performed? #1,Comment:,447
Neurological Examination: Mental Status #1,Mental Status,447
Neurological Examination: Mental Status #1,Staff Initials:,447
Neurological Examination: Mental Status #1,Comment:,447
Neurological Examination: Cranial Nerves #1,Cranial Nerves,447
Neurological Examination: Cranial Nerves #1,Staff Initials:,447
Neurological Examination: Cranial Nerves #1,Comment:,447
Neurological Examination: Motor Systems #1,Motor Systems,447
Neurological Examination: Reflexes #1,Reflexes,448
Neurological Examination: Reflexes #1,Staff Initials:,448
Neurological Examination: Reflexes #1,Comment:,448
Neurological Examination: Sensory System #1,Sensory System,449
Neurological Examination: Sensory System #1,Staff Initials:,449
Neurological Examination: Sensory System #1,Comment:,449
Neurological Examination: Co-ordination #1,Co-ordination,449
Neurological Examination: Co-ordination #1,Staff Initials:,449
Neurological Examination: Co-ordination #1,Comment:,449
Neurological Examination: Station and Gait #1,Station and Gait,450
Neurological Examination: Station and Gait #1,Staff Initials:,450
Neurological Examination: Station and Gait #1,Comment:,450
Neurological Examination: Findings #1,Detailed findings of Neurological Examination,450
Neurological Examination: Findings #1,Staff Initials:,450
Neurological Examination: Findings #1,Comment:,450
Discharge Procedures: Trial Participation Card #1,Confirm participant has been provided with a Trial Participation Card,450
Discharge Procedures: Trial Participation Card #1,Staff Initials:,450
Discharge Procedures: Trial Participation Card #1,Comment:,450
Discharge Procedures: ICF in Volunteer Folder #1,"Is the signed copy of the participant's ICF present in their volunteer folder? (If 'No', escalate immediately)",450
Discharge Procedures: ICF in Volunteer Folder #1,Staff Initials:,450
Discharge Procedures: ICF in Volunteer Folder #1,Comment:,450
Discharge Procedures: Informed of Restrictions #1,"Has volunteer been reminded of the restrictions, below?",451
Discharge Procedures: Informed of Restrictions #1,"Due to the unavailability of phototoxic data, participants will be advised to minimize exposure to sunlight by spending a reduced amount of time outdoors/remaining inside the clinical unit during the residential periods of the study wearing sunglasses and clothing that minimizes exposure to sunlight and using sun cream on exposed areas when going outdoors. They will also be advised not to use sunbeds. This restriction will be advised from first dose until 7 days post- final dose.",451
Discharge Procedures: Informed of Restrictions #1,"Sexually active males will commit to utilizing 2 different approved methods of birth control during the trial and for 90 days plus 5 half-lives (ie, 92 days) after the last dose of IMP, or will remain abstinent for the same period of time.",451
Discharge Procedures: Informed of Restrictions #1,"Males will refrain from sperm donation from the screening visit through 90 days plus 5 half-lives (ie, 92 days) after the last dose of IMP.",451
Discharge Procedures: Informed of Restrictions #1,Staff Initials:,451
Discharge Procedures: Informed of Restrictions #1,Comment:,451
Discharge Procedures: AE Discharge Question #1,Have there been any Adverse Events throughout study duration?,451
Discharge Procedures: AE Discharge Question #1,Staff Initials:,451
Discharge Procedures: AE Discharge Question #1,Comment:,451
Discharge Procedures: Discharge by Clinic #1,Confirm that all discharge procedures have been completed and the participant is safe to be discharged.,452
Discharge Procedures: Discharge by Clinic #1,Staff Initials:,452
Discharge Procedures: Discharge by Clinic #1,Comment:,452
Discharge Procedures: Discharge by Medic #1,"As participant has had AE(s) on the study, Medic to confirm that all discharge procedures have been completed and the participant is safe to be discharged.",452
Discharge Procedures: Discharge by Medic #1,Staff Initials:,452
Discharge Procedures: Discharge by Medic #1,Comment:,452
Follow Up Call: Last dose #1,Has it been 30 to 32 days since participant's last dose?,452
Follow Up Call: Last dose #1,Staff Initials:,452
Follow Up Call: Last dose #1,Comment:,452
Follow Up Restrictions: Informed of Restrictions #1,"Has participant adhered to the restrictions, below?",453
Follow Up Restrictions: Informed of Restrictions #1,"Sexually active males will commit to utilizing 2 different approved methods of birth control during the trial and for 90 days plus 5 half-lives (ie, 92 days) after the last dose of IMP, or will remain abstinent for the same period of time.",453
Follow Up Restrictions: Informed of Restrictions #1,"Males will refrain from sperm donation from the screening visit through 90 days plus 5 half-lives (ie, 92 days) after the last dose of IMP.",453
Follow Up Restrictions: Informed of Restrictions #1,Staff Initials:,453
Follow Up Restrictions: Informed of Restrictions #1,Comment:,453
Prompts: PD Prompt #1,Please ensure that a Protocol Deviation is completed,453
Prompts: PD Prompt #1,Staff Initials:,453
Prompts: PD Prompt #1,Comment:,453
Follow Up Call: Unwell #1,Has the participant been unwell since their last visit?,453
Follow Up Call: Unwell #1,Staff Initials:,453
Follow Up Call: Unwell #1,Comment:,453
Prompts: AE Prompt #1,Please ensure that an Adverse Event is completed,453
Prompts: AE Prompt #1,Staff Initials:,453
Prompts: AE Prompt #1,Comment:,453
Follow Up Call: Concomitant Meds #1,Has the participant taken any medication since their last visit?,453
Follow Up Call: Concomitant Meds #1,Staff Initials:,453
Follow Up Call: Concomitant Meds #1,Comment:,453
Prompts: CM Prompt #1,Please ensure that a Concomitant Medication is completed,454
Prompts: CM Prompt #1,Staff Initials:,454
Prompts: CM Prompt #1,Comment:,454
System: Available #1,What is the status of the subject?,454
System: Available #1,Staff Initials:,454
System: Available #1,Comment:,454
Urinalysis: Collection Time #1,Record time of urine sample (Collect Urine Sample),454
Urinalysis: Collection Time #1,Staff Initials:,454
Urinalysis: Collection Time #1,Comment:,454
Urinalysis: Bilirubin #1,"What was the bilirubin result? If any positive result, inform medic/PI. (Perform urinalysis and read results)",455
Urinalysis: Bilirubin #1,Staff Initials:,455
Urinalysis: Bilirubin #1,Comment:,455
Urinalysis: Urobilinogen #1,"What was the urobilinogen result? If any positive result, inform medic/PI. (Perform urinalysis and read results)",455
Urinalysis: Urobilinogen #1,Staff Initials:,455
Urinalysis: Urobilinogen #1,Comment:,455
Urinalysis: Ketones #1,"What was the ketone result? If any positive result, inform medic/PI. (Perform urinalysis and read results)",455
Urinalysis: Ketones #1,Staff Initials:,455
Urinalysis: Glucose #1,"What was the glucose result? If any positive result, inform medic/PI. (Perform urinalysis and read results)",456
Urinalysis: Glucose #1,Staff Initials:,456
Urinalysis: Glucose #1,Comment:,456
Urinalysis: Protein #1,What was the protein result?,456
Urinalysis: Protein #1,"IF PROTEIN ≥ 30mg/dl: Repeat urinalysis as soon as possible, ensuring a clean catch specimen. If protein remains ≥ 30mg/dl on repeat, then inform PI/medic. (Perform urinalysis and read results)",456
Urinalysis: Protein #1,Staff Initials:,456
Urinalysis: Blood #1,What was the blood result? (Perform urinalysis and read results),457
Urinalysis: Blood #1,Staff Initials:,457
Urinalysis: Blood #1,Comment:,457
Urinalysis: Nitrite #1,What was the nitrite result? (Perform urinalysis and read results),458
Urinalysis: Nitrite #1,Staff Initials:,458
Urinalysis: Nitrite #1,Comment:,458
Urinalysis: pH #1,Record pH value (Perform urinalysis and read results),458
Urinalysis: pH #1,Staff Initials:,458
Urinalysis: pH #1,Comment:,458
Urinalysis: Specific Gravity #1,Record specific gravity of sample (Perform urinalysis and read results),458
Urinalysis: Specific Gravity #1,Staff Initials:,458
Urinalysis: Leukocytes #1,What was the leukocyte result? (Perform urinalysis and read results),459
Urinalysis: Leukocytes #1,Staff Initials:,459
Urinalysis: Leukocytes #1,Comment:,459
Urinalysis: Participant menstruating #1,"Is participant female and menstruating? (If 'Yes', DO NOT send sample for Microscopy. If 'No', send sample for Microscopy)",459
Urinalysis: Participant menstruating #1,Staff Initials:,459
Urinalysis: Participant menstruating #1,Comment:,459
Urinalysis: Repeat Urinalysis #1,Has urinalysis been repeated as soon as possible with a clean catch specimen? Ensure events are repeated to capture this data.,460
Urinalysis: Repeat Urinalysis #1,Staff Initials:,460
Urinalysis: Repeat Urinalysis #1,Comment:,460
Urinalysis: Urinalysis Microscopy #1,Urinalysis Microscopy Sample (20 mL Sterilin screw cap),460
Urinalysis: Urinalysis Microscopy #1,Staff Initials:,460
Urinalysis: Urinalysis Microscopy #1,Comment:,460
Urinalysis: TDL Form Check #1,Confirm TDL form completed:,460
Urinalysis: TDL Form Check #1,- Correct form used - Correct participant label applied - Correct slot number written - Correct sex and fasting status - Correct timepoint checked - Correct sample date and time written - Correct visit - Initials signed to confirm sample collected and form correct,460
Urinalysis: TDL Form Check #1,Staff Initials:,460
Urinalysis: TDL Form Check #1,Comment:,460
Urinalysis: Urinalysis Medic Assessment #1,Has there been a medic review of the Microscopy results?,461
Urinalysis: Urinalysis Medic Assessment #1,Staff Initials:,461
Urinalysis: Urinalysis Medic Assessment #1,Comment:,461
ECG: 12 Lead Standard #1,12 Lead Standard ECG,461
ECG: 12 Lead Standard #1,Normal QTCF upper range 450 msec for male participants or 470 msec for female participants (Supine for a minimum 3 minutes),461
ECG: 12 Lead Standard #1,Staff Initials:,461
ECG: 12 Lead Standard #1,Comment:,461
ECG: 12 Lead Standard #1,PR interval ms (##0),461
ECG: 12 Lead Standard #1,QRS Duration ms (##0),461
ECG: 12 Lead Standard #1,QT interval ms (##0),461
ECG: 12 Lead Standard #1,QRS Axis deg (###0),461
ECG: 12 Lead Standard #1,RR interval ms (###0),461
ECG: 12 Lead Standard #1,QTcF ms (##0),461
ECG: ECG Rhythm Assess/Interpretation #1,ECG Rhythm assessment and interpretation,461
ECG: ECG Rhythm Assess/Interpretation #1,Staff Initials:,461
ECG: ECG Significance #1,Was the ECG clinically significant? (Medic to assess),462
ECG: ECG Significance #1,Staff Initials:,462
ECG: ECG Significance #1,Comment:,462
ECG: ECG Findings #1,ECG Findings,462
ECG: ECG Findings #1,Staff Initials:,462
ECG: ECG Findings #1,Comment:,462
ECG: ECG Findings inc Rhythm #1,"ECG Findings, including rhythm assessment",462
ECG: ECG Findings inc Rhythm #1,Staff Initials:,462
ECG: ECG Findings inc Rhythm #1,Comment:,462
Vital Signs: Vital Signs Supine Full Set #1,Vital Signs (Supine for at least 3 minutes),462
Vital Signs: Vital Signs Supine Full Set #1,Staff Initials:,462
Vital Signs: Vital Signs Supine Full Set #1,Diastolic mmHg (##0),462
Vital Signs: Clinical Significance #1,Clinical Assessment of Vital Signs (Medic or Nurse to assess vital signs),463
Vital Signs: Clinical Significance #1,Staff Initials:,463
Vital Signs: Clinical Significance #1,Comment:,463
Vital Signs: Vital Signs Findings #1,Vital Sign Findings,463
Vital Signs: Vital Signs Findings #1,Staff Initials:,463
Vital Signs: Vital Signs Findings #1,Comment:,463
Vital Signs Standing: Vital Signs Standing BP and HR #1,Vital Signs Standing BP and HR (Standing for at least 3 minutes),464
Vital Signs Standing: Vital Signs Standing BP and HR #1,Staff Initials:,464
Vital Signs Standing: Vital Signs Standing BP and HR #1,Comment:,464
Vital Signs Standing: Vital Signs Standing BP and HR #1,Diastolic mmHg (##0),464
Vital Signs Standing: Vital Signs Standing BP and HR #1,Heart Rate beats/min (##0),464
Vital Signs Standing: Drop in SBP from Supine to Standing #1,Is there a drop in SYSTOLIC BP from supine to standing?,464
Vital Signs Standing: Drop in SBP from Supine to Standing #1,Staff Initials:,464
Vital Signs Standing: Drop in SBP from Supine to Standing #1,Comment:,464
Vital Signs Standing 2: Drop in DBP from Supine to Standing #1,Is there a drop in DIASTOLIC BP from supine to standing?,464
Vital Signs Standing 2: Drop in DBP from Supine to Standing #1,Staff Initials:,464
Vital Signs Standing 2: Drop in DBP from Supine to Standing #1,Comment:,464
Vital Signs Difference: Vital Signs Calculation BP and HR #1,Vital Signs Difference for SYSTOLIC Drop,464
Vital Signs Difference: Vital Signs Calculation BP and HR #1,Staff Initials:,464
Vital Signs Difference: Vital Signs Calculation BP and HR #1,Comment:,464
Vital Signs Difference: Vital Signs Calculation BP and HR 2 #1,Vital Signs Difference for DIASTOLIC Drop,465
Vital Signs Difference: Vital Signs Calculation BP and HR 2 #1,Staff Initials:,465
Vital Signs Difference: Vital Signs Calculation BP and HR 2 #1,Comment:,465
Vital Signs Standing: Clinical Significance #1,Clinical Assessment of Standing Vital Signs (Medic or Nurse to assess vital signs),465
Vital Signs Standing: Clinical Significance #1,Staff Initials:,465
Vital Signs Standing: Clinical Significance #1,Comment:,465
Vital Signs Standing: Vital Signs Findings #1,Vital Sign Findings,465
Vital Signs Standing: Vital Signs Findings #1,Staff Initials:,465
Vital Signs Standing: Vital Signs Findings #1,Comment:,465
Safety: Fasted #1,Has the participant fasted for 8 hours?,465
Safety: Fasted #1,Staff Initials:,465
Safety: Fasted #1,Comment:,465
Safety: Haematology #1,Haematology – Mix tube gently by inverting 8–10 times (2 mL K3EDTA),466
Safety: Haematology #1,Staff Initials:,466
Safety: Haematology #1,Comment:,466
Safety: Haematology Medic Assessment #1,Has there been a medic review of the Haematology blood results?,466
Safety: Haematology Medic Assessment #1,Staff Initials:,466
Safety: Haematology Medic Assessment #1,Comment:,466
Safety: Chemistry #1,Chemistry – Mix tube gently by inverting 5–6 times (5 mL SST),466
Safety: Chemistry #1,Staff Initials:,466
Safety: Chemistry #1,Comment:,466
Safety: Chemistry Medic Assessment #1,Has there been a medic review of the Clinical Chemistry blood results?,466
Safety: Chemistry Medic Assessment #1,Staff Initials:,466
Safety: Chemistry Medic Assessment #1,Comment:,466
Safety: TDL Form Check #1,Confirm TDL form completed:,467
Safety: TDL Form Check #1,- Correct form used - Correct participant label applied - Correct slot number written - Correct sex and fasting status - Correct timepoint checked - Correct sample date and time written - Correct visit - Initials signed to confirm sample collected and form correct,467
Safety: TDL Form Check #1,Staff Initials:,467
Safety: TDL Form Check #1,Comment:,467
PK Samples: PK Plasma #1,PK Sample for Bioanalysis - Gently invert tube 8-10 times immediately after collection and protect the sample from light (4 mL K2EDTA),467
PK Samples: PK Plasma #1,Staff Initials:,467
PK Samples: PK Plasma #1,Comment:,467
AE/CM Surveys: AE/CM Check #1,Confirm an AE and Conmed check has been performed (Record any AE and Conmeds if applicable),467
AE/CM Surveys: AE/CM Check #1,Staff Initials:,467
AE/CM Surveys: AE/CM Check #1,Comment:,467
Targeted Physical Examination Findings: Require Targeted PE? #1,"Targeted Physical Examination: Does the participant require a targeted physical examination? (If yes, please specify the reason)",467
Targeted Physical Examination Findings: Require Targeted PE? #1,Staff Initials:,467
Targeted Physical Examination Findings: Require Targeted PE? #1,Comment:,467
Targeted Physical Examination Findings: Any clinically significant abnormal,findings? #1,467
Targeted Physical Examination Findings: Any clinically significant abnormal,"If yes, were there any clinically significant abnormal findings?",468
Targeted Physical Examination Findings: Any clinically significant abnormal,Staff Initials:,468
Targeted Physical Examination Findings: Any clinically significant abnormal,Comment:,468
Targeted Physical Examination Findings: Physical Examination Category #1,Physical Examination Category,469
Targeted Physical Examination Findings: Physical Examination Category #1,Staff Initials:,469
Targeted Physical Examination Findings: Physical Examination Category #1,Comment:,469
Targeted Physical Examination Findings: Physical Examination Category #1,Other (Specify) (40 char. max.),469
Targeted Physical Examination Findings: Findings #1,Detailed findings of Physical Examination,469
Targeted Physical Examination Findings: Findings #1,Staff Initials:,469
Targeted Physical Examination Findings: Findings #1,Comment:,469
Neurological Examination: Neurological Examination Performed? #1,Was a neurological examination performed?,470
Neurological Examination: Neurological Examination Performed? #1,Staff Initials:,470
Neurological Examination: Neurological Examination Performed? #1,Comment:,470
Neurological Examination: Mental Status #1,Mental Status,470
Neurological Examination: Mental Status #1,Staff Initials:,470
Neurological Examination: Mental Status #1,Comment:,470
Neurological Examination: Cranial Nerves #1,Cranial Nerves,470
Neurological Examination: Cranial Nerves #1,Staff Initials:,470
Neurological Examination: Cranial Nerves #1,Comment:,470
Neurological Examination: Motor Systems #1,Motor Systems,470
Neurological Examination: Reflexes #1,Reflexes,471
Neurological Examination: Reflexes #1,Staff Initials:,471
Neurological Examination: Reflexes #1,Comment:,471
Neurological Examination: Sensory System #1,Sensory System,472
Neurological Examination: Sensory System #1,Staff Initials:,472
Neurological Examination: Sensory System #1,Comment:,472
Neurological Examination: Co-ordination #1,Co-ordination,472
Neurological Examination: Co-ordination #1,Staff Initials:,472
Neurological Examination: Co-ordination #1,Comment:,472
Neurological Examination: Station and Gait #1,Station and Gait,473
Neurological Examination: Station and Gait #1,Staff Initials:,473
Neurological Examination: Station and Gait #1,Comment:,473
Neurological Examination: Findings #1,Detailed findings of Neurological Examination,473
Neurological Examination: Findings #1,Staff Initials:,473
Neurological Examination: Findings #1,Comment:,473
C-SSRS Assessment: CSSRS Paper Source #1,Please use the paper source C-SSRS to enter the following C-SSRS events,473
C-SSRS Assessment: CSSRS Paper Source #1,Staff Initials:,473
C-SSRS Assessment: CSSRS Paper Source #1,Comment:,473
C-SSRS Assessment: Date of Assessment #1,Was the C-SSRS completed?,473
C-SSRS Assessment: Date of Assessment #1,Staff Initials:,473
C-SSRS Assessment: Date of Assessment #1,Comment:,473
C-SSRS Assessment: Date of Assessment #1,Time (HH:mm),473
C-SSRS Since Last Visit: 2. Non-specific Thoughts #1,2. Non-specific Active Suicidal Thoughts,474
C-SSRS Since Last Visit: 2. Non-specific Thoughts #1,"General non-specific thoughts of wanting to end one's life / commit suicide (e.g. ""I've thought about killing myself"") without thoughts of ways to kill oneself / associated methods, intent, or plan during the assessment period. (Have you actually had any thoughts of killing yourself?)",474
C-SSRS Since Last Visit: 2. Non-specific Thoughts #1,Staff Initials:,474
C-SSRS Since Last Visit: 2. Non-specific Thoughts #1,Comment:,474
C-SSRS Since Last Visit: 3. Active Ideation No Intent #1,3. Active Suicidal Ideation with Any Methods (Not Plan) Without Intent to Act,475
C-SSRS Since Last Visit: 3. Active Ideation No Intent #1,"Subject endorses thoughts of suicide and has thought of at least one method during the assessment period. This is different from a specific plan with time, place or method details worked out (e.g. thought of method to kill self but not a specific plan). Includes person who would say, ""I thought about taking an overdose but I never made a specific plan as to when, where or how I would actually do it… and I would never go through with it"". (Have you been thinking about how you might do this?)",475
C-SSRS Since Last Visit: 3. Active Ideation No Intent #1,Staff Initials:,475
C-SSRS Since Last Visit: 3. Active Ideation No Intent #1,Comment:,475
C-SSRS Since Last Visit: 4. Active Ideation Some Intent #1,"4. Active Suicidal Ideation with Some Intent to Act, without Specific Plan",475
C-SSRS Since Last Visit: 4. Active Ideation Some Intent #1,"Active suicidal thoughts of killing oneself and subject reports having some intent to act on such thoughts, as opposed to ""I have the thoughts but I definitely will not do anything about them"". (Have you had these thoughts and had some intention of acting on them?)",475
C-SSRS Since Last Visit: 4. Active Ideation Some Intent #1,Staff Initials:,475
C-SSRS Since Last Visit: 4. Active Ideation Some Intent #1,Comment:,475
C-SSRS Since Last Visit: 5. Active Ideation Specific Intent #1,5. Active Suicidal Ideation with Specific Plan and Intent,476
C-SSRS Since Last Visit: 5. Active Ideation Specific Intent #1,Thoughts of killing oneself with details of plan fully or partially worked out and subject has some intent to carry it out. (Have you started to work out or worked out the details of how to kill yourself? Do you intend to carry out this plan?),476
C-SSRS Since Last Visit: 5. Active Ideation Specific Intent #1,Staff Initials:,476
C-SSRS Since Last Visit: 5. Active Ideation Specific Intent #1,Comment:,476
C-SSRS Since Last Visit: 6. Most Severe Ideation #1,Most Severe Ideation,476
C-SSRS Since Last Visit: 6. Most Severe Ideation #1,"The following feature should be rated with respect to the most severe type of ideation (i.e. 1-5 from above, with 1 being the least severe and 5 being the most severe). Ask about time he/she was feeling the most suicidal.",476
C-SSRS Since Last Visit: 6. Most Severe Ideation #1,Staff Initials:,476
C-SSRS Since Last Visit: 6. Most Severe Ideation #1,Comment:,476
C-SSRS Since Last Visit: 6. Description of Ideation #1,Description of Ideation,476
C-SSRS Since Last Visit: 6. Description of Ideation #1,Staff Initials:,476
C-SSRS Since Last Visit: 6. Description of Ideation #1,Comment:,476
C-SSRS Since Last Visit: 7. Frequency #1,Frequency,476
C-SSRS Since Last Visit: 7. Frequency #1,(How many times have you had these thoughts?),476
C-SSRS Since Last Visit: 7. Frequency #1,Staff Initials:,476
C-SSRS Since Last Visit: 8. Duration #1,Duration,477
C-SSRS Since Last Visit: 8. Duration #1,"(When you have the thoughts, how long do they last?)",477
C-SSRS Since Last Visit: 8. Duration #1,Staff Initials:,477
C-SSRS Since Last Visit: 8. Duration #1,Comment:,477
C-SSRS Since Last Visit: 9. Controllability #1,Controllability,477
C-SSRS Since Last Visit: 9. Controllability #1,(Could/can you stop thinking about killing yourself or wanting to die if you want to?),477
C-SSRS Since Last Visit: 9. Controllability #1,Staff Initials:,477
C-SSRS Since Last Visit: 10. Deterrents #1,Deterrents,478
C-SSRS Since Last Visit: 10. Deterrents #1,"(Are there things - anyone or anything (e.g. family, religion, pain of death) - that stopped you from wanting to die or acting on thoughts of committing suicide?)",478
C-SSRS Since Last Visit: 10. Deterrents #1,Staff Initials:,478
C-SSRS Since Last Visit: 10. Deterrents #1,Comment:,478
C-SSRS Since Last Visit: 11. Reasons for Ideation #1,Reasons for Ideation,478
C-SSRS Since Last Visit: 11. Reasons for Ideation #1,"(What sort of reasons did you have for thinking about wanting to die or killing yourself? Was it to end the pain or stop the way you were feeling (in other words you couldn't go on living with this pain or how you were feeling) or was it to get attention, revenge or a reaction from others? Or both?)",478
C-SSRS Since Last Visit: 11. Reasons for Ideation #1,Staff Initials:,478
C-SSRS Since Last Visit: 11. Reasons for Ideation #1,Comment:,479
C-SSRS Since Last Visit: 12. Actual Attempt #1,Actual Attempt (Since Last Visit),480
C-SSRS Since Last Visit: 12. Actual Attempt #1,"A potentially self-injurious act committed with at least some wish to die, as a result of act. Behaviour was in part thought of as method to kill oneself. Intent does not have to be 100%. If there is any intent/desire to die associated with the act, then it can be considered an actual suicide attempt. There does not have to be any injury or harm, just the potential for injury or harm. If person pulls trigger while gun is in mouth but gun is broken so no injury results, this is considered an attempt. Inferring Intent: Even if an individual denies intent/wish to die, it may be inferred clinically from the behaviour or circumstances. For example, a highly lethal act that is clearly not an accident so no other intent but suicide can be inferred (e.g. gunshot to head, jumping from window of a high floor/storey). Also, if someone denies intent to die, but they thought that what they did could be lethal, intent maybe inferred. (Have you made a suicide attempt? Have you done anything to harm yourself? Have you done anything dangerous where you could have died? (What did you do? Did you ___ as a way to end your life? Did you want to die (even a little) when you___? Were you trying to end your life when you___? Or did you think it was possible you could have died from___?) Or did you do it purely for other reasons / without ANY intention of killing yourself (like to relieve stress, feel better, get sympathy, or get something else to happen)? (Self-Injurious Behaviour without suicidal intent))",480
C-SSRS Since Last Visit: 12. Actual Attempt #1,Staff Initials:,480
C-SSRS Since Last Visit: 12. Actual Attempt #1,Comment:,480
C-SSRS Since Last Visit: 12. Total Number of Attempts #1,Total Number of Attempts,480
C-SSRS Since Last Visit: 12. Total Number of Attempts #1,Staff Initials:,480
C-SSRS Since Last Visit: 12. Total Number of Attempts #1,Comment:,480
C-SSRS Since Last Visit: 13. Has Subject Engaged #1,Has subject engaged in Non-Suicidal Self-Injurious Behaviour (Since Last Visit),480
C-SSRS Since Last Visit: 13. Has Subject Engaged #1,Staff Initials:,480
C-SSRS Since Last Visit: 14. Interrupted Attempt #1,Interrupted Attempt (Since Last Visit),481
C-SSRS Since Last Visit: 14. Interrupted Attempt #1,"When the person is interrupted (by an outside circumstance) from starting the potentially self- injurious act (if not for that, actual attempt would have occurred). Overdose: Person has pills in hand but is stopped from ingesting. Once they ingest any pills, this becomes an attempt rather than an interrupted attempt. Shooting: Person has gun pointed towards self, gun is taken away by someone else, or he/she is somehow prevented from pulling trigger. Once they pull the trigger, even if the gun fails to fire, it is an attempt. Jumping: Person is poised to jump, is grabbed and taken down from ledge. Hanging: Person has noose around neck but has not yet started to hang - is stopped from doing so. (Has there been a time when you started to do something to end your life but someone or something stopped you before you actually did anything?)",481
C-SSRS Since Last Visit: 14. Interrupted Attempt #1,Staff Initials:,481
C-SSRS Since Last Visit: 14. Interrupted Attempt #1,Comment:,481
C-SSRS Since Last Visit: 14. Total Number of Interrupted #1,Total Number of Interrupted,481
C-SSRS Since Last Visit: 14. Total Number of Interrupted #1,Staff Initials:,481
C-SSRS Since Last Visit: 14. Total Number of Interrupted #1,Comment:,481
C-SSRS Since Last Visit: 15. Aborted Attempt #1,Aborted Attempt (Since Last Visit),481
C-SSRS Since Last Visit: 15. Aborted Attempt #1,"When person begins to take steps towards making a suicide attempt, but stops themselves before they actually have engaged in any self-destructive behaviour. Examples are similar to interrupted attempts, except that the individual stops him/herself instead of being stopped by something else. (Has there been a time when you started to do something to try to end your life but you stopped yourself before you actually did anything?)",481
C-SSRS Since Last Visit: 15. Total Number of Aborted #1,Total Number of Aborted,482
C-SSRS Since Last Visit: 15. Total Number of Aborted #1,"Acts or preparation towards imminently making a suicide attempt. This can include anything beyond a verbalisation or thought, such as assembling a specific method (e.g. buying pills, purchasing a gun) or preparing for one's death by suicide (e.g. giving things away, writing a suicide note). (Have you taken any steps towards making a suicide attempt or preparing to kill yourself (such as collecting pills, getting a gun, giving valuables away or writing a suicide note)?)",482
C-SSRS Since Last Visit: 15. Total Number of Aborted #1,Staff Initials:,482
C-SSRS Since Last Visit: 15. Total Number of Aborted #1,Comment:,482
C-SSRS Since Last Visit: 16. Preparatory Acts or Behaviour #1,Preparatory Acts or Behaviour (Since Last Visit),482
C-SSRS Since Last Visit: 16. Preparatory Acts or Behaviour #1,"Acts or preparation towards imminently making a suicide attempt. This can include anything beyond a verbalisation or thought, such as assembling a specific method (e.g. buying pills, purchasing a gun) or preparing for one's death by suicide (e.g. giving things away, writing a suicide note). (Have you taken any steps towards making a suicide attempt or preparing to kill yourself (such as collecting pills, getting a gun, giving valuables away or writing a suicide note)?)",482
C-SSRS Since Last Visit: 16. Preparatory Acts or Behaviour #1,Staff Initials:,482
C-SSRS Since Last Visit: 16. Preparatory Acts or Behaviour #1,Comment:,482
C-SSRS Since Last Visit: 17. Suicidal Behaviour #1,Suicidal Behaviour (Since Last Visit),482
C-SSRS Since Last Visit: 17. Suicidal Behaviour #1,Suicidal behaviour was present during the assessment period?,482
C-SSRS Since Last Visit: 17. Suicidal Behaviour #1,Staff Initials:,482
C-SSRS Since Last Visit: 18. Suicide #1,Suicide (Since Last Visit),483
C-SSRS Since Last Visit: 18. Suicide #1,Staff Initials:,483
C-SSRS Since Last Visit: 18. Suicide #1,Comment:,483
C-SSRS Since Last Visit: 19. Most Lethal Attempt Date #1,Most Lethal Attempt Date,483
C-SSRS Since Last Visit: 19. Most Lethal Attempt Date #1,Staff Initials:,483
C-SSRS Since Last Visit: 19. Most Lethal Attempt Date #1,Comment:,483
C-SSRS Since Last Visit: 19. Actual Lethality Most Lethal Attempt #1,Actual Lethality/Medical Damage - Most Lethal Attempt,483
C-SSRS Since Last Visit: 19. Actual Lethality Most Lethal Attempt #1,Staff Initials:,483
C-SSRS Since Last Visit: 19. Potential Lethality Most Lethal Attempt #1,Potential Lethality - Most Lethal Attempt Code (only answer if Actual Lethality = 0),484
C-SSRS Since Last Visit: 19. Potential Lethality Most Lethal Attempt #1,Staff Initials:,484
C-SSRS Since Last Visit: 19. Potential Lethality Most Lethal Attempt #1,Comment:,484
Discharge Procedures: Trial Participation Card #1,Confirm participant has been provided with a Trial Participation Card,484
Discharge Procedures: Trial Participation Card #1,Staff Initials:,484
Discharge Procedures: Trial Participation Card #1,Comment:,484
Discharge Procedures: ICF in Volunteer Folder #1,"Is the signed copy of the participant's ICF present in their volunteer folder? (If 'No', escalate immediately)",484
Discharge Procedures: ICF in Volunteer Folder #1,Staff Initials:,484
Discharge Procedures: ICF in Volunteer Folder #1,Comment:,484
Discharge Procedures: Bag Search #1,Bag search performed?,485
Discharge Procedures: Bag Search #1,Staff Initials:,485
Discharge Procedures: Bag Search #1,Comment:,485
Discharge Procedures: Informed of Restrictions #1,"Has volunteer been reminded of the restrictions, below?",485
Discharge Procedures: Informed of Restrictions #1,"Due to the unavailability of phototoxic data, participants will be advised to minimize exposure to sunlight by spending a reduced amount of time outdoors/remaining inside the clinical unit during the residential periods of the study wearing sunglasses and clothing that minimizes exposure to sunlight and using sun cream on exposed areas when going outdoors. They will also be advised not to use sunbeds. This restriction will be advised from first dose until 7 days post- final dose.",485
Discharge Procedures: Informed of Restrictions #1,"Sexually active males will commit to utilizing 2 different approved methods of birth control during the trial and for 90 days plus 5 half-lives (ie, 92 days) after the last dose of IMP, or will remain abstinent for the same period of time.",485
Discharge Procedures: Informed of Restrictions #1,"Males will refrain from sperm donation from the screening visit through 90 days plus 5 half-lives (ie, 92 days) after the last dose of IMP.",485
Discharge Procedures: Informed of Restrictions #1,Staff Initials:,485
Discharge Procedures: Informed of Restrictions #1,Comment:,485
Discharge Procedures: AE Discharge Question #1,Have there been any Adverse Events throughout study duration?,485
Discharge Procedures: AE Discharge Question #1,Staff Initials:,485
Discharge Procedures: AE Discharge Question #1,Comment:,485
Discharge Procedures: Discharge by Clinic #1,Confirm that all discharge procedures have been completed and the participant is safe to be discharged.,486
Discharge Procedures: Discharge by Clinic #1,Staff Initials:,486
Discharge Procedures: Discharge by Clinic #1,Comment:,486
Discharge Procedures: Discharge by Medic #1,"As participant has had AE(s) on the study, Medic to confirm that all discharge procedures have been completed and the participant is safe to be discharged.",486
Discharge Procedures: Discharge by Medic #1,Staff Initials:,486
Discharge Procedures: Discharge by Medic #1,Comment:,486
System: Available #1,What is the status of the subject?,486
System: Available #1,Staff Initials:,486
System: Available #1,Comment:,486
Completion: Completed Study #1,Did the participant complete the study?,486
Completion: Completed Study #1,Staff Initials:,486
Completion: Completed Study #1,Comment:,486
Completion: Date of Completion #1,Date participant completed,487
Completion: Date of Completion #1,Staff Initials:,487
Completion: Date of Completion #1,Comment:,487
Completion: Date of Discontinuation #1,Date of discontinuation / withdrawal,487
Completion: Date of Discontinuation #1,Staff Initials:,487
Completion: Date of Discontinuation #1,Comment:,487
Completion: Date of Last Dose #1,Date of Last Dose,487
Completion: Date of Last Dose #1,Staff Initials:,487
Completion: Date of Last Dose #1,Comment:,487
Completion: Date of Last Procedure/Last Contact #1,Date of last study procedure/last contact with participant,487
Completion: Date of Last Procedure/Last Contact #1,Staff Initials:,487
Completion: Date of Last Procedure/Last Contact #1,Comment:,487
Completion: Reason for Discontinuation #1,What was the reason for participant discontinuation?,487
Completion: Reason for Discontinuation #1,Staff Initials:,487
Completion: Reason for Discontinuation #1,Comment:,488
Completion: Specify Reason for Discontinuation #1,"If ""Protocol specific withdrawal criteria"" or “Other” is selected from the Status list, provide the criteria met or verbatim reason.",489
Completion: Specify Reason for Discontinuation #1,Staff Initials:,489
Completion: Specify Reason for Discontinuation #1,Comment:,489
Completion: Date and Time of Death #1,Date and time of death,489
Completion: Date and Time of Death #1,Staff Initials:,489
Completion: Date and Time of Death #1,Comment:,489
Completion: Date and Time of Death #1,Time (HH:mm),489
