form_name,field_name,page
Admission Restrictions,Staff Initials:,1
Admission Restrictions,Comment:,1
Admission Restrictions,Has the participant's photographic and wristband ID been verified and wristband applied to,1
Admission Restrictions,Bag search performed?,1
Admission Restrictions,Answer(s):,1
Admission Restrictions,"If restricted items removed, record items here",1
Admission Restrictions,(9999 char. max.),1
Admission Restrictions,Has the ICF version been checked?,1
Admission Restrictions,Signed ICF Version / Date,1
Admission Restrictions,Date (dd-MMM-yyyy) Version (##.0),1
Admission Restrictions,Staff Initials:,2
Admission Restrictions,Comment:,2
Admission Restrictions,Has it been more than 20 days since the Screening visit?,2
Admission Restrictions,Has the participant consumed any alcohol within 48 hours (72hrs prior to dosing) prior to,2
Admission Restrictions,"If consumed; date, time and number of units",2
Admission Restrictions,Time (HH:mm) No of Units units (##),2
Admission Restrictions,Date (dd-MMM-yyyy) Time (HH:mm) No of Units units (##),2
Admission Restrictions,Has the participant consumed food and beverages containing methylxanthines (caffeinated,2
Admission Restrictions,Staff Initials:,3
Admission Restrictions,Comment:,3
Admission Restrictions,"Has participant consumed food or beverages containing pomelo, grapefruit, grapefruit juice,",3
Admission Restrictions,Has the participant consumed any food containing poppy seeds within 48 hours prior to,3
Admission Restrictions,Has the participant had strenuous activity (e.g. weightlifting) within 72 hours prior to Admission,3
Admission Restrictions,Has the participant use of tobacco products or experience daily exposure to second-hand,3
Prompts,Staff Initials:,3
Prompts,Comment:,3
Prompts,Staff Initials:,4
Prompts,Comment:,4
Prompts,Update Medical History where appropriate.,4
Admission Restrictions,Staff Initials:,4
Admission Restrictions,Comment:,4
Admission Restrictions,Has the participant taken any new medication since the screening visit?,4
Urinalysis,Staff Initials:,4
Urinalysis,Comment:,4
Urinalysis,"What was the bilirubin result? If any positive result, inform medic/PI. (Perform urinalysis and",4
Urinalysis,Comment:,5
Urinalysis,Staff Initials:,5
Urinalysis,"What was the urobilinogen result? If any positive result, inform medic/PI. (Perform urinalysis",5
Urinalysis,"What was the ketone result? If any positive result, inform medic/PI. (Perform urinalysis and",5
Urinalysis,Staff Initials:,6
Urinalysis,Comment:,6
Urinalysis,"What was the glucose result? If any positive result, inform medic/PI. (Perform urinalysis and",6
Urinalysis,What was the protein result?,6
Urinalysis,Staff Initials:,7
Urinalysis,Comment:,7
Urinalysis,What was the nitrite result? (Perform urinalysis and read results),7
Urinalysis,Comment:,8
Urinalysis,Staff Initials:,8
Urinalysis,Record specific gravity of sample (Perform urinalysis and read results),8
Urinalysis,Comment:,9
Urinalysis,Staff Initials:,9
Urinalysis,"Is participant female and menstruating? (If 'Yes', DO NOT send sample for Microscopy. If 'No',",9
Urinalysis,Confirm sample sent for microscopy (Complete associated paperwork),9
Urinalysis,Has urinalysis been repeated as soon as possible with a clean catch specimen?,9
Urinalysis,Staff Initials:,10
Urinalysis,Comment:,10
Urinalysis,Confirm TDL form completed:,10
Urinalysis,Has there been a medic review of the Microscopy results?,10
Urine Drug Screen,Staff Initials:,10
Urine Drug Screen,Comment:,10
Urine Drug Screen,Drugs of abuse - Amphetamines (AMP),10
Urine Drug Screen,Staff Initials:,11
Urine Drug Screen,Comment:,11
Urine Drug Screen,Drugs of abuse - Benzodiazepines (BZO),11
Urine Drug Screen,Drugs of abuse - Methadone (MTD),11
Urine Drug Screen,Drugs of abuse - Tricyclic Antidepressants (TCA),11
Urine Drug Screen,Staff Initials:,12
Urine Drug Screen,Comment:,12
Urine Drug Screen,Drugs of abuse - Morphine/Opiates (MOP),12
Urine Drug Screen,Drugs of abuse - Methamphetamine/Ecstasy (MET),12
Urine Drug Screen,Drugs of abuse - Phencyclidine (PCP),12
Urine Drug Screen,Staff Initials:,13
Urine Drug Screen,Comment:,13
Safety,Staff Initials:,13
Safety,Comment:,13
Safety,Urine Cotinine test - please ensure study specific tests are used,13
Safety,Comment:,14
Safety,Staff Initials:,14
Breath Tests,Staff Initials:,14
Breath Tests,Comment:,14
Breath Tests,Alcohol breath test (Positive result > 0.02),14
Anthropometrics,Staff Initials:,14
Anthropometrics,Comment:,14
Anthropometrics,kg (#00.0),14
ECG,Staff Initials:,15
ECG,Comment:,15
ECG,"Exclude if - QT interval corrected for heart rate using Fridericia’s formula (QTcF) >450 msec for male participants or >470 msec for female participants, QRS interval >120 msec, or PR interval >200 msec. (Supine for a minimum 3 minutes)",15
ECG,PR interval ms (##0),15
ECG,QRS Duration ms (##0),15
ECG,QT interval ms (##0),15
ECG,QRS Axis deg (###0),15
ECG,RR interval ms (###0),15
ECG,QTcF ms (##0),15
ECG,Ventricular Rate beats/min (##0),15
ECG,ECG Rhythm assessment and interpretation,15
ECG,Comment:,16
ECG,Staff Initials:,16
ECG,(500 char. max.),16
Vital Signs,Staff Initials:,17
Vital Signs,Comment:,17
Vital Signs,Vital Signs,17
Vital Signs,Diastolic mmHg (##0),17
Vital Signs,Heart Rate beats/min (##0),17
Vital Signs,Respiratory Rate breaths/mi (##0),17
Vital Signs,Oral Temperature Degrees Celsius C (##.0),17
Vital Signs,Systolic mmHg (##0),17
Vital Signs,Clinical Assessment of Vital Signs (Medic or Nurse to assess vital signs),17
Vital Signs,Open Field (200 char. max.),17
Vital Signs Standing,Staff Initials:,18
Vital Signs Standing,Comment:,18
Vital Signs Standing,Vital Signs Standing BP and HR,18
Vital Signs Standing,Diastolic mmHg (##0),18
Vital Signs Standing,Heart Rate beats/min (##0),18
Vital Signs Standing,Systolic mmHg (##0),18
Vital Signs Standing,Is there a drop in SYSTOLIC BP from supine to standing?,18
Vital Signs Standing 2,Staff Initials:,18
Vital Signs Standing 2,Comment:,18
Vital Signs Standing 2,Is there a drop in DIASTOLIC BP from supine to standing?,18
Vital Signs Difference,Staff Initials:,19
Vital Signs Difference,Comment:,19
Vital Signs Difference,Systolic Drop mmHg (####),19
Vital Signs Difference,Diastolic Drop mmHg (####),19
Vital Signs Standing,Staff Initials:,19
Vital Signs Standing,Comment:,19
Vital Signs Standing,Clinical Assessment of Standing Vital Signs (Medic or Nurse to assess vital signs),19
Vital Signs Standing,Open Field (200 char. max.),19
Safety,Staff Initials:,19
Whole Blood,Comment:,20
Whole Blood,Staff Initials:,20
Whole Blood,Has the optional Future Biospecimen Research Sample been consented to and can be collected?,20
Safety,Staff Initials:,20
Safety,Comment:,20
Safety,Has there been a medic review of the Haematology blood results?,20
Safety,Staff Initials:,21
Safety,Comment:,21
Safety,Confirm TDL form completed:,21
Targeted Physical Examination Findings,Staff Initials:,21
Targeted Physical Examination Findings,Comment:,21
Targeted Physical Examination Findings,Targeted Physical Examination: Does the participant require a targeted physical examination?,21
Targeted Physical Examination Findings,Yes (Specify) (50 char. max.) (Activates Line,21
Targeted Physical Examination Findings,Staff Initials:,22
Targeted Physical Examination Findings,Comment:,22
Targeted Physical Examination Findings,findings? #1,22
Targeted Physical Examination Findings,Physical Examination Category,22
Targeted Physical Examination Findings,Comment:,23
Targeted Physical Examination Findings,Staff Initials:,23
Targeted Physical Examination Findings,(500 char. max.),23
Neurological Examination,Staff Initials:,23
Neurological Examination,Comment:,23
Neurological Examination,Was a neurological examination performed?,23
Neurological Examination,Mental Status,23
Neurological Examination,Comment:,24
Neurological Examination,Staff Initials:,24
Neurological Examination,Motor Systems,24
Neurological Examination,Reflexes,24
Neurological Examination,Staff Initials:,25
Neurological Examination,Comment:,25
Neurological Examination,Co-ordination,25
Neurological Examination,Staff Initials:,26
Neurological Examination,Comment:,26
Neurological Examination,Station and Gait,26
Neurological Examination,(500 char. max.),26
Stanford Sleepiness Scale,Staff Initials:,26
Stanford Sleepiness Scale,Answer(s):,26
Stanford Sleepiness Scale,Comment:,26
Stanford Sleepiness Scale,Stanford Sleepiness Scale Questionnaire - Date and Time (Transcribe from paper source,26
Stanford Sleepiness Scale,Date (dd-MMM-yyyy),26
Stanford Sleepiness Scale,Time (HH:mm),26
C-SSRS Assessment,Comment:,27
C-SSRS Assessment,Staff Initials:,27
C-SSRS Assessment,Answer(s):,27
C-SSRS Assessment,C-SSRS Questionnaire - Date and Time (Transcribe from C-SSRS paper source workbook),27
C-SSRS Assessment,Date (dd-MMM-yyyy),27
C-SSRS Assessment,Time (HH:mm),27
C-SSRS Since Last Visit,Staff Initials:,28
C-SSRS Since Last Visit,Comment:,28
C-SSRS Since Last Visit,1. Wish to be dead,28
C-SSRS Since Last Visit,Yes (Specify) (500 char. max.) (Activates,28
C-SSRS Since Last Visit,2. Non-specific Active Suicidal Thoughts,28
C-SSRS Since Last Visit,Staff Initials:,29
C-SSRS Since Last Visit,Comment:,29
C-SSRS Since Last Visit,3. Active Suicidal Ideation with Any Methods (Not Plan) Without Intent to Act,29
C-SSRS Since Last Visit,Yes (Specify) (500 char. max.),29
C-SSRS Since Last Visit,"4. Active Suicidal Ideation with Some Intent to Act, without Specific Plan",29
C-SSRS Since Last Visit,Staff Initials:,30
C-SSRS Since Last Visit,Comment:,30
C-SSRS Since Last Visit,5. Active Suicidal Ideation with Specific Plan and Intent,30
C-SSRS Since Last Visit,Yes (Specify) (500 char. max.),30
C-SSRS Since Last Visit,Open Field (500 char. max.),30
C-SSRS Since Last Visit,Comment:,31
C-SSRS Since Last Visit,Staff Initials:,31
C-SSRS Since Last Visit,Duration,31
C-SSRS Since Last Visit,Controllability,31
C-SSRS Since Last Visit,Comment:,32
C-SSRS Since Last Visit,Staff Initials:,32
C-SSRS Since Last Visit,Deterrents,32
C-SSRS Since Last Visit,Comment:,33
C-SSRS Since Last Visit,Staff Initials:,34
C-SSRS Since Last Visit,Comment:,34
C-SSRS Since Last Visit,Actual Attempt (Since Last Visit),34
C-SSRS Since Last Visit,as a way to end your life? Did you want to die (even a little) when you ? Were you trying to end your life when you ? Or did you think it was possible you could have died from ?),34
C-SSRS Since Last Visit,Yes (Specify) (500 char. max.) (Activates,34
C-SSRS Since Last Visit,Comment:,35
C-SSRS Since Last Visit,Staff Initials:,35
C-SSRS Since Last Visit,Interrupted Attempt (Since Last Visit),35
C-SSRS Since Last Visit,Yes (Specify) (500 char. max.),35
C-SSRS Since Last Visit,Comment:,36
C-SSRS Since Last Visit,Yes (Specify) (500 char. max.),36
C-SSRS Since Last Visit,Staff Initials:,36
C-SSRS Since Last Visit,Number (#0),36
C-SSRS Since Last Visit,Preparatory Acts or Behaviour (Since Last Visit),36
C-SSRS Since Last Visit,Comment:,37
C-SSRS Since Last Visit,Staff Initials:,37
C-SSRS Since Last Visit,Suicide (Since Last Visit),37
C-SSRS Since Last Visit,Yes (Specify) (500 char. max.),37
C-SSRS Since Last Visit,Date (dd-MMM-yyyy),37
C-SSRS Since Last Visit,Actual Lethality/Medical Damage - Most Lethal Attempt,37
C-SSRS Since Last Visit,Comment:,38
C-SSRS Since Last Visit,Staff Initials:,38
C-SSRS Since Last Visit,Potential Lethality - Most Lethal Attempt Code,38
Meals,Staff Initials:,38
Meals,Comment:,38
Meals,Confirm Evening Snack Provided,38
System,Staff Initials:,38
Admission and Discharge,Comment:,39
Admission and Discharge,Staff Initials:,39
Pre-dose Triplicate ECG 1,Staff Initials:,39
Pre-dose Triplicate ECG 1,Comment:,39
Pre-dose Triplicate ECG 1,PRE-DOSE Triplicate ECG 1: 12 Lead Standard ECG,39
Pre-dose Triplicate ECG 1,PR interval ms (##0),39
Pre-dose Triplicate ECG 1,QRS Duration ms (##0),39
Pre-dose Triplicate ECG 1,QT interval ms (##0),39
Pre-dose Triplicate ECG 1,QRS Axis deg (###0),39
Pre-dose Triplicate ECG 1,RR Interval ms (###0),39
Pre-dose Triplicate ECG 1,QTcF ms (##0),39
Pre-dose Triplicate ECG 1,Ventricular Rate beats/min (##0),39
Pre-dose Triplicate ECG 1,Comment:,40
Pre-dose Triplicate ECG 1,Staff Initials:,40
Pre-dose Triplicate ECG 1,PRE-DOSE Triplicate ECG 1: Was the ECG clinically significant? (Medic to assess),40
Pre-dose Triplicate ECG 1,(500 char. max.),40
Pre-dose Triplicate ECG 2,Staff Initials:,40
Pre-dose Triplicate ECG 2,Comment:,41
Pre-dose Triplicate ECG 2,PR interval ms (##0),41
Pre-dose Triplicate ECG 2,QRS Duration ms (##0),41
Pre-dose Triplicate ECG 2,QT interval ms (##0),41
Pre-dose Triplicate ECG 2,QRS Axis deg (###0),41
Pre-dose Triplicate ECG 2,RR Interval ms (###0),41
Pre-dose Triplicate ECG 2,QTcF ms (##0),41
Pre-dose Triplicate ECG 2,Staff Initials:,41
Pre-dose Triplicate ECG 2,PRE-DOSE Triplicate ECG 2: ECG Rhythm assessment and interpretation,41
Pre-dose Triplicate ECG 2,Staff Initials:,42
Pre-dose Triplicate ECG 2,Comment:,42
Pre-dose Triplicate ECG 2,PRE-DOSE Triplicate ECG 2: Was the ECG clinically significant? (Medic to assess),42
Pre-dose Triplicate ECG 2,(500 char. max.),42
Pre-dose Triplicate ECG 3,Staff Initials:,42
Pre-dose Triplicate ECG 3,PRE-DOSE Triplicate ECG 3: 12 Lead Standard ECG (To be performed at least 2 minutes after,42
Pre-dose Triplicate ECG 3,PR interval ms (##0),42
Pre-dose Triplicate ECG 3,QRS Duration ms (##0),42
Pre-dose Triplicate ECG 3,QT interval ms (##0),42
Pre-dose Triplicate ECG 3,Ventricular Rate beats/min (##0),42
Pre-dose Triplicate ECG 3,Comment:,43
Pre-dose Triplicate ECG 3,RR Interval ms (###0),43
Pre-dose Triplicate ECG 3,QTcF ms (##0),43
Pre-dose Triplicate ECG 3,Staff Initials:,43
Pre-dose Triplicate ECG 3,PRE-DOSE Triplicate ECG 3: ECG Rhythm assessment and interpretation,43
Pre-dose Triplicate ECG 3,PRE-DOSE Triplicate ECG 3: Was the ECG clinically significant? (Medic to assess),43
Pre-dose Triplicate ECG 3,Staff Initials:,44
Pre-dose Triplicate ECG 3,Comment:,44
Pre-dose Triplicate ECG 3,(500 char. max.),44
Mean Values,Staff Initials:,44
Mean Values,Comment:,44
Mean Values,PRE-DOSE - Mean values,44
Mean Values,QRS Duration ms (##0),44
Mean Values,QTcF ms (##0),44
Mean Values,PR interval ms (##0),44
ECG Difference,Staff Initials:,44
ECG Difference,Comment:,44
ECG Difference,QTcF ms (##0),44
Pre-dose Vital Signs,Staff Initials:,45
Pre-dose Vital Signs,Comment:,45
Pre-dose Vital Signs,"Exclude if - Systolic blood pressure [SBP] >140 mmHg or diastolic blood pressure [DBP] >90 mmHg in the supine position. Supine heart rate, after resting for at least 3 minutes, outside the range of 50 to 100 beats per minute. (Supine for at least 3 minutes)",45
Pre-dose Vital Signs,Diastolic mmHg (##0),45
Pre-dose Vital Signs,Heart Rate beats/min (##0),45
Pre-dose Vital Signs,Respiratory Rate breaths/mi (##0),45
Pre-dose Vital Signs,Oral Temperature Degrees Celsius C (##.0),45
Pre-dose Vital Signs,Systolic mmHg (##0),45
Pre-dose Vital Signs,PRE-DOSE - Clinical Assessment of Vital Signs (Medic or Nurse to assess vital signs),45
Pre-dose Vital Signs,Open Field (200 char. max.),45
Pre-dose Vital Signs Standing,Staff Initials:,46
Pre-dose Vital Signs Standing,Comment:,46
Pre-dose Vital Signs Standing,Diastolic mmHg (##0),46
Pre-dose Vital Signs Standing,Heart Rate beats/min (##0),46
Pre-dose Vital Signs Standing,Systolic mmHg (##0),46
Pre-dose Vital Signs Standing,PRE-DOSE - Is there a drop in SYSTOLIC BP from supine to standing?,46
Pre-dose Vital Signs Standing 2,Staff Initials:,46
Pre-dose Vital Signs Standing 2,Comment:,46
Pre-dose Vital Signs Standing 2,PRE-DOSE - Is there a drop in DIASTOLIC BP from supine to standing?,46
Pre-dose Vital Signs Difference,Staff Initials:,46
Pre-dose Vital Signs Difference,Comment:,46
Pre-dose Vital Signs Difference,Systolic mmHg (####),46
Pre-dose Vital Signs Standing,Staff Initials:,47
Pre-dose Vital Signs Standing,Comment:,47
Pre-dose Vital Signs Standing,Diastolic mmHg (####),47
Pre-dose Vital Signs Standing,PRE-DOSE - Clinical Assessment of Vital Signs (Medic or Nurse to assess vital signs),47
Pre-dose Vital Signs Standing,Open Field (200 char. max.),47
Predose Targeted Physical Examination,Staff Initials:,47
Predose Targeted Physical Examination,Comment:,47
Predose Targeted Physical Examination,PRE-DOSE - Targeted Physical Examination: Does the participant require a targeted physical,47
Predose Targeted Physical Examination,Yes (Specify) (50 char. max.) (Activates Line,47
Predose Targeted Physical Examination,Staff Initials:,48
Predose Targeted Physical Examination,Comment:,48
Predose Targeted Physical Examination,PRE-DOSE - Physical Examination Category,48
Predose Targeted Physical Examination,Other (Specify) (40 char. max.),48
Targeted Neurological Examination,Staff Initials:,49
Targeted Neurological Examination,Comment:,49
Targeted Neurological Examination,(500 char. max.),49
Targeted Neurological Examination,PREDOSE - Targeted Neurological Examination: Does the participant require a targeted,49
Targeted Neurological Examination,Yes (Specify) (50 char. max.) (Activates Line,49
Targeted Neurological Examination,Targeted Neurological Examination Category,49
Targeted Neurological Examination,Comment:,50
Targeted Neurological Examination,Other (Specify) (40 char. max.),50
Targeted Neurological Examination,Staff Initials:,50
Targeted Neurological Examination,(500 char. max.),50
Inclusion,Staff Initials:,50
Inclusion,Comment:,50
Inclusion,"Inclusion 1. Male or NCBP female participants between 18 and 55 years of age, inclusive.",50
Inclusion,Staff Initials:,51
Inclusion,Comment:,51
Inclusion,Inclusion 2. BMI from 18.0 to 32.0 kg/m2 (inclusive).,51
Inclusion,Inclusion 3. In good health as determined by:,51
Inclusion,Staff Initials:,52
Inclusion,Comment:,52
Inclusion,Inclusion 4. Sexually active males who:,52
Inclusion,"Inclusion 5. Female participants who are surgically sterile (ie, have undergone bilateral",52
Exclusion,Staff Initials:,53
Exclusion,Comment:,53
Exclusion,"Inclusion 6. Ability to provide written, informed consent prior to initiation of any trial-related",53
Exclusion,Exclusion 1. Non-English speakers and those with language or hearing impairments will not,53
Exclusion,Exclusion 2. Participants who are breast-feeding and/or who have a positive pregnancy test,53
Exclusion,Comment:,54
Exclusion,Staff Initials:,54
Exclusion,Exclusion 4. History of drug and/or alcohol abuse within 2 years prior to screening.,54
Exclusion,Exclusion 5. History of or current hepatitis or acquired immunodeficiency syndrome or carriers,54
Exclusion,Staff Initials:,55
Exclusion,Comment:,55
Exclusion,Exclusion 6. History of any significant drug allergy or known or suspected hypersensitivity to any,55
Exclusion,Exclusion 7. A positive urine or breath alcohol test or urine drug screen for substances of abuse,55
Exclusion,Exclusion 8. Any history of significant bleeding or hemorrhagic tendencies.,55
Exclusion,Exclusion 9. A history of difficulty in donating blood.,55
Exclusion,Staff Initials:,56
Exclusion,Comment:,56
Exclusion,Exclusion 10. The donation of blood or plasma within 30 days prior to the first dose of IMP.,56
Exclusion,Exclusion 11. Participants having taken an investigational drug within 90 days prior to first dose.,56
Exclusion,"Exclusion 12. Use of prescription, over-the-counter, herbal medications, or vitamin supplements",56
Exclusion,Staff Initials:,57
Exclusion,Comment:,57
Exclusion,Exclusion 13. Exposure to any substances known to stimulate hepatic microsomal enzymes,57
Exclusion,Exclusion 14. Use of tobacco products or daily exposure to second-hand smoke within 2 months,57
Exclusion,"Exclusion 15. Participants presenting with, or having a history of, uncontrolled hypertension",57
Exclusion,Staff Initials:,58
Exclusion,Comment:,58
Exclusion,"outside the range of 50 to 100 beats per minute. The sponsor may allow exceptions if the results are not considered to be clinically significant; however, this will need to be approved by the medical monitor. Note: If the first hear rate measurement is abnormal, it can be repeated at the investigator’s discretion, in which case a third (confirmatory) measurement may also be required.",58
Exclusion,Exclusion 17. History of unexplained syncope.,58
Exclusion,Exclusion 18. Abnormal ECG findings at screening or check-in including QT interval corrected for,58
Exclusion,Staff Initials:,59
Exclusion,Comment:,59
Exclusion,Exclusion 19. Personal or family history of sudden death or long QT syndrome.,59
Exclusion,"Exclusion 20. History of serious mental disorders that, in the opinion of the investigator, would",59
Exclusion,Exclusion 21. Participants with no permanent place of residence.,59
Exclusion,"Exclusion 22. Any participant who, in the opinion of the investigator, should not participate in",59
Exclusion,Staff Initials:,60
Exclusion,Comment:,60
Exclusion,Exclusion 23. Previous exposure to OPC-224333.,60
Exclusion,Exclusion 24. Consumption of alcohol and/or food and beverages containing methylxanthines,60
Exclusion,Exclusion 25. Participants with active suicidal ideation or suicidal behavior within the last 6,60
Exclusion,Comment:,61
Exclusion,Staff Initials:,61
Exclusion,Exclusion 27. Participant has any significant primary sleep disorder. Participants with known,61
Exclusion,"Exclusion 28. Participants with abnormal liver function and or hepatic impairment, defined as",61
Exclusion,IU/L (##0),61
Exclusion,Staff Initials:,62
Exclusion,Comment:,62
Exclusion,IU/L (##0),62
Exclusion,umol/L (##0),62
Sign In,Staff Initials:,62
Sign In,Comment:,62
Sign In,I confirm that the relevant admission criteria have been reviewed and the participant is eligible,62
Sign In,Staff Initials:,63
Sign In,Comment:,63
Sign In,What was the final Admission outcome?,63
Sign In,"If no, add reason for rejection",63
Sign In,Exclusion Criteria (50 char. max.),63
Sign In,Other (specify) (200 char. max.),63
Sign In,Inclusion Criteria (50 char. max.),63
Outcome Admission,Staff Initials:,63
Outcome Admission,Comment:,63
Outcome Admission,Date (dd-MMM-yyyy),63
PK Samples,Staff Initials:,63
PK Samples,Comment:,63
AE/CM Surveys,Staff Initials:,64
AE/CM Surveys,Comment:,64
Exposure,Staff Initials:,64
Exposure,Comment:,64
Exposure,I confirm that the inclusion/exclusion criteria and all relevant pre dose assessments have been,64
Exposure x,Staff Initials:,64
Exposure x,Comment:,64
Exposure x,Prandial state,64
Exposure x,Has the participant fasted for 10 hours prior to breakfast?,64
Meals,Staff Initials:,65
Meals,Comment:,65
Meals,Total amount of breakfast consumed,65
Meals,(500 char. max.),65
Meals,PI to authorise. Full meal must be consumed to proceed with dosing.,65
Exposure,Staff Initials:,66
Exposure,Comment:,66
Exposure,Has the participant refrained from drinking water for at least 1 hour prior to dosing?,66
Exposure,Has the participant fasted for 10 hours prior to dosing?,66
Exposure,Comment:,67
Exposure,Staff Initials:,67
Exposure,Pre dose blood draws for PK and PGx samples taken?,67
Exposure,Have all required pre dose procedures been completed?,67
Exposure,Is the participant eligible to dose?,67
Exposure,Enter the product details,67
Exposure,Treatment (25 char. max.),67
Exposure,Dose Level mg (#0),67
Exposure,Randomisation Number (00000),67
Exposure,Comment:,68
Exposure,Batch Number (25 char. max.),68
Exposure,Container Number (##0),68
Exposure,Staff Initials:,68
Exposure,Does the Product label match the Instruction to Dispense and Dose?,68
Exposure,Staff Initials:,69
Exposure,Comment:,69
Exposure,Has the participant been provided with 240 mL of water?,69
Exposure,Has a hand and mouth check been performed?,69
Exposure,Has the participant been reminded to refrain from water for 2 hours post-dose?,69
Exposure x,Staff Initials:,69
Exposure x,Comment:,69
Exposure x,Has the participant been advised to minimise exposure to sunlight from dosing for at least 7,69
System,Staff Initials:,70
System,Comment:,70
System,Confirm dosing is complete (Operator to complete (switch user)),70
System,What is the status of the subject?,70
ECG Difference,Staff Initials:,70
ECG Difference,Comment:,70
ECG Difference,QTcF ms (##0),70
PK Samples,Staff Initials:,70
PK Samples,Comment:,70
AE/CM Surveys,Staff Initials:,70
AE/CM Surveys,Comment:,70
AE/CM Surveys,Staff Initials:,71
AE/CM Surveys,Comment:,71
Stanford Sleepiness Scale,Staff Initials:,71
Stanford Sleepiness Scale,Answer(s):,71
Stanford Sleepiness Scale,Comment:,71
Stanford Sleepiness Scale,Stanford Sleepiness Scale Questionnaire - Date and Time (Transcribe from paper source,71
Stanford Sleepiness Scale,Date (dd-MMM-yyyy),71
Stanford Sleepiness Scale,Time (HH:mm),71
Stanford Sleepiness Scale,Degree of Sleepiness,71
ECG,Comment:,72
ECG,Staff Initials:,72
ECG,12 Lead Standard ECG,72
ECG,PR interval ms (##0),72
ECG,QRS Duration ms (##0),72
ECG,QT interval ms (##0),72
ECG,QRS Axis deg (###0),72
ECG,RR interval ms (###0),72
ECG,QTcF ms (##0),72
ECG,Ventricular Rate beats/min (##0),72
ECG,ECG Rhythm assessment and interpretation,72
ECG,Comment:,73
ECG,Staff Initials:,73
ECG,Was the ECG clinically significant? (Medic to assess),73
ECG,(500 char. max.),73
ECG Difference,Staff Initials:,73
ECG Difference,Comment:,73
ECG Difference,QTcF ms (##0),73
AE/CM Surveys,Staff Initials:,74
AE/CM Surveys,Comment:,74
Exposure,Staff Initials:,74
Exposure,Comment:,74
Exposure,Has the participant been provided with water 2 hrs post-dose?,74
Stanford Sleepiness Scale,Staff Initials:,74
Stanford Sleepiness Scale,Answer(s):,74
Stanford Sleepiness Scale,Comment:,74
Stanford Sleepiness Scale,Stanford Sleepiness Scale Questionnaire - Date and Time (Transcribe from paper source,74
Stanford Sleepiness Scale,Date (dd-MMM-yyyy),74
Stanford Sleepiness Scale,Time (HH:mm),74
Stanford Sleepiness Scale,Degree of Sleepiness,74
Vital Signs,Comment:,75
Vital Signs,Staff Initials:,75
Vital Signs,Vital Signs,75
Vital Signs,Diastolic mmHg (##0),75
Vital Signs,Heart Rate beats/min (##0),75
Vital Signs,Respiratory Rate breaths/mi (##0),75
Vital Signs,Oral Temperature Degrees Celsius C (##.0),75
Vital Signs,Systolic mmHg (##0),75
Vital Signs,Staff Initials:,76
Vital Signs,Comment:,76
Vital Signs,Clinical Assessment of Vital Signs (Medic or Nurse to assess vital signs),76
Vital Signs,Open Field (200 char. max.),76
Vital Signs Standing,Staff Initials:,76
Vital Signs Standing,Comment:,76
Vital Signs Standing,Vital Signs Standing BP and HR (Standing for at least 3 minutes),76
Vital Signs Standing,Diastolic mmHg (##0),76
Vital Signs Standing,Heart Rate beats/min (##0),76
Vital Signs Standing,Systolic mmHg (##0),76
Vital Signs Standing 2,Staff Initials:,77
Vital Signs Standing 2,Comment:,77
Vital Signs Standing 2,Is there a drop in SYSTOLIC BP from supine to standing?,77
Vital Signs Standing 2,Is there a drop in DIASTOLIC BP from supine to standing?,77
Vital Signs Difference,Staff Initials:,77
Vital Signs Difference,Comment:,77
Vital Signs Difference,Systolic Drop mmHg (####),77
Vital Signs Difference,Diastolic Drop mmHg (####),77
Vital Signs Standing,Staff Initials:,77
Vital Signs Standing,Comment:,78
Vital Signs Standing,Staff Initials:,78
Vital Signs Standing,Open Field (200 char. max.),78
PK Samples,Staff Initials:,78
PK Samples,Comment:,78
AE/CM Surveys,Staff Initials:,78
AE/CM Surveys,Comment:,78
Meals,Staff Initials:,78
Meals,Comment:,78
Meals,Confirm Lunch Provided,78
AE/CM Surveys,Staff Initials:,79
AE/CM Surveys,Comment:,79
PK Samples,Staff Initials:,79
PK Samples,Comment:,79
Vital Signs,Comment:,80
Vital Signs,Diastolic mmHg (##0),80
Vital Signs,Heart Rate beats/min (##0),80
Vital Signs,Respiratory Rate breaths/mi (##0),80
Vital Signs,Oral Temperature Degrees Celsius C (##.0),80
Vital Signs,Systolic mmHg (##0),80
Vital Signs,Staff Initials:,80
Vital Signs,Clinical Assessment of Vital Signs (Medic or Nurse to assess vital signs),80
Vital Signs,Open Field (200 char. max.),80
Vital Signs Standing,Staff Initials:,80
Vital Signs Standing,Comment:,81
Vital Signs Standing,Diastolic mmHg (##0),81
Vital Signs Standing,Heart Rate beats/min (##0),81
Vital Signs Standing,Staff Initials:,81
Vital Signs Standing,Is there a drop in SYSTOLIC BP from supine to standing?,81
Vital Signs Standing 2,Staff Initials:,81
Vital Signs Standing 2,Comment:,81
Vital Signs Standing 2,Is there a drop in DIASTOLIC BP from supine to standing?,81
Vital Signs Difference,Staff Initials:,81
Vital Signs Difference,Comment:,81
Vital Signs Difference,Systolic Drop mmHg (####),81
Vital Signs Standing,Staff Initials:,82
Vital Signs Standing,Comment:,82
Vital Signs Standing,Diastolic Drop mmHg (####),82
Vital Signs Standing,Clinical Assessment of Standing Vital Signs (Medic or Nurse to assess vital signs),82
Vital Signs Standing,Open Field (200 char. max.),82
PK Samples,Staff Initials:,82
PK Samples,Comment:,82
AE/CM Surveys,Staff Initials:,82
AE/CM Surveys,Comment:,82
Stanford Sleepiness Scale,Staff Initials:,83
Stanford Sleepiness Scale,Answer(s):,83
Stanford Sleepiness Scale,Comment:,83
Stanford Sleepiness Scale,Stanford Sleepiness Scale Questionnaire - Date and Time (Transcribe from paper source,83
Stanford Sleepiness Scale,Date (dd-MMM-yyyy),83
Stanford Sleepiness Scale,Time (HH:mm),83
Stanford Sleepiness Scale,Degree of Sleepiness,83
PK Samples,Staff Initials:,83
PK Samples,Comment:,83
Vital Signs,Staff Initials:,84
Vital Signs,Comment:,84
Vital Signs,Vital Signs,84
Vital Signs,Diastolic mmHg (##0),84
Vital Signs,Heart Rate beats/min (##0),84
Vital Signs,Respiratory Rate breaths/mi (##0),84
Vital Signs,Oral Temperature Degrees Celsius C (##.0),84
Vital Signs,Systolic mmHg (##0),84
Vital Signs,Clinical Assessment of Vital Signs (Medic or Nurse to assess vital signs),84
Vital Signs Standing,Staff Initials:,85
Vital Signs Standing,Comment:,85
Vital Signs Standing,Open Field (200 char. max.),85
Vital Signs Standing,Vital Signs Standing BP and HR (Standing for at least 3 minutes),85
Vital Signs Standing,Diastolic mmHg (##0),85
Vital Signs Standing,Heart Rate beats/min (##0),85
Vital Signs Standing,Systolic mmHg (##0),85
Vital Signs Standing,Is there a drop in SYSTOLIC BP from supine to standing?,85
Vital Signs Standing 2,Staff Initials:,85
Vital Signs Standing 2,Comment:,85
Vital Signs Standing 2,Is there a drop in DIASTOLIC BP from supine to standing?,85
Vital Signs Difference,Staff Initials:,86
Vital Signs Difference,Comment:,86
Vital Signs Difference,Systolic Drop mmHg (####),86
Vital Signs Difference,Diastolic Drop mmHg (####),86
Vital Signs Standing,Staff Initials:,86
Vital Signs Standing,Comment:,86
Vital Signs Standing,Clinical Assessment of Standing Vital Signs (Medic or Nurse to assess vital signs),86
Vital Signs Standing,Open Field (200 char. max.),86
AE/CM Surveys,Staff Initials:,87
AE/CM Surveys,Comment:,87
Meals,Staff Initials:,87
Meals,Comment:,87
Meals,Confirm Dinner Provided,87
ECG,Staff Initials:,87
ECG,12 Lead Standard ECG,87
ECG,PR interval ms (##0),87
ECG,QRS Duration ms (##0),87
ECG,QT interval ms (##0),87
ECG,QRS Axis deg (###0),87
ECG,Ventricular Rate beats/min (##0),87
ECG,Comment:,88
ECG,QTcF ms (##0),88
ECG,Staff Initials:,88
ECG,ECG Rhythm assessment and interpretation,88
ECG,Was the ECG clinically significant? (Medic to assess),88
ECG,(500 char. max.),88
ECG Difference,Staff Initials:,89
ECG Difference,Comment:,89
ECG Difference,(500 char. max.),89
ECG Difference,QTcF ms (##0),89
Vital Signs,Staff Initials:,89
Vital Signs,Comment:,89
Vital Signs,Vital Signs,89
Vital Signs,Diastolic mmHg (##0),89
Vital Signs,Heart Rate beats/min (##0),89
Vital Signs,Respiratory Rate breaths/mi (##0),89
Vital Signs,Oral Temperature Degrees Celsius C (##.0),89
Vital Signs,Systolic mmHg (##0),89
Vital Signs,Staff Initials:,90
Vital Signs,Comment:,90
Vital Signs,Clinical Assessment of Vital Signs (Medic or Nurse to assess vital signs),90
Vital Signs,Open Field (200 char. max.),90
Vital Signs Standing,Staff Initials:,90
Vital Signs Standing,Comment:,90
Vital Signs Standing,Vital Signs Standing BP and HR (Standing for at least 3 minutes),90
Vital Signs Standing,Diastolic mmHg (##0),90
Vital Signs Standing,Heart Rate beats/min (##0),90
Vital Signs Standing,Systolic mmHg (##0),90
Vital Signs Standing 2,Staff Initials:,91
Vital Signs Standing 2,Comment:,91
Vital Signs Standing 2,Is there a drop in SYSTOLIC BP from supine to standing?,91
Vital Signs Standing 2,Is there a drop in DIASTOLIC BP from supine to standing?,91
Vital Signs Difference,Staff Initials:,91
Vital Signs Difference,Comment:,91
Vital Signs Difference,Systolic Drop mmHg (####),91
Vital Signs Difference,Diastolic Drop mmHg (####),91
Vital Signs Standing,Staff Initials:,91
Vital Signs Standing,Comment:,92
Vital Signs Standing,Staff Initials:,92
Vital Signs Standing,Open Field (200 char. max.),92
PK Samples,Staff Initials:,92
PK Samples,Comment:,92
AE/CM Surveys,Staff Initials:,92
AE/CM Surveys,Comment:,92
Stanford Sleepiness Scale,Staff Initials:,92
Stanford Sleepiness Scale,Answer(s):,92
Stanford Sleepiness Scale,Comment:,92
Stanford Sleepiness Scale,Stanford Sleepiness Scale Questionnaire - Date and Time (Transcribe from paper source,92
Stanford Sleepiness Scale,Date (dd-MMM-yyyy),92
Stanford Sleepiness Scale,Time (HH:mm),92
Meals,Staff Initials:,93
Meals,Comment:,93
Meals,Confirm Evening Snack Provided,93
PK Samples,Staff Initials:,93
PK Samples,Comment:,93
Urinalysis,Staff Initials:,94
Urinalysis,Comment:,94
Urinalysis,"What was the bilirubin result? If any positive result, inform medic/PI. (Perform urinalysis and",94
Urinalysis,Staff Initials:,95
Urinalysis,Comment:,95
Urinalysis,"What was the urobilinogen result? If any positive result, inform medic/PI. (Perform urinalysis",95
Urinalysis,"What was the ketone result? If any positive result, inform medic/PI. (Perform urinalysis and",95
Urinalysis,Comment:,96
Urinalysis,Staff Initials:,96
Urinalysis,What was the protein result?,96
Urinalysis,Comment:,97
Urinalysis,Staff Initials:,97
Urinalysis,What was the nitrite result? (Perform urinalysis and read results),97
Urinalysis,Record pH value (Perform urinalysis and read results),97
Urinalysis,Comment:,98
Urinalysis,Staff Initials:,98
Urinalysis,Record specific gravity of sample (Perform urinalysis and read results),98
Urinalysis,Staff Initials:,99
Urinalysis,Comment:,99
Urinalysis,What was the leukocyte result? (Perform urinalysis and read results),99
Urinalysis,"Is participant female and menstruating? (If 'Yes', DO NOT send sample for Microscopy. If 'No',",99
Urinalysis,Confirm sample sent for microscopy (Complete associated paperwork),99
Urinalysis,Staff Initials:,100
Urinalysis,Comment:,100
Urinalysis,Has urinalysis been repeated as soon as possible with a clean catch specimen?,100
Urinalysis,Confirm TDL form completed:,100
Urinalysis,Has there been a medic review of the Microscopy results?,100
ECG,Staff Initials:,101
ECG,Comment:,101
ECG,"Exclude if - QT interval corrected for heart rate using Fridericia’s formula (QTcF) >450 msec for male participants or >470 msec for female participants, QRS interval >120 msec, or PR interval >200 msec. (Supine for a minimum 3 minutes)",101
ECG,PR interval ms (##0),101
ECG,QRS Duration ms (##0),101
ECG,QT interval ms (##0),101
ECG,QRS Axis deg (###0),101
ECG,RR interval ms (###0),101
ECG,QTcF ms (##0),101
ECG,Ventricular Rate beats/min (##0),101
ECG,ECG Rhythm assessment and interpretation,101
ECG,Comment:,102
ECG,Staff Initials:,102
ECG,(500 char. max.),102
ECG Difference,Staff Initials:,102
ECG Difference,Comment:,102
ECG Difference,QTcF ms (##0),102
Vital Signs,Staff Initials:,102
Vital Signs,Answer(s):,102
Vital Signs,Vital Signs,102
Vital Signs,Systolic mmHg (##0),102
Vital Signs,Diastolic mmHg (##0),102
Vital Signs,Comment:,103
Vital Signs,Respiratory Rate breaths/mi (##0),103
Vital Signs,Oral Temperature Degrees Celsius C (##.0),103
Vital Signs,Staff Initials:,103
Vital Signs,Clinical Assessment of Vital Signs (Medic or Nurse to assess vital signs),103
Vital Signs,Open Field (200 char. max.),103
Vital Signs Standing,Staff Initials:,104
Vital Signs Standing,Comment:,104
Vital Signs Standing,Vital Signs Standing BP and HR (Standing for at least 3 minutes),104
Vital Signs Standing,Diastolic mmHg (##0),104
Vital Signs Standing,Heart Rate beats/min (##0),104
Vital Signs Standing,Systolic mmHg (##0),104
Vital Signs Standing,Is there a drop in SYSTOLIC BP from supine to standing?,104
Vital Signs Standing 2,Staff Initials:,104
Vital Signs Standing 2,Comment:,104
Vital Signs Standing 2,Is there a drop in DIASTOLIC BP from supine to standing?,104
Vital Signs Difference,Staff Initials:,104
Vital Signs Difference,Comment:,104
Vital Signs Difference,Systolic Drop mmHg (####),104
Vital Signs Standing,Staff Initials:,105
Vital Signs Standing,Comment:,105
Vital Signs Standing,Diastolic Drop mmHg (####),105
Vital Signs Standing,Clinical Assessment of Standing Vital Signs (Medic or Nurse to assess vital signs),105
Vital Signs Standing,Open Field (200 char. max.),105
Safety,Staff Initials:,105
Safety,Comment:,105
Safety,Has the participant fasted for 8 hours?,105
Safety,Staff Initials:,106
Safety,Comment:,106
Safety,Has there been a medic review of the Haematology blood results?,106
Safety,Has there been a medic review of the Clinical Chemistry blood results?,106
PK Samples,Staff Initials:,107
PK Samples,Comment:,107
PK Samples,Confirm TDL form completed:,107
AE/CM Surveys,Staff Initials:,107
AE/CM Surveys,Comment:,107
Stanford Sleepiness Scale,Staff Initials:,107
Stanford Sleepiness Scale,Answer(s):,107
Stanford Sleepiness Scale,Comment:,107
Stanford Sleepiness Scale,Stanford Sleepiness Scale Questionnaire - Date and Time (Transcribe from paper source,107
Stanford Sleepiness Scale,Date (dd-MMM-yyyy),107
Stanford Sleepiness Scale,Time (HH:mm),107
PK Samples,Comment:,108
PK Samples,Staff Initials:,108
AE/CM Surveys,Staff Initials:,108
AE/CM Surveys,Comment:,108
Vital Signs,Staff Initials:,109
Vital Signs,Comment:,109
Vital Signs,Vital Signs,109
Vital Signs,Diastolic mmHg (##0),109
Vital Signs,Heart Rate beats/min (##0),109
Vital Signs,Respiratory Rate breaths/mi (##0),109
Vital Signs,Oral Temperature Degrees Celsius C (##.0),109
Vital Signs,Systolic mmHg (##0),109
Vital Signs,Clinical Assessment of Vital Signs (Medic or Nurse to assess vital signs),109
Vital Signs Standing,Staff Initials:,110
Vital Signs Standing,Comment:,110
Vital Signs Standing,Open Field (200 char. max.),110
Vital Signs Standing,Vital Signs Standing BP and HR (Standing for at least 3 minutes),110
Vital Signs Standing,Diastolic mmHg (##0),110
Vital Signs Standing,Heart Rate beats/min (##0),110
Vital Signs Standing,Systolic mmHg (##0),110
Vital Signs Standing,Is there a drop in SYSTOLIC BP from supine to standing?,110
Vital Signs Standing 2,Staff Initials:,110
Vital Signs Standing 2,Comment:,110
Vital Signs Standing 2,Is there a drop in DIASTOLIC BP from supine to standing?,110
Vital Signs Difference,Staff Initials:,111
Vital Signs Difference,Comment:,111
Vital Signs Difference,Systolic Drop mmHg (####),111
Vital Signs Difference,Diastolic Drop mmHg (####),111
Vital Signs Standing,Staff Initials:,111
Vital Signs Standing,Comment:,111
Vital Signs Standing,Clinical Assessment of Standing Vital Signs (Medic or Nurse to assess vital signs),111
Vital Signs Standing,Open Field (200 char. max.),111
AE/CM Surveys,Staff Initials:,112
AE/CM Surveys,Comment:,112
C-SSRS Assessment,Staff Initials:,112
C-SSRS Assessment,Answer(s):,112
C-SSRS Assessment,Comment:,112
C-SSRS Assessment,C-SSRS Questionnaire - Date and Time (Transcribe from C-SSRS paper source workbook),112
C-SSRS Assessment,Date (dd-MMM-yyyy),112
C-SSRS Assessment,Time (HH:mm),112
C-SSRS Since Last Visit,Staff Initials:,112
C-SSRS Since Last Visit,Comment:,112
C-SSRS Since Last Visit,1. Wish to be dead,112
C-SSRS Since Last Visit,Yes (Specify) (500 char. max.) (Activates,112
C-SSRS Since Last Visit,Staff Initials:,113
C-SSRS Since Last Visit,Comment:,113
C-SSRS Since Last Visit,"General non-specific thoughts of wanting to end one's life / commit suicide (e.g. ""I've thought about killing myself"") without thoughts of ways to kill oneself / associated methods, intent, or plan during the assessment period. (Have you actually had any thoughts of killing yourself?)",113
C-SSRS Since Last Visit,Yes (Specify) (500 char. max.) (Activates,113
C-SSRS Since Last Visit,3. Active Suicidal Ideation with Any Methods (Not Plan) Without Intent to Act,113
C-SSRS Since Last Visit,Yes (Specify) (500 char. max.),113
C-SSRS Since Last Visit,"4. Active Suicidal Ideation with Some Intent to Act, without Specific Plan",113
C-SSRS Since Last Visit,Staff Initials:,114
C-SSRS Since Last Visit,Comment:,114
C-SSRS Since Last Visit,5. Active Suicidal Ideation with Specific Plan and Intent,114
C-SSRS Since Last Visit,Yes (Specify) (500 char. max.),114
C-SSRS Since Last Visit,Staff Initials:,115
C-SSRS Since Last Visit,Comment:,115
C-SSRS Since Last Visit,Frequency,115
C-SSRS Since Last Visit,Duration,115
C-SSRS Since Last Visit,Comment:,116
C-SSRS Since Last Visit,Staff Initials:,116
C-SSRS Since Last Visit,Deterrents,116
C-SSRS Since Last Visit,Staff Initials:,117
C-SSRS Since Last Visit,Comment:,117
C-SSRS Since Last Visit,"(What sort of reasons did you have for thinking about wanting to die or killing yourself? Was it to end the pain or stop the way you were feeling (in other words you couldn't go on living with this pain or how you were feeling) or was it to get attention, revenge or a reaction from others? Or both?)",117
C-SSRS Since Last Visit,Staff Initials:,118
C-SSRS Since Last Visit,Comment:,118
C-SSRS Since Last Visit,"A potentially self-injurious act committed with at least some wish to die, as a result of act. Behaviour was in part thought of as method to kill oneself. Intent does not have to be 100%. If there is any intent/desire to die associated with the act, then it can be considered an actual suicide attempt. There does not have to be any injury or harm, just the potential for injury or harm. If person pulls trigger while gun is in mouth but gun is broken so no injury results, this is considered an attempt. Inferring Intent: Even if an individual denies intent/wish to die, it may be inferred clinically from the behaviour or circumstances. For example, a highly lethal act that is clearly not an accident so no other intent but suicide can be inferred (e.g. gunshot to head, jumping from window of a high floor/storey). Also, if someone denies intent to die, but they thought that what they did could be lethal, intent maybe inferred. (Have you made a suicide attempt? Have you done anything to harm yourself? Have you done anything dangerous where you could have died? (What did you do? Did you ___ as a way to end your life? Did you want to die (even a little) when you___? Were you trying to end your life when you___? Or did you think it was possible you could have died from___?) Or did you do it purely for other reasons / without ANY intention of killing yourself (like to relieve stress, feel better, get sympathy, or get something else to happen)? (Self-Injurious Behaviour without suicidal intent))",118
C-SSRS Since Last Visit,as a way to end your life? Did you want to die (even a little) when you ? Were you trying to end your life when you ? Or did you think it was possible you could have died from ?),118
C-SSRS Since Last Visit,Yes (Specify) (500 char. max.) (Activates,118
C-SSRS Since Last Visit,Staff Initials:,119
C-SSRS Since Last Visit,Comment:,119
C-SSRS Since Last Visit,Has subject engaged in Non-Suicidal Self-Injurious Behaviour (Since Last Visit),119
C-SSRS Since Last Visit,Yes (Specify) (500 char. max.),119
C-SSRS Since Last Visit,Interrupted Attempt (Since Last Visit),119
C-SSRS Since Last Visit,Staff Initials:,120
C-SSRS Since Last Visit,Comment:,120
C-SSRS Since Last Visit,"When person begins to take steps towards making a suicide attempt, but stops themselves before they actually have engaged in any self-destructive behaviour. Examples are similar to interrupted attempts, except that the individual stops him/herself instead of being stopped by something else. (Has there been a time when you started to do something to try to end your life but you stopped yourself before you actually did anything?)",120
C-SSRS Since Last Visit,Yes (Specify) (500 char. max.),120
C-SSRS Since Last Visit,Number (#0),120
C-SSRS Since Last Visit,Staff Initials:,121
C-SSRS Since Last Visit,Comment:,121
C-SSRS Since Last Visit,Preparatory Acts or Behaviour (Since Last Visit),121
C-SSRS Since Last Visit,Yes (Specify) (500 char. max.),121
C-SSRS Since Last Visit,Suicidal Behaviour (Since Last Visit),121
C-SSRS Since Last Visit,Suicide (Since Last Visit),121
C-SSRS Since Last Visit,Staff Initials:,122
C-SSRS Since Last Visit,Comment:,122
C-SSRS Since Last Visit,Date (dd-MMM-yyyy),122
C-SSRS Since Last Visit,Actual Lethality/Medical Damage - Most Lethal Attempt,122
Meals,Staff Initials:,123
Meals,Comment:,123
Meals,Potential Lethality - Most Lethal Attempt Code,123
Meals,Confirm Evening Snack Provided,123
Pre-dose Triplicate ECG 1,Staff Initials:,123
Pre-dose Triplicate ECG 1,Ventricular Rate beats/min (##0),123
Pre-dose Triplicate ECG 1,Comment:,124
Pre-dose Triplicate ECG 1,QRS Duration ms (##0),124
Pre-dose Triplicate ECG 1,QT interval ms (##0),124
Pre-dose Triplicate ECG 1,QRS Axis deg (###0),124
Pre-dose Triplicate ECG 1,RR Interval ms (###0),124
Pre-dose Triplicate ECG 1,QTcF ms (##0),124
Pre-dose Triplicate ECG 1,Staff Initials:,124
Pre-dose Triplicate ECG 1,PRE-DOSE Triplicate ECG 1: ECG Rhythm assessment and interpretation,124
Pre-dose Triplicate ECG 1,PRE-DOSE Triplicate ECG 1: Was the ECG clinically significant? (Medic to assess),124
Pre-dose Triplicate ECG 1,Staff Initials:,125
Pre-dose Triplicate ECG 1,Comment:,125
Pre-dose Triplicate ECG 1,(500 char. max.),125
Pre-dose Triplicate ECG 2,Staff Initials:,125
Pre-dose Triplicate ECG 2,Comment:,125
Pre-dose Triplicate ECG 2,PRE-DOSE Triplicate ECG 2: 12 Lead Standard ECG (To be performed at least 2 minutes after,125
Pre-dose Triplicate ECG 2,PR interval ms (##0),125
Pre-dose Triplicate ECG 2,QRS Duration ms (##0),125
Pre-dose Triplicate ECG 2,QT interval ms (##0),125
Pre-dose Triplicate ECG 2,QRS Axis deg (###0),125
Pre-dose Triplicate ECG 2,RR Interval ms (###0),125
Pre-dose Triplicate ECG 2,QTcF ms (##0),125
Pre-dose Triplicate ECG 2,Ventricular Rate beats/min (##0),125
Pre-dose Triplicate ECG 2,Comment:,126
Pre-dose Triplicate ECG 2,Staff Initials:,126
Pre-dose Triplicate ECG 2,PRE-DOSE Triplicate ECG 2: Was the ECG clinically significant? (Medic to assess),126
Pre-dose Triplicate ECG 2,(500 char. max.),126
Pre-dose Triplicate ECG 3,Comment:,127
Pre-dose Triplicate ECG 3,PR interval ms (##0),127
Pre-dose Triplicate ECG 3,QRS Duration ms (##0),127
Pre-dose Triplicate ECG 3,QT interval ms (##0),127
Pre-dose Triplicate ECG 3,QRS Axis deg (###0),127
Pre-dose Triplicate ECG 3,RR Interval ms (###0),127
Pre-dose Triplicate ECG 3,QTcF ms (##0),127
Pre-dose Triplicate ECG 3,Ventricular Rate beats/min (##0),127
Pre-dose Triplicate ECG 3,Staff Initials:,127
Pre-dose Triplicate ECG 3,PRE-DOSE Triplicate ECG 3: ECG Rhythm assessment and interpretation,127
Pre-dose Triplicate ECG 3,Staff Initials:,128
Pre-dose Triplicate ECG 3,Comment:,128
Pre-dose Triplicate ECG 3,PRE-DOSE Triplicate ECG 3: Was the ECG clinically significant? (Medic to assess),128
Pre-dose Triplicate ECG 3,(500 char. max.),128
ECG Difference,Staff Initials:,129
ECG Difference,Comment:,129
ECG Difference,PRE-DOSE - Mean values,129
ECG Difference,QRS Duration ms (##0),129
ECG Difference,QTcF ms (##0),129
ECG Difference,PR interval ms (##0),129
Pre-dose Vital Signs,Staff Initials:,129
Pre-dose Vital Signs,Comment:,129
Pre-dose Vital Signs,PRE-DOSE - Vital Signs (Supine for at least 3 minutes),129
Pre-dose Vital Signs,Diastolic mmHg (##0),129
Pre-dose Vital Signs,Heart Rate beats/min (##0),129
Pre-dose Vital Signs,Respiratory Rate breaths/mi (##0),129
Pre-dose Vital Signs,Oral Temperature Degrees Celsius C (##.0),129
Pre-dose Vital Signs,Systolic mmHg (##0),129
Pre-dose Vital Signs,Staff Initials:,130
Pre-dose Vital Signs,Comment:,130
Pre-dose Vital Signs,PRE-DOSE - Clinical Assessment of Vital Signs (Medic or Nurse to assess vital signs),130
Pre-dose Vital Signs,Open Field (200 char. max.),130
Pre-dose Vital Signs Standing,Staff Initials:,130
Pre-dose Vital Signs Standing,Comment:,130
Pre-dose Vital Signs Standing,PRE-DOSE - Vital Signs (Standing),130
Pre-dose Vital Signs Standing,Diastolic mmHg (##0),130
Pre-dose Vital Signs Standing,Heart Rate beats/min (##0),130
Pre-dose Vital Signs Standing,Systolic mmHg (##0),130
Pre-dose Vital Signs Standing 2,Staff Initials:,131
Pre-dose Vital Signs Standing 2,Comment:,131
Pre-dose Vital Signs Standing 2,PRE-DOSE - Is there a drop in SYSTOLIC BP from supine to standing?,131
Pre-dose Vital Signs Standing 2,PRE-DOSE - Is there a drop in DIASTOLIC BP from supine to standing?,131
Pre-dose Vital Signs Difference,Staff Initials:,131
Pre-dose Vital Signs Difference,Comment:,131
Pre-dose Vital Signs Difference,Systolic mmHg (####),131
Pre-dose Vital Signs Difference,Diastolic mmHg (####),131
Pre-dose Vital Signs Standing,Staff Initials:,131
Pre-dose Vital Signs Standing,Comment:,132
Pre-dose Vital Signs Standing,Staff Initials:,132
Pre-dose Vital Signs Standing,Open Field (200 char. max.),132
PK Samples,Staff Initials:,132
PK Samples,Comment:,132
AE/CM Surveys,Staff Initials:,132
AE/CM Surveys,Comment:,132
Exposure,Staff Initials:,132
Exposure,Comment:,132
Exposure,I confirm that the participant continues to be eligible to participate in this clinical study.,132
Exposure x,Staff Initials:,132
Exposure x,Comment:,133
Exposure x,Staff Initials:,133
Exposure x,Has the participant fasted for 10 hours prior to breakfast?,133
Meals,Staff Initials:,133
Meals,Comment:,133
Meals,Total amount of breakfast consumed,133
Meals,Staff Initials:,134
Meals,Comment:,134
Meals,(500 char. max.),134
Meals,PI to authorise. Full meal must be consumed to proceed with dosing.,134
Exposure,Staff Initials:,134
Exposure,Comment:,134
Exposure,Staff Initials:,135
Exposure,Comment:,135
Exposure,Has the participant refrained from drinking water for at least 1 hour prior to dosing?,135
Exposure,Has the participant fasted for 10 hours prior to dosing?,135
Exposure,"Has the participant consumed breakfast per the protocol requirements, over 20 minutes and",135
Exposure,Pre dose blood draws for PK sample taken?,135
Exposure,Staff Initials:,136
Exposure,Comment:,136
Exposure,Have all required pre dose procedures been completed?,136
Exposure,Is the participant eligible to dose?,136
Exposure,Enter the product details,136
Exposure,Treatment (25 char. max.),136
Exposure,Dose Level mg (#0),136
Exposure,Number of tablets/capsules to be administered (#0),136
Exposure,Batch Number (25 char. max.),136
Exposure,Container Number (##0),136
Exposure,Randomisation Number (00000),136
Exposure,Staff Initials:,137
Exposure,Comment:,137
Exposure,Does the Product label match the Instruction to Dispense and Dose?,137
Exposure,Has the participant been provided with 240 mL of water?,137
Exposure,Has a hand and mouth check been performed?,137
Exposure x,Staff Initials:,138
Exposure x,Comment:,138
Exposure x,Has the participant been reminded to refrain from water for 2 hours post-dose?,138
Exposure x,Has the participant been advised to minimise exposure to sunlight from dosing for at least 7,138
Exposure,Staff Initials:,138
Exposure,Comment:,138
Exposure,Confirm dosing is complete (Operator to complete (switch user)),138
System,Staff Initials:,138
System,Comment:,138
System,What is the status of the subject?,138
AE/CM Surveys,Staff Initials:,139
AE/CM Surveys,Comment:,139
PK Samples,Staff Initials:,139
PK Samples,Comment:,139
Stanford Sleepiness Scale,Staff Initials:,139
Stanford Sleepiness Scale,Answer(s):,139
Stanford Sleepiness Scale,Comment:,139
Stanford Sleepiness Scale,Stanford Sleepiness Scale Questionnaire - Date and Time (Transcribe from paper source,139
Stanford Sleepiness Scale,Date (dd-MMM-yyyy),139
Stanford Sleepiness Scale,Time (HH:mm),139
Stanford Sleepiness Scale,Comment:,140
ECG,Staff Initials:,141
ECG,Comment:,141
ECG,12 Lead Standard ECG,141
ECG,PR interval ms (##0),141
ECG,QRS Duration ms (##0),141
ECG,QT interval ms (##0),141
ECG,QRS Axis deg (###0),141
ECG,RR interval ms (###0),141
ECG,QTcF ms (##0),141
ECG,Ventricular Rate beats/min (##0),141
ECG,ECG Rhythm assessment and interpretation,141
ECG,Staff Initials:,142
ECG,Comment:,142
ECG,(500 char. max.),142
ECG Difference,Staff Initials:,142
ECG Difference,Comment:,142
ECG Difference,QTcF ms (##0),142
PK Samples,Staff Initials:,142
PK Samples,Comment:,142
Exposure,Staff Initials:,143
Exposure,Comment:,143
Exposure,Has the participant been provided with water 2 hrs post-dose?,143
Stanford Sleepiness Scale,Staff Initials:,143
Stanford Sleepiness Scale,Answer(s):,143
Stanford Sleepiness Scale,Comment:,143
Stanford Sleepiness Scale,Stanford Sleepiness Scale Questionnaire - Date and Time (Transcribe from paper source,143
Stanford Sleepiness Scale,Date (dd-MMM-yyyy),143
Stanford Sleepiness Scale,Time (HH:mm),143
Stanford Sleepiness Scale,Degree of Sleepiness,143
Targeted Physical Examination Findings,Comment:,144
Targeted Physical Examination Findings,Staff Initials:,144
Targeted Physical Examination Findings,Targeted Physical Examination: Does the participant require a targeted physical examination?,144
Targeted Physical Examination Findings,Yes (Specify) (50 char. max.) (Activates Line,144
Targeted Physical Examination Findings,Physical Examination Category,144
Targeted Physical Examination Findings,Comment:,145
Targeted Physical Examination Findings,Other (Specify) (40 char. max.),145
Targeted Physical Examination Findings,Staff Initials:,145
Targeted Physical Examination Findings,(500 char. max.),145
Targeted Neurological Examination,Staff Initials:,146
Targeted Neurological Examination,Comment:,146
Targeted Neurological Examination,Targeted Neurological Examination: Does the participant require a targeted neurological,146
Targeted Neurological Examination,Yes (Specify) (50 char. max.) (Activates Line,146
Targeted Neurological Examination,Targeted Neurological Examination Category,146
Targeted Neurological Examination,Comment:,147
Targeted Neurological Examination,Other (Specify) (40 char. max.),147
Targeted Neurological Examination,Staff Initials:,147
Targeted Neurological Examination,(500 char. max.),147
Vital Signs,Staff Initials:,147
Vital Signs,Comment:,147
Vital Signs,Vital Signs,147
Vital Signs,Diastolic mmHg (##0),147
Vital Signs,Heart Rate beats/min (##0),147
Vital Signs,Respiratory Rate breaths/mi (##0),147
Vital Signs,Oral Temperature Degrees Celsius C (##.0),147
Vital Signs,Systolic mmHg (##0),147
Vital Signs,Staff Initials:,148
Vital Signs,Comment:,148
Vital Signs,Clinical Assessment of Vital Signs (Medic or Nurse to assess vital signs),148
Vital Signs,Open Field (200 char. max.),148
Vital Signs Standing,Staff Initials:,148
Vital Signs Standing,Comment:,148
Vital Signs Standing,Vital Signs Standing BP and HR (Standing for at least 3 minutes),148
Vital Signs Standing,Diastolic mmHg (##0),148
Vital Signs Standing,Heart Rate beats/min (##0),148
Vital Signs Standing,Systolic mmHg (##0),148
Vital Signs Standing 2,Staff Initials:,149
Vital Signs Standing 2,Comment:,149
Vital Signs Standing 2,Is there a drop in SYSTOLIC BP from supine to standing?,149
Vital Signs Standing 2,Is there a drop in DIASTOLIC BP from supine to standing?,149
Vital Signs Difference,Staff Initials:,149
Vital Signs Difference,Comment:,149
Vital Signs Difference,Systolic Drop mmHg (####),149
Vital Signs Difference,Diastolic Drop mmHg (####),149
Vital Signs Standing,Staff Initials:,149
Vital Signs Standing,Comment:,150
Vital Signs Standing,Staff Initials:,150
Vital Signs Standing,Open Field (200 char. max.),150
PK Samples,Staff Initials:,150
PK Samples,Comment:,150
AE/CM Surveys,Staff Initials:,150
AE/CM Surveys,Comment:,150
Meals,Staff Initials:,150
Meals,Comment:,150
Meals,Confirm Lunch Provided,150
AE/CM Surveys,Staff Initials:,151
AE/CM Surveys,Comment:,151
PK Samples,Staff Initials:,151
PK Samples,Comment:,151
Vital Signs,Comment:,152
Vital Signs,Diastolic mmHg (##0),152
Vital Signs,Heart Rate beats/min (##0),152
Vital Signs,Respiratory Rate breaths/mi (##0),152
Vital Signs,Oral Temperature Degrees Celsius C (##.0),152
Vital Signs,Systolic mmHg (##0),152
Vital Signs,Staff Initials:,152
Vital Signs,Clinical Assessment of Vital Signs (Medic or Nurse to assess vital signs),152
Vital Signs,Open Field (200 char. max.),152
Vital Signs Standing,Staff Initials:,152
Vital Signs Standing,Comment:,153
Vital Signs Standing,Diastolic mmHg (##0),153
Vital Signs Standing,Heart Rate beats/min (##0),153
Vital Signs Standing,Staff Initials:,153
Vital Signs Standing,Is there a drop in SYSTOLIC BP from supine to standing?,153
Vital Signs Standing 2,Staff Initials:,153
Vital Signs Standing 2,Comment:,153
Vital Signs Standing 2,Is there a drop in DIASTOLIC BP from supine to standing?,153
Vital Signs Difference,Staff Initials:,153
Vital Signs Difference,Comment:,153
Vital Signs Difference,Systolic Drop mmHg (####),153
Vital Signs Standing,Staff Initials:,154
Vital Signs Standing,Comment:,154
Vital Signs Standing,Diastolic Drop mmHg (####),154
Vital Signs Standing,Clinical Assessment of Standing Vital Signs (Medic or Nurse to assess vital signs),154
Vital Signs Standing,Open Field (200 char. max.),154
PK Samples,Staff Initials:,154
PK Samples,Comment:,154
AE/CM Surveys,Staff Initials:,154
AE/CM Surveys,Comment:,154
Stanford Sleepiness Scale,Staff Initials:,155
Stanford Sleepiness Scale,Answer(s):,155
Stanford Sleepiness Scale,Comment:,155
Stanford Sleepiness Scale,Stanford Sleepiness Scale Questionnaire - Date and Time (Transcribe from paper source,155
Stanford Sleepiness Scale,Date (dd-MMM-yyyy),155
Stanford Sleepiness Scale,Time (HH:mm),155
Stanford Sleepiness Scale,Degree of Sleepiness,155
PK Samples,Staff Initials:,155
PK Samples,Comment:,155
Vital Signs,Staff Initials:,156
Vital Signs,Comment:,156
Vital Signs,Vital Signs,156
Vital Signs,Diastolic mmHg (##0),156
Vital Signs,Heart Rate beats/min (##0),156
Vital Signs,Respiratory Rate breaths/mi (##0),156
Vital Signs,Oral Temperature Degrees Celsius C (##.0),156
Vital Signs,Systolic mmHg (##0),156
Vital Signs,Clinical Assessment of Vital Signs (Medic or Nurse to assess vital signs),156
Vital Signs Standing,Staff Initials:,157
Vital Signs Standing,Comment:,157
Vital Signs Standing,Open Field (200 char. max.),157
Vital Signs Standing,Vital Signs Standing BP and HR (Standing for at least 3 minutes),157
Vital Signs Standing,Diastolic mmHg (##0),157
Vital Signs Standing,Heart Rate beats/min (##0),157
Vital Signs Standing,Systolic mmHg (##0),157
Vital Signs Standing,Is there a drop in SYSTOLIC BP from supine to standing?,157
Vital Signs Standing 2,Staff Initials:,157
Vital Signs Standing 2,Comment:,157
Vital Signs Standing 2,Is there a drop in DIASTOLIC BP from supine to standing?,157
Vital Signs Difference,Staff Initials:,158
Vital Signs Difference,Comment:,158
Vital Signs Difference,Systolic Drop mmHg (####),158
Vital Signs Difference,Diastolic Drop mmHg (####),158
Vital Signs Standing,Staff Initials:,158
Vital Signs Standing,Comment:,158
Vital Signs Standing,Clinical Assessment of Standing Vital Signs (Medic or Nurse to assess vital signs),158
Vital Signs Standing,Open Field (200 char. max.),158
AE/CM Surveys,Staff Initials:,159
AE/CM Surveys,Comment:,159
Meals,Staff Initials:,159
Meals,Comment:,159
Meals,Confirm Dinner Provided,159
ECG,Staff Initials:,159
ECG,12 Lead Standard ECG,159
ECG,PR interval ms (##0),159
ECG,QRS Duration ms (##0),159
ECG,QT interval ms (##0),159
ECG,QRS Axis deg (###0),159
ECG,Ventricular Rate beats/min (##0),159
ECG,Comment:,160
ECG,QTcF ms (##0),160
ECG,Staff Initials:,160
ECG,ECG Rhythm assessment and interpretation,160
ECG,Was the ECG clinically significant? (Medic to assess),160
ECG,(500 char. max.),160
ECG Difference,Staff Initials:,161
ECG Difference,Comment:,161
ECG Difference,(500 char. max.),161
ECG Difference,QTcF ms (##0),161
Vital Signs,Staff Initials:,161
Vital Signs,Comment:,161
Vital Signs,Vital Signs,161
Vital Signs,Diastolic mmHg (##0),161
Vital Signs,Heart Rate beats/min (##0),161
Vital Signs,Respiratory Rate breaths/mi (##0),161
Vital Signs,Oral Temperature Degrees Celsius C (##.0),161
Vital Signs,Systolic mmHg (##0),161
Vital Signs,Staff Initials:,162
Vital Signs,Comment:,162
Vital Signs,Clinical Assessment of Vital Signs (Medic or Nurse to assess vital signs),162
Vital Signs,Open Field (200 char. max.),162
Vital Signs Standing,Staff Initials:,162
Vital Signs Standing,Comment:,162
Vital Signs Standing,Vital Signs Standing BP and HR (Standing for at least 3 minutes),162
Vital Signs Standing,Diastolic mmHg (##0),162
Vital Signs Standing,Heart Rate beats/min (##0),162
Vital Signs Standing,Systolic mmHg (##0),162
Vital Signs Standing 2,Staff Initials:,163
Vital Signs Standing 2,Comment:,163
Vital Signs Standing 2,Is there a drop in SYSTOLIC BP from supine to standing?,163
Vital Signs Standing 2,Is there a drop in DIASTOLIC BP from supine to standing?,163
Vital Signs Difference,Staff Initials:,163
Vital Signs Difference,Comment:,163
Vital Signs Difference,Systolic Drop mmHg (####),163
Vital Signs Difference,Diastolic Drop mmHg (####),163
Vital Signs Standing,Staff Initials:,163
Vital Signs Standing,Comment:,164
Vital Signs Standing,Staff Initials:,164
Vital Signs Standing,Open Field (200 char. max.),164
PK Samples,Staff Initials:,164
PK Samples,Comment:,164
AE/CM Surveys,Staff Initials:,164
AE/CM Surveys,Comment:,164
Stanford Sleepiness Scale,Staff Initials:,164
Stanford Sleepiness Scale,Answer(s):,164
Stanford Sleepiness Scale,Comment:,164
Stanford Sleepiness Scale,Stanford Sleepiness Scale Questionnaire - Date and Time (Transcribe from paper source,164
Stanford Sleepiness Scale,Date (dd-MMM-yyyy),164
Stanford Sleepiness Scale,Time (HH:mm),164
Meals,Staff Initials:,165
Meals,Comment:,165
Meals,Confirm Evening Snack Provided,165
PK Samples,Staff Initials:,165
PK Samples,Comment:,165
Urinalysis,Staff Initials:,166
Urinalysis,Comment:,166
Urinalysis,"What was the bilirubin result? If any positive result, inform medic/PI. (Perform urinalysis and",166
Urinalysis,Staff Initials:,167
Urinalysis,Comment:,167
Urinalysis,"What was the urobilinogen result? If any positive result, inform medic/PI. (Perform urinalysis",167
Urinalysis,"What was the ketone result? If any positive result, inform medic/PI. (Perform urinalysis and",167
Urinalysis,Comment:,168
Urinalysis,Staff Initials:,168
Urinalysis,What was the protein result?,168
Urinalysis,Comment:,169
Urinalysis,Staff Initials:,169
Urinalysis,What was the nitrite result? (Perform urinalysis and read results),169
Urinalysis,Record pH value (Perform urinalysis and read results),169
Urinalysis,Comment:,170
Urinalysis,Staff Initials:,170
Urinalysis,Record specific gravity of sample (Perform urinalysis and read results),170
Urinalysis,Staff Initials:,171
Urinalysis,Comment:,171
Urinalysis,What was the leukocyte result? (Perform urinalysis and read results),171
Urinalysis,"Is participant female and menstruating? (If 'Yes', DO NOT send sample for Microscopy. If 'No',",171
Urinalysis,Confirm sample sent for microscopy (Complete associated paperwork),171
Urinalysis,Staff Initials:,172
Urinalysis,Comment:,172
Urinalysis,Has urinalysis been repeated as soon as possible with a clean catch specimen?,172
Urinalysis,Confirm TDL form completed:,172
Urinalysis,Has there been a medic review of the Microscopy results?,172
ECG,Staff Initials:,173
ECG,Comment:,173
ECG,"Exclude if - QT interval corrected for heart rate using Fridericia’s formula (QTcF) >450 msec for male participants or >470 msec for female participants, QRS interval >120 msec, or PR interval >200 msec. (Supine for a minimum 3 minutes)",173
ECG,PR interval ms (##0),173
ECG,QRS Duration ms (##0),173
ECG,QT interval ms (##0),173
ECG,QRS Axis deg (###0),173
ECG,RR interval ms (###0),173
ECG,QTcF ms (##0),173
ECG,Ventricular Rate beats/min (##0),173
ECG,ECG Rhythm assessment and interpretation,173
ECG,Comment:,174
ECG,Staff Initials:,174
ECG,(500 char. max.),174
ECG Difference,Staff Initials:,174
ECG Difference,Comment:,174
ECG Difference,QTcF ms (##0),174
Vital Signs,Staff Initials:,174
Vital Signs,Answer(s):,174
Vital Signs,Vital Signs,174
Vital Signs,Systolic mmHg (##0),174
Vital Signs,Diastolic mmHg (##0),174
Vital Signs,Comment:,175
Vital Signs,Respiratory Rate breaths/mi (##0),175
Vital Signs,Oral Temperature Degrees Celsius C (##.0),175
Vital Signs,Staff Initials:,175
Vital Signs,Clinical Assessment of Vital Signs (Medic or Nurse to assess vital signs),175
Vital Signs,Open Field (200 char. max.),175
Vital Signs Standing,Staff Initials:,176
Vital Signs Standing,Comment:,176
Vital Signs Standing,Vital Signs Standing BP and HR (Standing for at least 3 minutes),176
Vital Signs Standing,Diastolic mmHg (##0),176
Vital Signs Standing,Heart Rate beats/min (##0),176
Vital Signs Standing,Systolic mmHg (##0),176
Vital Signs Standing,Is there a drop in SYSTOLIC BP from supine to standing?,176
Vital Signs Standing 2,Staff Initials:,176
Vital Signs Standing 2,Comment:,176
Vital Signs Standing 2,Is there a drop in DIASTOLIC BP from supine to standing?,176
Vital Signs Difference,Staff Initials:,176
Vital Signs Difference,Comment:,176
Vital Signs Difference,Systolic Drop mmHg (####),176
Vital Signs Standing,Staff Initials:,177
Vital Signs Standing,Comment:,177
Vital Signs Standing,Diastolic Drop mmHg (####),177
Vital Signs Standing,Clinical Assessment of Standing Vital Signs (Medic or Nurse to assess vital signs),177
Vital Signs Standing,Open Field (200 char. max.),177
Safety,Staff Initials:,177
Safety,Comment:,177
Safety,Has the participant fasted for 8 hours?,177
Safety,Staff Initials:,178
Safety,Comment:,178
Safety,Has there been a medic review of the Haematology blood results?,178
Safety,Has there been a medic review of the Clinical Chemistry blood results?,178
PK Samples,Staff Initials:,179
PK Samples,Comment:,179
PK Samples,Confirm TDL form completed:,179
AE/CM Surveys,Staff Initials:,179
AE/CM Surveys,Comment:,179
Stanford Sleepiness Scale,Staff Initials:,179
Stanford Sleepiness Scale,Answer(s):,179
Stanford Sleepiness Scale,Comment:,179
Stanford Sleepiness Scale,Stanford Sleepiness Scale Questionnaire - Date and Time (Transcribe from paper source,179
Stanford Sleepiness Scale,Date (dd-MMM-yyyy),179
Stanford Sleepiness Scale,Time (HH:mm),179
PK Samples,Comment:,180
PK Samples,Staff Initials:,180
AE/CM Surveys,Staff Initials:,180
AE/CM Surveys,Comment:,180
Vital Signs,Staff Initials:,181
Vital Signs,Comment:,181
Vital Signs,Vital Signs,181
Vital Signs,Diastolic mmHg (##0),181
Vital Signs,Heart Rate beats/min (##0),181
Vital Signs,Respiratory Rate breaths/mi (##0),181
Vital Signs,Oral Temperature Degrees Celsius C (##.0),181
Vital Signs,Systolic mmHg (##0),181
Vital Signs,Clinical Assessment of Vital Signs (Medic or Nurse to assess vital signs),181
Vital Signs Standing,Staff Initials:,182
Vital Signs Standing,Comment:,182
Vital Signs Standing,Open Field (200 char. max.),182
Vital Signs Standing,Vital Signs Standing BP and HR (Standing for at least 3 minutes),182
Vital Signs Standing,Diastolic mmHg (##0),182
Vital Signs Standing,Heart Rate beats/min (##0),182
Vital Signs Standing,Systolic mmHg (##0),182
Vital Signs Standing,Is there a drop in SYSTOLIC BP from supine to standing?,182
Vital Signs Standing 2,Staff Initials:,182
Vital Signs Standing 2,Comment:,182
Vital Signs Standing 2,Is there a drop in DIASTOLIC BP from supine to standing?,182
Vital Signs Difference,Staff Initials:,183
Vital Signs Difference,Comment:,183
Vital Signs Difference,Systolic Drop mmHg (####),183
Vital Signs Difference,Diastolic Drop mmHg (####),183
Vital Signs Standing,Staff Initials:,183
Vital Signs Standing,Comment:,183
Vital Signs Standing,Clinical Assessment of Standing Vital Signs (Medic or Nurse to assess vital signs),183
Vital Signs Standing,Open Field (200 char. max.),183
AE/CM Surveys,Staff Initials:,184
AE/CM Surveys,Comment:,184
C-SSRS Assessment,Staff Initials:,184
C-SSRS Assessment,Answer(s):,184
C-SSRS Assessment,Comment:,184
C-SSRS Assessment,C-SSRS Questionnaire - Date and Time (Transcribe from C-SSRS paper source workbook),184
C-SSRS Assessment,Date (dd-MMM-yyyy),184
C-SSRS Assessment,Time (HH:mm),184
C-SSRS Since Last Visit,Staff Initials:,184
C-SSRS Since Last Visit,Comment:,184
C-SSRS Since Last Visit,1. Wish to be dead,184
C-SSRS Since Last Visit,Yes (Specify) (500 char. max.) (Activates,184
C-SSRS Since Last Visit,Staff Initials:,185
C-SSRS Since Last Visit,Comment:,185
C-SSRS Since Last Visit,"General non-specific thoughts of wanting to end one's life / commit suicide (e.g. ""I've thought about killing myself"") without thoughts of ways to kill oneself / associated methods, intent, or plan during the assessment period. (Have you actually had any thoughts of killing yourself?)",185
C-SSRS Since Last Visit,Yes (Specify) (500 char. max.) (Activates,185
C-SSRS Since Last Visit,3. Active Suicidal Ideation with Any Methods (Not Plan) Without Intent to Act,185
C-SSRS Since Last Visit,Yes (Specify) (500 char. max.),185
C-SSRS Since Last Visit,"4. Active Suicidal Ideation with Some Intent to Act, without Specific Plan",185
C-SSRS Since Last Visit,Staff Initials:,186
C-SSRS Since Last Visit,Comment:,186
C-SSRS Since Last Visit,5. Active Suicidal Ideation with Specific Plan and Intent,186
C-SSRS Since Last Visit,Yes (Specify) (500 char. max.),186
C-SSRS Since Last Visit,Staff Initials:,187
C-SSRS Since Last Visit,Comment:,187
C-SSRS Since Last Visit,Frequency,187
C-SSRS Since Last Visit,Duration,187
C-SSRS Since Last Visit,Comment:,188
C-SSRS Since Last Visit,Staff Initials:,188
C-SSRS Since Last Visit,Deterrents,188
C-SSRS Since Last Visit,Staff Initials:,189
C-SSRS Since Last Visit,Comment:,189
C-SSRS Since Last Visit,"(What sort of reasons did you have for thinking about wanting to die or killing yourself? Was it to end the pain or stop the way you were feeling (in other words you couldn't go on living with this pain or how you were feeling) or was it to get attention, revenge or a reaction from others? Or both?)",189
C-SSRS Since Last Visit,Staff Initials:,190
C-SSRS Since Last Visit,Comment:,190
C-SSRS Since Last Visit,"A potentially self-injurious act committed with at least some wish to die, as a result of act. Behaviour was in part thought of as method to kill oneself. Intent does not have to be 100%. If there is any intent/desire to die associated with the act, then it can be considered an actual suicide attempt. There does not have to be any injury or harm, just the potential for injury or harm. If person pulls trigger while gun is in mouth but gun is broken so no injury results, this is considered an attempt. Inferring Intent: Even if an individual denies intent/wish to die, it may be inferred clinically from the behaviour or circumstances. For example, a highly lethal act that is clearly not an accident so no other intent but suicide can be inferred (e.g. gunshot to head, jumping from window of a high floor/storey). Also, if someone denies intent to die, but they thought that what they did could be lethal, intent maybe inferred. (Have you made a suicide attempt? Have you done anything to harm yourself? Have you done anything dangerous where you could have died? (What did you do? Did you ___ as a way to end your life? Did you want to die (even a little) when you___? Were you trying to end your life when you___? Or did you think it was possible you could have died from___?) Or did you do it purely for other reasons / without ANY intention of killing yourself (like to relieve stress, feel better, get sympathy, or get something else to happen)? (Self-Injurious Behaviour without suicidal intent))",190
C-SSRS Since Last Visit,as a way to end your life? Did you want to die (even a little) when you ? Were you trying to end your life when you ? Or did you think it was possible you could have died from ?),190
C-SSRS Since Last Visit,Yes (Specify) (500 char. max.) (Activates,190
C-SSRS Since Last Visit,Staff Initials:,191
C-SSRS Since Last Visit,Comment:,191
C-SSRS Since Last Visit,Has subject engaged in Non-Suicidal Self-Injurious Behaviour (Since Last Visit),191
C-SSRS Since Last Visit,Yes (Specify) (500 char. max.),191
C-SSRS Since Last Visit,Interrupted Attempt (Since Last Visit),191
C-SSRS Since Last Visit,Staff Initials:,192
C-SSRS Since Last Visit,Comment:,192
C-SSRS Since Last Visit,"When person begins to take steps towards making a suicide attempt, but stops themselves before they actually have engaged in any self-destructive behaviour. Examples are similar to interrupted attempts, except that the individual stops him/herself instead of being stopped by something else. (Has there been a time when you started to do something to try to end your life but you stopped yourself before you actually did anything?)",192
C-SSRS Since Last Visit,Yes (Specify) (500 char. max.),192
C-SSRS Since Last Visit,Number (#0),192
C-SSRS Since Last Visit,Staff Initials:,193
C-SSRS Since Last Visit,Comment:,193
C-SSRS Since Last Visit,Preparatory Acts or Behaviour (Since Last Visit),193
C-SSRS Since Last Visit,Yes (Specify) (500 char. max.),193
C-SSRS Since Last Visit,Suicidal Behaviour (Since Last Visit),193
C-SSRS Since Last Visit,Suicide (Since Last Visit),193
C-SSRS Since Last Visit,Staff Initials:,194
C-SSRS Since Last Visit,Comment:,194
C-SSRS Since Last Visit,Date (dd-MMM-yyyy),194
C-SSRS Since Last Visit,Actual Lethality/Medical Damage - Most Lethal Attempt,194
Meals,Staff Initials:,195
Meals,Comment:,195
Meals,Potential Lethality - Most Lethal Attempt Code,195
Meals,Confirm Evening Snack Provided,195
Pre-dose Triplicate ECG 1,Staff Initials:,195
Pre-dose Triplicate ECG 1,Ventricular Rate beats/min (##0),195
Pre-dose Triplicate ECG 1,Comment:,196
Pre-dose Triplicate ECG 1,QRS Duration ms (##0),196
Pre-dose Triplicate ECG 1,QT interval ms (##0),196
Pre-dose Triplicate ECG 1,QRS Axis deg (###0),196
Pre-dose Triplicate ECG 1,RR Interval ms (###0),196
Pre-dose Triplicate ECG 1,QTcF ms (##0),196
Pre-dose Triplicate ECG 1,Staff Initials:,196
Pre-dose Triplicate ECG 1,PRE-DOSE Triplicate ECG 1: ECG Rhythm assessment and interpretation,196
Pre-dose Triplicate ECG 1,PRE-DOSE Triplicate ECG 1: Was the ECG clinically significant? (Medic to assess),196
Pre-dose Triplicate ECG 1,Staff Initials:,197
Pre-dose Triplicate ECG 1,Comment:,197
Pre-dose Triplicate ECG 1,(500 char. max.),197
Pre-dose Triplicate ECG 2,Staff Initials:,197
Pre-dose Triplicate ECG 2,Comment:,197
Pre-dose Triplicate ECG 2,PRE-DOSE Triplicate ECG 2: 12 Lead Standard ECG (To be performed at least 2 minutes after,197
Pre-dose Triplicate ECG 2,PR interval ms (##0),197
Pre-dose Triplicate ECG 2,QRS Duration ms (##0),197
Pre-dose Triplicate ECG 2,QT interval ms (##0),197
Pre-dose Triplicate ECG 2,QRS Axis deg (###0),197
Pre-dose Triplicate ECG 2,RR Interval ms (###0),197
Pre-dose Triplicate ECG 2,QTcF ms (##0),197
Pre-dose Triplicate ECG 2,Ventricular Rate beats/min (##0),197
Pre-dose Triplicate ECG 2,Comment:,198
Pre-dose Triplicate ECG 2,Staff Initials:,198
Pre-dose Triplicate ECG 2,PRE-DOSE Triplicate ECG 2: Was the ECG clinically significant? (Medic to assess),198
Pre-dose Triplicate ECG 2,(500 char. max.),198
Pre-dose Triplicate ECG 3,Comment:,199
Pre-dose Triplicate ECG 3,PR interval ms (##0),199
Pre-dose Triplicate ECG 3,QRS Duration ms (##0),199
Pre-dose Triplicate ECG 3,QT interval ms (##0),199
Pre-dose Triplicate ECG 3,QRS Axis deg (###0),199
Pre-dose Triplicate ECG 3,RR Interval ms (###0),199
Pre-dose Triplicate ECG 3,QTcF ms (##0),199
Pre-dose Triplicate ECG 3,Ventricular Rate beats/min (##0),199
Pre-dose Triplicate ECG 3,Staff Initials:,199
Pre-dose Triplicate ECG 3,PRE-DOSE Triplicate ECG 3: ECG Rhythm assessment and interpretation,199
Pre-dose Triplicate ECG 3,Staff Initials:,200
Pre-dose Triplicate ECG 3,Comment:,200
Pre-dose Triplicate ECG 3,PRE-DOSE Triplicate ECG 3: Was the ECG clinically significant? (Medic to assess),200
Pre-dose Triplicate ECG 3,(500 char. max.),200
ECG Difference,Staff Initials:,201
ECG Difference,Comment:,201
ECG Difference,PRE-DOSE - Mean values,201
ECG Difference,QRS Duration ms (##0),201
ECG Difference,QTcF ms (##0),201
ECG Difference,PR interval ms (##0),201
Pre-dose Vital Signs,Staff Initials:,201
Pre-dose Vital Signs,Comment:,201
Pre-dose Vital Signs,PRE-DOSE - Vital Signs (Supine for at least 3 minutes),201
Pre-dose Vital Signs,Diastolic mmHg (##0),201
Pre-dose Vital Signs,Heart Rate beats/min (##0),201
Pre-dose Vital Signs,Respiratory Rate breaths/mi (##0),201
Pre-dose Vital Signs,Oral Temperature Degrees Celsius C (##.0),201
Pre-dose Vital Signs,Systolic mmHg (##0),201
Pre-dose Vital Signs,Staff Initials:,202
Pre-dose Vital Signs,Comment:,202
Pre-dose Vital Signs,PRE-DOSE - Clinical Assessment of Vital Signs (Medic or Nurse to assess vital signs),202
Pre-dose Vital Signs,Open Field (200 char. max.),202
Pre-dose Vital Signs Standing,Staff Initials:,202
Pre-dose Vital Signs Standing,Comment:,202
Pre-dose Vital Signs Standing,PRE-DOSE - Vital Signs (Standing),202
Pre-dose Vital Signs Standing,Diastolic mmHg (##0),202
Pre-dose Vital Signs Standing,Heart Rate beats/min (##0),202
Pre-dose Vital Signs Standing,Systolic mmHg (##0),202
Pre-dose Vital Signs Standing 2,Staff Initials:,203
Pre-dose Vital Signs Standing 2,Comment:,203
Pre-dose Vital Signs Standing 2,PRE-DOSE - Is there a drop in SYSTOLIC BP from supine to standing?,203
Pre-dose Vital Signs Standing 2,PRE-DOSE - Is there a drop in DIASTOLIC BP from supine to standing?,203
Pre-dose Vital Signs Difference,Staff Initials:,203
Pre-dose Vital Signs Difference,Comment:,203
Pre-dose Vital Signs Difference,Systolic mmHg (####),203
Pre-dose Vital Signs Difference,Diastolic mmHg (####),203
Pre-dose Vital Signs Standing,Staff Initials:,203
Pre-dose Vital Signs Standing,Comment:,204
Pre-dose Vital Signs Standing,Staff Initials:,204
Pre-dose Vital Signs Standing,Open Field (200 char. max.),204
PK Samples,Staff Initials:,204
PK Samples,Comment:,204
AE/CM Surveys,Staff Initials:,204
AE/CM Surveys,Comment:,204
Exposure,Staff Initials:,204
Exposure,Comment:,204
Exposure,I confirm that the participant continues to be eligible to participate in this clinical study.,204
Exposure x,Staff Initials:,204
Exposure x,Comment:,205
Exposure x,Staff Initials:,205
Exposure x,Has the participant fasted for 10 hours prior to breakfast?,205
Meals,Staff Initials:,205
Meals,Comment:,205
Meals,Total amount of breakfast consumed,205
Meals,Staff Initials:,206
Meals,Comment:,206
Meals,(500 char. max.),206
Meals,PI to authorise. Full meal must be consumed to proceed with dosing.,206
Exposure,Staff Initials:,206
Exposure,Comment:,206
Exposure,Staff Initials:,207
Exposure,Comment:,207
Exposure,Has the participant refrained from drinking water for at least 1 hour prior to dosing?,207
Exposure,Has the participant fasted for 10 hours prior to dosing?,207
Exposure,"Has the participant consumed breakfast per the protocol requirements, over 20 minutes and",207
Exposure,Pre dose blood draws for PK sample taken?,207
Exposure,Staff Initials:,208
Exposure,Comment:,208
Exposure,Have all required pre dose procedures been completed?,208
Exposure,Is the participant eligible to dose?,208
Exposure,Enter the product details,208
Exposure,Treatment (25 char. max.),208
Exposure,Dose Level mg (#0),208
Exposure,Number of tablets/capsules to be administered (#0),208
Exposure,Batch Number (25 char. max.),208
Exposure,Container Number (##0),208
Exposure,Randomisation Number (00000),208
Exposure,Staff Initials:,209
Exposure,Comment:,209
Exposure,Does the Product label match the Instruction to Dispense and Dose?,209
Exposure,Has the participant been provided with 240 mL of water?,209
Exposure,Has a hand and mouth check been performed?,209
Exposure x,Staff Initials:,210
Exposure x,Comment:,210
Exposure x,Has the participant been reminded to refrain from water for 2 hours post-dose?,210
Exposure x,Has the participant been advised to minimise exposure to sunlight from dosing for at least 7,210
Exposure,Staff Initials:,210
Exposure,Comment:,210
Exposure,Confirm dosing is complete (Operator to complete (switch user)),210
System,Staff Initials:,210
System,Comment:,210
System,What is the status of the subject?,210
AE/CM Surveys,Staff Initials:,211
AE/CM Surveys,Comment:,211
PK Samples,Staff Initials:,211
PK Samples,Comment:,211
Stanford Sleepiness Scale,Staff Initials:,211
Stanford Sleepiness Scale,Answer(s):,211
Stanford Sleepiness Scale,Comment:,211
Stanford Sleepiness Scale,Stanford Sleepiness Scale Questionnaire - Date and Time (Transcribe from paper source,211
Stanford Sleepiness Scale,Date (dd-MMM-yyyy),211
Stanford Sleepiness Scale,Time (HH:mm),211
Stanford Sleepiness Scale,Comment:,212
ECG,Staff Initials:,213
ECG,Comment:,213
ECG,12 Lead Standard ECG,213
ECG,PR interval ms (##0),213
ECG,QRS Duration ms (##0),213
ECG,QT interval ms (##0),213
ECG,QRS Axis deg (###0),213
ECG,RR interval ms (###0),213
ECG,QTcF ms (##0),213
ECG,Ventricular Rate beats/min (##0),213
ECG,ECG Rhythm assessment and interpretation,213
ECG,Staff Initials:,214
ECG,Comment:,214
ECG,(500 char. max.),214
ECG Difference,Staff Initials:,214
ECG Difference,Comment:,214
ECG Difference,QTcF ms (##0),214
PK Samples,Staff Initials:,214
PK Samples,Comment:,214
Exposure,Staff Initials:,215
Exposure,Comment:,215
Exposure,Has the volunteer been provided with water 2 hrs post-dose?,215
Stanford Sleepiness Scale,Staff Initials:,215
Stanford Sleepiness Scale,Answer(s):,215
Stanford Sleepiness Scale,Comment:,215
Stanford Sleepiness Scale,Stanford Sleepiness Scale Questionnaire - Date and Time (Transcribe from paper source,215
Stanford Sleepiness Scale,Date (dd-MMM-yyyy),215
Stanford Sleepiness Scale,Time (HH:mm),215
Stanford Sleepiness Scale,Degree of Sleepiness,215
Targeted Physical Examination Findings,Comment:,216
Targeted Physical Examination Findings,Staff Initials:,216
Targeted Physical Examination Findings,Targeted Physical Examination: Does the participant require a targeted physical examination?,216
Targeted Physical Examination Findings,Yes (Specify) (50 char. max.) (Activates Line,216
Targeted Physical Examination Findings,Physical Examination Category,216
Targeted Physical Examination Findings,Comment:,217
Targeted Physical Examination Findings,Other (Specify) (40 char. max.),217
Targeted Physical Examination Findings,Staff Initials:,217
Targeted Physical Examination Findings,(500 char. max.),217
Targeted Neurological Examination,Staff Initials:,218
Targeted Neurological Examination,Comment:,218
Targeted Neurological Examination,Targeted Neurological Examination: Does the participant require a targeted neurological,218
Targeted Neurological Examination,Yes (Specify) (50 char. max.) (Activates Line,218
Targeted Neurological Examination,Targeted Neurological Examination Category,218
Targeted Neurological Examination,Comment:,219
Targeted Neurological Examination,Other (Specify) (40 char. max.),219
Targeted Neurological Examination,Staff Initials:,219
Targeted Neurological Examination,(500 char. max.),219
Vital Signs,Staff Initials:,219
Vital Signs,Comment:,219
Vital Signs,Vital Signs,219
Vital Signs,Diastolic mmHg (##0),219
Vital Signs,Heart Rate beats/min (##0),219
Vital Signs,Respiratory Rate breaths/mi (##0),219
Vital Signs,Oral Temperature Degrees Celsius C (##.0),219
Vital Signs,Systolic mmHg (##0),219
Vital Signs,Staff Initials:,220
Vital Signs,Comment:,220
Vital Signs,Clinical Assessment of Vital Signs (Medic or Nurse to assess vital signs),220
Vital Signs,Open Field (200 char. max.),220
Vital Signs Standing,Staff Initials:,220
Vital Signs Standing,Comment:,220
Vital Signs Standing,Vital Signs Standing BP and HR (Standing for at least 3 minutes),220
Vital Signs Standing,Diastolic mmHg (##0),220
Vital Signs Standing,Heart Rate beats/min (##0),220
Vital Signs Standing,Systolic mmHg (##0),220
Vital Signs Standing 2,Staff Initials:,221
Vital Signs Standing 2,Comment:,221
Vital Signs Standing 2,Is there a drop in SYSTOLIC BP from supine to standing?,221
Vital Signs Standing 2,Is there a drop in DIASTOLIC BP from supine to standing?,221
Vital Signs Difference,Staff Initials:,221
Vital Signs Difference,Comment:,221
Vital Signs Difference,Systolic Drop mmHg (####),221
Vital Signs Difference,Diastolic Drop mmHg (####),221
Vital Signs Standing,Staff Initials:,221
Vital Signs Standing,Comment:,222
Vital Signs Standing,Staff Initials:,222
Vital Signs Standing,Open Field (200 char. max.),222
PK Samples,Staff Initials:,222
PK Samples,Comment:,222
AE/CM Surveys,Staff Initials:,222
AE/CM Surveys,Comment:,222
Meals,Staff Initials:,222
Meals,Comment:,222
Meals,Confirm Lunch Provided,222
AE/CM Surveys,Staff Initials:,223
AE/CM Surveys,Comment:,223
PK Samples,Staff Initials:,223
PK Samples,Comment:,223
Vital Signs,Comment:,224
Vital Signs,Diastolic mmHg (##0),224
Vital Signs,Heart Rate beats/min (##0),224
Vital Signs,Respiratory Rate breaths/mi (##0),224
Vital Signs,Oral Temperature Degrees Celsius C (##.0),224
Vital Signs,Systolic mmHg (##0),224
Vital Signs,Staff Initials:,224
Vital Signs,Clinical Assessment of Vital Signs (Medic or Nurse to assess vital signs),224
Vital Signs,Open Field (200 char. max.),224
Vital Signs Standing,Staff Initials:,224
Vital Signs Standing,Comment:,225
Vital Signs Standing,Diastolic mmHg (##0),225
Vital Signs Standing,Heart Rate beats/min (##0),225
Vital Signs Standing,Staff Initials:,225
Vital Signs Standing,Is there a drop in SYSTOLIC BP from supine to standing?,225
Vital Signs Standing 2,Staff Initials:,225
Vital Signs Standing 2,Comment:,225
Vital Signs Standing 2,Is there a drop in DIASTOLIC BP from supine to standing?,225
Vital Signs Difference,Staff Initials:,225
Vital Signs Difference,Comment:,225
Vital Signs Difference,Systolic Drop mmHg (####),225
Vital Signs Standing,Staff Initials:,226
Vital Signs Standing,Comment:,226
Vital Signs Standing,Diastolic Drop mmHg (####),226
Vital Signs Standing,Clinical Assessment of Standing Vital Signs (Medic or Nurse to assess vital signs),226
Vital Signs Standing,Open Field (200 char. max.),226
PK Samples,Staff Initials:,226
PK Samples,Comment:,226
AE/CM Surveys,Staff Initials:,226
AE/CM Surveys,Comment:,226
Stanford Sleepiness Scale,Staff Initials:,227
Stanford Sleepiness Scale,Answer(s):,227
Stanford Sleepiness Scale,Comment:,227
Stanford Sleepiness Scale,Stanford Sleepiness Scale Questionnaire - Date and Time (Transcribe from paper source,227
Stanford Sleepiness Scale,Date (dd-MMM-yyyy),227
Stanford Sleepiness Scale,Time (HH:mm),227
Stanford Sleepiness Scale,Degree of Sleepiness,227
PK Samples,Staff Initials:,227
PK Samples,Comment:,227
Vital Signs,Staff Initials:,228
Vital Signs,Comment:,228
Vital Signs,Vital Signs,228
Vital Signs,Diastolic mmHg (##0),228
Vital Signs,Heart Rate beats/min (##0),228
Vital Signs,Respiratory Rate breaths/mi (##0),228
Vital Signs,Oral Temperature Degrees Celsius C (##.0),228
Vital Signs,Systolic mmHg (##0),228
Vital Signs,Clinical Assessment of Vital Signs (Medic or Nurse to assess vital signs),228
Vital Signs Standing,Staff Initials:,229
Vital Signs Standing,Comment:,229
Vital Signs Standing,Open Field (200 char. max.),229
Vital Signs Standing,Vital Signs Standing BP and HR (Standing for at least 3 minutes),229
Vital Signs Standing,Diastolic mmHg (##0),229
Vital Signs Standing,Heart Rate beats/min (##0),229
Vital Signs Standing,Systolic mmHg (##0),229
Vital Signs Standing,Is there a drop in SYSTOLIC BP from supine to standing?,229
Vital Signs Standing 2,Staff Initials:,229
Vital Signs Standing 2,Comment:,229
Vital Signs Standing 2,Is there a drop in DIASTOLIC BP from supine to standing?,229
Vital Signs Difference,Staff Initials:,230
Vital Signs Difference,Comment:,230
Vital Signs Difference,Systolic Drop mmHg (####),230
Vital Signs Difference,Diastolic Drop mmHg (####),230
Vital Signs Standing,Staff Initials:,230
Vital Signs Standing,Comment:,230
Vital Signs Standing,Clinical Assessment of Standing Vital Signs (Medic or Nurse to assess vital signs),230
Vital Signs Standing,Open Field (200 char. max.),230
AE/CM Surveys,Staff Initials:,231
AE/CM Surveys,Comment:,231
Meals,Staff Initials:,231
Meals,Comment:,231
Meals,Confirm Dinner Provided,231
ECG,Staff Initials:,231
ECG,12 Lead Standard ECG,231
ECG,PR interval ms (##0),231
ECG,QRS Duration ms (##0),231
ECG,QT interval ms (##0),231
ECG,QRS Axis deg (###0),231
ECG,Ventricular Rate beats/min (##0),231
ECG,Comment:,232
ECG,QTcF ms (##0),232
ECG,Staff Initials:,232
ECG,ECG Rhythm assessment and interpretation,232
ECG,Was the ECG clinically significant? (Medic to assess),232
ECG,(500 char. max.),232
ECG Difference,Staff Initials:,233
ECG Difference,Comment:,233
ECG Difference,(500 char. max.),233
ECG Difference,QTcF ms (##0),233
Vital Signs,Staff Initials:,233
Vital Signs,Comment:,233
Vital Signs,Vital Signs,233
Vital Signs,Diastolic mmHg (##0),233
Vital Signs,Heart Rate beats/min (##0),233
Vital Signs,Respiratory Rate breaths/mi (##0),233
Vital Signs,Oral Temperature Degrees Celsius C (##.0),233
Vital Signs,Systolic mmHg (##0),233
Vital Signs,Staff Initials:,234
Vital Signs,Comment:,234
Vital Signs,Clinical Assessment of Vital Signs (Medic or Nurse to assess vital signs),234
Vital Signs,Open Field (200 char. max.),234
Vital Signs Standing,Staff Initials:,234
Vital Signs Standing,Comment:,234
Vital Signs Standing,Vital Signs Standing BP and HR (Standing for at least 3 minutes),234
Vital Signs Standing,Diastolic mmHg (##0),234
Vital Signs Standing,Heart Rate beats/min (##0),234
Vital Signs Standing,Systolic mmHg (##0),234
Vital Signs Standing 2,Staff Initials:,235
Vital Signs Standing 2,Comment:,235
Vital Signs Standing 2,Is there a drop in SYSTOLIC BP from supine to standing?,235
Vital Signs Standing 2,Is there a drop in DIASTOLIC BP from supine to standing?,235
Vital Signs Difference,Staff Initials:,235
Vital Signs Difference,Comment:,235
Vital Signs Difference,Systolic Drop mmHg (####),235
Vital Signs Difference,Diastolic Drop mmHg (####),235
Vital Signs Standing,Staff Initials:,235
Vital Signs Standing,Comment:,236
Vital Signs Standing,Staff Initials:,236
Vital Signs Standing,Open Field (200 char. max.),236
PK Samples,Staff Initials:,236
PK Samples,Comment:,236
AE/CM Surveys,Staff Initials:,236
AE/CM Surveys,Comment:,236
Stanford Sleepiness Scale,Staff Initials:,236
Stanford Sleepiness Scale,Answer(s):,236
Stanford Sleepiness Scale,Comment:,236
Stanford Sleepiness Scale,Stanford Sleepiness Scale Questionnaire - Date and Time (Transcribe from paper source,236
Stanford Sleepiness Scale,Date (dd-MMM-yyyy),236
Stanford Sleepiness Scale,Time (HH:mm),236
Meals,Staff Initials:,237
Meals,Comment:,237
Meals,Confirm Evening Snack Provided,237
PK Samples,Staff Initials:,237
PK Samples,Comment:,237
Urinalysis,Staff Initials:,238
Urinalysis,Comment:,238
Urinalysis,"What was the bilirubin result? If any positive result, inform medic/PI. (Perform urinalysis and",238
Urinalysis,Staff Initials:,239
Urinalysis,Comment:,239
Urinalysis,"What was the urobilinogen result? If any positive result, inform medic/PI. (Perform urinalysis",239
Urinalysis,"What was the ketone result? If any positive result, inform medic/PI. (Perform urinalysis and",239
Urinalysis,Comment:,240
Urinalysis,Staff Initials:,240
Urinalysis,What was the protein result?,240
Urinalysis,Comment:,241
Urinalysis,Staff Initials:,241
Urinalysis,What was the nitrite result? (Perform urinalysis and read results),241
Urinalysis,Record pH value (Perform urinalysis and read results),241
Urinalysis,Comment:,242
Urinalysis,Staff Initials:,242
Urinalysis,Record specific gravity of sample (Perform urinalysis and read results),242
Urinalysis,Staff Initials:,243
Urinalysis,Comment:,243
Urinalysis,What was the leukocyte result? (Perform urinalysis and read results),243
Urinalysis,"Is participant female and menstruating? (If 'Yes', DO NOT send sample for Microscopy. If 'No',",243
Urinalysis,Confirm sample sent for microscopy (Complete associated paperwork),243
Urinalysis,Staff Initials:,244
Urinalysis,Comment:,244
Urinalysis,Has urinalysis been repeated as soon as possible with a clean catch specimen?,244
Urinalysis,Confirm TDL form completed:,244
Urinalysis,Has there been a medic review of the Microscopy results?,244
Safety,Staff Initials:,244
Safety,Comment:,245
Safety,Staff Initials:,245
ECG,Staff Initials:,245
ECG,Comment:,245
ECG,12 Lead Standard ECG,245
ECG,PR interval ms (##0),245
ECG,QRS Duration ms (##0),245
ECG,QT interval ms (##0),245
ECG,QRS Axis deg (###0),245
ECG,RR interval ms (###0),245
ECG,QTcF ms (##0),245
ECG,Ventricular Rate beats/min (##0),245
ECG,Staff Initials:,246
ECG,Comment:,246
ECG,Was the ECG clinically significant? (Medic to assess),246
ECG,(500 char. max.),246
Vital Signs,Staff Initials:,247
Vital Signs,Comment:,247
Vital Signs,QTcF ms (##0),247
Vital Signs,Vital Signs,247
Vital Signs,Diastolic mmHg (##0),247
Vital Signs,Heart Rate beats/min (##0),247
Vital Signs,Respiratory Rate breaths/mi (##0),247
Vital Signs,Oral Temperature Degrees Celsius C (##.0),247
Vital Signs,Systolic mmHg (##0),247
Vital Signs,Clinical Assessment of Vital Signs (Medic or Nurse to assess vital signs),247
Vital Signs Standing,Staff Initials:,248
Vital Signs Standing,Comment:,248
Vital Signs Standing,Open Field (200 char. max.),248
Vital Signs Standing,Vital Signs Standing BP and HR (Standing for at least 3 minutes),248
Vital Signs Standing,Diastolic mmHg (##0),248
Vital Signs Standing,Heart Rate beats/min (##0),248
Vital Signs Standing,Systolic mmHg (##0),248
Vital Signs Standing,Is there a drop in SYSTOLIC BP from supine to standing?,248
Vital Signs Standing 2,Staff Initials:,248
Vital Signs Standing 2,Comment:,248
Vital Signs Standing 2,Is there a drop in DIASTOLIC BP from supine to standing?,248
Vital Signs Difference,Staff Initials:,249
Vital Signs Difference,Comment:,249
Vital Signs Difference,Systolic Drop mmHg (####),249
Vital Signs Difference,Diastolic Drop mmHg (####),249
Vital Signs Standing,Staff Initials:,249
Vital Signs Standing,Comment:,249
Vital Signs Standing,Clinical Assessment of Standing Vital Signs (Medic or Nurse to assess vital signs),249
Vital Signs Standing,Open Field (200 char. max.),249
Safety,Staff Initials:,249
Safety,Comment:,250
Safety,Staff Initials:,250
Safety,Has there been a medic review of the Haematology blood results?,250
Safety,Has there been a medic review of the Clinical Chemistry blood results?,250
PK Samples,Staff Initials:,251
PK Samples,Comment:,251
PK Samples,- Correct form used - Correct participant label applied - Correct slot number written - Correct sex and fasting status - Correct timepoint checked - Correct sample date and time written - Correct visit - Initials signed to confirm sample collected and form correct,251
AE/CM Surveys,Staff Initials:,251
AE/CM Surveys,Comment:,251
Stanford Sleepiness Scale,Staff Initials:,251
Stanford Sleepiness Scale,Answer(s):,251
Stanford Sleepiness Scale,Comment:,251
Stanford Sleepiness Scale,Stanford Sleepiness Scale Questionnaire - Date and Time (Transcribe from paper source,251
Stanford Sleepiness Scale,Date (dd-MMM-yyyy),251
Stanford Sleepiness Scale,Time (HH:mm),251
PK Samples,Comment:,252
PK Samples,Staff Initials:,252
AE/CM Surveys,Staff Initials:,252
AE/CM Surveys,Comment:,252
Vital Signs,Staff Initials:,253
Vital Signs,Comment:,253
Vital Signs,Vital Signs,253
Vital Signs,Diastolic mmHg (##0),253
Vital Signs,Heart Rate beats/min (##0),253
Vital Signs,Respiratory Rate breaths/mi (##0),253
Vital Signs,Oral Temperature Degrees Celsius C (##.0),253
Vital Signs,Systolic mmHg (##0),253
Vital Signs,Clinical Assessment of Vital Signs (Medic or Nurse to assess vital signs),253
Vital Signs Standing,Staff Initials:,254
Vital Signs Standing,Comment:,254
Vital Signs Standing,Open Field (200 char. max.),254
Vital Signs Standing,Vital Signs Standing BP and HR (Standing for at least 3 minutes),254
Vital Signs Standing,Diastolic mmHg (##0),254
Vital Signs Standing,Heart Rate beats/min (##0),254
Vital Signs Standing,Systolic mmHg (##0),254
Vital Signs Standing,Is there a drop in SYSTOLIC BP from supine to standing?,254
Vital Signs Standing 2,Staff Initials:,254
Vital Signs Standing 2,Comment:,254
Vital Signs Standing 2,Is there a drop in DIASTOLIC BP from supine to standing?,254
Vital Signs Difference,Staff Initials:,255
Vital Signs Difference,Comment:,255
Vital Signs Difference,Systolic Drop mmHg (####),255
Vital Signs Difference,Diastolic Drop mmHg (####),255
Vital Signs Standing,Staff Initials:,255
Vital Signs Standing,Comment:,255
Vital Signs Standing,Clinical Assessment of Standing Vital Signs (Medic or Nurse to assess vital signs),255
Vital Signs Standing,Open Field (200 char. max.),255
AE/CM Surveys,Staff Initials:,256
AE/CM Surveys,Comment:,256
Urinalysis,Staff Initials:,256
Urinalysis,Comment:,256
Urinalysis,"What was the bilirubin result? If any positive result, inform medic/PI. (Perform urinalysis and",256
Urinalysis,Comment:,257
Urinalysis,Staff Initials:,257
Urinalysis,"What was the ketone result? If any positive result, inform medic/PI. (Perform urinalysis and",257
Urinalysis,"What was the glucose result? If any positive result, inform medic/PI. (Perform urinalysis and",257
Urinalysis,Comment:,258
Urinalysis,Staff Initials:,258
Urinalysis,What was the protein result?,258
Urinalysis,What was the blood result? (Perform urinalysis and read results),258
Urinalysis,Comment:,259
Urinalysis,Staff Initials:,259
Urinalysis,What was the nitrite result? (Perform urinalysis and read results),259
Urinalysis,Staff Initials:,260
Urinalysis,Comment:,260
Urinalysis,Record pH value (Perform urinalysis and read results),260
Urinalysis,Record specific gravity of sample (Perform urinalysis and read results),260
Urinalysis,Staff Initials:,261
Urinalysis,Comment:,261
Urinalysis,What was the leukocyte result? (Perform urinalysis and read results),261
Urinalysis,"Is participant female and menstruating? (If 'Yes', DO NOT send sample for Microscopy. If 'No',",261
Urinalysis,Confirm sample sent for microscopy (Complete associated paperwork),261
Urinalysis,Staff Initials:,262
Urinalysis,Comment:,262
Urinalysis,Has urinalysis been repeated as soon as possible with a clean catch specimen?,262
Urinalysis,Confirm TDL form completed:,262
Urinalysis,Has there been a medic review of the Microscopy results?,262
ECG,Staff Initials:,263
ECG,Comment:,263
ECG,"Exclude if - QT interval corrected for heart rate using Fridericia’s formula (QTcF) >450 msec for male participants or >470 msec for female participants, QRS interval >120 msec, or PR interval >200 msec. (Supine for a minimum 3 minutes)",263
ECG,PR interval ms (##0),263
ECG,QRS Duration ms (##0),263
ECG,QT interval ms (##0),263
ECG,QRS Axis deg (###0),263
ECG,RR interval ms (###0),263
ECG,QTcF ms (##0),263
ECG,Ventricular Rate beats/min (##0),263
ECG,ECG Rhythm assessment and interpretation,263
ECG,Comment:,264
ECG,Staff Initials:,264
ECG,(500 char. max.),264
ECG Difference,Staff Initials:,264
ECG Difference,Comment:,264
ECG Difference,QTcF ms (##0),264
Vital Signs,Staff Initials:,264
Vital Signs,Answer(s):,264
Vital Signs,Vital Signs,264
Vital Signs,Systolic mmHg (##0),264
Vital Signs,Diastolic mmHg (##0),264
Vital Signs,Comment:,265
Vital Signs,Respiratory Rate breaths/mi (##0),265
Vital Signs,Oral Temperature Degrees Celsius C (##.0),265
Vital Signs,Staff Initials:,265
Vital Signs,Clinical Assessment of Vital Signs (Medic or Nurse to assess vital signs),265
Vital Signs,Open Field (200 char. max.),265
Vital Signs Standing,Staff Initials:,266
Vital Signs Standing,Comment:,266
Vital Signs Standing,Vital Signs Standing BP and HR (Standing for at least 3 minutes),266
Vital Signs Standing,Diastolic mmHg (##0),266
Vital Signs Standing,Heart Rate beats/min (##0),266
Vital Signs Standing,Systolic mmHg (##0),266
Vital Signs Standing,Is there a drop in SYSTOLIC BP from supine to standing?,266
Vital Signs Standing 2,Staff Initials:,266
Vital Signs Standing 2,Comment:,266
Vital Signs Standing 2,Is there a drop in DIASTOLIC BP from supine to standing?,266
Vital Signs Difference,Staff Initials:,266
Vital Signs Difference,Comment:,266
Vital Signs Difference,Systolic Drop mmHg (####),266
Vital Signs Standing,Staff Initials:,267
Vital Signs Standing,Comment:,267
Vital Signs Standing,Diastolic Drop mmHg (####),267
Vital Signs Standing,Clinical Assessment of Standing Vital Signs (Medic or Nurse to assess vital signs),267
Vital Signs Standing,Open Field (200 char. max.),267
Safety,Staff Initials:,267
Safety,Comment:,267
Safety,Has the participant fasted for 8 hours?,267
Safety,Staff Initials:,268
Safety,Comment:,268
Safety,Has there been a medic review of the Haematology blood results?,268
Safety,Has there been a medic review of the Clinical Chemistry blood results?,268
PK Samples,Staff Initials:,269
PK Samples,Comment:,269
PK Samples,Confirm TDL form completed:,269
AE/CM Surveys,Staff Initials:,269
AE/CM Surveys,Comment:,269
C-SSRS Assessment,Staff Initials:,269
C-SSRS Assessment,Answer(s):,269
C-SSRS Assessment,Comment:,269
C-SSRS Assessment,C-SSRS Questionnaire - Date and Time (Transcribe from C-SSRS paper source workbook),269
C-SSRS Assessment,Date (dd-MMM-yyyy),269
C-SSRS Assessment,Time (HH:mm),269
C-SSRS Since Last Visit,Staff Initials:,270
C-SSRS Since Last Visit,Comment:,270
C-SSRS Since Last Visit,"Subject endorses thoughts about a wish to be dead or not alive anymore, or a wish to fall asleep and not wake up. (Have you wished you were dead or wished you could go to sleep and not wake up?)",270
C-SSRS Since Last Visit,Yes (Specify) (500 char. max.) (Activates,270
C-SSRS Since Last Visit,2. Non-specific Active Suicidal Thoughts,270
C-SSRS Since Last Visit,Staff Initials:,271
C-SSRS Since Last Visit,Comment:,271
C-SSRS Since Last Visit,3. Active Suicidal Ideation with Any Methods (Not Plan) Without Intent to Act,271
C-SSRS Since Last Visit,Yes (Specify) (500 char. max.),271
C-SSRS Since Last Visit,"4. Active Suicidal Ideation with Some Intent to Act, without Specific Plan",271
C-SSRS Since Last Visit,Staff Initials:,272
C-SSRS Since Last Visit,Comment:,272
C-SSRS Since Last Visit,5. Active Suicidal Ideation with Specific Plan and Intent,272
C-SSRS Since Last Visit,Yes (Specify) (500 char. max.),272
C-SSRS Since Last Visit,Staff Initials:,273
C-SSRS Since Last Visit,Comment:,273
C-SSRS Since Last Visit,Frequency,273
C-SSRS Since Last Visit,Duration,273
C-SSRS Since Last Visit,Comment:,274
C-SSRS Since Last Visit,Staff Initials:,274
C-SSRS Since Last Visit,Deterrents,274
C-SSRS Since Last Visit,Staff Initials:,275
C-SSRS Since Last Visit,Comment:,275
C-SSRS Since Last Visit,"(What sort of reasons did you have for thinking about wanting to die or killing yourself? Was it to end the pain or stop the way you were feeling (in other words you couldn't go on living with this pain or how you were feeling) or was it to get attention, revenge or a reaction from others? Or both?)",275
C-SSRS Since Last Visit,Staff Initials:,276
C-SSRS Since Last Visit,Comment:,276
C-SSRS Since Last Visit,"A potentially self-injurious act committed with at least some wish to die, as a result of act. Behaviour was in part thought of as method to kill oneself. Intent does not have to be 100%. If there is any intent/desire to die associated with the act, then it can be considered an actual suicide attempt. There does not have to be any injury or harm, just the potential for injury or harm. If person pulls trigger while gun is in mouth but gun is broken so no injury results, this is considered an attempt. Inferring Intent: Even if an individual denies intent/wish to die, it may be inferred clinically from the behaviour or circumstances. For example, a highly lethal act that is clearly not an accident so no other intent but suicide can be inferred (e.g. gunshot to head, jumping from window of a high floor/storey). Also, if someone denies intent to die, but they thought that what they did could be lethal, intent maybe inferred. (Have you made a suicide attempt? Have you done anything to harm yourself? Have you done anything dangerous where you could have died? (What did you do? Did you ___ as a way to end your life? Did you want to die (even a little) when you___? Were you trying to end your life when you___? Or did you think it was possible you could have died from___?) Or did you do it purely for other reasons / without ANY intention of killing yourself (like to relieve stress, feel better, get sympathy, or get something else to happen)? (Self-Injurious Behaviour without suicidal intent))",276
C-SSRS Since Last Visit,as a way to end your life? Did you want to die (even a little) when you ? Were you trying to end your life when you ? Or did you think it was possible you could have died from ?),276
C-SSRS Since Last Visit,Yes (Specify) (500 char. max.) (Activates,276
C-SSRS Since Last Visit,Staff Initials:,277
C-SSRS Since Last Visit,Comment:,277
C-SSRS Since Last Visit,Has subject engaged in Non-Suicidal Self-Injurious Behaviour (Since Last Visit),277
C-SSRS Since Last Visit,Yes (Specify) (500 char. max.),277
C-SSRS Since Last Visit,Interrupted Attempt (Since Last Visit),277
C-SSRS Since Last Visit,Staff Initials:,278
C-SSRS Since Last Visit,Comment:,278
C-SSRS Since Last Visit,"When person begins to take steps towards making a suicide attempt, but stops themselves before they actually have engaged in any self-destructive behaviour. Examples are similar to interrupted attempts, except that the individual stops him/herself instead of being stopped by something else. (Has there been a time when you started to do something to try to end your life but you stopped yourself before you actually did anything?)",278
C-SSRS Since Last Visit,Yes (Specify) (500 char. max.),278
C-SSRS Since Last Visit,Number (#0),278
C-SSRS Since Last Visit,Staff Initials:,279
C-SSRS Since Last Visit,Comment:,279
C-SSRS Since Last Visit,Preparatory Acts or Behaviour (Since Last Visit),279
C-SSRS Since Last Visit,Yes (Specify) (500 char. max.),279
C-SSRS Since Last Visit,Suicidal Behaviour (Since Last Visit),279
C-SSRS Since Last Visit,Suicide (Since Last Visit),279
C-SSRS Since Last Visit,Staff Initials:,280
C-SSRS Since Last Visit,Comment:,280
C-SSRS Since Last Visit,Date (dd-MMM-yyyy),280
C-SSRS Since Last Visit,Actual Lethality/Medical Damage - Most Lethal Attempt,280
Targeted Physical Examination Findings,Staff Initials:,281
Targeted Physical Examination Findings,Comment:,281
Targeted Physical Examination Findings,Potential Lethality - Most Lethal Attempt Code,281
Targeted Physical Examination Findings,Targeted Physical Examination: Does the participant require a targeted physical examination?,281
Targeted Physical Examination Findings,Yes (Specify) (50 char. max.) (Activates Line,281
Targeted Physical Examination Findings,Comment:,282
Targeted Physical Examination Findings,Other (Specify) (40 char. max.),282
Targeted Physical Examination Findings,Staff Initials:,282
Targeted Physical Examination Findings,(500 char. max.),282
Neurological Examination,Staff Initials:,283
Neurological Examination,Comment:,283
Neurological Examination,Was a neurological examination performed?,283
Neurological Examination,Mental Status,283
Neurological Examination,Cranial Nerves,283
Neurological Examination,Comment:,284
Neurological Examination,Staff Initials:,284
Neurological Examination,Reflexes,284
Neurological Examination,Staff Initials:,285
Neurological Examination,Comment:,285
Neurological Examination,Sensory System,285
Neurological Examination,Co-ordination,285
Neurological Examination,Staff Initials:,286
Neurological Examination,Comment:,286
Neurological Examination,Station and Gait,286
Neurological Examination,(500 char. max.),286
Discharge Procedures,Staff Initials:,286
Discharge Procedures,Comment:,286
Discharge Procedures,Confirm participant has been provided with a Trial Participation Card,286
Discharge Procedures,"Is the signed copy of the participant's ICF present in their volunteer folder? (If 'No', escalate",286
Discharge Procedures,Staff Initials:,287
Discharge Procedures,Comment:,287
Discharge Procedures,"Has volunteer been reminded of the restrictions, below?",287
Discharge Procedures,Have there been any Adverse Events throughout study duration?,287
Discharge Procedures,Staff Initials:,288
Discharge Procedures,Comment:,288
Discharge Procedures,Confirm that all discharge procedures have been completed and the participant is safe to be,288
Discharge Procedures,"As participant has had AE(s) on the study, Medic to confirm that all discharge procedures have",288
Pre-dose Triplicate ECG 1,Staff Initials:,288
Pre-dose Triplicate ECG 1,PRE-DOSE Triplicate ECG 1: 12 Lead Standard ECG (Supine for a minimum 3 minutes),288
Pre-dose Triplicate ECG 1,PR interval ms (##0),288
Pre-dose Triplicate ECG 1,QRS Duration ms (##0),288
Pre-dose Triplicate ECG 1,QT interval ms (##0),288
Pre-dose Triplicate ECG 1,QRS Axis deg (###0),288
Pre-dose Triplicate ECG 1,RR Interval ms (###0),288
Pre-dose Triplicate ECG 1,QTcF ms (##0),288
Pre-dose Triplicate ECG 1,Ventricular Rate beats/min (##0),288
Pre-dose Triplicate ECG 1,Staff Initials:,289
Pre-dose Triplicate ECG 1,Comment:,289
Pre-dose Triplicate ECG 1,PRE-DOSE Triplicate ECG 1: ECG Rhythm assessment and interpretation,289
Pre-dose Triplicate ECG 1,PRE-DOSE Triplicate ECG 1: Was the ECG clinically significant? (Medic to assess),289
Pre-dose Triplicate ECG 1,(500 char. max.),289
Pre-dose Triplicate ECG 2,Staff Initials:,290
Pre-dose Triplicate ECG 2,Comment:,290
Pre-dose Triplicate ECG 2,(500 char. max.),290
Pre-dose Triplicate ECG 2,PRE-DOSE Triplicate ECG 2: 12 Lead Standard ECG (To be performed at least 2 minutes after,290
Pre-dose Triplicate ECG 2,PR interval ms (##0),290
Pre-dose Triplicate ECG 2,QRS Duration ms (##0),290
Pre-dose Triplicate ECG 2,QT interval ms (##0),290
Pre-dose Triplicate ECG 2,QRS Axis deg (###0),290
Pre-dose Triplicate ECG 2,RR Interval ms (###0),290
Pre-dose Triplicate ECG 2,QTcF ms (##0),290
Pre-dose Triplicate ECG 2,Ventricular Rate beats/min (##0),290
Pre-dose Triplicate ECG 2,Staff Initials:,291
Pre-dose Triplicate ECG 2,Comment:,291
Pre-dose Triplicate ECG 2,PRE-DOSE Triplicate ECG 2: ECG Rhythm assessment and interpretation,291
Pre-dose Triplicate ECG 2,PRE-DOSE Triplicate ECG 2: Was the ECG clinically significant? (Medic to assess),291
Pre-dose Triplicate ECG 2,(500 char. max.),291
Pre-dose Triplicate ECG 3,Staff Initials:,292
Pre-dose Triplicate ECG 3,Comment:,292
Pre-dose Triplicate ECG 3,PRE-DOSE Triplicate ECG 3: 12 Lead Standard ECG (To be performed at least 2 minutes after,292
Pre-dose Triplicate ECG 3,PR interval ms (##0),292
Pre-dose Triplicate ECG 3,QRS Duration ms (##0),292
Pre-dose Triplicate ECG 3,QT interval ms (##0),292
Pre-dose Triplicate ECG 3,QRS Axis deg (###0),292
Pre-dose Triplicate ECG 3,RR Interval ms (###0),292
Pre-dose Triplicate ECG 3,QTcF ms (##0),292
Pre-dose Triplicate ECG 3,Ventricular Rate beats/min (##0),292
Pre-dose Triplicate ECG 3,PRE-DOSE Triplicate ECG 3: ECG Rhythm assessment and interpretation,292
Pre-dose Triplicate ECG 3,Comment:,293
Pre-dose Triplicate ECG 3,Staff Initials:,293
Pre-dose Triplicate ECG 3,(500 char. max.),293
Mean Values,Staff Initials:,293
Mean Values,Comment:,293
Mean Values,PRE-DOSE - Mean values,293
Mean Values,QRS Duration ms (##0),293
Mean Values,QTcF ms (##0),293
Mean Values,PR interval ms (##0),293
Pre-dose Vital Signs,Staff Initials:,294
Pre-dose Vital Signs,Comment:,294
Pre-dose Vital Signs,QTcF ms (##0),294
Pre-dose Vital Signs,PRE-DOSE - Vital Signs (Supine for at least 3 minutes),294
Pre-dose Vital Signs,Diastolic mmHg (##0),294
Pre-dose Vital Signs,Heart Rate beats/min (##0),294
Pre-dose Vital Signs,Respiratory Rate breaths/mi (##0),294
Pre-dose Vital Signs,Oral Temperature Degrees Celsius C (##.0),294
Pre-dose Vital Signs,Systolic mmHg (##0),294
Pre-dose Vital Signs,PRE-DOSE - Clinical Assessment of Vital Signs (Medic or Nurse to assess vital signs),294
Pre-dose Vital Signs Standing,Comment:,295
Pre-dose Vital Signs Standing,Open Field (200 char. max.),295
Pre-dose Vital Signs Standing,Staff Initials:,295
Pre-dose Vital Signs Standing,PRE-DOSE - Vital Signs (Standing),295
Pre-dose Vital Signs Standing,Diastolic mmHg (##0),295
Pre-dose Vital Signs Standing,Heart Rate beats/min (##0),295
Pre-dose Vital Signs Standing,Systolic mmHg (##0),295
Pre-dose Vital Signs Standing,PRE-DOSE - Is there a drop in SYSTOLIC BP from supine to standing?,295
Pre-dose Vital Signs Standing 2,Staff Initials:,295
Pre-dose Vital Signs Standing 2,Comment:,295
Pre-dose Vital Signs Standing 2,PRE-DOSE - Is there a drop in DIASTOLIC BP from supine to standing?,295
Pre-dose Vital Signs Difference,Comment:,296
Pre-dose Vital Signs Difference,Systolic mmHg (####),296
Pre-dose Vital Signs Difference,Staff Initials:,296
Pre-dose Vital Signs Difference,Diastolic mmHg (####),296
Pre-dose Vital Signs Standing,Staff Initials:,296
Pre-dose Vital Signs Standing,Comment:,296
Pre-dose Vital Signs Standing,PRE-DOSE - Clinical Assessment of Vital Signs (Medic or Nurse to assess vital signs),296
Pre-dose Vital Signs Standing,Open Field (200 char. max.),296
PK Samples,Staff Initials:,296
PK Samples,Comment:,296
Exposure,Staff Initials:,297
Exposure,Comment:,297
Exposure,I confirm that the participant continues to be eligible to participate in this clinical study.,297
Exposure x,Staff Initials:,297
Exposure x,Comment:,297
Exposure x,Prandial state,297
Exposure x,Has the participant fasted for 10 hours prior to breakfast?,297
Meals,Staff Initials:,297
Meals,Comment:,297
Meals,Staff Initials:,298
Meals,Comment:,298
Meals,Total amount of breakfast consumed,298
Meals,(500 char. max.),298
Meals,PI to authorise. Full meal must be consumed to proceed with dosing.,298
Exposure,Staff Initials:,298
Exposure,Comment:,298
Exposure,Staff Initials:,299
Exposure,Comment:,299
Exposure,Has the participant refrained from drinking water for at least 1 hour prior to dosing?,299
Exposure,Has the participant fasted for 10 hours prior to dosing?,299
Exposure,"Has the participant consumed breakfast per the protocol requirements, over 20 minutes and",299
Exposure,Staff Initials:,300
Exposure,Comment:,300
Exposure,Have all required pre dose procedures been completed?,300
Exposure,Is the participant eligible to dose?,300
Exposure,Staff Initials:,301
Exposure,Comment:,301
Exposure,Enter the product details,301
Exposure,Treatment (25 char. max.),301
Exposure,Dose Level mg (#0),301
Exposure,Number of tablets/capsules to be administered (#0),301
Exposure,Batch Number (25 char. max.),301
Exposure,Container Number (##0),301
Exposure,Randomisation Number (00000),301
Exposure,Does the Product label match the Instruction to Dispense and Dose?,301
Exposure,Staff Initials:,302
Exposure,Comment:,302
Exposure,Has a hand and mouth check been performed?,302
Exposure,Has the participant been reminded to refrain from water for 2 hours post-dose?,302
Exposure x,Staff Initials:,302
Exposure x,Comment:,302
Exposure x,Has the participant been advised to minimise exposure to sunlight from dosing for at least 7,302
System,Staff Initials:,303
System,Comment:,303
System,Confirm dosing is complete (Operator to complete (switch user)),303
System,What is the status of the subject?,303
PK Samples,Staff Initials:,303
PK Samples,Comment:,303
AE/CM Surveys,Staff Initials:,303
AE/CM Surveys,Comment:,303
Stanford Sleepiness Scale,Staff Initials:,304
Stanford Sleepiness Scale,Answer(s):,304
Stanford Sleepiness Scale,Comment:,304
Stanford Sleepiness Scale,Stanford Sleepiness Scale Questionnaire - Date and Time (Transcribe from paper source,304
Stanford Sleepiness Scale,Date (dd-MMM-yyyy),304
Stanford Sleepiness Scale,Time (HH:mm),304
Stanford Sleepiness Scale,Degree of Sleepiness,304
ECG,Staff Initials:,304
ECG,Comment:,305
ECG,PR interval ms (##0),305
ECG,QRS Duration ms (##0),305
ECG,QT interval ms (##0),305
ECG,QRS Axis deg (###0),305
ECG,RR interval ms (###0),305
ECG,QTcF ms (##0),305
ECG,Staff Initials:,305
ECG,ECG Rhythm assessment and interpretation,305
ECG,Staff Initials:,306
ECG,Comment:,306
ECG,Was the ECG clinically significant? (Medic to assess),306
ECG,(500 char. max.),306
ECG Difference,Staff Initials:,306
ECG Difference,Comment:,306
ECG Difference,QTcF ms (##0),306
PK Samples,Staff Initials:,306
PK Samples,Comment:,306
Exposure,Staff Initials:,307
Exposure,Comment:,307
Exposure,Has the participant been provided with water 2 hrs post-dose?,307
Stanford Sleepiness Scale,Staff Initials:,307
Stanford Sleepiness Scale,Answer(s):,307
Stanford Sleepiness Scale,Comment:,307
Stanford Sleepiness Scale,Stanford Sleepiness Scale Questionnaire - Date and Time (Transcribe from paper source,307
Stanford Sleepiness Scale,Date (dd-MMM-yyyy),307
Stanford Sleepiness Scale,Time (HH:mm),307
Stanford Sleepiness Scale,Degree of Sleepiness,307
Targeted Physical Examination Findings,Comment:,308
Targeted Physical Examination Findings,Staff Initials:,308
Targeted Physical Examination Findings,Targeted Physical Examination: Does the participant require a targeted physical examination?,308
Targeted Physical Examination Findings,Yes (Specify) (50 char. max.) (Activates Line,308
Targeted Physical Examination Findings,Physical Examination Category,308
Targeted Physical Examination Findings,Comment:,309
Targeted Physical Examination Findings,Other (Specify) (40 char. max.),309
Targeted Physical Examination Findings,Staff Initials:,309
Targeted Physical Examination Findings,(500 char. max.),309
Targeted Neurological Examination,Staff Initials:,310
Targeted Neurological Examination,Comment:,310
Targeted Neurological Examination,Targeted Neurological Examination: Does the participant require a targeted neurological,310
Targeted Neurological Examination,Yes (Specify) (50 char. max.) (Activates Line,310
Targeted Neurological Examination,Targeted Neurological Examination Category,310
Targeted Neurological Examination,Comment:,311
Targeted Neurological Examination,Other (Specify) (40 char. max.),311
Targeted Neurological Examination,Staff Initials:,311
Targeted Neurological Examination,(500 char. max.),311
Vital Signs,Staff Initials:,311
Vital Signs,Comment:,311
Vital Signs,Vital Signs,311
Vital Signs,Diastolic mmHg (##0),311
Vital Signs,Heart Rate beats/min (##0),311
Vital Signs,Respiratory Rate breaths/mi (##0),311
Vital Signs,Oral Temperature Degrees Celsius C (##.0),311
Vital Signs,Systolic mmHg (##0),311
Vital Signs,Staff Initials:,312
Vital Signs,Comment:,312
Vital Signs,Clinical Assessment of Vital Signs (Medic or Nurse to assess vital signs),312
Vital Signs,Open Field (200 char. max.),312
Vital Signs Standing,Staff Initials:,312
Vital Signs Standing,Comment:,312
Vital Signs Standing,Vital Signs Standing BP and HR (Standing for at least 3 minutes),312
Vital Signs Standing,Diastolic mmHg (##0),312
Vital Signs Standing,Heart Rate beats/min (##0),312
Vital Signs Standing,Systolic mmHg (##0),312
Vital Signs Standing 2,Staff Initials:,313
Vital Signs Standing 2,Comment:,313
Vital Signs Standing 2,Is there a drop in SYSTOLIC BP from supine to standing?,313
Vital Signs Standing 2,Is there a drop in DIASTOLIC BP from supine to standing?,313
Vital Signs Difference,Staff Initials:,313
Vital Signs Difference,Comment:,313
Vital Signs Difference,Systolic Drop mmHg (####),313
Vital Signs Difference,Diastolic Drop mmHg (####),313
Vital Signs Standing,Staff Initials:,313
Vital Signs Standing,Comment:,314
Vital Signs Standing,Staff Initials:,314
Vital Signs Standing,Open Field (200 char. max.),314
PK Samples,Staff Initials:,314
PK Samples,Comment:,314
AE/CM Surveys,Staff Initials:,314
AE/CM Surveys,Comment:,314
Meals,Staff Initials:,314
Meals,Comment:,314
Meals,Confirm Lunch Provided,314
AE/CM Surveys,Staff Initials:,315
AE/CM Surveys,Comment:,315
PK Samples,Staff Initials:,315
PK Samples,Comment:,315
Vital Signs,Comment:,316
Vital Signs,Diastolic mmHg (##0),316
Vital Signs,Heart Rate beats/min (##0),316
Vital Signs,Respiratory Rate breaths/mi (##0),316
Vital Signs,Oral Temperature Degrees Celsius C (##.0),316
Vital Signs,Systolic mmHg (##0),316
Vital Signs,Staff Initials:,316
Vital Signs,Clinical Assessment of Vital Signs (Medic or Nurse to assess vital signs),316
Vital Signs,Open Field (200 char. max.),316
Vital Signs Standing,Staff Initials:,316
Vital Signs Standing,Comment:,317
Vital Signs Standing,Diastolic mmHg (##0),317
Vital Signs Standing,Heart Rate beats/min (##0),317
Vital Signs Standing,Staff Initials:,317
Vital Signs Standing,Is there a drop in SYSTOLIC BP from supine to standing?,317
Vital Signs Standing 2,Staff Initials:,317
Vital Signs Standing 2,Comment:,317
Vital Signs Standing 2,Is there a drop in DIASTOLIC BP from supine to standing?,317
Vital Signs Difference,Staff Initials:,317
Vital Signs Difference,Comment:,317
Vital Signs Difference,Systolic Drop mmHg (####),317
Vital Signs Standing,Staff Initials:,318
Vital Signs Standing,Comment:,318
Vital Signs Standing,Diastolic Drop mmHg (####),318
Vital Signs Standing,Clinical Assessment of Standing Vital Signs (Medic or Nurse to assess vital signs),318
Vital Signs Standing,Open Field (200 char. max.),318
PK Samples,Staff Initials:,318
PK Samples,Comment:,318
AE/CM Surveys,Staff Initials:,318
AE/CM Surveys,Comment:,318
Stanford Sleepiness Scale,Staff Initials:,319
Stanford Sleepiness Scale,Answer(s):,319
Stanford Sleepiness Scale,Comment:,319
Stanford Sleepiness Scale,Stanford Sleepiness Scale Questionnaire - Date and Time (Transcribe from paper source,319
Stanford Sleepiness Scale,Date (dd-MMM-yyyy),319
Stanford Sleepiness Scale,Time (HH:mm),319
Stanford Sleepiness Scale,Degree of Sleepiness,319
PK Samples,Staff Initials:,319
PK Samples,Comment:,319
Vital Signs,Staff Initials:,320
Vital Signs,Comment:,320
Vital Signs,Vital Signs,320
Vital Signs,Diastolic mmHg (##0),320
Vital Signs,Heart Rate beats/min (##0),320
Vital Signs,Respiratory Rate breaths/mi (##0),320
Vital Signs,Oral Temperature Degrees Celsius C (##.0),320
Vital Signs,Systolic mmHg (##0),320
Vital Signs,Clinical Assessment of Vital Signs (Medic or Nurse to assess vital signs),320
Vital Signs Standing,Staff Initials:,321
Vital Signs Standing,Comment:,321
Vital Signs Standing,Open Field (200 char. max.),321
Vital Signs Standing,Vital Signs Standing BP and HR (Standing for at least 3 minutes),321
Vital Signs Standing,Diastolic mmHg (##0),321
Vital Signs Standing,Heart Rate beats/min (##0),321
Vital Signs Standing,Systolic mmHg (##0),321
Vital Signs Standing,Is there a drop in SYSTOLIC BP from supine to standing?,321
Vital Signs Standing 2,Staff Initials:,321
Vital Signs Standing 2,Comment:,321
Vital Signs Standing 2,Is there a drop in DIASTOLIC BP from supine to standing?,321
Vital Signs Difference,Staff Initials:,322
Vital Signs Difference,Comment:,322
Vital Signs Difference,Systolic Drop mmHg (####),322
Vital Signs Difference,Diastolic Drop mmHg (####),322
Vital Signs Standing,Staff Initials:,322
Vital Signs Standing,Comment:,322
Vital Signs Standing,Clinical Assessment of Standing Vital Signs (Medic or Nurse to assess vital signs),322
Vital Signs Standing,Open Field (200 char. max.),322
AE/CM Surveys,Staff Initials:,323
AE/CM Surveys,Comment:,323
Meals,Staff Initials:,323
Meals,Comment:,323
Meals,Confirm Dinner Provided,323
ECG,Staff Initials:,323
ECG,12 Lead Standard ECG,323
ECG,PR interval ms (##0),323
ECG,QRS Duration ms (##0),323
ECG,QT interval ms (##0),323
ECG,QRS Axis deg (###0),323
ECG,Ventricular Rate beats/min (##0),323
ECG,Comment:,324
ECG,QTcF ms (##0),324
ECG,Staff Initials:,324
ECG,ECG Rhythm assessment and interpretation,324
ECG,Was the ECG clinically significant? (Medic to assess),324
ECG,(500 char. max.),324
ECG Difference,Staff Initials:,325
ECG Difference,Comment:,325
ECG Difference,(500 char. max.),325
ECG Difference,QTcF ms (##0),325
Vital Signs,Staff Initials:,325
Vital Signs,Comment:,325
Vital Signs,Vital Signs,325
Vital Signs,Diastolic mmHg (##0),325
Vital Signs,Heart Rate beats/min (##0),325
Vital Signs,Respiratory Rate breaths/mi (##0),325
Vital Signs,Oral Temperature Degrees Celsius C (##.0),325
Vital Signs,Systolic mmHg (##0),325
Vital Signs,Staff Initials:,326
Vital Signs,Comment:,326
Vital Signs,Clinical Assessment of Vital Signs (Medic or Nurse to assess vital signs),326
Vital Signs,Open Field (200 char. max.),326
Vital Signs Standing,Staff Initials:,326
Vital Signs Standing,Comment:,326
Vital Signs Standing,Vital Signs Standing BP and HR (Standing for at least 3 minutes),326
Vital Signs Standing,Diastolic mmHg (##0),326
Vital Signs Standing,Heart Rate beats/min (##0),326
Vital Signs Standing,Systolic mmHg (##0),326
Vital Signs Standing 2,Staff Initials:,327
Vital Signs Standing 2,Comment:,327
Vital Signs Standing 2,Is there a drop in SYSTOLIC BP from supine to standing?,327
Vital Signs Standing 2,Is there a drop in DIASTOLIC BP from supine to standing?,327
Vital Signs Difference,Staff Initials:,327
Vital Signs Difference,Comment:,327
Vital Signs Difference,Systolic Drop mmHg (####),327
Vital Signs Difference,Diastolic Drop mmHg (####),327
Vital Signs Standing,Staff Initials:,327
Vital Signs Standing,Comment:,328
Vital Signs Standing,Staff Initials:,328
Vital Signs Standing,Open Field (200 char. max.),328
PK Samples,Staff Initials:,328
PK Samples,Comment:,328
AE/CM Surveys,Staff Initials:,328
AE/CM Surveys,Comment:,328
Stanford Sleepiness Scale,Staff Initials:,328
Stanford Sleepiness Scale,Answer(s):,328
Stanford Sleepiness Scale,Comment:,328
Stanford Sleepiness Scale,Stanford Sleepiness Scale Questionnaire - Date and Time (Transcribe from paper source,328
Stanford Sleepiness Scale,Date (dd-MMM-yyyy),328
Stanford Sleepiness Scale,Time (HH:mm),328
Meals,Staff Initials:,329
Meals,Comment:,329
Meals,Confirm Evening Snack Provided,329
PK Samples,Staff Initials:,329
PK Samples,Comment:,329
Urinalysis,Staff Initials:,330
Urinalysis,Comment:,330
Urinalysis,"What was the bilirubin result? If any positive result, inform medic/PI. (Perform urinalysis and",330
Urinalysis,Staff Initials:,331
Urinalysis,Comment:,331
Urinalysis,"What was the urobilinogen result? If any positive result, inform medic/PI. (Perform urinalysis",331
Urinalysis,"What was the ketone result? If any positive result, inform medic/PI. (Perform urinalysis and",331
Urinalysis,Comment:,332
Urinalysis,Staff Initials:,332
Urinalysis,What was the protein result?,332
Urinalysis,Comment:,333
Urinalysis,Staff Initials:,333
Urinalysis,What was the nitrite result? (Perform urinalysis and read results),333
Urinalysis,Record pH value (Perform urinalysis and read results),333
Urinalysis,Comment:,334
Urinalysis,Staff Initials:,334
Urinalysis,Record specific gravity of sample (Perform urinalysis and read results),334
Urinalysis,Staff Initials:,335
Urinalysis,Comment:,335
Urinalysis,What was the leukocyte result? (Perform urinalysis and read results),335
Urinalysis,"Is participant female and menstruating? (If 'Yes', DO NOT send sample for Microscopy. If 'No',",335
Urinalysis,Confirm sample sent for microscopy (Complete associated paperwork),335
Urinalysis,Staff Initials:,336
Urinalysis,Comment:,336
Urinalysis,Has urinalysis been repeated as soon as possible with a clean catch specimen?,336
Urinalysis,Confirm TDL form completed:,336
Urinalysis,Has there been a medic review of the Microscopy results?,336
ECG,Staff Initials:,337
ECG,Comment:,337
ECG,"Exclude if - QT interval corrected for heart rate using Fridericia’s formula (QTcF) >450 msec for male participants or >470 msec for female participants, QRS interval >120 msec, or PR interval >200 msec. (Supine for a minimum 3 minutes)",337
ECG,PR interval ms (##0),337
ECG,QRS Duration ms (##0),337
ECG,QT interval ms (##0),337
ECG,QRS Axis deg (###0),337
ECG,RR interval ms (###0),337
ECG,QTcF ms (##0),337
ECG,Ventricular Rate beats/min (##0),337
ECG,ECG Rhythm assessment and interpretation,337
ECG,Comment:,338
ECG,Staff Initials:,338
ECG,(500 char. max.),338
ECG Difference,Staff Initials:,338
ECG Difference,Comment:,338
ECG Difference,QTcF ms (##0),338
Vital Signs,Staff Initials:,338
Vital Signs,Answer(s):,338
Vital Signs,Vital Signs,338
Vital Signs,Systolic mmHg (##0),338
Vital Signs,Diastolic mmHg (##0),338
Vital Signs,Comment:,339
Vital Signs,Respiratory Rate breaths/mi (##0),339
Vital Signs,Oral Temperature Degrees Celsius C (##.0),339
Vital Signs,Staff Initials:,339
Vital Signs,Clinical Assessment of Vital Signs (Medic or Nurse to assess vital signs),339
Vital Signs,Open Field (200 char. max.),339
Vital Signs Standing,Staff Initials:,340
Vital Signs Standing,Comment:,340
Vital Signs Standing,Vital Signs Standing BP and HR (Standing for at least 3 minutes),340
Vital Signs Standing,Diastolic mmHg (##0),340
Vital Signs Standing,Heart Rate beats/min (##0),340
Vital Signs Standing,Systolic mmHg (##0),340
Vital Signs Standing,Is there a drop in SYSTOLIC BP from supine to standing?,340
Vital Signs Standing 2,Staff Initials:,340
Vital Signs Standing 2,Comment:,340
Vital Signs Standing 2,Is there a drop in DIASTOLIC BP from supine to standing?,340
Vital Signs Difference,Staff Initials:,340
Vital Signs Difference,Comment:,340
Vital Signs Difference,Systolic Drop mmHg (####),340
Vital Signs Standing,Staff Initials:,341
Vital Signs Standing,Comment:,341
Vital Signs Standing,Diastolic Drop mmHg (####),341
Vital Signs Standing,Clinical Assessment of Standing Vital Signs (Medic or Nurse to assess vital signs),341
Vital Signs Standing,Open Field (200 char. max.),341
Safety,Staff Initials:,341
Safety,Comment:,341
Safety,Has the participant fasted for 8 hours?,341
Safety,Staff Initials:,342
Safety,Comment:,342
Safety,Has there been a medic review of the Haematology blood results?,342
Safety,Has there been a medic review of the Clinical Chemistry blood results?,342
PK Samples,Staff Initials:,343
PK Samples,Comment:,343
PK Samples,Confirm TDL form completed:,343
AE/CM Surveys,Staff Initials:,343
AE/CM Surveys,Comment:,343
Stanford Sleepiness Scale,Staff Initials:,343
Stanford Sleepiness Scale,Answer(s):,343
Stanford Sleepiness Scale,Comment:,343
Stanford Sleepiness Scale,Stanford Sleepiness Scale Questionnaire - Date and Time (Transcribe from paper source,343
Stanford Sleepiness Scale,Date (dd-MMM-yyyy),343
Stanford Sleepiness Scale,Time (HH:mm),343
PK Samples,Comment:,344
PK Samples,Staff Initials:,344
AE/CM Surveys,Staff Initials:,344
AE/CM Surveys,Comment:,344
Vital Signs,Staff Initials:,345
Vital Signs,Comment:,345
Vital Signs,Vital Signs,345
Vital Signs,Diastolic mmHg (##0),345
Vital Signs,Heart Rate beats/min (##0),345
Vital Signs,Respiratory Rate breaths/mi (##0),345
Vital Signs,Oral Temperature Degrees Celsius C (##.0),345
Vital Signs,Systolic mmHg (##0),345
Vital Signs,Clinical Assessment of Vital Signs (Medic or Nurse to assess vital signs),345
Vital Signs Standing,Staff Initials:,346
Vital Signs Standing,Comment:,346
Vital Signs Standing,Open Field (200 char. max.),346
Vital Signs Standing,Vital Signs Standing BP and HR (Standing for at least 3 minutes),346
Vital Signs Standing,Diastolic mmHg (##0),346
Vital Signs Standing,Heart Rate beats/min (##0),346
Vital Signs Standing,Systolic mmHg (##0),346
Vital Signs Standing,Is there a drop in SYSTOLIC BP from supine to standing?,346
Vital Signs Standing 2,Staff Initials:,346
Vital Signs Standing 2,Comment:,346
Vital Signs Standing 2,Is there a drop in DIASTOLIC BP from supine to standing?,346
Vital Signs Difference,Staff Initials:,347
Vital Signs Difference,Comment:,347
Vital Signs Difference,Systolic Drop mmHg (####),347
Vital Signs Difference,Diastolic Drop mmHg (####),347
Vital Signs Standing,Staff Initials:,347
Vital Signs Standing,Comment:,347
Vital Signs Standing,Clinical Assessment of Standing Vital Signs (Medic or Nurse to assess vital signs),347
Vital Signs Standing,Open Field (200 char. max.),347
AE/CM Surveys,Staff Initials:,348
AE/CM Surveys,Comment:,348
C-SSRS Assessment,Staff Initials:,348
C-SSRS Assessment,Answer(s):,348
C-SSRS Assessment,Comment:,348
C-SSRS Assessment,C-SSRS Questionnaire - Date and Time (Transcribe from C-SSRS paper source workbook),348
C-SSRS Assessment,Date (dd-MMM-yyyy),348
C-SSRS Assessment,Time (HH:mm),348
C-SSRS Since Last Visit,Staff Initials:,348
C-SSRS Since Last Visit,Comment:,348
C-SSRS Since Last Visit,1. Wish to be dead,348
C-SSRS Since Last Visit,Yes (Specify) (500 char. max.) (Activates,348
C-SSRS Since Last Visit,Staff Initials:,349
C-SSRS Since Last Visit,Comment:,349
C-SSRS Since Last Visit,"General non-specific thoughts of wanting to end one's life / commit suicide (e.g. ""I've thought about killing myself"") without thoughts of ways to kill oneself / associated methods, intent, or plan during the assessment period. (Have you actually had any thoughts of killing yourself?)",349
C-SSRS Since Last Visit,Yes (Specify) (500 char. max.) (Activates,349
C-SSRS Since Last Visit,3. Active Suicidal Ideation with Any Methods (Not Plan) Without Intent to Act,349
C-SSRS Since Last Visit,Yes (Specify) (500 char. max.),349
C-SSRS Since Last Visit,"4. Active Suicidal Ideation with Some Intent to Act, without Specific Plan",349
C-SSRS Since Last Visit,Staff Initials:,350
C-SSRS Since Last Visit,Comment:,350
C-SSRS Since Last Visit,5. Active Suicidal Ideation with Specific Plan and Intent,350
C-SSRS Since Last Visit,Yes (Specify) (500 char. max.),350
C-SSRS Since Last Visit,Staff Initials:,351
C-SSRS Since Last Visit,Comment:,351
C-SSRS Since Last Visit,Frequency,351
C-SSRS Since Last Visit,Duration,351
C-SSRS Since Last Visit,Comment:,352
C-SSRS Since Last Visit,Staff Initials:,352
C-SSRS Since Last Visit,Deterrents,352
C-SSRS Since Last Visit,Staff Initials:,353
C-SSRS Since Last Visit,Comment:,353
C-SSRS Since Last Visit,"(What sort of reasons did you have for thinking about wanting to die or killing yourself? Was it to end the pain or stop the way you were feeling (in other words you couldn't go on living with this pain or how you were feeling) or was it to get attention, revenge or a reaction from others? Or both?)",353
C-SSRS Since Last Visit,Staff Initials:,354
C-SSRS Since Last Visit,Comment:,354
C-SSRS Since Last Visit,"A potentially self-injurious act committed with at least some wish to die, as a result of act. Behaviour was in part thought of as method to kill oneself. Intent does not have to be 100%. If there is any intent/desire to die associated with the act, then it can be considered an actual suicide attempt. There does not have to be any injury or harm, just the potential for injury or harm. If person pulls trigger while gun is in mouth but gun is broken so no injury results, this is considered an attempt. Inferring Intent: Even if an individual denies intent/wish to die, it may be inferred clinically from the behaviour or circumstances. For example, a highly lethal act that is clearly not an accident so no other intent but suicide can be inferred (e.g. gunshot to head, jumping from window of a high floor/storey). Also, if someone denies intent to die, but they thought that what they did could be lethal, intent maybe inferred. (Have you made a suicide attempt? Have you done anything to harm yourself? Have you done anything dangerous where you could have died? (What did you do? Did you ___ as a way to end your life? Did you want to die (even a little) when you___? Were you trying to end your life when you___? Or did you think it was possible you could have died from___?) Or did you do it purely for other reasons / without ANY intention of killing yourself (like to relieve stress, feel better, get sympathy, or get something else to happen)? (Self-Injurious Behaviour without suicidal intent))",354
C-SSRS Since Last Visit,as a way to end your life? Did you want to die (even a little) when you ? Were you trying to end your life when you ? Or did you think it was possible you could have died from ?),354
C-SSRS Since Last Visit,Yes (Specify) (500 char. max.) (Activates,354
C-SSRS Since Last Visit,Staff Initials:,355
C-SSRS Since Last Visit,Comment:,355
C-SSRS Since Last Visit,Has subject engaged in Non-Suicidal Self-Injurious Behaviour (Since Last Visit),355
C-SSRS Since Last Visit,Yes (Specify) (500 char. max.),355
C-SSRS Since Last Visit,Interrupted Attempt (Since Last Visit),355
C-SSRS Since Last Visit,Staff Initials:,356
C-SSRS Since Last Visit,Comment:,356
C-SSRS Since Last Visit,"When person begins to take steps towards making a suicide attempt, but stops themselves before they actually have engaged in any self-destructive behaviour. Examples are similar to interrupted attempts, except that the individual stops him/herself instead of being stopped by something else. (Has there been a time when you started to do something to try to end your life but you stopped yourself before you actually did anything?)",356
C-SSRS Since Last Visit,Yes (Specify) (500 char. max.),356
C-SSRS Since Last Visit,Number (#0),356
C-SSRS Since Last Visit,Staff Initials:,357
C-SSRS Since Last Visit,Comment:,357
C-SSRS Since Last Visit,Preparatory Acts or Behaviour (Since Last Visit),357
C-SSRS Since Last Visit,Yes (Specify) (500 char. max.),357
C-SSRS Since Last Visit,Suicidal Behaviour (Since Last Visit),357
C-SSRS Since Last Visit,Suicide (Since Last Visit),357
C-SSRS Since Last Visit,Staff Initials:,358
C-SSRS Since Last Visit,Comment:,358
C-SSRS Since Last Visit,Date (dd-MMM-yyyy),358
C-SSRS Since Last Visit,Actual Lethality/Medical Damage - Most Lethal Attempt,358
Meals,Staff Initials:,359
Meals,Comment:,359
Meals,Potential Lethality - Most Lethal Attempt Code,359
Meals,Confirm Evening Snack Provided,359
Pre-dose Triplicate ECG 1,Staff Initials:,359
Pre-dose Triplicate ECG 1,Ventricular Rate beats/min (##0),359
Pre-dose Triplicate ECG 1,Comment:,360
Pre-dose Triplicate ECG 1,QRS Duration ms (##0),360
Pre-dose Triplicate ECG 1,QT interval ms (##0),360
Pre-dose Triplicate ECG 1,QRS Axis deg (###0),360
Pre-dose Triplicate ECG 1,RR Interval ms (###0),360
Pre-dose Triplicate ECG 1,QTcF ms (##0),360
Pre-dose Triplicate ECG 1,Staff Initials:,360
Pre-dose Triplicate ECG 1,PRE-DOSE Triplicate ECG 1: ECG Rhythm assessment and interpretation,360
Pre-dose Triplicate ECG 1,PRE-DOSE Triplicate ECG 1: Was the ECG clinically significant? (Medic to assess),360
Pre-dose Triplicate ECG 1,Staff Initials:,361
Pre-dose Triplicate ECG 1,Comment:,361
Pre-dose Triplicate ECG 1,(500 char. max.),361
Pre-dose Triplicate ECG 2,Staff Initials:,361
Pre-dose Triplicate ECG 2,Comment:,361
Pre-dose Triplicate ECG 2,PRE-DOSE Triplicate ECG 2: 12 Lead Standard ECG (To be performed at least 2 minutes after,361
Pre-dose Triplicate ECG 2,PR interval ms (##0),361
Pre-dose Triplicate ECG 2,QRS Duration ms (##0),361
Pre-dose Triplicate ECG 2,QT interval ms (##0),361
Pre-dose Triplicate ECG 2,QRS Axis deg (###0),361
Pre-dose Triplicate ECG 2,RR Interval ms (###0),361
Pre-dose Triplicate ECG 2,QTcF ms (##0),361
Pre-dose Triplicate ECG 2,Ventricular Rate beats/min (##0),361
Pre-dose Triplicate ECG 2,Comment:,362
Pre-dose Triplicate ECG 2,Staff Initials:,362
Pre-dose Triplicate ECG 2,PRE-DOSE Triplicate ECG 2: Was the ECG clinically significant? (Medic to assess),362
Pre-dose Triplicate ECG 2,(500 char. max.),362
Pre-dose Triplicate ECG 3,Comment:,363
Pre-dose Triplicate ECG 3,PR interval ms (##0),363
Pre-dose Triplicate ECG 3,QRS Duration ms (##0),363
Pre-dose Triplicate ECG 3,QT interval ms (##0),363
Pre-dose Triplicate ECG 3,QRS Axis deg (###0),363
Pre-dose Triplicate ECG 3,RR Interval ms (###0),363
Pre-dose Triplicate ECG 3,QTcF ms (##0),363
Pre-dose Triplicate ECG 3,Ventricular Rate beats/min (##0),363
Pre-dose Triplicate ECG 3,Staff Initials:,363
Pre-dose Triplicate ECG 3,PRE-DOSE Triplicate ECG 3: ECG Rhythm assessment and interpretation,363
Pre-dose Triplicate ECG 3,Staff Initials:,364
Pre-dose Triplicate ECG 3,Comment:,364
Pre-dose Triplicate ECG 3,PRE-DOSE Triplicate ECG 3: Was the ECG clinically significant? (Medic to assess),364
Pre-dose Triplicate ECG 3,(500 char. max.),364
ECG Difference,Staff Initials:,365
ECG Difference,Comment:,365
ECG Difference,PRE-DOSE - Mean values,365
ECG Difference,QRS Duration ms (##0),365
ECG Difference,QTcF ms (##0),365
ECG Difference,PR interval ms (##0),365
Pre-dose Vital Signs,Staff Initials:,365
Pre-dose Vital Signs,Comment:,365
Pre-dose Vital Signs,PRE-DOSE - Vital Signs (Supine for at least 3 minutes),365
Pre-dose Vital Signs,Diastolic mmHg (##0),365
Pre-dose Vital Signs,Heart Rate beats/min (##0),365
Pre-dose Vital Signs,Respiratory Rate breaths/mi (##0),365
Pre-dose Vital Signs,Oral Temperature Degrees Celsius C (##.0),365
Pre-dose Vital Signs,Systolic mmHg (##0),365
Pre-dose Vital Signs,Staff Initials:,366
Pre-dose Vital Signs,Comment:,366
Pre-dose Vital Signs,PRE-DOSE - Clinical Assessment of Vital Signs (Medic or Nurse to assess vital signs),366
Pre-dose Vital Signs,Open Field (200 char. max.),366
Pre-dose Vital Signs Standing,Staff Initials:,366
Pre-dose Vital Signs Standing,Comment:,366
Pre-dose Vital Signs Standing,PRE-DOSE - Vital Signs (Standing),366
Pre-dose Vital Signs Standing,Diastolic mmHg (##0),366
Pre-dose Vital Signs Standing,Heart Rate beats/min (##0),366
Pre-dose Vital Signs Standing,Systolic mmHg (##0),366
Pre-dose Vital Signs Standing 2,Staff Initials:,367
Pre-dose Vital Signs Standing 2,Comment:,367
Pre-dose Vital Signs Standing 2,PRE-DOSE - Is there a drop in SYSTOLIC BP from supine to standing?,367
Pre-dose Vital Signs Standing 2,PRE-DOSE - Is there a drop in DIASTOLIC BP from supine to standing?,367
Pre-dose Vital Signs Difference,Staff Initials:,367
Pre-dose Vital Signs Difference,Comment:,367
Pre-dose Vital Signs Difference,Systolic mmHg (####),367
Pre-dose Vital Signs Difference,Diastolic mmHg (####),367
Pre-dose Vital Signs Standing,Staff Initials:,367
Pre-dose Vital Signs Standing,Comment:,368
Pre-dose Vital Signs Standing,Staff Initials:,368
Pre-dose Vital Signs Standing,Open Field (200 char. max.),368
PK Samples,Staff Initials:,368
PK Samples,Comment:,368
AE/CM Surveys,Staff Initials:,368
AE/CM Surveys,Comment:,368
Exposure,Staff Initials:,368
Exposure,Comment:,368
Exposure,I confirm that the participant continues to be eligible to participate in this clinical study.,368
Exposure x,Staff Initials:,368
Exposure x,Comment:,369
Exposure x,Staff Initials:,369
Exposure x,Has the participant fasted for 10 hours prior to breakfast?,369
Meals,Staff Initials:,369
Meals,Comment:,369
Meals,Total amount of breakfast consumed,369
Meals,Staff Initials:,370
Meals,Comment:,370
Meals,(500 char. max.),370
Meals,PI to authorise. Full meal must be consumed to proceed with dosing.,370
Exposure,Staff Initials:,370
Exposure,Comment:,370
Exposure,Staff Initials:,371
Exposure,Comment:,371
Exposure,Has the participant refrained from drinking water for at least 1 hour prior to dosing?,371
Exposure,Has the participant fasted for 10 hours prior to dosing?,371
Exposure,"Has the participant consumed breakfast per the protocol requirements, over 20 minutes and",371
Exposure,Pre dose blood draws for PK sample taken?,371
Exposure,Staff Initials:,372
Exposure,Comment:,372
Exposure,Have all required pre dose procedures been completed?,372
Exposure,Is the participant eligible to dose?,372
Exposure,Enter the product details,372
Exposure,Treatment (25 char. max.),372
Exposure,Dose Level mg (#0),372
Exposure,Number of tablets/capsules to be administered (#0),372
Exposure,Batch Number (25 char. max.),372
Exposure,Container Number (##0),372
Exposure,Randomisation Number (00000),372
Exposure,Staff Initials:,373
Exposure,Comment:,373
Exposure,Does the Product label match the Instruction to Dispense and Dose?,373
Exposure,Has the participant been provided with 240 mL of water?,373
Exposure,Has a hand and mouth check been performed?,373
Exposure x,Staff Initials:,374
Exposure x,Comment:,374
Exposure x,Has the participant been reminded to refrain from water for 2 hours post-dose?,374
Exposure x,Has the participant been advised to minimise exposure to sunlight from dosing for at least 7,374
Exposure,Staff Initials:,374
Exposure,Comment:,374
Exposure,Confirm dosing is complete (Operator to complete (switch user)),374
System,Staff Initials:,374
System,Comment:,374
System,What is the status of the subject?,374
AE/CM Surveys,Staff Initials:,375
AE/CM Surveys,Comment:,375
PK Samples,Staff Initials:,375
PK Samples,Comment:,375
Stanford Sleepiness Scale,Staff Initials:,375
Stanford Sleepiness Scale,Answer(s):,375
Stanford Sleepiness Scale,Comment:,375
Stanford Sleepiness Scale,Stanford Sleepiness Scale Questionnaire - Date and Time (Transcribe from paper source,375
Stanford Sleepiness Scale,Date (dd-MMM-yyyy),375
Stanford Sleepiness Scale,Time (HH:mm),375
Stanford Sleepiness Scale,Comment:,376
ECG,Staff Initials:,377
ECG,Comment:,377
ECG,12 Lead Standard ECG,377
ECG,PR interval ms (##0),377
ECG,QRS Duration ms (##0),377
ECG,QT interval ms (##0),377
ECG,QRS Axis deg (###0),377
ECG,RR interval ms (###0),377
ECG,QTcF ms (##0),377
ECG,Ventricular Rate beats/min (##0),377
ECG,ECG Rhythm assessment and interpretation,377
ECG,Staff Initials:,378
ECG,Comment:,378
ECG,(500 char. max.),378
ECG Difference,Staff Initials:,378
ECG Difference,Comment:,378
ECG Difference,QTcF ms (##0),378
PK Samples,Staff Initials:,378
PK Samples,Comment:,378
Exposure,Staff Initials:,379
Exposure,Comment:,379
Exposure,Has the volunteer been provided with water 2 hrs post-dose?,379
Stanford Sleepiness Scale,Staff Initials:,379
Stanford Sleepiness Scale,Answer(s):,379
Stanford Sleepiness Scale,Comment:,379
Stanford Sleepiness Scale,Stanford Sleepiness Scale Questionnaire - Date and Time (Transcribe from paper source,379
Stanford Sleepiness Scale,Date (dd-MMM-yyyy),379
Stanford Sleepiness Scale,Time (HH:mm),379
Stanford Sleepiness Scale,Degree of Sleepiness,379
Targeted Physical Examination Findings,Comment:,380
Targeted Physical Examination Findings,Staff Initials:,380
Targeted Physical Examination Findings,Targeted Physical Examination: Does the participant require a targeted physical examination?,380
Targeted Physical Examination Findings,Yes (Specify) (50 char. max.) (Activates Line,380
Targeted Physical Examination Findings,Physical Examination Category,380
Targeted Physical Examination Findings,Comment:,381
Targeted Physical Examination Findings,Other (Specify) (40 char. max.),381
Targeted Physical Examination Findings,Staff Initials:,381
Targeted Physical Examination Findings,(500 char. max.),381
Targeted Neurological Examination,Staff Initials:,382
Targeted Neurological Examination,Comment:,382
Targeted Neurological Examination,Targeted Neurological Examination: Does the participant require a targeted neurological,382
Targeted Neurological Examination,Yes (Specify) (50 char. max.) (Activates Line,382
Targeted Neurological Examination,Targeted Neurological Examination Category,382
Targeted Neurological Examination,Comment:,383
Targeted Neurological Examination,Other (Specify) (40 char. max.),383
Targeted Neurological Examination,Staff Initials:,383
Targeted Neurological Examination,(500 char. max.),383
Vital Signs,Staff Initials:,383
Vital Signs,Comment:,383
Vital Signs,Vital Signs,383
Vital Signs,Diastolic mmHg (##0),383
Vital Signs,Heart Rate beats/min (##0),383
Vital Signs,Respiratory Rate breaths/mi (##0),383
Vital Signs,Oral Temperature Degrees Celsius C (##.0),383
Vital Signs,Systolic mmHg (##0),383
Vital Signs,Staff Initials:,384
Vital Signs,Comment:,384
Vital Signs,Clinical Assessment of Vital Signs (Medic or Nurse to assess vital signs),384
Vital Signs,Open Field (200 char. max.),384
Vital Signs Standing,Staff Initials:,384
Vital Signs Standing,Comment:,384
Vital Signs Standing,Vital Signs Standing BP and HR (Standing for at least 3 minutes),384
Vital Signs Standing,Diastolic mmHg (##0),384
Vital Signs Standing,Heart Rate beats/min (##0),384
Vital Signs Standing,Systolic mmHg (##0),384
Vital Signs Standing 2,Staff Initials:,385
Vital Signs Standing 2,Comment:,385
Vital Signs Standing 2,Is there a drop in SYSTOLIC BP from supine to standing?,385
Vital Signs Standing 2,Is there a drop in DIASTOLIC BP from supine to standing?,385
Vital Signs Difference,Staff Initials:,385
Vital Signs Difference,Comment:,385
Vital Signs Difference,Systolic Drop mmHg (####),385
Vital Signs Difference,Diastolic Drop mmHg (####),385
Vital Signs Standing,Staff Initials:,385
Vital Signs Standing,Comment:,386
Vital Signs Standing,Staff Initials:,386
Vital Signs Standing,Open Field (200 char. max.),386
PK Samples,Staff Initials:,386
PK Samples,Comment:,386
AE/CM Surveys,Staff Initials:,386
AE/CM Surveys,Comment:,386
Meals,Staff Initials:,386
Meals,Comment:,386
Meals,Confirm Lunch Provided,386
AE/CM Surveys,Staff Initials:,387
AE/CM Surveys,Comment:,387
PK Samples,Staff Initials:,387
PK Samples,Comment:,387
Vital Signs,Comment:,388
Vital Signs,Diastolic mmHg (##0),388
Vital Signs,Heart Rate beats/min (##0),388
Vital Signs,Respiratory Rate breaths/mi (##0),388
Vital Signs,Oral Temperature Degrees Celsius C (##.0),388
Vital Signs,Systolic mmHg (##0),388
Vital Signs,Staff Initials:,388
Vital Signs,Clinical Assessment of Vital Signs (Medic or Nurse to assess vital signs),388
Vital Signs,Open Field (200 char. max.),388
Vital Signs Standing,Staff Initials:,388
Vital Signs Standing,Comment:,389
Vital Signs Standing,Diastolic mmHg (##0),389
Vital Signs Standing,Heart Rate beats/min (##0),389
Vital Signs Standing,Staff Initials:,389
Vital Signs Standing,Is there a drop in SYSTOLIC BP from supine to standing?,389
Vital Signs Standing 2,Staff Initials:,389
Vital Signs Standing 2,Comment:,389
Vital Signs Standing 2,Is there a drop in DIASTOLIC BP from supine to standing?,389
Vital Signs Difference,Staff Initials:,389
Vital Signs Difference,Comment:,389
Vital Signs Difference,Systolic Drop mmHg (####),389
Vital Signs Standing,Staff Initials:,390
Vital Signs Standing,Comment:,390
Vital Signs Standing,Diastolic Drop mmHg (####),390
Vital Signs Standing,Clinical Assessment of Standing Vital Signs (Medic or Nurse to assess vital signs),390
Vital Signs Standing,Open Field (200 char. max.),390
PK Samples,Staff Initials:,390
PK Samples,Comment:,390
AE/CM Surveys,Staff Initials:,390
AE/CM Surveys,Comment:,390
Stanford Sleepiness Scale,Staff Initials:,391
Stanford Sleepiness Scale,Answer(s):,391
Stanford Sleepiness Scale,Comment:,391
Stanford Sleepiness Scale,Stanford Sleepiness Scale Questionnaire - Date and Time (Transcribe from paper source,391
Stanford Sleepiness Scale,Date (dd-MMM-yyyy),391
Stanford Sleepiness Scale,Time (HH:mm),391
Stanford Sleepiness Scale,Degree of Sleepiness,391
PK Samples,Staff Initials:,391
PK Samples,Comment:,391
Vital Signs,Staff Initials:,392
Vital Signs,Comment:,392
Vital Signs,Vital Signs,392
Vital Signs,Diastolic mmHg (##0),392
Vital Signs,Heart Rate beats/min (##0),392
Vital Signs,Respiratory Rate breaths/mi (##0),392
Vital Signs,Oral Temperature Degrees Celsius C (##.0),392
Vital Signs,Systolic mmHg (##0),392
Vital Signs,Clinical Assessment of Vital Signs (Medic or Nurse to assess vital signs),392
Vital Signs Standing,Staff Initials:,393
Vital Signs Standing,Comment:,393
Vital Signs Standing,Open Field (200 char. max.),393
Vital Signs Standing,Vital Signs Standing BP and HR (Standing for at least 3 minutes),393
Vital Signs Standing,Diastolic mmHg (##0),393
Vital Signs Standing,Heart Rate beats/min (##0),393
Vital Signs Standing,Systolic mmHg (##0),393
Vital Signs Standing,Is there a drop in SYSTOLIC BP from supine to standing?,393
Vital Signs Standing 2,Staff Initials:,393
Vital Signs Standing 2,Comment:,393
Vital Signs Standing 2,Is there a drop in DIASTOLIC BP from supine to standing?,393
Vital Signs Difference,Staff Initials:,394
Vital Signs Difference,Comment:,394
Vital Signs Difference,Systolic Drop mmHg (####),394
Vital Signs Difference,Diastolic Drop mmHg (####),394
Vital Signs Standing,Staff Initials:,394
Vital Signs Standing,Comment:,394
Vital Signs Standing,Clinical Assessment of Standing Vital Signs (Medic or Nurse to assess vital signs),394
Vital Signs Standing,Open Field (200 char. max.),394
AE/CM Surveys,Staff Initials:,395
AE/CM Surveys,Comment:,395
Meals,Staff Initials:,395
Meals,Comment:,395
Meals,Confirm Dinner Provided,395
ECG,Staff Initials:,395
ECG,12 Lead Standard ECG,395
ECG,PR interval ms (##0),395
ECG,QRS Duration ms (##0),395
ECG,QT interval ms (##0),395
ECG,QRS Axis deg (###0),395
ECG,Ventricular Rate beats/min (##0),395
ECG,Comment:,396
ECG,QTcF ms (##0),396
ECG,Staff Initials:,396
ECG,ECG Rhythm assessment and interpretation,396
ECG,Was the ECG clinically significant? (Medic to assess),396
ECG,(500 char. max.),396
ECG Difference,Staff Initials:,397
ECG Difference,Comment:,397
ECG Difference,(500 char. max.),397
ECG Difference,QTcF ms (##0),397
Vital Signs,Staff Initials:,397
Vital Signs,Comment:,397
Vital Signs,Vital Signs,397
Vital Signs,Diastolic mmHg (##0),397
Vital Signs,Heart Rate beats/min (##0),397
Vital Signs,Respiratory Rate breaths/mi (##0),397
Vital Signs,Oral Temperature Degrees Celsius C (##.0),397
Vital Signs,Systolic mmHg (##0),397
Vital Signs,Staff Initials:,398
Vital Signs,Comment:,398
Vital Signs,Clinical Assessment of Vital Signs (Medic or Nurse to assess vital signs),398
Vital Signs,Open Field (200 char. max.),398
Vital Signs Standing,Staff Initials:,398
Vital Signs Standing,Comment:,398
Vital Signs Standing,Vital Signs Standing BP and HR (Standing for at least 3 minutes),398
Vital Signs Standing,Diastolic mmHg (##0),398
Vital Signs Standing,Heart Rate beats/min (##0),398
Vital Signs Standing,Systolic mmHg (##0),398
Vital Signs Standing 2,Staff Initials:,399
Vital Signs Standing 2,Comment:,399
Vital Signs Standing 2,Is there a drop in SYSTOLIC BP from supine to standing?,399
Vital Signs Standing 2,Is there a drop in DIASTOLIC BP from supine to standing?,399
Vital Signs Difference,Staff Initials:,399
Vital Signs Difference,Comment:,399
Vital Signs Difference,Systolic Drop mmHg (####),399
Vital Signs Difference,Diastolic Drop mmHg (####),399
Vital Signs Standing,Staff Initials:,399
Vital Signs Standing,Comment:,400
Vital Signs Standing,Staff Initials:,400
Vital Signs Standing,Open Field (200 char. max.),400
PK Samples,Staff Initials:,400
PK Samples,Comment:,400
AE/CM Surveys,Staff Initials:,400
AE/CM Surveys,Comment:,400
Stanford Sleepiness Scale,Staff Initials:,400
Stanford Sleepiness Scale,Answer(s):,400
Stanford Sleepiness Scale,Comment:,400
Stanford Sleepiness Scale,Stanford Sleepiness Scale Questionnaire - Date and Time (Transcribe from paper source,400
Stanford Sleepiness Scale,Date (dd-MMM-yyyy),400
Stanford Sleepiness Scale,Time (HH:mm),400
Meals,Staff Initials:,401
Meals,Comment:,401
Meals,Confirm Evening Snack Provided,401
PK Samples,Staff Initials:,401
PK Samples,Comment:,401
Urinalysis,Staff Initials:,402
Urinalysis,Comment:,402
Urinalysis,"What was the bilirubin result? If any positive result, inform medic/PI. (Perform urinalysis and",402
Urinalysis,Staff Initials:,403
Urinalysis,Comment:,403
Urinalysis,"What was the urobilinogen result? If any positive result, inform medic/PI. (Perform urinalysis",403
Urinalysis,"What was the ketone result? If any positive result, inform medic/PI. (Perform urinalysis and",403
Urinalysis,Comment:,404
Urinalysis,Staff Initials:,404
Urinalysis,What was the protein result?,404
Urinalysis,Comment:,405
Urinalysis,Staff Initials:,405
Urinalysis,What was the nitrite result? (Perform urinalysis and read results),405
Urinalysis,Record pH value (Perform urinalysis and read results),405
Urinalysis,Comment:,406
Urinalysis,Staff Initials:,406
Urinalysis,Record specific gravity of sample (Perform urinalysis and read results),406
Urinalysis,Staff Initials:,407
Urinalysis,Comment:,407
Urinalysis,What was the leukocyte result? (Perform urinalysis and read results),407
Urinalysis,"Is participant female and menstruating? (If 'Yes', DO NOT send sample for Microscopy. If 'No',",407
Urinalysis,Confirm sample sent for microscopy (Complete associated paperwork),407
Urinalysis,Staff Initials:,408
Urinalysis,Comment:,408
Urinalysis,Has urinalysis been repeated as soon as possible with a clean catch specimen?,408
Urinalysis,Confirm TDL form completed:,408
Urinalysis,Has there been a medic review of the Microscopy results?,408
Safety,Staff Initials:,408
Safety,Comment:,409
Safety,Staff Initials:,409
ECG,Staff Initials:,409
ECG,Comment:,409
ECG,12 Lead Standard ECG,409
ECG,PR interval ms (##0),409
ECG,QRS Duration ms (##0),409
ECG,QT interval ms (##0),409
ECG,QRS Axis deg (###0),409
ECG,RR interval ms (###0),409
ECG,QTcF ms (##0),409
ECG,Ventricular Rate beats/min (##0),409
ECG,Staff Initials:,410
ECG,Comment:,410
ECG,Was the ECG clinically significant? (Medic to assess),410
ECG,(500 char. max.),410
Vital Signs,Staff Initials:,411
Vital Signs,Comment:,411
Vital Signs,QTcF ms (##0),411
Vital Signs,Vital Signs,411
Vital Signs,Diastolic mmHg (##0),411
Vital Signs,Heart Rate beats/min (##0),411
Vital Signs,Respiratory Rate breaths/mi (##0),411
Vital Signs,Oral Temperature Degrees Celsius C (##.0),411
Vital Signs,Systolic mmHg (##0),411
Vital Signs,Clinical Assessment of Vital Signs (Medic or Nurse to assess vital signs),411
Vital Signs Standing,Staff Initials:,412
Vital Signs Standing,Comment:,412
Vital Signs Standing,Open Field (200 char. max.),412
Vital Signs Standing,Vital Signs Standing BP and HR (Standing for at least 3 minutes),412
Vital Signs Standing,Diastolic mmHg (##0),412
Vital Signs Standing,Heart Rate beats/min (##0),412
Vital Signs Standing,Systolic mmHg (##0),412
Vital Signs Standing,Is there a drop in SYSTOLIC BP from supine to standing?,412
Vital Signs Standing 2,Staff Initials:,412
Vital Signs Standing 2,Comment:,412
Vital Signs Standing 2,Is there a drop in DIASTOLIC BP from supine to standing?,412
Vital Signs Difference,Staff Initials:,413
Vital Signs Difference,Comment:,413
Vital Signs Difference,Systolic Drop mmHg (####),413
Vital Signs Difference,Diastolic Drop mmHg (####),413
Vital Signs Standing,Staff Initials:,413
Vital Signs Standing,Comment:,413
Vital Signs Standing,Clinical Assessment of Standing Vital Signs (Medic or Nurse to assess vital signs),413
Vital Signs Standing,Open Field (200 char. max.),413
Safety,Staff Initials:,413
Safety,Comment:,414
Safety,Staff Initials:,414
Safety,Has there been a medic review of the Haematology blood results?,414
Safety,Has there been a medic review of the Clinical Chemistry blood results?,414
PK Samples,Staff Initials:,415
PK Samples,Comment:,415
PK Samples,- Correct form used - Correct participant label applied - Correct slot number written - Correct sex and fasting status - Correct timepoint checked - Correct sample date and time written - Correct visit - Initials signed to confirm sample collected and form correct,415
AE/CM Surveys,Staff Initials:,415
AE/CM Surveys,Comment:,415
Stanford Sleepiness Scale,Staff Initials:,415
Stanford Sleepiness Scale,Answer(s):,415
Stanford Sleepiness Scale,Comment:,415
Stanford Sleepiness Scale,Stanford Sleepiness Scale Questionnaire - Date and Time (Transcribe from paper source,415
Stanford Sleepiness Scale,Date (dd-MMM-yyyy),415
Stanford Sleepiness Scale,Time (HH:mm),415
PK Samples,Comment:,416
PK Samples,Staff Initials:,416
AE/CM Surveys,Staff Initials:,416
AE/CM Surveys,Comment:,416
Vital Signs,Staff Initials:,417
Vital Signs,Comment:,417
Vital Signs,Vital Signs,417
Vital Signs,Diastolic mmHg (##0),417
Vital Signs,Heart Rate beats/min (##0),417
Vital Signs,Respiratory Rate breaths/mi (##0),417
Vital Signs,Oral Temperature Degrees Celsius C (##.0),417
Vital Signs,Systolic mmHg (##0),417
Vital Signs,Clinical Assessment of Vital Signs (Medic or Nurse to assess vital signs),417
Vital Signs Standing,Staff Initials:,418
Vital Signs Standing,Comment:,418
Vital Signs Standing,Open Field (200 char. max.),418
Vital Signs Standing,Vital Signs Standing BP and HR (Standing for at least 3 minutes),418
Vital Signs Standing,Diastolic mmHg (##0),418
Vital Signs Standing,Heart Rate beats/min (##0),418
Vital Signs Standing,Systolic mmHg (##0),418
Vital Signs Standing,Is there a drop in SYSTOLIC BP from supine to standing?,418
Vital Signs Standing 2,Staff Initials:,418
Vital Signs Standing 2,Comment:,418
Vital Signs Standing 2,Is there a drop in DIASTOLIC BP from supine to standing?,418
Vital Signs Difference,Staff Initials:,419
Vital Signs Difference,Comment:,419
Vital Signs Difference,Systolic Drop mmHg (####),419
Vital Signs Difference,Diastolic Drop mmHg (####),419
Vital Signs Standing,Staff Initials:,419
Vital Signs Standing,Comment:,419
Vital Signs Standing,Clinical Assessment of Standing Vital Signs (Medic or Nurse to assess vital signs),419
Vital Signs Standing,Open Field (200 char. max.),419
AE/CM Surveys,Staff Initials:,420
AE/CM Surveys,Comment:,420
Urinalysis,Staff Initials:,420
Urinalysis,Comment:,420
Urinalysis,"What was the bilirubin result? If any positive result, inform medic/PI. (Perform urinalysis and",420
Urinalysis,Comment:,421
Urinalysis,Staff Initials:,421
Urinalysis,"What was the ketone result? If any positive result, inform medic/PI. (Perform urinalysis and",421
Urinalysis,"What was the glucose result? If any positive result, inform medic/PI. (Perform urinalysis and",421
Urinalysis,Comment:,422
Urinalysis,Staff Initials:,422
Urinalysis,What was the protein result?,422
Urinalysis,What was the blood result? (Perform urinalysis and read results),422
Urinalysis,Comment:,423
Urinalysis,Staff Initials:,423
Urinalysis,What was the nitrite result? (Perform urinalysis and read results),423
Urinalysis,Staff Initials:,424
Urinalysis,Comment:,424
Urinalysis,Record pH value (Perform urinalysis and read results),424
Urinalysis,Record specific gravity of sample (Perform urinalysis and read results),424
Urinalysis,Staff Initials:,425
Urinalysis,Comment:,425
Urinalysis,What was the leukocyte result? (Perform urinalysis and read results),425
Urinalysis,"Is participant female and menstruating? (If 'Yes', DO NOT send sample for Microscopy. If 'No',",425
Urinalysis,Confirm sample sent for microscopy (Complete associated paperwork),425
Urinalysis,Staff Initials:,426
Urinalysis,Comment:,426
Urinalysis,Has urinalysis been repeated as soon as possible with a clean catch specimen?,426
Urinalysis,Confirm TDL form completed:,426
Urinalysis,Has there been a medic review of the Microscopy results?,426
ECG,Staff Initials:,427
ECG,Comment:,427
ECG,"Exclude if - QT interval corrected for heart rate using Fridericia’s formula (QTcF) >450 msec for male participants or >470 msec for female participants, QRS interval >120 msec, or PR interval >200 msec. (Supine for a minimum 3 minutes)",427
ECG,PR interval ms (##0),427
ECG,QRS Duration ms (##0),427
ECG,QT interval ms (##0),427
ECG,QRS Axis deg (###0),427
ECG,RR interval ms (###0),427
ECG,QTcF ms (##0),427
ECG,Ventricular Rate beats/min (##0),427
ECG,ECG Rhythm assessment and interpretation,427
ECG,Comment:,428
ECG,Staff Initials:,428
ECG,(500 char. max.),428
ECG Difference,Staff Initials:,428
ECG Difference,Comment:,428
ECG Difference,QTcF ms (##0),428
Vital Signs,Staff Initials:,428
Vital Signs,Answer(s):,428
Vital Signs,Vital Signs,428
Vital Signs,Systolic mmHg (##0),428
Vital Signs,Diastolic mmHg (##0),428
Vital Signs,Comment:,429
Vital Signs,Respiratory Rate breaths/mi (##0),429
Vital Signs,Oral Temperature Degrees Celsius C (##.0),429
Vital Signs,Staff Initials:,429
Vital Signs,Clinical Assessment of Vital Signs (Medic or Nurse to assess vital signs),429
Vital Signs,Open Field (200 char. max.),429
Vital Signs Standing,Staff Initials:,430
Vital Signs Standing,Comment:,430
Vital Signs Standing,Vital Signs Standing BP and HR (Standing for at least 3 minutes),430
Vital Signs Standing,Diastolic mmHg (##0),430
Vital Signs Standing,Heart Rate beats/min (##0),430
Vital Signs Standing,Systolic mmHg (##0),430
Vital Signs Standing,Is there a drop in SYSTOLIC BP from supine to standing?,430
Vital Signs Standing 2,Staff Initials:,430
Vital Signs Standing 2,Comment:,430
Vital Signs Standing 2,Is there a drop in DIASTOLIC BP from supine to standing?,430
Vital Signs Difference,Staff Initials:,430
Vital Signs Difference,Comment:,430
Vital Signs Difference,Systolic Drop mmHg (####),430
Vital Signs Standing,Staff Initials:,431
Vital Signs Standing,Comment:,431
Vital Signs Standing,Diastolic Drop mmHg (####),431
Vital Signs Standing,Clinical Assessment of Standing Vital Signs (Medic or Nurse to assess vital signs),431
Vital Signs Standing,Open Field (200 char. max.),431
Safety,Staff Initials:,431
Safety,Comment:,431
Safety,Has the participant fasted for 8 hours?,431
Safety,Staff Initials:,432
Safety,Comment:,432
Safety,Has there been a medic review of the Haematology blood results?,432
Safety,Has there been a medic review of the Clinical Chemistry blood results?,432
PK Samples,Staff Initials:,433
PK Samples,Comment:,433
PK Samples,Confirm TDL form completed:,433
AE/CM Surveys,Staff Initials:,433
AE/CM Surveys,Comment:,433
C-SSRS Assessment,Staff Initials:,433
C-SSRS Assessment,Answer(s):,433
C-SSRS Assessment,Comment:,433
C-SSRS Assessment,C-SSRS Questionnaire - Date and Time (Transcribe from C-SSRS paper source workbook),433
C-SSRS Assessment,Date (dd-MMM-yyyy),433
C-SSRS Assessment,Time (HH:mm),433
C-SSRS Since Last Visit,Staff Initials:,434
C-SSRS Since Last Visit,Comment:,434
C-SSRS Since Last Visit,"Subject endorses thoughts about a wish to be dead or not alive anymore, or a wish to fall asleep and not wake up. (Have you wished you were dead or wished you could go to sleep and not wake up?)",434
C-SSRS Since Last Visit,Yes (Specify) (500 char. max.) (Activates,434
C-SSRS Since Last Visit,2. Non-specific Active Suicidal Thoughts,434
C-SSRS Since Last Visit,Staff Initials:,435
C-SSRS Since Last Visit,Comment:,435
C-SSRS Since Last Visit,3. Active Suicidal Ideation with Any Methods (Not Plan) Without Intent to Act,435
C-SSRS Since Last Visit,Yes (Specify) (500 char. max.),435
C-SSRS Since Last Visit,"4. Active Suicidal Ideation with Some Intent to Act, without Specific Plan",435
C-SSRS Since Last Visit,Staff Initials:,436
C-SSRS Since Last Visit,Comment:,436
C-SSRS Since Last Visit,5. Active Suicidal Ideation with Specific Plan and Intent,436
C-SSRS Since Last Visit,Yes (Specify) (500 char. max.),436
C-SSRS Since Last Visit,Staff Initials:,437
C-SSRS Since Last Visit,Comment:,437
C-SSRS Since Last Visit,Frequency,437
C-SSRS Since Last Visit,Duration,437
C-SSRS Since Last Visit,Comment:,438
C-SSRS Since Last Visit,Staff Initials:,438
C-SSRS Since Last Visit,Deterrents,438
C-SSRS Since Last Visit,Staff Initials:,439
C-SSRS Since Last Visit,Comment:,439
C-SSRS Since Last Visit,"(What sort of reasons did you have for thinking about wanting to die or killing yourself? Was it to end the pain or stop the way you were feeling (in other words you couldn't go on living with this pain or how you were feeling) or was it to get attention, revenge or a reaction from others? Or both?)",439
C-SSRS Since Last Visit,Staff Initials:,440
C-SSRS Since Last Visit,Comment:,440
C-SSRS Since Last Visit,"A potentially self-injurious act committed with at least some wish to die, as a result of act. Behaviour was in part thought of as method to kill oneself. Intent does not have to be 100%. If there is any intent/desire to die associated with the act, then it can be considered an actual suicide attempt. There does not have to be any injury or harm, just the potential for injury or harm. If person pulls trigger while gun is in mouth but gun is broken so no injury results, this is considered an attempt. Inferring Intent: Even if an individual denies intent/wish to die, it may be inferred clinically from the behaviour or circumstances. For example, a highly lethal act that is clearly not an accident so no other intent but suicide can be inferred (e.g. gunshot to head, jumping from window of a high floor/storey). Also, if someone denies intent to die, but they thought that what they did could be lethal, intent maybe inferred. (Have you made a suicide attempt? Have you done anything to harm yourself? Have you done anything dangerous where you could have died? (What did you do? Did you ___ as a way to end your life? Did you want to die (even a little) when you___? Were you trying to end your life when you___? Or did you think it was possible you could have died from___?) Or did you do it purely for other reasons / without ANY intention of killing yourself (like to relieve stress, feel better, get sympathy, or get something else to happen)? (Self-Injurious Behaviour without suicidal intent))",440
C-SSRS Since Last Visit,as a way to end your life? Did you want to die (even a little) when you ? Were you trying to end your life when you ? Or did you think it was possible you could have died from ?),440
C-SSRS Since Last Visit,Yes (Specify) (500 char. max.) (Activates,440
C-SSRS Since Last Visit,Staff Initials:,441
C-SSRS Since Last Visit,Comment:,441
C-SSRS Since Last Visit,Has subject engaged in Non-Suicidal Self-Injurious Behaviour (Since Last Visit),441
C-SSRS Since Last Visit,Yes (Specify) (500 char. max.),441
C-SSRS Since Last Visit,Interrupted Attempt (Since Last Visit),441
C-SSRS Since Last Visit,Staff Initials:,442
C-SSRS Since Last Visit,Comment:,442
C-SSRS Since Last Visit,"When person begins to take steps towards making a suicide attempt, but stops themselves before they actually have engaged in any self-destructive behaviour. Examples are similar to interrupted attempts, except that the individual stops him/herself instead of being stopped by something else. (Has there been a time when you started to do something to try to end your life but you stopped yourself before you actually did anything?)",442
C-SSRS Since Last Visit,Yes (Specify) (500 char. max.),442
C-SSRS Since Last Visit,Number (#0),442
C-SSRS Since Last Visit,Staff Initials:,443
C-SSRS Since Last Visit,Comment:,443
C-SSRS Since Last Visit,Preparatory Acts or Behaviour (Since Last Visit),443
C-SSRS Since Last Visit,Yes (Specify) (500 char. max.),443
C-SSRS Since Last Visit,Suicidal Behaviour (Since Last Visit),443
C-SSRS Since Last Visit,Suicide (Since Last Visit),443
C-SSRS Since Last Visit,Staff Initials:,444
C-SSRS Since Last Visit,Comment:,444
C-SSRS Since Last Visit,Date (dd-MMM-yyyy),444
C-SSRS Since Last Visit,Actual Lethality/Medical Damage - Most Lethal Attempt,444
Targeted Physical Examination Findings,Staff Initials:,445
Targeted Physical Examination Findings,Comment:,445
Targeted Physical Examination Findings,Potential Lethality - Most Lethal Attempt Code,445
Targeted Physical Examination Findings,Targeted Physical Examination: Does the participant require a targeted physical examination?,445
Targeted Physical Examination Findings,Yes (Specify) (50 char. max.) (Activates Line,445
Targeted Physical Examination Findings,Comment:,446
Targeted Physical Examination Findings,Other (Specify) (40 char. max.),446
Targeted Physical Examination Findings,Staff Initials:,446
Targeted Physical Examination Findings,(500 char. max.),446
Neurological Examination,Staff Initials:,447
Neurological Examination,Comment:,447
Neurological Examination,Was a neurological examination performed?,447
Neurological Examination,Mental Status,447
Neurological Examination,Cranial Nerves,447
Neurological Examination,Comment:,448
Neurological Examination,Staff Initials:,448
Neurological Examination,Reflexes,448
Neurological Examination,Staff Initials:,449
Neurological Examination,Comment:,449
Neurological Examination,Sensory System,449
Neurological Examination,Co-ordination,449
Neurological Examination,Staff Initials:,450
Neurological Examination,Comment:,450
Neurological Examination,Station and Gait,450
Neurological Examination,(500 char. max.),450
Discharge Procedures,Staff Initials:,450
Discharge Procedures,Comment:,450
Discharge Procedures,Confirm participant has been provided with a Trial Participation Card,450
Discharge Procedures,"Is the signed copy of the participant's ICF present in their volunteer folder? (If 'No', escalate",450
Discharge Procedures,Staff Initials:,451
Discharge Procedures,Comment:,451
Discharge Procedures,"Has volunteer been reminded of the restrictions, below?",451
Discharge Procedures,Have there been any Adverse Events throughout study duration?,451
Discharge Procedures,Staff Initials:,452
Discharge Procedures,Comment:,452
Discharge Procedures,Confirm that all discharge procedures have been completed and the participant is safe to be,452
Discharge Procedures,"As participant has had AE(s) on the study, Medic to confirm that all discharge procedures have",452
Follow Up Call,Staff Initials:,452
Follow Up Call,Comment:,452
Follow Up Call,Has it been 30 to 32 days since participant's last dose?,452
Prompts,Staff Initials:,453
Prompts,Comment:,453
Prompts,"Has participant adhered to the restrictions, below?",453
Follow Up Call,Staff Initials:,453
Follow Up Call,Comment:,453
Follow Up Call,Has the participant been unwell since their last visit?,453
Follow Up Call,Has the participant taken any medication since their last visit?,453
System,Staff Initials:,454
System,Comment:,454
System,What is the status of the subject?,454
Urinalysis,Staff Initials:,454
Urinalysis,Comment:,454
Urinalysis,Staff Initials:,455
Urinalysis,Comment:,455
Urinalysis,"What was the bilirubin result? If any positive result, inform medic/PI. (Perform urinalysis and",455
Urinalysis,"What was the urobilinogen result? If any positive result, inform medic/PI. (Perform urinalysis",455
Urinalysis,"What was the ketone result? If any positive result, inform medic/PI. (Perform urinalysis and",455
Urinalysis,Comment:,456
Urinalysis,Staff Initials:,456
Urinalysis,"What was the glucose result? If any positive result, inform medic/PI. (Perform urinalysis and",456
Urinalysis,What was the protein result?,456
Urinalysis,Comment:,457
Urinalysis,Staff Initials:,457
Urinalysis,What was the blood result? (Perform urinalysis and read results),457
Urinalysis,Staff Initials:,458
Urinalysis,Comment:,458
Urinalysis,What was the nitrite result? (Perform urinalysis and read results),458
Urinalysis,Record pH value (Perform urinalysis and read results),458
Urinalysis,Record specific gravity of sample (Perform urinalysis and read results),458
Urinalysis,Comment:,459
Urinalysis,Staff Initials:,459
Urinalysis,What was the leukocyte result? (Perform urinalysis and read results),459
Urinalysis,"Is participant female and menstruating? (If 'Yes', DO NOT send sample for Microscopy. If 'No',",459
Urinalysis,Staff Initials:,460
Urinalysis,Comment:,460
Urinalysis,Has urinalysis been repeated as soon as possible with a clean catch specimen?,460
Urinalysis,Confirm TDL form completed:,460
ECG,Staff Initials:,461
ECG,Comment:,461
ECG,Has there been a medic review of the Microscopy results?,461
ECG,12 Lead Standard ECG,461
ECG,PR interval ms (##0),461
ECG,QRS Duration ms (##0),461
ECG,QT interval ms (##0),461
ECG,QRS Axis deg (###0),461
ECG,RR interval ms (###0),461
ECG,QTcF ms (##0),461
ECG,Ventricular Rate beats/min (##0),461
ECG,ECG Rhythm assessment and interpretation,461
ECG,Comment:,462
ECG,Staff Initials:,462
ECG,Was the ECG clinically significant? (Medic to assess),462
ECG,(500 char. max.),462
Vital Signs,Staff Initials:,462
Vital Signs,Answer(s):,462
Vital Signs,Vital Signs (Supine for at least 3 minutes),462
Vital Signs,Systolic mmHg (##0),462
Vital Signs,Diastolic mmHg (##0),462
Vital Signs,Comment:,463
Vital Signs,Respiratory Rate breaths/mi (##0),463
Vital Signs,Oral Temperature Degrees Celsius C (##.0),463
Vital Signs,Staff Initials:,463
Vital Signs,Clinical Assessment of Vital Signs (Medic or Nurse to assess vital signs),463
Vital Signs,Open Field (200 char. max.),463
Vital Signs Standing,Staff Initials:,464
Vital Signs Standing,Comment:,464
Vital Signs Standing,Vital Signs Standing BP and HR (Standing for at least 3 minutes),464
Vital Signs Standing,Diastolic mmHg (##0),464
Vital Signs Standing,Heart Rate beats/min (##0),464
Vital Signs Standing,Systolic mmHg (##0),464
Vital Signs Standing,Is there a drop in SYSTOLIC BP from supine to standing?,464
Vital Signs Standing 2,Staff Initials:,464
Vital Signs Standing 2,Comment:,464
Vital Signs Standing 2,Is there a drop in DIASTOLIC BP from supine to standing?,464
Vital Signs Difference,Staff Initials:,464
Vital Signs Difference,Comment:,464
Vital Signs Difference,Systolic Drop mmHg (####),464
Vital Signs Standing,Staff Initials:,465
Vital Signs Standing,Comment:,465
Vital Signs Standing,Diastolic Drop mmHg (####),465
Vital Signs Standing,Clinical Assessment of Standing Vital Signs (Medic or Nurse to assess vital signs),465
Vital Signs Standing,Open Field (200 char. max.),465
Safety,Staff Initials:,465
Safety,Comment:,465
Safety,Has the participant fasted for 8 hours?,465
Safety,Staff Initials:,466
Safety,Comment:,466
Safety,Has there been a medic review of the Haematology blood results?,466
Safety,Has there been a medic review of the Clinical Chemistry blood results?,466
PK Samples,Staff Initials:,467
PK Samples,Comment:,467
PK Samples,Confirm TDL form completed:,467
AE/CM Surveys,Staff Initials:,467
AE/CM Surveys,Comment:,467
Targeted Physical Examination Findings,Staff Initials:,467
Targeted Physical Examination Findings,Comment:,467
Targeted Physical Examination Findings,Targeted Physical Examination: Does the participant require a targeted physical examination?,467
Targeted Physical Examination Findings,Yes (Specify) (50 char. max.) (Activates Line,467
"If yes, were there any clinically significant abnormal findings?",Staff Initials:,468
"If yes, were there any clinically significant abnormal findings?",Comment:,468
Targeted Physical Examination Findings,Staff Initials:,469
Targeted Physical Examination Findings,Comment:,469
Targeted Physical Examination Findings,Physical Examination Category,469
Targeted Physical Examination Findings,Other (Specify) (40 char. max.),469
Targeted Physical Examination Findings,(500 char. max.),469
Neurological Examination,Staff Initials:,470
Neurological Examination,Comment:,470
Neurological Examination,Was a neurological examination performed?,470
Neurological Examination,Mental Status,470
Neurological Examination,Cranial Nerves,470
Neurological Examination,Comment:,471
Neurological Examination,Staff Initials:,471
Neurological Examination,Reflexes,471
Neurological Examination,Staff Initials:,472
Neurological Examination,Comment:,472
Neurological Examination,Sensory System,472
Neurological Examination,Co-ordination,472
Neurological Examination,Staff Initials:,473
Neurological Examination,Comment:,473
Neurological Examination,Station and Gait,473
Neurological Examination,(500 char. max.),473
C-SSRS Assessment,Staff Initials:,473
C-SSRS Assessment,Comment:,473
C-SSRS Assessment,Answer(s):,473
C-SSRS Assessment,Was the C-SSRS completed?,473
C-SSRS Assessment,Date (dd-MMM-yyyy),473
C-SSRS Assessment,Time (HH:mm),473
C-SSRS Since Last Visit,Staff Initials:,474
C-SSRS Since Last Visit,Comment:,474
C-SSRS Since Last Visit,"Subject endorses thoughts about a wish to be dead or not alive anymore, or a wish to fall asleep and not wake up. (Have you wished you were dead or wished you could go to sleep and not wake up?)",474
C-SSRS Since Last Visit,Yes (Specify) (500 char. max.) (Activates,474
C-SSRS Since Last Visit,2. Non-specific Active Suicidal Thoughts,474
C-SSRS Since Last Visit,Staff Initials:,475
C-SSRS Since Last Visit,Comment:,475
C-SSRS Since Last Visit,3. Active Suicidal Ideation with Any Methods (Not Plan) Without Intent to Act,475
C-SSRS Since Last Visit,Yes (Specify) (500 char. max.),475
C-SSRS Since Last Visit,"4. Active Suicidal Ideation with Some Intent to Act, without Specific Plan",475
C-SSRS Since Last Visit,Staff Initials:,476
C-SSRS Since Last Visit,Comment:,476
C-SSRS Since Last Visit,5. Active Suicidal Ideation with Specific Plan and Intent,476
C-SSRS Since Last Visit,Yes (Specify) (500 char. max.),476
C-SSRS Since Last Visit,Open Field (500 char. max.),476
C-SSRS Since Last Visit,Comment:,477
C-SSRS Since Last Visit,Staff Initials:,477
C-SSRS Since Last Visit,Duration,477
C-SSRS Since Last Visit,Controllability,477
C-SSRS Since Last Visit,Comment:,478
C-SSRS Since Last Visit,Staff Initials:,478
C-SSRS Since Last Visit,Deterrents,478
C-SSRS Since Last Visit,Comment:,479
C-SSRS Since Last Visit,Staff Initials:,480
C-SSRS Since Last Visit,Comment:,480
C-SSRS Since Last Visit,Actual Attempt (Since Last Visit),480
C-SSRS Since Last Visit,as a way to end your life? Did you want to die (even a little) when you ? Were you trying to end your life when you ? Or did you think it was possible you could have died from ?),480
C-SSRS Since Last Visit,Yes (Specify) (500 char. max.) (Activates,480
C-SSRS Since Last Visit,Comment:,481
C-SSRS Since Last Visit,Staff Initials:,481
C-SSRS Since Last Visit,Interrupted Attempt (Since Last Visit),481
C-SSRS Since Last Visit,Yes (Specify) (500 char. max.),481
C-SSRS Since Last Visit,Comment:,482
C-SSRS Since Last Visit,Yes (Specify) (500 char. max.),482
C-SSRS Since Last Visit,Staff Initials:,482
C-SSRS Since Last Visit,Number (#0),482
C-SSRS Since Last Visit,Preparatory Acts or Behaviour (Since Last Visit),482
C-SSRS Since Last Visit,Comment:,483
C-SSRS Since Last Visit,Staff Initials:,483
C-SSRS Since Last Visit,Suicide (Since Last Visit),483
C-SSRS Since Last Visit,Yes (Specify) (500 char. max.),483
C-SSRS Since Last Visit,Date (dd-MMM-yyyy),483
C-SSRS Since Last Visit,Actual Lethality/Medical Damage - Most Lethal Attempt,483
C-SSRS Since Last Visit,Comment:,484
C-SSRS Since Last Visit,Staff Initials:,484
C-SSRS Since Last Visit,Potential Lethality - Most Lethal Attempt Code,484
Discharge Procedures,Staff Initials:,484
Discharge Procedures,Comment:,484
Discharge Procedures,Confirm participant has been provided with a Trial Participation Card,484
Discharge Procedures,"Is the signed copy of the participant's ICF present in their volunteer folder? (If 'No', escalate",484
Discharge Procedures,Staff Initials:,485
Discharge Procedures,Comment:,485
Discharge Procedures,Bag search performed?,485
Discharge Procedures,"Has volunteer been reminded of the restrictions, below?",485
Discharge Procedures,Have there been any Adverse Events throughout study duration?,485
Discharge Procedures,Staff Initials:,486
Discharge Procedures,Comment:,486
Discharge Procedures,Confirm that all discharge procedures have been completed and the participant is safe to be,486
Discharge Procedures,"As participant has had AE(s) on the study, Medic to confirm that all discharge procedures have",486
System,Staff Initials:,486
System,Comment:,486
System,What is the status of the subject?,486
Completion,Staff Initials:,486
Completion,Comment:,486
Completion,Did the participant complete the study?,486
Completion,Staff Initials:,487
Completion,Comment:,487
Completion,Date (dd-MMM-yyyy),487
Completion,What was the reason for participant discontinuation?,487
Completion,Comment:,488
Completion,Staff Initials:,489
Completion,Comment:,489
Completion,(200 char. max.),489
Completion,Answer(s):,489
Completion,Date and time of death,489
Completion,Date (dd-MMM-yyyy),489
Completion,Time (HH:mm),489
