form_name,field_name,page
Informed Consent Form,Previous Subject Number,2
Informed Consent Form,Informed Consent Obtained,2
Informed Consent Form,Informed Consent Time,2
Informed Consent Form,Informed Consent Version,2
Informed Consent Form,Subject Previously Screened,2
Variable details,Informed Consent Obtained,3
Variable details,Informed Consent Date,3
Variable details,Informed Consent Time,3
Variable details,Informed Consent Version,3
Variable details,Subject Previously Screened,3
Variable details,Previous Subject Number,3
Visit Date,Visit Date,4
Variable details,Name,5
Variable details,Export Name,5
Variable details,Type,5
Variable details,Max length,5
Variable details,Categories,5
Demographics,Year of Birth,6
Demographics,Age at Consent (Years),6
Demographics,Sex,6
Demographics,Child-Bearing Potential,6
Demographics,Country of Residence,6
Demographics,"Country Other, Specify",6
Demographics,Ethnicity,6
Demographics,Race,6
Demographics,"Other, Please Specify",6
Variable details,Year of Birth,7
Variable details,Age at Consent (Years),7
Variable details,Sex,7
Variable details,Child-Bearing Potential,7
Variable details,Country of Residence,7
Variable details,"Country Other, Specify",7
Variable details,Ethnicity,7
Variable details,Race,7
Variable details,"Other, Please Specify",7
Inclusion / Exclusion Criteria,Date Eligibility Criteria Confirmed,8
Inclusion / Exclusion Criteria,"If Eligibility Criteria Not Met, Please Specify Which Criteria",8
Inclusion / Exclusion Criteria,Inclusion / Exclusion Criteria Inclusion / Exclusion Criteria ID,8
Variable details,All Eligibility Criteria Met,9
Variable details,Date Eligibility Criteria Confirmed,9
Variable details,Inclusion / Exclusion Criteria,9
Variable details,Inclusion / Exclusion Criteria ID,9
Medical History,Condition / Surgical Procedure,10
Medical History,Category,10
Medical History,Ongoing,10
Medical History,Stop Date,10
Medical History,Start Date,10
Medical History,Condition / Surgical Procedure Category,10
Variable details,Relevant Medical History,11
Variable details,Condition / Surgical Procedure,11
Variable details,Category,11
Variable details,Start Date,11
Variable details,Ongoing,11
Variable details,Stop Date,11
C-SSRS (Screening) - Part 1,3. Active Suicidal Ideation with Any,12
C-SSRS (Screening) - Part 1,4. Active Suicidal Ideation with Some,12
C-SSRS (Screening) - Part 1,5. Active Suicidal Ideation with,12
C-SSRS (Screening) - Part 1,SUICIDAL IDEATION,12
C-SSRS (Screening) - Part 1,Lifetime,12
C-SSRS (Screening) - Part 1,Past 60 Months,12
C-SSRS (Screening) - Part 1,Yes,12
C-SSRS (Screening) - Part 1,1. Wish to be Dead,12
C-SSRS (Screening) - Part 1,2. Non-Specific Active Suicidal Thoughts,12
C-SSRS (Screening) - Part 1,3. Active Suicidal Ideation with Any Methods (Not Plan) without Intent to Act,12
C-SSRS (Screening) - Part 1,Methods (Not Plan) without Intent to Act,12
C-SSRS (Screening) - Part 1,"4. Active Suicidal Ideation with Some Intent to Act, without Specific Plan",12
C-SSRS (Screening) - Part 1,"Intent to Act, without Specific Plan",12
C-SSRS (Screening) - Part 1,5. Active Suicidal Ideation with Specific Plan and Intent,12
C-SSRS (Screening) - Part 1,Specific Plan and Intent,12
C-SSRS (Screening) - Part 1,INTENSITY OF IDEATION,12
C-SSRS (Screening) - Part 1,Type # (1-5),12
C-SSRS (Screening) - Part 1,Past 60 Months - Most Severe Ideation,13
C-SSRS (Screening) - Part 1,Lifetime,13
C-SSRS (Screening) - Part 1,Past 60 Months,13
C-SSRS (Screening) - Part 1,Frequency,13
C-SSRS (Screening) - Part 1,Duration,13
C-SSRS (Screening) - Part 1,Controllability,13
C-SSRS (Screening) - Part 1,Deterrents,13
C-SSRS (Screening) - Part 1,Reasons for Ideation,13
C-SSRS (Screening) - Part 1,SUICIDAL BEHAVIOUR,13
C-SSRS (Screening) - Part 1,Past 5 Years,13
C-SSRS (Screening) - Part 1,Actual Attempt,13
C-SSRS (Screening) - Part 1,Total Number of Attempts,13
C-SSRS (Screening) - Part 1,Yes,13
C-SSRS (Screening) - Part 1,Has subject engaged in Non-Suicidal Self-Injurious Behaviour?,13
C-SSRS (Screening) - Part 1,Self-Injurious Behaviour?,13
C-SSRS (Screening) - Part 1,Interrupted Attempt,13
C-SSRS (Screening) - Part 1,Total Number of Interrupted,13
C-SSRS (Screening) - Part 1,Total Number of Aborted,14
C-SSRS (Screening) - Part 1,Yes,14
C-SSRS (Screening) - Part 1,Preparatory Acts or Behaviour,14
C-SSRS (Screening) - Part 1,Suicidal Behaviour,14
C-SSRS (Screening) - Part 1,Answer for Actual Attempts Only,14
C-SSRS (Screening) - Part 1,Most Recent Attempt Date,14
C-SSRS (Screening) - Part 1,Most Lethal Attempt Date,14
C-SSRS (Screening) - Part 1,Initial/First Attempt Date,14
C-SSRS (Screening) - Part 1,Attempt Date,14
C-SSRS (Screening) - Part 1,Date,14
C-SSRS (Screening) - Part 1,Enter Code,14
C-SSRS (Screening) - Part 1,Actual Lethality/Medical Damage,14
C-SSRS (Screening) - Part 1,Potential Lethality,14
Variable details,Name,15
Variable details,Export Name,15
Variable details,Type,15
Variable details,Max length,15
Variable details,Categories,15
C-SSRS (Screening) - Part 2,3. Active Suicidal Ideation with Any,18
C-SSRS (Screening) - Part 2,4. Active Suicidal Ideation with Some,18
C-SSRS (Screening) - Part 2,5. Active Suicidal Ideation with,18
C-SSRS (Screening) - Part 2,SUICIDAL IDEATION,18
C-SSRS (Screening) - Part 2,Lifetime,18
C-SSRS (Screening) - Part 2,Past 12 Months,18
C-SSRS (Screening) - Part 2,Yes,18
C-SSRS (Screening) - Part 2,1. Wish to be Dead,18
C-SSRS (Screening) - Part 2,2. Non-Specific Active Suicidal Thoughts,18
C-SSRS (Screening) - Part 2,3. Active Suicidal Ideation with Any Methods (Not Plan) without Intent to Act,18
C-SSRS (Screening) - Part 2,Methods (Not Plan) without Intent to Act,18
C-SSRS (Screening) - Part 2,"4. Active Suicidal Ideation with Some Intent to Act, without Specific Plan",18
C-SSRS (Screening) - Part 2,"Intent to Act, without Specific Plan",18
C-SSRS (Screening) - Part 2,5. Active Suicidal Ideation with Specific Plan and Intent,18
C-SSRS (Screening) - Part 2,Specific Plan and Intent,18
C-SSRS (Screening) - Part 2,INTENSITY OF IDEATION,18
C-SSRS (Screening) - Part 2,Type # (1-5),18
C-SSRS (Screening) - Part 2,Past 12 Months - Most Severe Ideation,19
C-SSRS (Screening) - Part 2,Lifetime,19
C-SSRS (Screening) - Part 2,Past 12 Months,19
C-SSRS (Screening) - Part 2,Frequency,19
C-SSRS (Screening) - Part 2,Duration,19
C-SSRS (Screening) - Part 2,Controllability,19
C-SSRS (Screening) - Part 2,Deterrents,19
C-SSRS (Screening) - Part 2,Reasons for Ideation,19
C-SSRS (Screening) - Part 2,SUICIDAL BEHAVIOUR,19
C-SSRS (Screening) - Part 2,Past 1 Year,19
C-SSRS (Screening) - Part 2,Actual Attempt,19
C-SSRS (Screening) - Part 2,Total Number of Attempts,19
C-SSRS (Screening) - Part 2,Yes,19
C-SSRS (Screening) - Part 2,Has subject engaged in Non-Suicidal Self-Injurious Behaviour?,19
C-SSRS (Screening) - Part 2,Self-Injurious Behaviour?,19
C-SSRS (Screening) - Part 2,Interrupted Attempt,19
C-SSRS (Screening) - Part 2,Total Number of Interrupted,19
C-SSRS (Screening) - Part 2,Total Number of Aborted,20
C-SSRS (Screening) - Part 2,Yes,20
C-SSRS (Screening) - Part 2,Preparatory Acts or Behaviour,20
C-SSRS (Screening) - Part 2,Suicidal Behaviour,20
C-SSRS (Screening) - Part 2,Answer for Actual Attempts Only,20
C-SSRS (Screening) - Part 2,Most Recent Attempt Date,20
C-SSRS (Screening) - Part 2,Most Lethal Attempt Date,20
C-SSRS (Screening) - Part 2,Initial/First Attempt Date,20
C-SSRS (Screening) - Part 2,Attempt Date,20
C-SSRS (Screening) - Part 2,Date,20
C-SSRS (Screening) - Part 2,Enter Code,20
C-SSRS (Screening) - Part 2,Actual Lethality/Medical Damage,20
C-SSRS (Screening) - Part 2,Potential Lethality,20
Variable details,Name,21
Variable details,Export Name,21
Variable details,Type,21
Variable details,Max length,21
Variable details,Categories,21
Hamilton Depression Rating Scale (HAM-D),Reason Not Performed,24
Hamilton Depression Rating Scale (HAM-D),HAM-D Performed,24
Hamilton Depression Rating Scale (HAM-D),HAM-D Date,24
Hamilton Depression Rating Scale (HAM-D),HAM-D Time,24
Hamilton Depression Rating Scale (HAM-D),Rater Initials,24
Hamilton Depression Rating Scale (HAM-D),"1. Depressed Mood (Sadness, hopeless,",24
Hamilton Depression Rating Scale (HAM-D),"helpless, worthless) 2. Feelings of Guilt",24
Hamilton Depression Rating Scale (HAM-D),2. Feelings of Guilt,24
Hamilton Depression Rating Scale (HAM-D),3. Suicide,24
Hamilton Depression Rating Scale (HAM-D),6. Insomnia: Early Hours of the Morning,24
Hamilton Depression Rating Scale (HAM-D),7. Work and Activities,24
Hamilton Depression Rating Scale (HAM-D),8. Retardation,24
Hamilton Depression Rating Scale (HAM-D),9. Agitation,24
Hamilton Depression Rating Scale (HAM-D),10. Anxiety Psychic,24
Hamilton Depression Rating Scale (HAM-D),11. Anxiety Somatic,24
Hamilton Depression Rating Scale (HAM-D),12. Somatic Symptoms Gastro-Intestinal,24
Hamilton Depression Rating Scale (HAM-D),16. Loss of Weight (Rate either a OR b),25
Variable details,HAM-D Performed,26
Variable details,Reason Not Performed,26
Variable details,HAM-D Date,26
Variable details,HAM-D Time,26
Variable details,Rater Initials,26
Variable details,"1. Depressed Mood (Sadness, hopeless, helpless, worthless)",26
Variable details,2. Feelings of Guilt,26
Variable details,3. Suicide,26
Variable details,4. Insomnia: Early in the Night,26
Variable details,5. Insomnia: Middle of the Night,26
Variable details,6. Insomnia: Early Hours of the Morning,26
Variable details,7. Work and Activities,26
Variable details,8. Retardation,26
Variable details,9. Agitation,26
Variable details,10. Anxiety Psychic,26
Variable details,11. Anxiety Somatic,26
Variable details,12. Somatic Symptoms Gastro-Intestinal,26
Variable details,13. General Somatic Symptoms,26
Variable details,15. Hypochondriasis,27
Variable details,16. Loss of Weight (Rate either a OR b),27
Variable details,17. Insight,27
Variable details,Total Score,27
Montgomery and Asberg Depression RS (MADRS),Montgomery and Asberg Depression RS (MADRS),28
Montgomery and Asberg Depression RS (MADRS),"Version: SIGMA - Since Last Evaluation 2016, v. 1 (Up to Day 3), SIGMA 2011, v. 1.2 (After Day 3).",28
Montgomery and Asberg Depression RS (MADRS),MADRS Performed,28
Montgomery and Asberg Depression RS (MADRS),Yes,28
Montgomery and Asberg Depression RS (MADRS),No,28
Montgomery and Asberg Depression RS (MADRS),Reason Not Performed,28
Montgomery and Asberg Depression RS (MADRS),MADRS Date,28
Montgomery and Asberg Depression RS (MADRS),MADRS Time,28
Montgomery and Asberg Depression RS (MADRS),Rater Initials,28
Montgomery and Asberg Depression RS (MADRS),Result,28
Montgomery and Asberg Depression RS (MADRS),1. Reported Sadness,28
Montgomery and Asberg Depression RS (MADRS),2. Apparent Sadness,28
Montgomery and Asberg Depression RS (MADRS),3. Inner Tension,28
Montgomery and Asberg Depression RS (MADRS),4. Reduced Sleep,28
Montgomery and Asberg Depression RS (MADRS),5. Reduced appetite,28
Montgomery and Asberg Depression RS (MADRS),6. Concentration Difficulties,28
Montgomery and Asberg Depression RS (MADRS),7. Lassitude,28
Montgomery and Asberg Depression RS (MADRS),8. Inability To Feel,28
Montgomery and Asberg Depression RS (MADRS),9. Pessimistic Thoughts,28
Montgomery and Asberg Depression RS (MADRS),10. Suicidal Thoughts,28
Montgomery and Asberg Depression RS (MADRS),Total MADRS Scale Score,28
Variable details,MADRS Performed,29
Variable details,Reason Not Performed,29
Variable details,MADRS Date,29
Variable details,MADRS Time,29
Variable details,Rater Initials,29
Variable details,Test,29
Variable details,Result,29
Variable details,Total MADRS Scale Score,29
Clinician Global Impressions Scale - Severity (CGI-S),Reason Not Performed,30
Clinician Global Impressions Scale - Severity (CGI-S),experience with patients who had the,30
Variable details,CGI-S Performed,31
Variable details,Reason Not Performed,31
Variable details,CGI-S Date,31
Variable details,CGI-S Time,31
Variable details,Rater Initials,31
Variable details,"SEVERITY OF PATIENT'S ILLNESS, relative to the clinician's past experience with patients who had the same diagnosis.",31
SCID-5-CT,Reason Not Performed,32
SCID-5-CT,SCID-5-CT Performed,32
Variable details,SCID-5-CT Performed,33
Variable details,Reason Not Performed,33
Variable details,SCID-5-CT Date,33
Variable details,SCID-5-CT Time,33
Variable details,Rater Initials,33
Massachusetts General Hospital (MGH) Antidepressant Treatment Response Questionnaire (ATRQ),dose at optional level,34
Massachusetts General Hospital (MGH) Antidepressant Treatment Response Questionnaire (ATRQ),"Doxepin, 150mg/d, 250mg/d",34
Massachusetts General Hospital (MGH) Antidepressant Treatment Response Questionnaire (ATRQ),"Clomipramine, 150mg/d, 250mg/d",34
Massachusetts General Hospital (MGH) Antidepressant Treatment Response Questionnaire (ATRQ),"Amoxapine, 150mg/d, 250mg/d",34
Massachusetts General Hospital (MGH) Antidepressant Treatment Response Questionnaire (ATRQ),"Amitriptyline, 150mg/d, 250mg/d",34
Massachusetts General Hospital (MGH) Antidepressant Treatment Response Questionnaire (ATRQ),"Maprotiline, 150mg/d, 250mg/d",34
Massachusetts General Hospital (MGH) Antidepressant Treatment Response Questionnaire (ATRQ),"Desipramine, 150mg/d, 250mg/d",34
Massachusetts General Hospital (MGH) Antidepressant Treatment Response Questionnaire (ATRQ),"Nortriptyline, 75mg/d, 125mg/d",34
Massachusetts General Hospital (MGH) Antidepressant Treatment Response Questionnaire (ATRQ),"Trimipramine, 150mg/d, 250mg/d",34
Massachusetts General Hospital (MGH) Antidepressant Treatment Response Questionnaire (ATRQ),"Imipramine, 150mg/d, 250mg/d",34
Massachusetts General Hospital (MGH) Antidepressant Treatment Response Questionnaire (ATRQ),"Protriptyline, 30mg/d, 60mg/d",34
Massachusetts General Hospital (MGH) Antidepressant Treatment Response Questionnaire (ATRQ),"Pipofezine, 150mg/d, 300mg/d",34
Massachusetts General Hospital (MGH) Antidepressant Treatment Response Questionnaire (ATRQ),"Noxiptiline, 100mg/d, 200mg/d",34
Massachusetts General Hospital (MGH) Antidepressant Treatment Response Questionnaire (ATRQ),Monoamine Oxidase Inhibitors (MAOIs),34
Massachusetts General Hospital (MGH) Antidepressant Treatment Response Questionnaire (ATRQ),"Selegiline Patch, 6mg/24hrs, 12mg/24hrs",35
Massachusetts General Hospital (MGH) Antidepressant Treatment Response Questionnaire (ATRQ),Monoamine Oxidase Inhibitors (MAOIs),35
Massachusetts General Hospital (MGH) Antidepressant Treatment Response Questionnaire (ATRQ),Selective Serotonin Reuptake Inhibitors (SSRIs),35
Massachusetts General Hospital (MGH) Antidepressant Treatment Response Questionnaire (ATRQ),Serotonin-Norepinephrine Reuptake Inhibitors (SNRIs),35
Massachusetts General Hospital (MGH) Antidepressant Treatment Response Questionnaire (ATRQ),"Trazodone, 300mg/d, 600mg/d",35
Massachusetts General Hospital (MGH) Antidepressant Treatment Response Questionnaire (ATRQ),"Bupropion, 300mg/d, 450mg/d",35
Massachusetts General Hospital (MGH) Antidepressant Treatment Response Questionnaire (ATRQ),"Mirtazapine, 15mg/d, 45mg/d",35
Massachusetts General Hospital (MGH) Antidepressant Treatment Response Questionnaire (ATRQ),"Mianserin, 30mg/d, 90mg/d",35
Massachusetts General Hospital (MGH) Antidepressant Treatment Response Questionnaire (ATRQ),"Opipramol, 150mg/d, 300mg/d",35
Massachusetts General Hospital (MGH) Antidepressant Treatment Response Questionnaire (ATRQ),"Nefazodone, 300mg/d, 600mg/d",35
Massachusetts General Hospital (MGH) Antidepressant Treatment Response Questionnaire (ATRQ),"Agomelatine, 25mg/d, 50mg/d",35
Variable details,MGH Assessment Performed,37
Variable details,Reason Not Performed,37
Variable details,MGH Assessment Date,37
Variable details,MGH Assessment Time,37
Variable details,Rater Initials,37
Variable details,Medication Type,37
Variable details,"Medication, Minimally adequate dose level, Minimal dose at optional level",37
Variable details,Taken during THIS current episode,37
Variable details,Minimally adequate dose,37
Variable details,Minimal dose at optimal level,37
Variable details,Scale for % Improvement,37
SAFER Interview,Reason Not Performed,38
SAFER Interview,SAFER Interview Performed,38
SAFER Interview,SAFER Interview Date,38
SAFER Interview,Eligibility Confirmed,38
SAFER Interview,Diagnosis Confirmed,38
Variable details,SAFER Interview Performed,39
Variable details,Reason Not Performed,39
Variable details,SAFER Interview Date,39
Variable details,Eligibility Confirmed,39
Variable details,Diagnosis Confirmed,39
Physical Examination,Not Done,40
Physical Examination,Reason Not Done,40
Physical Examination,Interpretation,40
Physical Examination,Abnormal Findings,40
Physical Examination,Body System Examined,40
Physical Examination,"Other, Please Specify",40
Variable details,Physical Examination Performed,41
Variable details,Reason Not Performed,41
Variable details,Examination Date,41
Variable details,Examination Time,41
Variable details,Body System Examined,41
Variable details,"Other, Please Specify",41
Variable details,Not Done,41
Variable details,Reason Not Done,41
Variable details,Interpretation,41
Variable details,Abnormal Findings,41
Neurological Examination,Reason Not Performed,42
Neurological Examination,Neurological Examination Performed,42
Neurological Examination,Test,42
Variable details,Neurological Examination Performed,43
Variable details,Reason Not Performed,43
Variable details,Examination Date,43
Variable details,Examination Time,43
Variable details,Test,43
Variable details,Not Done,43
Variable details,Interpretation,43
Variable details,Comment,43
Height & Weight & BMI,Reason Not Performed,44
Height & Weight & BMI,Test,44
Variable details,Assessment Performed,45
Variable details,Reason Not Performed,45
Variable details,Assessment Date,45
Variable details,Test,45
Variable details,Not Done,45
Variable details,Result,45
Breath Alcohol Screen and Urine Cotinine,Performed,46
Breath Alcohol Screen and Urine Cotinine,Reason Not Performed,46
Breath Alcohol Screen and Urine Cotinine,Test Time,46
Breath Alcohol Screen and Urine Cotinine,Result,46
Breath Alcohol Screen and Urine Cotinine,Test,46
Breath Alcohol Screen and Urine Cotinine,Test Date,46
Breath Alcohol Screen and Urine Cotinine,Comments,46
Variable details,Test,47
Variable details,Performed,47
Variable details,Reason Not Performed,47
Variable details,Test Date,47
Variable details,Test Time,47
Variable details,Result,47
Variable details,Comments,47
Urine Drugs of Abuse,Positive,48
Urine Drugs of Abuse,Amphetamines,48
Urine Drugs of Abuse,Negative,48
Urine Drugs of Abuse,Barbiturates,48
Urine Drugs of Abuse,Benzodiazepines,48
Urine Drugs of Abuse,Cannabinoids,48
Urine Drugs of Abuse,Cocaine,48
Urine Drugs of Abuse,Opiates,48
Variable details,Sample Performed,49
Variable details,Reason Not Performed,49
Variable details,Sample Date,49
Variable details,Sample Time,49
Variable details,DOA TEST,49
Variable details,Result,49
Variable details,Comments (If Positive),49
Urine Dipstick,Reason Not Performed,50
Urine Dipstick,Dipstick Performed,50
Specimen Appearance,Glucose,51
Specimen Appearance,Negative Trace (100) 250 (+) 500 (++) ≥1000 (+++),51
Specimen Appearance,Occult Blood,51
Specimen Appearance,Negative Trace - lysed,51
Specimen Appearance,Trace - intact,51
Specimen Appearance,Small (+) Moderate (++) Large (+++),51
Specimen Appearance,Specific Gravity (SG),51
Specimen Appearance,≤1.005 1.010 1.015,51
Specimen Appearance,1.020 1.025 ≥1.030,51
Specimen Appearance,Colour,51
Specimen Appearance,Sent for Microscopy,51
Variable details,Dipstick Performed,52
Variable details,Reason Not Performed,52
Variable details,Sample Date,52
Variable details,Sample Time,52
Variable details,Analysis Lab,52
Variable details,Specimen Appearance,52
Variable details,"Specimen Appearance, Other Specify",52
Variable details,Specimen Appearance Interpretation,52
Variable details,Glucose,52
Variable details,Glucose Interpretation,52
Variable details,pH,52
Variable details,pH Interpretation,52
Variable details,Occult Blood,52
Variable details,Occult Blood Interpretation,52
Variable details,Protein,52
Variable details,Protein Interpretation,52
Variable details,Specific Gravity (SG),52
Variable details,Specific Gravity (SG) Interpretation,52
Variable details,Colour,52
Variable details,"Colour, Other Specify",52
Variable details,Colour Interpretation,52
Variable details,Sent for Microscopy,52
Variable details,Microscopy Interpretation,52
Vital Signs - Single Time Point,Vital Signs - Single Time Point,53
Vital Signs - Single Time Point,Vital Signs Performed,53
Vital Signs - Single Time Point,Yes,53
Vital Signs - Single Time Point,No,53
Vital Signs - Single Time Point,Reason Not Performed,53
Vital Signs - Single Time Point,"Other, Please Specify",53
Vital Signs - Single Time Point,Vital Signs Details,53
Vital Signs - Single Time Point,Temperature (°C),53
Vital Signs - Single Time Point,Respiratory Rate (breaths/min),53
Vital Signs - Single Time Point,Systolic Blood Pressure (mmHg),53
Vital Signs - Single Time Point,Diastolic Blood Pressure (mmHg),53
Vital Signs - Single Time Point,Pulse Rate (beats/min),53
Vital Signs - Single Time Point,SPO2,53
Variable details,Vital Signs Performed,54
Variable details,Reason Not Performed,54
Variable details,Repetition Number,54
Variable details,Details,54
Variable details,Location,54
Variable details,Position,54
Variable details,"Other, Please Specify",54
Variable details,Vital Signs Date,54
Variable details,Position Time,54
Variable details,Vital Signs Time,54
Variable details,Not Done,54
Variable details,Test,54
Variable details,Result,54
Variable details,Interpretation,54
Variable details,Reason Not Done,54
12-Lead ECG - Single Time Point,Position Time,55
12-Lead ECG - Single Time Point,ECG Time,55
12-Lead ECG - Single Time Point,Interpretation,55
12-Lead ECG - Single Time Point,Interpretation Comment,55
12-Lead ECG - Single Time Point,Not Done,55
12-Lead ECG - Single Time Point,Test,55
12-Lead ECG - Single Time Point,Result,55
12-Lead ECG - Single Time Point,Reason Not Done,55
12-Lead ECG - Single Time Point,Details,55
12-Lead ECG - Single Time Point,Position,55
12-Lead ECG - Single Time Point,ECG Date,55
12-Lead ECG - Single Time Point,Details 1 2 3 4 5 6,55
Variable details,ECG Performed,56
Variable details,Reason Not Performed,56
Variable details,Details,56
Variable details,Position,56
Variable details,ECG Date,56
Variable details,Position Time,56
Variable details,ECG Time,56
Variable details,Interpretation,56
Variable details,Interpretation Comment,56
Variable details,Not Done,56
Variable details,Test,56
Variable details,Result,56
Variable details,Reason Not Done,56
Echocardiogram,Reason Not Performed,57
Echocardiogram,Interpretation Comment,57
Echocardiogram,Echocardiogram Performed,57
Echocardiogram,Echocardiogram Date,57
Echocardiogram,Echocardiogram Time,57
Variable details,Echocardiogram Performed,58
Variable details,Reason Not Performed,58
Variable details,Echocardiogram Date,58
Variable details,Echocardiogram Time,58
Variable details,Interpretation,58
Variable details,Interpretation Comment,58
Pupillometry - Single Time Point,Done,59
Pupillometry - Single Time Point,pupilometer device.,59
Variable details,Pupillometry Assessment Performed,60
Variable details,Reason Not Performed,60
Variable details,Eye,60
Variable details,Repeat,60
Variable details,Not Done,60
Variable details,Reason Not Done,60
Variable details,Pupillometry Date,60
Variable details,Position Rest Time,60
Variable details,Pupillometry Start Time,60
Variable details,Readings downloaded onto a spreadsheet via Bluetooth from the pupilometer device.,60
Variable details,"Reviewed, signed and dated by a physician",60
Variable details,"Reason not review, signed and dated",60
Variable details,PLR diameter init,60
Variable details,PLR MAX constriction velocity,60
Variable details,PLR dilation velocity,60
Variable details,PLR T75,60
Variable details,Pupil Area (Calculated),60
Variable details,ACA (Calculated),60
Variable details,Dilation Velocity at T75 (Calculated),60
Haematology,Reason Not Performed,61
Haematology,Complete for all parameters,61
Haematology,Basophils,62
Haematology,Basophils/Leukocytes,62
Haematology,Eosinophils,62
Haematology,Eosinophils/Leukocytes,62
Haematology,Ery. Mean Corpuscular HGB Concentration,62
Haematology,Ery. Mean Corpuscular Volume,62
Haematology,Erythrocyte,62
Haematology,Hematocrit,62
Haematology,Hemoglobin,62
Haematology,Leukocytes,62
Haematology,Lymphocytes,62
Haematology,Lymphocytes/Leukocytes,62
Haematology,Monocytes,62
Haematology,Monocytes/Leukocytes,62
Haematology,Neutrophils,62
Haematology,Neutrophils/Leukocytes,62
Haematology,Platelets,62
Variable details,Sample Performed,63
Variable details,Reason Not Performed,63
Variable details,Sample Date,63
Variable details,Sample Time,63
Variable details,Parameter,63
Variable details,Not Done,63
Variable details,Reason Not Done,63
Variable details,Interpretation,63
Biochemistry,Alanine Aminotransferase,64
Biochemistry,Alkaline Phosphatase,64
Biochemistry,Aspartate Aminotransferase,64
Biochemistry,Bilirubin,64
Biochemistry,Calcium,64
Biochemistry,Cholesterol,64
Biochemistry,Creatinine,64
Biochemistry,Gamma Glutamyl Transferase,64
Biochemistry,Glucose,64
Biochemistry,Lactate Dehydrogenase,64
Biochemistry,Potassium,64
Biochemistry,Protein,64
Biochemistry,Sodium,64
Biochemistry,Triglycerides,64
Biochemistry,Urea Nitrogen,64
Variable details,Sample Performed,65
Variable details,Reason Not Performed,65
Variable details,Sample Date,65
Variable details,Sample Time,65
Variable details,Parameter,65
Variable details,Not Done,65
Variable details,Reason Not Done,65
Variable details,Interpretation,65
Coagulation,Reason Not Performed,66
Coagulation,Not Done,66
Coagulation,Reason Not Done,66
Coagulation,Parameter,66
Coagulation,Interpretation,66
Coagulation,Complete for all parameters,66
Variable details,Sample Performed,67
Variable details,Reason Not Performed,67
Variable details,Sample Date,67
Variable details,Sample Time,67
Variable details,Parameter,67
Variable details,Not Done,67
Variable details,Reason Not Done,67
Variable details,Interpretation,67
Serology,Reason Not Performed,68
Serology,Test,68
Variable details,Sample Performed,69
Variable details,Reason Not Performed,69
Variable details,Sample Date,69
Variable details,Sample Time,69
Variable details,Test,69
Variable details,Result,69
Pregnancy Test (Serum),Reason Not Performed,70
Variable details,Sample Performed,71
Variable details,Reason Not Performed,71
Variable details,Sample Date,71
Variable details,Sample Time,71
FSH Test,Reason Not Performed,72
Variable details,Sample Performed,73
Variable details,Reason Not Performed,73
Variable details,Sample Date,73
Variable details,Sample Time,73
Screening EEG,Reason Not Performed,74
Screening EEG,Screening EEG Performed,74
Variable details,Screening EEG Performed,75
Variable details,Reason Not Performed,75
Variable details,EEG Start Date,75
Variable details,EEG Start Time,75
Variable details,Interpretation,75
Attendant Session,Reason Not Performed,76
Attendant Session,Attendant Session Performed,76
Variable details,Attendant Session Performed,77
Variable details,Reason Not Performed,77
Variable details,Date Performed,77
Variable details,Start Time,77
Variable details,End Time,77
Sleep EEG -At Home,Reason Not Performed,78
Sleep EEG -At Home,Device Serial Number,78
Sleep EEG -At Home,Date Device Kit Given To Subject,78
Sleep EEG -At Home,Date Device Kit Retrieved From Subject,78
Variable details,Sleep EEG Performed,79
Variable details,Reason Not Performed,79
Variable details,Device Serial Number,79
Variable details,Date Device Kit Given To Subject,79
Variable details,Date Device Kit Retrieved From Subject,79
Visit Date,Visit Date,81
Variable details,Name,82
Variable details,Export Name,82
Variable details,Type,82
Variable details,Max length,82
Variable details,Categories,82
Inclusion / Exclusion Criteria,Date Eligibility Criteria Confirmed,83
Inclusion / Exclusion Criteria,"If Eligibility Criteria Not Met, Please Specify Which Criteria",83
Inclusion / Exclusion Criteria,Inclusion / Exclusion Criteria Inclusion / Exclusion Criteria ID,83
Variable details,All Eligibility Criteria Met,84
Variable details,Date Eligibility Criteria Confirmed,84
Variable details,Inclusion / Exclusion Criteria,84
Variable details,Inclusion / Exclusion Criteria ID,84
Hamilton Depression Rating Scale (HAM-D),Reason Not Performed,85
Hamilton Depression Rating Scale (HAM-D),HAM-D Performed,85
Hamilton Depression Rating Scale (HAM-D),HAM-D Date,85
Hamilton Depression Rating Scale (HAM-D),HAM-D Time,85
Hamilton Depression Rating Scale (HAM-D),Rater Initials,85
Hamilton Depression Rating Scale (HAM-D),"1. Depressed Mood (Sadness, hopeless,",85
Hamilton Depression Rating Scale (HAM-D),"helpless, worthless) 2. Feelings of Guilt",85
Hamilton Depression Rating Scale (HAM-D),2. Feelings of Guilt,85
Hamilton Depression Rating Scale (HAM-D),3. Suicide,85
Hamilton Depression Rating Scale (HAM-D),6. Insomnia: Early Hours of the Morning,85
Hamilton Depression Rating Scale (HAM-D),7. Work and Activities,85
Hamilton Depression Rating Scale (HAM-D),8. Retardation,85
Hamilton Depression Rating Scale (HAM-D),9. Agitation,85
Hamilton Depression Rating Scale (HAM-D),10. Anxiety Psychic,85
Hamilton Depression Rating Scale (HAM-D),11. Anxiety Somatic,85
Hamilton Depression Rating Scale (HAM-D),12. Somatic Symptoms Gastro-Intestinal,85
Hamilton Depression Rating Scale (HAM-D),16. Loss of Weight (Rate either a OR b),86
Variable details,HAM-D Performed,87
Variable details,Reason Not Performed,87
Variable details,HAM-D Date,87
Variable details,HAM-D Time,87
Variable details,Rater Initials,87
Variable details,"1. Depressed Mood (Sadness, hopeless, helpless, worthless)",87
Variable details,2. Feelings of Guilt,87
Variable details,3. Suicide,87
Variable details,4. Insomnia: Early in the Night,87
Variable details,5. Insomnia: Middle of the Night,87
Variable details,6. Insomnia: Early Hours of the Morning,87
Variable details,7. Work and Activities,87
Variable details,8. Retardation,87
Variable details,9. Agitation,87
Variable details,10. Anxiety Psychic,87
Variable details,11. Anxiety Somatic,87
Variable details,12. Somatic Symptoms Gastro-Intestinal,87
Variable details,13. General Somatic Symptoms,87
Variable details,15. Hypochondriasis,88
Variable details,16. Loss of Weight (Rate either a OR b),88
Variable details,17. Insight,88
Variable details,Total Score,88
Montgomery and Asberg Depression RS (MADRS),Montgomery and Asberg Depression RS (MADRS),89
Montgomery and Asberg Depression RS (MADRS),"Version: SIGMA - Since Last Evaluation 2016, v. 1 (Up to Day 3), SIGMA 2011, v. 1.2 (After Day 3).",89
Montgomery and Asberg Depression RS (MADRS),MADRS Performed,89
Montgomery and Asberg Depression RS (MADRS),Yes,89
Montgomery and Asberg Depression RS (MADRS),No,89
Montgomery and Asberg Depression RS (MADRS),Reason Not Performed,89
Montgomery and Asberg Depression RS (MADRS),MADRS Date,89
Montgomery and Asberg Depression RS (MADRS),MADRS Time,89
Montgomery and Asberg Depression RS (MADRS),Rater Initials,89
Montgomery and Asberg Depression RS (MADRS),Result,89
Montgomery and Asberg Depression RS (MADRS),1. Reported Sadness,89
Montgomery and Asberg Depression RS (MADRS),2. Apparent Sadness,89
Montgomery and Asberg Depression RS (MADRS),3. Inner Tension,89
Montgomery and Asberg Depression RS (MADRS),4. Reduced Sleep,89
Montgomery and Asberg Depression RS (MADRS),5. Reduced appetite,89
Montgomery and Asberg Depression RS (MADRS),6. Concentration Difficulties,89
Montgomery and Asberg Depression RS (MADRS),7. Lassitude,89
Montgomery and Asberg Depression RS (MADRS),8. Inability To Feel,89
Montgomery and Asberg Depression RS (MADRS),9. Pessimistic Thoughts,89
Montgomery and Asberg Depression RS (MADRS),10. Suicidal Thoughts,89
Montgomery and Asberg Depression RS (MADRS),Total MADRS Scale Score,89
Variable details,MADRS Performed,90
Variable details,Reason Not Performed,90
Variable details,MADRS Date,90
Variable details,MADRS Time,90
Variable details,Rater Initials,90
Variable details,Test,90
Variable details,Result,90
Variable details,Total MADRS Scale Score,90
Clinician Global Impressions Scale - Severity (CGI-S),Reason Not Performed,91
Clinician Global Impressions Scale - Severity (CGI-S),experience with patients who had the,91
Variable details,CGI-S Performed,92
Variable details,Reason Not Performed,92
Variable details,CGI-S Date,92
Variable details,CGI-S Time,92
Variable details,Rater Initials,92
Variable details,"SEVERITY OF PATIENT'S ILLNESS, relative to the clinician's past experience with patients who had the same diagnosis.",92
Clinical Global Impressions Scale - Improvement (CGI-I),Reason Not Performed,93
Clinical Global Impressions Scale - Improvement (CGI-I),admission to the project (screening) how,93
Variable details,CGI-I Performed,94
Variable details,Reason Not Performed,94
Variable details,CGI-I Date,94
Variable details,CGI-I Time,94
Variable details,Rater Initials,94
Variable details,Compared to his/her condition at admission to the project (screening) how much has he/she changed?,94
Physical Examination,Not Done,95
Physical Examination,Reason Not Done,95
Physical Examination,Interpretation,95
Physical Examination,Abnormal Findings,95
Physical Examination,Body System Examined,95
Physical Examination,"Other, Please Specify",95
Variable details,Physical Examination Performed,96
Variable details,Reason Not Performed,96
Variable details,Examination Date,96
Variable details,Examination Time,96
Variable details,Body System Examined,96
Variable details,"Other, Please Specify",96
Variable details,Not Done,96
Variable details,Reason Not Done,96
Variable details,Interpretation,96
Variable details,Abnormal Findings,96
Neurological Examination,Reason Not Performed,97
Neurological Examination,Neurological Examination Performed,97
Neurological Examination,Test,97
Variable details,Neurological Examination Performed,98
Variable details,Reason Not Performed,98
Variable details,Examination Date,98
Variable details,Examination Time,98
Variable details,Test,98
Variable details,Not Done,98
Variable details,Interpretation,98
Variable details,Comment,98
Weight & BMI,Reason Not Performed,99
Weight & BMI,Test,99
Variable details,Assessment Performed,100
Variable details,Reason Not Performed,100
Variable details,Assessment Date,100
Variable details,Test,100
Variable details,Not Done,100
Variable details,Result,100
Breath Alcohol Screen and Urine Cotinine,Performed,101
Breath Alcohol Screen and Urine Cotinine,Reason Not Performed,101
Breath Alcohol Screen and Urine Cotinine,Test Time,101
Breath Alcohol Screen and Urine Cotinine,Result,101
Breath Alcohol Screen and Urine Cotinine,Test,101
Breath Alcohol Screen and Urine Cotinine,Test Date,101
Breath Alcohol Screen and Urine Cotinine,Comments,101
Variable details,Test,102
Variable details,Performed,102
Variable details,Reason Not Performed,102
Variable details,Test Date,102
Variable details,Test Time,102
Variable details,Result,102
Variable details,Comments,102
Urine Drugs of Abuse,Positive,103
Urine Drugs of Abuse,Amphetamines,103
Urine Drugs of Abuse,Negative,103
Urine Drugs of Abuse,Barbiturates,103
Urine Drugs of Abuse,Benzodiazepines,103
Urine Drugs of Abuse,Cannabinoids,103
Urine Drugs of Abuse,Cocaine,103
Urine Drugs of Abuse,Opiates,103
Variable details,Sample Performed,104
Variable details,Reason Not Performed,104
Variable details,Sample Date,104
Variable details,Sample Time,104
Variable details,DOA TEST,104
Variable details,Result,104
Variable details,Comments (If Positive),104
Pregnancy Test (Urine),Reason Not Performed,105
Variable details,Sample Performed,106
Variable details,Reason Not Performed,106
Variable details,Sample Date,106
Variable details,Sample Time,106
Variable details,Result,106
Urine Dipstick,Reason Not Performed,107
Urine Dipstick,Dipstick Performed,107
Specimen Appearance,Glucose,108
Specimen Appearance,Negative Trace (100) 250 (+) 500 (++) ≥1000 (+++),108
Specimen Appearance,Occult Blood,108
Specimen Appearance,Negative Trace - lysed,108
Specimen Appearance,Trace - intact,108
Specimen Appearance,Small (+) Moderate (++) Large (+++),108
Specimen Appearance,Specific Gravity (SG),108
Specimen Appearance,≤1.005 1.010 1.015,108
Specimen Appearance,1.020 1.025 ≥1.030,108
Specimen Appearance,Colour,108
Specimen Appearance,Sent for Microscopy,108
Variable details,Dipstick Performed,109
Variable details,Reason Not Performed,109
Variable details,Sample Date,109
Variable details,Sample Time,109
Variable details,Analysis Lab,109
Variable details,Specimen Appearance,109
Variable details,"Specimen Appearance, Other Specify",109
Variable details,Specimen Appearance Interpretation,109
Variable details,Glucose,109
Variable details,Glucose Interpretation,109
Variable details,pH,109
Variable details,pH Interpretation,109
Variable details,Occult Blood,109
Variable details,Occult Blood Interpretation,109
Variable details,Protein,109
Variable details,Protein Interpretation,109
Variable details,Specific Gravity (SG),109
Variable details,Specific Gravity (SG) Interpretation,109
Variable details,Colour,109
Variable details,"Colour, Other Specify",109
Variable details,Colour Interpretation,109
Variable details,Sent for Microscopy,109
Variable details,Microscopy Interpretation,109
Vital Signs - Single Time Point,Vital Signs - Single Time Point,110
Vital Signs - Single Time Point,Vital Signs Performed,110
Vital Signs - Single Time Point,Yes,110
Vital Signs - Single Time Point,No,110
Vital Signs - Single Time Point,Reason Not Performed,110
Vital Signs - Single Time Point,"Other, Please Specify",110
Vital Signs - Single Time Point,Vital Signs Details,110
Vital Signs - Single Time Point,Temperature (°C),110
Vital Signs - Single Time Point,Respiratory Rate (breaths/min),110
Vital Signs - Single Time Point,Systolic Blood Pressure (mmHg),110
Vital Signs - Single Time Point,Diastolic Blood Pressure (mmHg),110
Vital Signs - Single Time Point,Pulse Rate (beats/min),110
Vital Signs - Single Time Point,SPO2,110
Variable details,Vital Signs Performed,111
Variable details,Reason Not Performed,111
Variable details,Repetition Number,111
Variable details,Details,111
Variable details,Location,111
Variable details,Position,111
Variable details,"Other, Please Specify",111
Variable details,Vital Signs Date,111
Variable details,Position Time,111
Variable details,Vital Signs Time,111
Variable details,Not Done,111
Variable details,Test,111
Variable details,Result,111
Variable details,Interpretation,111
Variable details,Reason Not Done,111
12-Lead ECG - Single Time Point,Position Time,112
12-Lead ECG - Single Time Point,ECG Time,112
12-Lead ECG - Single Time Point,Interpretation,112
12-Lead ECG - Single Time Point,Interpretation Comment,112
12-Lead ECG - Single Time Point,Not Done,112
12-Lead ECG - Single Time Point,Test,112
12-Lead ECG - Single Time Point,Result,112
12-Lead ECG - Single Time Point,Reason Not Done,112
12-Lead ECG - Single Time Point,Details,112
12-Lead ECG - Single Time Point,Position,112
12-Lead ECG - Single Time Point,ECG Date,112
12-Lead ECG - Single Time Point,Details 1 2 3 4 5 6,112
Variable details,ECG Performed,113
Variable details,Reason Not Performed,113
Variable details,Details,113
Variable details,Position,113
Variable details,ECG Date,113
Variable details,Position Time,113
Variable details,ECG Time,113
Variable details,Interpretation,113
Variable details,Interpretation Comment,113
Variable details,Not Done,113
Variable details,Test,113
Variable details,Result,113
Variable details,Reason Not Done,113
Facial Expression Recognition Task (FERT),Reason Not Performed,114
Variable details,FERT Performed,115
Variable details,Reason Not Performed,115
Variable details,FERT Date,115
Variable details,FERT Time,115
Digit Symbol Substitution Test (DSST),Reason Not Performed,116
Variable details,DSST Performed,117
Variable details,Reason Not Performed,117
Variable details,DSST Date,117
Variable details,DSST Time,117
Pupillometry - Single Time Point,Done,118
Pupillometry - Single Time Point,pupilometer device.,118
Variable details,Pupillometry Assessment Performed,119
Variable details,Reason Not Performed,119
Variable details,Eye,119
Variable details,Repeat,119
Variable details,Not Done,119
Variable details,Reason Not Done,119
Variable details,Pupillometry Date,119
Variable details,Position Rest Time,119
Variable details,Pupillometry Start Time,119
Variable details,Readings downloaded onto a spreadsheet via Bluetooth from the pupilometer device.,119
Variable details,"Reviewed, signed and dated by a physician",119
Variable details,"Reason not review, signed and dated",119
Variable details,PLR diameter init,119
Variable details,PLR MAX constriction velocity,119
Variable details,PLR dilation velocity,119
Variable details,PLR T75,119
Variable details,Pupil Area (Calculated),119
Variable details,ACA (Calculated),119
Variable details,Dilation Velocity at T75 (Calculated),119
Haematology,Reason Not Performed,120
Haematology,Complete for all parameters,120
Haematology,Basophils,121
Haematology,Basophils/Leukocytes,121
Haematology,Eosinophils,121
Haematology,Eosinophils/Leukocytes,121
Haematology,Ery. Mean Corpuscular HGB Concentration,121
Haematology,Ery. Mean Corpuscular Volume,121
Haematology,Erythrocyte,121
Haematology,Hematocrit,121
Haematology,Hemoglobin,121
Haematology,Leukocytes,121
Haematology,Lymphocytes,121
Haematology,Lymphocytes/Leukocytes,121
Haematology,Monocytes,121
Haematology,Monocytes/Leukocytes,121
Haematology,Neutrophils,121
Haematology,Neutrophils/Leukocytes,121
Haematology,Platelets,121
Variable details,Sample Performed,122
Variable details,Reason Not Performed,122
Variable details,Sample Date,122
Variable details,Sample Time,122
Variable details,Parameter,122
Variable details,Not Done,122
Variable details,Reason Not Done,122
Variable details,Interpretation,122
Biochemistry,Alanine Aminotransferase,123
Biochemistry,Alkaline Phosphatase,123
Biochemistry,Aspartate Aminotransferase,123
Biochemistry,Bilirubin,123
Biochemistry,Calcium,123
Biochemistry,Cholesterol,123
Biochemistry,Creatinine,123
Biochemistry,Gamma Glutamyl Transferase,123
Biochemistry,Glucose,123
Biochemistry,Lactate Dehydrogenase,123
Biochemistry,Potassium,123
Biochemistry,Protein,123
Biochemistry,Sodium,123
Biochemistry,Triglycerides,123
Biochemistry,Urea Nitrogen,123
Variable details,Sample Performed,124
Variable details,Reason Not Performed,124
Variable details,Sample Date,124
Variable details,Sample Time,124
Variable details,Parameter,124
Variable details,Not Done,124
Variable details,Reason Not Done,124
Variable details,Interpretation,124
Coagulation,Reason Not Performed,125
Coagulation,Not Done,125
Coagulation,Reason Not Done,125
Coagulation,Parameter,125
Coagulation,Interpretation,125
Coagulation,Complete for all parameters,125
Variable details,Sample Performed,126
Variable details,Reason Not Performed,126
Variable details,Sample Date,126
Variable details,Sample Time,126
Variable details,Parameter,126
Variable details,Not Done,126
Variable details,Reason Not Done,126
Variable details,Interpretation,126
C-SSRS (Since Last Visit),3. Active Suicidal Ideation with Any,127
C-SSRS (Since Last Visit),4. Active Suicidal Ideation with Some,127
C-SSRS (Since Last Visit),5. Active Suicidal Ideation with,127
C-SSRS (Since Last Visit),SUICIDAL IDEATION,127
C-SSRS (Since Last Visit),Since Last Visit,127
C-SSRS (Since Last Visit),Yes,127
C-SSRS (Since Last Visit),1. Wish to be Dead,127
C-SSRS (Since Last Visit),2. Non-Specific Active Suicidal Thoughts,127
C-SSRS (Since Last Visit),3. Active Suicidal Ideation with Any Methods (Not Plan) without Intent to Act,127
C-SSRS (Since Last Visit),Methods (Not Plan) without Intent to Act,127
C-SSRS (Since Last Visit),"4. Active Suicidal Ideation with Some Intent to Act, without Specific Plan",127
C-SSRS (Since Last Visit),"Intent to Act, without Specific Plan",127
C-SSRS (Since Last Visit),5. Active Suicidal Ideation with Specific Plan and Intent,127
C-SSRS (Since Last Visit),Specific Plan and Intent,127
C-SSRS (Since Last Visit),INTENSITY OF IDEATION,127
C-SSRS (Since Last Visit),Type # (1-5),127
C-SSRS (Since Last Visit),Since Last Visit,128
C-SSRS (Since Last Visit),Frequency,128
C-SSRS (Since Last Visit),Duration,128
C-SSRS (Since Last Visit),Controllability,128
C-SSRS (Since Last Visit),Deterrents,128
C-SSRS (Since Last Visit),Reasons for Ideation,128
C-SSRS (Since Last Visit),SUICIDAL BEHAVIOUR,128
C-SSRS (Since Last Visit),Actual Attempt,128
C-SSRS (Since Last Visit),Total Number of Attempts,128
C-SSRS (Since Last Visit),Yes,128
C-SSRS (Since Last Visit),Has subject engaged in Non-Suicidal Self-Injurious Behaviour?,128
C-SSRS (Since Last Visit),Self-Injurious Behaviour?,128
C-SSRS (Since Last Visit),Interrupted Attempt,128
C-SSRS (Since Last Visit),Total Number of Interrupted,128
C-SSRS (Since Last Visit),Aborted Attempt,128
C-SSRS (Since Last Visit),Total Number of Aborted,128
C-SSRS (Since Last Visit),Suicidal Behaviour,129
C-SSRS (Since Last Visit),Suicide,129
C-SSRS (Since Last Visit),Answer for Actual Attempts Only,129
C-SSRS (Since Last Visit),Most Lethal Attempt Date,129
C-SSRS (Since Last Visit),Attempt Date,129
C-SSRS (Since Last Visit),Date,129
C-SSRS (Since Last Visit),Enter Code,129
C-SSRS (Since Last Visit),Actual Lethality/Medical Damage,129
C-SSRS (Since Last Visit),Potential Lethality,129
Variable details,Name,130
Variable details,Export Name,130
Variable details,Type,130
Variable details,Max length,130
Variable details,Categories,130
Attendant Session,Reason Not Performed,132
Attendant Session,Attendant Session Performed,132
Variable details,Attendant Session Performed,133
Variable details,Reason Not Performed,133
Variable details,Date Performed,133
Variable details,Start Time,133
Variable details,End Time,133
Sleep EEG - In Clinic,Reason Not Performed,134
Sleep EEG - In Clinic,Device Serial Number,134
Sleep EEG - In Clinic,Sleep EEG Performed,134
Sleep EEG - In Clinic,Date Device Put On,134
Sleep EEG - In Clinic,Time Device Put On,134
Sleep EEG - In Clinic,EEG End Date,134
Sleep EEG - In Clinic,EEG End Time,134
Variable details,Sleep EEG Performed,135
Variable details,Reason Not Performed,135
Variable details,Device Serial Number,135
Variable details,Date Device Put On,135
Variable details,Time Device Put On,135
Variable details,EEG Start Date,135
Variable details,EEG Start Time,135
Variable details,EEG End Date,135
Variable details,EEG End Time,135
Visit Date,Visit Date,137
Variable details,Name,138
Variable details,Export Name,138
Variable details,Type,138
Variable details,Max length,138
Variable details,Categories,138
Randomisation,Randomisation Date,139
Randomisation,Randomisation Number,139
Randomisation,Randomisation Time,139
Variable details,Randomised,140
Variable details,Randomisation Date,140
Variable details,Randomisation Time,140
Variable details,Randomisation Number,140
Vital Signs - Part 1 Pre Dose - 1 Hour Post Dose,Number,141
Vital Signs - Part 1 Pre Dose - 1 Hour Post Dose,1,141
Vital Signs - Part 1 Pre Dose - 1 Hour Post Dose,Pre Dose,141
Vital Signs - Part 1 Pre Dose - 1 Hour Post Dose,2,141
Vital Signs - Part 1 Pre Dose - 1 Hour Post Dose,3,141
Vital Signs - Part 1 Pre Dose - 1 Hour Post Dose,4,141
Vital Signs - Part 1 Pre Dose - 1 Hour Post Dose,5,141
Vital Signs - Part 1 Pre Dose - 1 Hour Post Dose,6,141
Vital Signs - Part 1 Pre Dose - 1 Hour Post Dose,7,141
Vital Signs - Part 1 Pre Dose - 1 Hour Post Dose,8,141
Vital Signs - Part 1 Pre Dose - 1 Hour Post Dose,9,141
Vital Signs - Part 1 Pre Dose - 1 Hour Post Dose,10,141
Vital Signs - Part 1 Pre Dose - 1 Hour Post Dose,11,141
Vital Signs - Part 1 Pre Dose - 1 Hour Post Dose,12,141
Vital Signs - Part 1 Pre Dose - 1 Hour Post Dose,13,141
Vital Signs - Part 1 Pre Dose - 1 Hour Post Dose,14,141
Vital Signs - Part 1 Pre Dose - 1 Hour Post Dose,15,141
Vital Signs - Part 1 Pre Dose - 1 Hour Post Dose,0.25 Hours Post Dose,141
Vital Signs - Part 1 Pre Dose - 1 Hour Post Dose,16,141
Vital Signs - Part 1 Pre Dose - 1 Hour Post Dose,17,141
Vital Signs - Part 1 Pre Dose - 1 Hour Post Dose,18,141
Vital Signs - Part 1 Pre Dose - 1 Hour Post Dose,19,141
Vital Signs - Part 1 Pre Dose - 1 Hour Post Dose,20,141
Vital Signs - Part 1 Pre Dose - 1 Hour Post Dose,21,141
Vital Signs - Part 1 Pre Dose - 1 Hour Post Dose,22,141
Vital Signs - Part 1 Pre Dose - 1 Hour Post Dose,23,141
Vital Signs - Part 1 Pre Dose - 1 Hour Post Dose,24,141
Vital Signs - Part 1 Pre Dose - 1 Hour Post Dose,25,141
Vital Signs - Part 1 Pre Dose - 1 Hour Post Dose,26,141
Variable details,Vital Signs Performed,143
Variable details,Reason Not Performed,143
Variable details,Time Point,143
Variable details,Repetition Number,143
Variable details,Details,143
Variable details,Location,143
Variable details,Position,143
Variable details,"Other, Please Specify",143
Variable details,Vital Signs Date,143
Variable details,Position Time,143
Variable details,Vital Signs Time,143
Variable details,Not Done,143
Variable details,Test,143
Variable details,Results,143
Variable details,Interpretation,143
Variable details,Reason Not Done,143
Vital Signs - Part 1 2-5 Hours Post Dose,Number,144
Vital Signs - Part 1 2-5 Hours Post Dose,1,144
Vital Signs - Part 1 2-5 Hours Post Dose,2 Hours Post Dose,144
Vital Signs - Part 1 2-5 Hours Post Dose,2,144
Vital Signs - Part 1 2-5 Hours Post Dose,3,144
Vital Signs - Part 1 2-5 Hours Post Dose,4,144
Vital Signs - Part 1 2-5 Hours Post Dose,5,144
Vital Signs - Part 1 2-5 Hours Post Dose,6,144
Vital Signs - Part 1 2-5 Hours Post Dose,7,144
Vital Signs - Part 1 2-5 Hours Post Dose,8,144
Vital Signs - Part 1 2-5 Hours Post Dose,9,144
Vital Signs - Part 1 2-5 Hours Post Dose,10,144
Vital Signs - Part 1 2-5 Hours Post Dose,11,144
Vital Signs - Part 1 2-5 Hours Post Dose,12,144
Vital Signs - Part 1 2-5 Hours Post Dose,13,144
Vital Signs - Part 1 2-5 Hours Post Dose,14,144
Vital Signs - Part 1 2-5 Hours Post Dose,15,144
Vital Signs - Part 1 2-5 Hours Post Dose,3 Hours Post Dose,144
Vital Signs - Part 1 2-5 Hours Post Dose,16,144
Vital Signs - Part 1 2-5 Hours Post Dose,17,144
Vital Signs - Part 1 2-5 Hours Post Dose,18,144
Vital Signs - Part 1 2-5 Hours Post Dose,19,144
Vital Signs - Part 1 2-5 Hours Post Dose,20,144
Vital Signs - Part 1 2-5 Hours Post Dose,21,144
Vital Signs - Part 1 2-5 Hours Post Dose,22,144
Vital Signs - Part 1 2-5 Hours Post Dose,23,144
Vital Signs - Part 1 2-5 Hours Post Dose,24,144
Vital Signs - Part 1 2-5 Hours Post Dose,25,144
Vital Signs - Part 1 2-5 Hours Post Dose,26,144
Variable details,Vital Signs Performed,146
Variable details,Reason Not Performed,146
Variable details,Time Point,146
Variable details,Repetition Number,146
Variable details,Details,146
Variable details,Location,146
Variable details,Position,146
Variable details,"Other, Please Specify",146
Variable details,Vital Signs Date,146
Variable details,Position Time,146
Variable details,Vital Signs Time,146
Variable details,Not Done,146
Variable details,Test,146
Variable details,Results,146
Variable details,Interpretation,146
Variable details,Reason Not Done,146
Vital Signs - Part 1 6-12 Hours Post Dose,Number,147
Vital Signs - Part 1 6-12 Hours Post Dose,1,147
Vital Signs - Part 1 6-12 Hours Post Dose,6 Hours Post Dose,147
Vital Signs - Part 1 6-12 Hours Post Dose,2,147
Vital Signs - Part 1 6-12 Hours Post Dose,3,147
Vital Signs - Part 1 6-12 Hours Post Dose,4,147
Vital Signs - Part 1 6-12 Hours Post Dose,5,147
Vital Signs - Part 1 6-12 Hours Post Dose,6,147
Vital Signs - Part 1 6-12 Hours Post Dose,7,147
Vital Signs - Part 1 6-12 Hours Post Dose,8,147
Vital Signs - Part 1 6-12 Hours Post Dose,9,147
Vital Signs - Part 1 6-12 Hours Post Dose,10,147
Vital Signs - Part 1 6-12 Hours Post Dose,11,147
Vital Signs - Part 1 6-12 Hours Post Dose,12,147
Vital Signs - Part 1 6-12 Hours Post Dose,13,147
Vital Signs - Part 1 6-12 Hours Post Dose,14,147
Vital Signs - Part 1 6-12 Hours Post Dose,15,147
Vital Signs - Part 1 6-12 Hours Post Dose,8 Hours Post Dose,147
Vital Signs - Part 1 6-12 Hours Post Dose,16,147
Vital Signs - Part 1 6-12 Hours Post Dose,17,147
Vital Signs - Part 1 6-12 Hours Post Dose,18,147
Vital Signs - Part 1 6-12 Hours Post Dose,19,147
Vital Signs - Part 1 6-12 Hours Post Dose,20,147
Vital Signs - Part 1 6-12 Hours Post Dose,21,147
Vital Signs - Part 1 6-12 Hours Post Dose,22,147
Vital Signs - Part 1 6-12 Hours Post Dose,23,147
Vital Signs - Part 1 6-12 Hours Post Dose,24,147
Vital Signs - Part 1 6-12 Hours Post Dose,25,147
Vital Signs - Part 1 6-12 Hours Post Dose,26,147
Variable details,Vital Signs Performed,149
Variable details,Reason Not Performed,149
Variable details,Time Point,149
Variable details,Repetition Number,149
Variable details,Details,149
Variable details,Location,149
Variable details,Position,149
Variable details,"Other, Please Specify",149
Variable details,Vital Signs Date,149
Variable details,Position Time,149
Variable details,Vital Signs Time,149
Variable details,Not Done,149
Variable details,Test,149
Variable details,Results,149
Variable details,Interpretation,149
Variable details,Reason Not Done,149
Vital Signs - Part 2 Pre Dose - 2 Hours Post Dose,Number,150
Vital Signs - Part 2 Pre Dose - 2 Hours Post Dose,1,150
Vital Signs - Part 2 Pre Dose - 2 Hours Post Dose,Pre Dose,150
Vital Signs - Part 2 Pre Dose - 2 Hours Post Dose,2,150
Vital Signs - Part 2 Pre Dose - 2 Hours Post Dose,3,150
Vital Signs - Part 2 Pre Dose - 2 Hours Post Dose,4,150
Vital Signs - Part 2 Pre Dose - 2 Hours Post Dose,5,150
Vital Signs - Part 2 Pre Dose - 2 Hours Post Dose,6,150
Vital Signs - Part 2 Pre Dose - 2 Hours Post Dose,7,150
Vital Signs - Part 2 Pre Dose - 2 Hours Post Dose,8,150
Vital Signs - Part 2 Pre Dose - 2 Hours Post Dose,9,150
Vital Signs - Part 2 Pre Dose - 2 Hours Post Dose,10,150
Vital Signs - Part 2 Pre Dose - 2 Hours Post Dose,11,150
Vital Signs - Part 2 Pre Dose - 2 Hours Post Dose,12,150
Vital Signs - Part 2 Pre Dose - 2 Hours Post Dose,13,150
Vital Signs - Part 2 Pre Dose - 2 Hours Post Dose,14,150
Vital Signs - Part 2 Pre Dose - 2 Hours Post Dose,15,150
Vital Signs - Part 2 Pre Dose - 2 Hours Post Dose,1 Hour Post Dose,150
Vital Signs - Part 2 Pre Dose - 2 Hours Post Dose,16,150
Vital Signs - Part 2 Pre Dose - 2 Hours Post Dose,17,150
Vital Signs - Part 2 Pre Dose - 2 Hours Post Dose,18,150
Vital Signs - Part 2 Pre Dose - 2 Hours Post Dose,19,150
Vital Signs - Part 2 Pre Dose - 2 Hours Post Dose,20,150
Vital Signs - Part 2 Pre Dose - 2 Hours Post Dose,21,150
Vital Signs - Part 2 Pre Dose - 2 Hours Post Dose,22,150
Vital Signs - Part 2 Pre Dose - 2 Hours Post Dose,23,150
Vital Signs - Part 2 Pre Dose - 2 Hours Post Dose,24,150
Vital Signs - Part 2 Pre Dose - 2 Hours Post Dose,25,150
Vital Signs - Part 2 Pre Dose - 2 Hours Post Dose,26,150
Variable details,Vital Signs Performed,152
Variable details,Reason Not Performed,152
Variable details,Time Point,152
Variable details,Repetition Number,152
Variable details,Details,152
Variable details,Location,152
Variable details,Position,152
Variable details,"Other, Please Specify",152
Variable details,Position Time,152
Variable details,Vital Signs Date,152
Variable details,Vital Signs Time,152
Variable details,Not Done,152
Variable details,Test,152
Variable details,Results,152
Variable details,Interpretation,152
Variable details,Reason Not Done,152
Vital Signs - Part 2 4-12 Hours Post Dose,Number,153
Vital Signs - Part 2 4-12 Hours Post Dose,1,153
Vital Signs - Part 2 4-12 Hours Post Dose,4 Hours Post Dose,153
Vital Signs - Part 2 4-12 Hours Post Dose,2,153
Vital Signs - Part 2 4-12 Hours Post Dose,3,153
Vital Signs - Part 2 4-12 Hours Post Dose,4,153
Vital Signs - Part 2 4-12 Hours Post Dose,5,153
Vital Signs - Part 2 4-12 Hours Post Dose,6,153
Vital Signs - Part 2 4-12 Hours Post Dose,7,153
Vital Signs - Part 2 4-12 Hours Post Dose,8,153
Vital Signs - Part 2 4-12 Hours Post Dose,9,153
Vital Signs - Part 2 4-12 Hours Post Dose,10,153
Vital Signs - Part 2 4-12 Hours Post Dose,11,153
Vital Signs - Part 2 4-12 Hours Post Dose,12,153
Vital Signs - Part 2 4-12 Hours Post Dose,13,153
Vital Signs - Part 2 4-12 Hours Post Dose,14,153
Vital Signs - Part 2 4-12 Hours Post Dose,15,153
Vital Signs - Part 2 4-12 Hours Post Dose,8 Hours Post Dose,153
Vital Signs - Part 2 4-12 Hours Post Dose,16,153
Vital Signs - Part 2 4-12 Hours Post Dose,17,153
Vital Signs - Part 2 4-12 Hours Post Dose,18,153
Vital Signs - Part 2 4-12 Hours Post Dose,19,153
Vital Signs - Part 2 4-12 Hours Post Dose,20,153
Vital Signs - Part 2 4-12 Hours Post Dose,21,153
Vital Signs - Part 2 4-12 Hours Post Dose,22,153
Vital Signs - Part 2 4-12 Hours Post Dose,23,153
Vital Signs - Part 2 4-12 Hours Post Dose,24,153
Vital Signs - Part 2 4-12 Hours Post Dose,25,153
Vital Signs - Part 2 4-12 Hours Post Dose,26,153
Variable details,Vital Signs Performed,155
Variable details,Reason Not Performed,155
Variable details,Time Point,155
Variable details,Repetition Number,155
Variable details,Details,155
Variable details,Location,155
Variable details,Position,155
Variable details,"Other, Please Specify",155
Variable details,Position Time,155
Variable details,Vital Signs Date,155
Variable details,Vital Signs Time,155
Variable details,Not Done,155
Variable details,Test,155
Variable details,Results,155
Variable details,Interpretation,155
Variable details,Reason Not Done,155
12-Lead ECG - Triplicate,12-Lead ECG - Triplicate,156
12-Lead ECG - Triplicate,ECG Performed,156
12-Lead ECG - Triplicate,Yes,156
12-Lead ECG - Triplicate,No,156
12-Lead ECG - Triplicate,Reason Not Performed,156
12-Lead ECG - Triplicate,Interpretation Comment,156
12-Lead ECG - Triplicate,Interpretation,156
12-Lead ECG - Triplicate,Heart Rate (bpm),156
12-Lead ECG - Triplicate,PR Interval (msec),156
12-Lead ECG - Triplicate,QRS Interval (msec),156
12-Lead ECG - Triplicate,QT Interval (msec),156
12-Lead ECG - Triplicate,QTcF Interval (msec),156
Variable details,ECG Performed,157
Variable details,Reason Not Performed,157
Variable details,Repetition Number,157
Variable details,Details,157
Variable details,Position,157
Variable details,ECG Date,157
Variable details,Position Time,157
Variable details,ECG Time,157
Variable details,Interpretation,157
Variable details,Interpretation Comment,157
Variable details,Not Done,157
Variable details,Test,157
Variable details,Result,157
Variable details,Reason Not Done,157
12-Lead ECG - Multi Time Point,Reason Not Performed,158
12-Lead ECG - Multi Time Point,1 Hour Post Dose,159
12-Lead ECG - Multi Time Point,2 Hours Post Dose,159
12-Lead ECG - Multi Time Point,4 Hours Post Dose,159
12-Lead ECG - Multi Time Point,8 Hours Post Dose,159
12-Lead ECG - Multi Time Point,12 Hours Post Dose,159
Variable details,ECG Performed,160
Variable details,Reason Not Performed,160
Variable details,Time Point,160
Variable details,Details,160
Variable details,Position,160
Variable details,ECG Date,160
Variable details,Position Time,160
Variable details,ECG Time,160
Variable details,Interpretation,160
Variable details,Interpretation Comment,160
Variable details,Not Done,160
Variable details,Test,160
Variable details,Result,160
Variable details,Reason Not Done,160
Cardiac Holter Monitoring,Reason Not Performed,161
Cardiac Holter Monitoring,Cardiac Holter Set up Date,161
Cardiac Holter Monitoring,Cardiac Holter Removal Date,161
Cardiac Holter Monitoring,Cardiac Holter Performed?,161
Cardiac Holter Monitoring,Cardiac Holter Set up Time,161
Cardiac Holter Monitoring,Cardiac Holter End Date,161
Cardiac Holter Monitoring,Cardiac Holter End Time,161
Cardiac Holter Monitoring,Cardiac Holter Removal Time,161
Variable details,Cardiac Holter Performed?,162
Variable details,Reason Not Performed,162
Variable details,Cardiac Holter Set up Date,162
Variable details,Cardiac Holter Set up Time,162
Variable details,Cardiac Holter Start Time,162
Variable details,Cardiac Holter End Date,162
Variable details,Cardiac Holter End Time,162
Variable details,Cardiac Holter Removal Date,162
Variable details,Cardiac Holter Removal Time,162
Pupillometry - Multi Time Point - Part 1,Done,163
Pupillometry - Multi Time Point - Part 1,pupilometer device.,163
Variable details,Pupillometry Assessment Performed,165
Variable details,Reason Not Performed,165
Variable details,Timepoint,165
Variable details,Eye,165
Variable details,Repeat,165
Variable details,Not Done,165
Variable details,Reason Not Done,165
Variable details,Pupillometry Date,165
Variable details,Position Rest Time,165
Variable details,Pupillometry Start Time,165
Variable details,Readings downloaded onto a spreadsheet via Bluetooth from the pupilometer device.,165
Variable details,"Reviewed, signed and dated by a physician",165
Variable details,"Reason not review, signed and dated",165
Variable details,PLR diameter init,165
Variable details,PLR MAX constriction velocity,165
Variable details,PLR dilation velocity,165
Variable details,PLR T75,165
Variable details,Pupil Area (Calculated),165
Variable details,ACA (Calculated),165
Variable details,Dilation Velocity at T75 (Calculated),165
Pupillometry - Multi Time Point - Part 2,Reason Not Performed,166
Pupillometry - Multi Time Point - Part 2,Pupillometry Assessment Performed,166
Pupillometry - Multi Time Point - Part 2,pupilometer device.,167
Variable details,Pupillometry Assessment Performed,168
Variable details,Reason Not Performed,168
Variable details,Timepoint,168
Variable details,Eye,168
Variable details,Repeat,168
Variable details,Not Done,168
Variable details,Reason Not Done,168
Variable details,Pupillometry Date,168
Variable details,Position Rest Time,168
Variable details,Pupillometry Start Time,168
Variable details,Readings downloaded onto a spreadsheet via Bluetooth from the pupilometer device.,168
Variable details,"Reviewed, signed and dated by a physician",168
Variable details,"Reason not review, signed and dated",168
Variable details,PLR diameter init,168
Variable details,PLR MAX constriction velocity,168
Variable details,PLR dilation velocity,168
Variable details,PLR T75,168
Variable details,Pupil Area (Calculated),168
Variable details,ACA (Calculated),168
Variable details,Dilation Velocity at T75 (Calculated),168
Awake Resting State EEG - Pre Dose,Reason Not Performed,169
Awake Resting State EEG - Pre Dose,Device Serial Number,169
Awake Resting State EEG - Pre Dose,Awake Resting State EEG Performed,169
Awake Resting State EEG - Pre Dose,EEG Start Date,169
Awake Resting State EEG - Pre Dose,EEG Start Time,169
Awake Resting State EEG - Pre Dose,EEG End Date,169
Awake Resting State EEG - Pre Dose,EEG End Time,169
Variable details,Awake Resting State EEG Performed,170
Variable details,Reason Not Performed,170
Variable details,Device Serial Number,170
Variable details,Date Device Put On,170
Variable details,Time Device Put On,170
Variable details,EEG Start Date,170
Variable details,EEG Start Time,170
Variable details,EEG End Date,170
Variable details,EEG End Time,170
PK Sampling - Multi Time Point - Part 1,Yes,171
PK Sampling - Multi Time Point - Part 1,Pre Dose,171
PK Sampling - Multi Time Point - Part 1,No,171
PK Sampling - Multi Time Point - Part 1,0.25 Hours Post Dose,171
PK Sampling - Multi Time Point - Part 1,0.5 Hours Post Dose,171
PK Sampling - Multi Time Point - Part 1,0.75 Hours Post Dose,171
PK Sampling - Multi Time Point - Part 1,1 Hour Post Dose,171
PK Sampling - Multi Time Point - Part 1,2 Hours Post Dose,171
PK Sampling - Multi Time Point - Part 1,3 Hours Post Dose,171
PK Sampling - Multi Time Point - Part 1,4 Hours Post Dose,171
PK Sampling - Multi Time Point - Part 1,5 Hours Post Dose,171
PK Sampling - Multi Time Point - Part 1,6 Hours Post Dose,171
PK Sampling - Multi Time Point - Part 1,8 Hours Post Dose,171
PK Sampling - Multi Time Point - Part 1,12 Hours Post Dose,171
Variable details,Time Point,172
Variable details,Sample Performed,172
Variable details,Reason Not Done,172
Variable details,Sample Date,172
Variable details,Sample Time,172
Variable details,Specimen Type,172
Variable details,Primary Sample Accession Number,172
Variable details,Back Up Sample Accession Number,172
PK Sampling - Multi Time Point,Time Point,173
PK Sampling - Multi Time Point,Sample Performed,173
PK Sampling - Multi Time Point,Reason Not Done,173
PK Sampling - Multi Time Point,Sample Date,173
PK Sampling - Multi Time Point,Sample Time,173
PK Sampling - Multi Time Point,Specimen Type,173
PK Sampling - Multi Time Point,Primary Sample Accession Number,173
PK Sampling - Multi Time Point,Back Up Sample Accession Number,173
Variable details,Time Point,174
Variable details,Sample Performed,174
Variable details,Reason Not Done,174
Variable details,Sample Date,174
Variable details,Sample Time,174
Variable details,Specimen Type,174
Variable details,Primary Sample Accession Number,174
Variable details,Back Up Sample Accession Number,174
Prolactin - Multi Time Point,Time Point,175
Prolactin - Multi Time Point,Sample Performed,175
Prolactin - Multi Time Point,Reason Not Done,175
Prolactin - Multi Time Point,Sample Date,175
Prolactin - Multi Time Point,Sample Time,175
Prolactin - Multi Time Point,Primary Sample Accession Number,175
Prolactin - Multi Time Point,Back Up Sample Accession Number,175
Variable details,Time Point,176
Variable details,Sample Performed,176
Variable details,Reason Not Done,176
Variable details,Sample Date,176
Variable details,Sample Time,176
Variable details,Primary Sample Accession Number,176
Variable details,Back Up Sample Accession Number,176
Plasma samples (PD) - Multi Time Point,Time Point,177
Plasma samples (PD) - Multi Time Point,Sample Performed,177
Plasma samples (PD) - Multi Time Point,Reason Not Done,177
Plasma samples (PD) - Multi Time Point,Sample Date,177
Plasma samples (PD) - Multi Time Point,Sample Time,177
Plasma samples (PD) - Multi Time Point,Primary Sample Accession Number,177
Plasma samples (PD) - Multi Time Point,Back Up Sample Accession Number,177
Variable details,Time Point,178
Variable details,Sample Performed,178
Variable details,Reason Not Done,178
Variable details,Sample Date,178
Variable details,Sample Time,178
Variable details,Primary Sample Accession Number,178
Variable details,Back Up Sample Accession Number,178
Blood sample for PGx,Sample Performed,179
Blood sample for PGx,Reason Not Done,179
Blood sample for PGx,Sample Date,179
Blood sample for PGx,Sample Time,179
Blood sample for PGx,Primary Sample Accession Number,179
Blood sample for PGx,Back Up Sample Accession Number,179
Blood sample for PGx,Sample Performed Reason Not Done,179
Variable details,Sample Performed,180
Variable details,Reason Not Done,180
Variable details,Sample Date,180
Variable details,Sample Time,180
Variable details,Primary Sample Accession Number,180
Variable details,Back Up Sample Accession Number,180
IMP Administration,Reason IMP Not Administered,181
IMP Administration,Randomisation Number per IMP label,181
IMP Administration,"No, Please Specify",181
Variable details,IMP Administered,182
Variable details,Reason IMP Not Administered,182
Variable details,Randomisation Number per IMP label,182
Variable details,Subject Fasting,182
Variable details,IMP Administered Date,182
Variable details,IMP Administered Time,182
Variable details,Full Dose Administered,182
Variable details,"No, Please Specify",182
Awake Resting State EEG - Post Dose,Reason Not Performed,183
Awake Resting State EEG - Post Dose,Device Serial Number,183
Awake Resting State EEG - Post Dose,Awake Resting State EEG Performed,183
Awake Resting State EEG - Post Dose,EEG Start Date,183
Awake Resting State EEG - Post Dose,EEG Start Time,183
Awake Resting State EEG - Post Dose,EEG End Date,183
Awake Resting State EEG - Post Dose,EEG End Time,183
Variable details,Awake Resting State EEG Performed,184
Variable details,Reason Not Performed,184
Variable details,Device Serial Number,184
Variable details,EEG Start Date,184
Variable details,EEG Start Time,184
Variable details,EEG End Date,184
Variable details,EEG End Time,184
Subjective Drug Intensity (SDI) - Day 1,0.08 Hours Post Dose,185
Subjective Drug Intensity (SDI) - Day 1,0.25 Hours Post Dose,185
Subjective Drug Intensity (SDI) - Day 1,0.5 Hours Post Dose,185
Subjective Drug Intensity (SDI) - Day 1,0.75 Hours Post Dose,185
Subjective Drug Intensity (SDI) - Day 1,1 Hour Post Dose,185
Subjective Drug Intensity (SDI) - Day 1,1.5 Hours Post Dose,185
Subjective Drug Intensity (SDI) - Day 1,2 Hours Post Dose,185
Subjective Drug Intensity (SDI) - Day 1,2.5 Hours Post Dose,185
Subjective Drug Intensity (SDI) - Day 1,3 Hours Post Dose,185
Subjective Drug Intensity (SDI) - Day 1,3.5 Hours Post Dose,185
Subjective Drug Intensity (SDI) - Day 1,4 Hours Post Dose,185
Subjective Drug Intensity (SDI) - Day 1,4.5 Hours Post Dose,185
Subjective Drug Intensity (SDI) - Day 1,5 Hours Post Dose,185
Subjective Drug Intensity (SDI) - Day 1,5.5 Hours Post Dose,185
Subjective Drug Intensity (SDI) - Day 1,6 Hours Post Dose,185
Subjective Drug Intensity (SDI) - Day 1,6.5 Hours Post Dose,185
Subjective Drug Intensity (SDI) - Day 1,7 Hours Post Dose,185
Subjective Drug Intensity (SDI) - Day 1,7.5 Hours Post Dose,185
Variable details,Subjective Drug Intensity (SDI) - Day 1 Performed,187
Variable details,Reason Not Performed,187
Variable details,Time Point,187
Variable details,Not Done,187
Variable details,Reason Not Done,187
Variable details,Date,187
Variable details,Time,187
Variable details,Test,187
Variable details,Results,187
Haematology,Reason Not Performed,188
Haematology,Complete for all parameters,188
Haematology,Basophils,189
Haematology,Basophils/Leukocytes,189
Haematology,Eosinophils,189
Haematology,Eosinophils/Leukocytes,189
Haematology,Ery. Mean Corpuscular HGB Concentration,189
Haematology,Ery. Mean Corpuscular Volume,189
Haematology,Erythrocyte,189
Haematology,Hematocrit,189
Haematology,Hemoglobin,189
Haematology,Leukocytes,189
Haematology,Lymphocytes,189
Haematology,Lymphocytes/Leukocytes,189
Haematology,Monocytes,189
Haematology,Monocytes/Leukocytes,189
Haematology,Neutrophils,189
Haematology,Neutrophils/Leukocytes,189
Haematology,Platelets,189
Variable details,Sample Performed,190
Variable details,Reason Not Performed,190
Variable details,Sample Date,190
Variable details,Sample Time,190
Variable details,Parameter,190
Variable details,Not Done,190
Variable details,Reason Not Done,190
Variable details,Interpretation,190
Biochemistry,Alanine Aminotransferase,191
Biochemistry,Alkaline Phosphatase,191
Biochemistry,Aspartate Aminotransferase,191
Biochemistry,Bilirubin,191
Biochemistry,Calcium,191
Biochemistry,Cholesterol,191
Biochemistry,Creatinine,191
Biochemistry,Gamma Glutamyl Transferase,191
Biochemistry,Glucose,191
Biochemistry,Lactate Dehydrogenase,191
Biochemistry,Potassium,191
Biochemistry,Protein,191
Biochemistry,Sodium,191
Biochemistry,Triglycerides,191
Biochemistry,Urea Nitrogen,191
Variable details,Sample Performed,192
Variable details,Reason Not Performed,192
Variable details,Sample Date,192
Variable details,Sample Time,192
Variable details,Parameter,192
Variable details,Not Done,192
Variable details,Reason Not Done,192
Variable details,Interpretation,192
Coagulation,Reason Not Performed,193
Coagulation,Not Done,193
Coagulation,Reason Not Done,193
Coagulation,Parameter,193
Coagulation,Interpretation,193
Coagulation,Complete for all parameters,193
Variable details,Sample Performed,194
Variable details,Reason Not Performed,194
Variable details,Sample Date,194
Variable details,Sample Time,194
Variable details,Parameter,194
Variable details,Not Done,194
Variable details,Reason Not Done,194
Variable details,Interpretation,194
C-SSRS (Since Last Visit),3. Active Suicidal Ideation with Any,195
C-SSRS (Since Last Visit),4. Active Suicidal Ideation with Some,195
C-SSRS (Since Last Visit),5. Active Suicidal Ideation with,195
C-SSRS (Since Last Visit),SUICIDAL IDEATION,195
C-SSRS (Since Last Visit),Since Last Visit,195
C-SSRS (Since Last Visit),Yes,195
C-SSRS (Since Last Visit),1. Wish to be Dead,195
C-SSRS (Since Last Visit),2. Non-Specific Active Suicidal Thoughts,195
C-SSRS (Since Last Visit),3. Active Suicidal Ideation with Any Methods (Not Plan) without Intent to Act,195
C-SSRS (Since Last Visit),Methods (Not Plan) without Intent to Act,195
C-SSRS (Since Last Visit),"4. Active Suicidal Ideation with Some Intent to Act, without Specific Plan",195
C-SSRS (Since Last Visit),"Intent to Act, without Specific Plan",195
C-SSRS (Since Last Visit),5. Active Suicidal Ideation with Specific Plan and Intent,195
C-SSRS (Since Last Visit),Specific Plan and Intent,195
C-SSRS (Since Last Visit),INTENSITY OF IDEATION,195
C-SSRS (Since Last Visit),Type # (1-5),195
C-SSRS (Since Last Visit),Since Last Visit,196
C-SSRS (Since Last Visit),Frequency,196
C-SSRS (Since Last Visit),Duration,196
C-SSRS (Since Last Visit),Controllability,196
C-SSRS (Since Last Visit),Deterrents,196
C-SSRS (Since Last Visit),Reasons for Ideation,196
C-SSRS (Since Last Visit),SUICIDAL BEHAVIOUR,196
C-SSRS (Since Last Visit),Actual Attempt,196
C-SSRS (Since Last Visit),Total Number of Attempts,196
C-SSRS (Since Last Visit),Yes,196
C-SSRS (Since Last Visit),Has subject engaged in Non-Suicidal Self-Injurious Behaviour?,196
C-SSRS (Since Last Visit),Self-Injurious Behaviour?,196
C-SSRS (Since Last Visit),Interrupted Attempt,196
C-SSRS (Since Last Visit),Total Number of Interrupted,196
C-SSRS (Since Last Visit),Aborted Attempt,196
C-SSRS (Since Last Visit),Total Number of Aborted,196
C-SSRS (Since Last Visit),Suicidal Behaviour,197
C-SSRS (Since Last Visit),Suicide,197
C-SSRS (Since Last Visit),Answer for Actual Attempts Only,197
C-SSRS (Since Last Visit),Most Lethal Attempt Date,197
C-SSRS (Since Last Visit),Attempt Date,197
C-SSRS (Since Last Visit),Date,197
C-SSRS (Since Last Visit),Enter Code,197
C-SSRS (Since Last Visit),Actual Lethality/Medical Damage,197
C-SSRS (Since Last Visit),Potential Lethality,197
Variable details,Name,198
Variable details,Export Name,198
Variable details,Type,198
Variable details,Max length,198
Variable details,Categories,198
Positive and Negative Symptom Scale (PANSS),Test,200
Positive and Negative Symptom Scale (PANSS),Result,200
Positive and Negative Symptom Scale (PANSS),Test 1,200
Variable details,PANSS Performed,201
Variable details,Reason Not Performed,201
Variable details,PANSS Date,201
Variable details,PANSS Time,201
Variable details,Rater Initials,201
Variable details,Test,201
Variable details,Result,201
Mystical Experience Questionnaire (MEQ30),Test,202
Mystical Experience Questionnaire (MEQ30),Result,202
Variable details,MEQ-30 Performed,204
Variable details,Reason Not Performed,204
Variable details,MEQ-30 Date,204
Variable details,MEQ-30 Time,204
Variable details,Test,204
Variable details,Result,204
Challenging Experience Questionnaire (CEQ),Reason Not Performed,205
Challenging Experience Questionnaire (CEQ),Test,205
Challenging Experience Questionnaire (CEQ),Result,205
Variable details,CEQ Performed,207
Variable details,Reason Not Performed,207
Variable details,CEQ Date,207
Variable details,CEQ Time,207
Variable details,Test,207
Variable details,Result,207
Spielberger State-Trait Anxiety Inventory,Reason Not Performed,208
Spielberger State-Trait Anxiety Inventory,STAI Performed,208
Spielberger State-Trait Anxiety Inventory,STAI Date,208
Spielberger State-Trait Anxiety Inventory,STAI Time,208
Spielberger State-Trait Anxiety Inventory,1. I feel calm,208
Spielberger State-Trait Anxiety Inventory,2. I am tense,208
Spielberger State-Trait Anxiety Inventory,3. I feel at ease,208
Spielberger State-Trait Anxiety Inventory,4. I am presently worrying over possible,208
Spielberger State-Trait Anxiety Inventory,misfortunes,208
Spielberger State-Trait Anxiety Inventory,5. I feel frightened,208
Spielberger State-Trait Anxiety Inventory,6. I feel nervous,208
Spielberger State-Trait Anxiety Inventory,7. I am jittery,208
Spielberger State-Trait Anxiety Inventory,8. I am relaxed,208
Spielberger State-Trait Anxiety Inventory,9. I am worried,208
Spielberger State-Trait Anxiety Inventory,10. I feel steady,208
Spielberger State-Trait Anxiety Inventory,13. I wish I could be as happy as others,208
Spielberger State-Trait Anxiety Inventory,seem to be,208
Spielberger State-Trait Anxiety Inventory,20. I get in a state of tension or turmoil,209
Spielberger State-Trait Anxiety Inventory,as I think over my recent concerns and,209
Variable details,STAI Performed,210
Variable details,Reason Not Performed,210
Variable details,STAI Date,210
Variable details,STAI Time,210
Variable details,1. I feel calm,210
Variable details,2. I am tense,210
Variable details,3. I feel at ease,210
Variable details,4. I am presently worrying over possible misfortunes,210
Variable details,5. I feel frightened,210
Variable details,6. I feel nervous,210
Variable details,7. I am jittery,210
Variable details,8. I am relaxed,210
Variable details,9. I am worried,210
Variable details,10. I feel steady,210
Variable details,11. I feel nervous and restless,210
Variable details,12. I feel satisfied with myself,210
Variable details,13. I wish I could be as happy as others seem to be,210
Variable details,14. I feel like a failure,210
Variable details,16. I lack self-confidence,211
Variable details,17. I feel secure,211
Variable details,18. I feel inadequate,211
Variable details,19. I am a steady person,211
Variable details,20. I get in a state of tension or turmoil as I think over my recent concerns and interests,211
Blinding Integrity Questionnaire (BIQ),Reason Not Done,212
Blinding Integrity Questionnaire (BIQ),Please choose the option which most,212
Variable details,BIQ Performed,213
Variable details,Reason Not Done,213
Variable details,BIQ Date,213
Variable details,BIQ Time,213
Variable details,Please choose the option which most reflects your belief.,213
Attendant Session,Reason Not Performed,214
Attendant Session,Attendant Session Performed,214
Variable details,Attendant Session Performed,215
Variable details,Reason Not Performed,215
Variable details,Date Performed,215
Variable details,Start Time,215
Variable details,End Time,215
Dosing Session Release Checklist,Reason Not Done,216
Dosing Session Release Checklist,Dosing Session Release Checklist,216
Dosing Session Release Checklist,Was the checklist performed by a,216
Dosing Session Release Checklist,Does participant meet criteria to be,216
Variable details,Dosing Session Release Checklist completed?,217
Variable details,Reason Not Done,217
Variable details,Was the checklist performed by a licensed staff member?,217
Variable details,Time Point,217
Variable details,Date,217
Variable details,Start time of assessment,217
Variable details,End time of assessment,217
Variable details,Does participant meet criteria to be released?,217
Sleep EEG - In Clinic,Reason Not Performed,218
Sleep EEG - In Clinic,Device Serial Number,218
Sleep EEG - In Clinic,Sleep EEG Performed,218
Sleep EEG - In Clinic,Date Device Put On,218
Sleep EEG - In Clinic,Time Device Put On,218
Sleep EEG - In Clinic,EEG End Date,218
Sleep EEG - In Clinic,EEG End Time,218
Variable details,Sleep EEG Performed,219
Variable details,Reason Not Performed,219
Variable details,Device Serial Number,219
Variable details,Date Device Put On,219
Variable details,Time Device Put On,219
Variable details,EEG Start Date,219
Variable details,EEG Start Time,219
Variable details,EEG End Date,219
Variable details,EEG End Time,219
Visit Date,Visit Date,221
Variable details,Name,222
Variable details,Export Name,222
Variable details,Type,222
Variable details,Max length,222
Variable details,Categories,222
Montgomery and Asberg Depression RS (MADRS),Montgomery and Asberg Depression RS (MADRS),223
Montgomery and Asberg Depression RS (MADRS),"Version: SIGMA - Since Last Evaluation 2016, v. 1 (Up to Day 3), SIGMA 2011, v. 1.2 (After Day 3).",223
Montgomery and Asberg Depression RS (MADRS),MADRS Performed,223
Montgomery and Asberg Depression RS (MADRS),Yes,223
Montgomery and Asberg Depression RS (MADRS),No,223
Montgomery and Asberg Depression RS (MADRS),Reason Not Performed,223
Montgomery and Asberg Depression RS (MADRS),MADRS Date,223
Montgomery and Asberg Depression RS (MADRS),MADRS Time,223
Montgomery and Asberg Depression RS (MADRS),Rater Initials,223
Montgomery and Asberg Depression RS (MADRS),Result,223
Montgomery and Asberg Depression RS (MADRS),1. Reported Sadness,223
Montgomery and Asberg Depression RS (MADRS),2. Apparent Sadness,223
Montgomery and Asberg Depression RS (MADRS),3. Inner Tension,223
Montgomery and Asberg Depression RS (MADRS),4. Reduced Sleep,223
Montgomery and Asberg Depression RS (MADRS),5. Reduced appetite,223
Montgomery and Asberg Depression RS (MADRS),6. Concentration Difficulties,223
Montgomery and Asberg Depression RS (MADRS),7. Lassitude,223
Montgomery and Asberg Depression RS (MADRS),8. Inability To Feel,223
Montgomery and Asberg Depression RS (MADRS),9. Pessimistic Thoughts,223
Montgomery and Asberg Depression RS (MADRS),10. Suicidal Thoughts,223
Montgomery and Asberg Depression RS (MADRS),Total MADRS Scale Score,223
Variable details,MADRS Performed,224
Variable details,Reason Not Performed,224
Variable details,MADRS Date,224
Variable details,MADRS Time,224
Variable details,Rater Initials,224
Variable details,Test,224
Variable details,Result,224
Variable details,Total MADRS Scale Score,224
Clinician Global Impressions Scale - Severity (CGI-S),Reason Not Performed,225
Clinician Global Impressions Scale - Severity (CGI-S),experience with patients who had the,225
Variable details,CGI-S Performed,226
Variable details,Reason Not Performed,226
Variable details,CGI-S Date,226
Variable details,CGI-S Time,226
Variable details,Rater Initials,226
Variable details,"SEVERITY OF PATIENT'S ILLNESS, relative to the clinician's past experience with patients who had the same diagnosis.",226
Clinical Global Impressions Scale - Improvement (CGI-I),Reason Not Performed,227
Clinical Global Impressions Scale - Improvement (CGI-I),admission to the project (screening) how,227
Variable details,CGI-I Performed,228
Variable details,Reason Not Performed,228
Variable details,CGI-I Date,228
Variable details,CGI-I Time,228
Variable details,Rater Initials,228
Variable details,Compared to his/her condition at admission to the project (screening) how much has he/she changed?,228
Spielberger State-Trait Anxiety Inventory,Reason Not Performed,229
Spielberger State-Trait Anxiety Inventory,STAI Performed,229
Spielberger State-Trait Anxiety Inventory,STAI Date,229
Spielberger State-Trait Anxiety Inventory,STAI Time,229
Spielberger State-Trait Anxiety Inventory,1. I feel calm,229
Spielberger State-Trait Anxiety Inventory,2. I am tense,229
Spielberger State-Trait Anxiety Inventory,3. I feel at ease,229
Spielberger State-Trait Anxiety Inventory,4. I am presently worrying over possible,229
Spielberger State-Trait Anxiety Inventory,misfortunes,229
Spielberger State-Trait Anxiety Inventory,5. I feel frightened,229
Spielberger State-Trait Anxiety Inventory,6. I feel nervous,229
Spielberger State-Trait Anxiety Inventory,7. I am jittery,229
Spielberger State-Trait Anxiety Inventory,8. I am relaxed,229
Spielberger State-Trait Anxiety Inventory,9. I am worried,229
Spielberger State-Trait Anxiety Inventory,10. I feel steady,229
Spielberger State-Trait Anxiety Inventory,13. I wish I could be as happy as others,229
Spielberger State-Trait Anxiety Inventory,seem to be,229
Spielberger State-Trait Anxiety Inventory,20. I get in a state of tension or turmoil,230
Spielberger State-Trait Anxiety Inventory,as I think over my recent concerns and,230
Variable details,STAI Performed,231
Variable details,Reason Not Performed,231
Variable details,STAI Date,231
Variable details,STAI Time,231
Variable details,1. I feel calm,231
Variable details,2. I am tense,231
Variable details,3. I feel at ease,231
Variable details,4. I am presently worrying over possible misfortunes,231
Variable details,5. I feel frightened,231
Variable details,6. I feel nervous,231
Variable details,7. I am jittery,231
Variable details,8. I am relaxed,231
Variable details,9. I am worried,231
Variable details,10. I feel steady,231
Variable details,11. I feel nervous and restless,231
Variable details,12. I feel satisfied with myself,231
Variable details,13. I wish I could be as happy as others seem to be,231
Variable details,14. I feel like a failure,231
Variable details,16. I lack self-confidence,232
Variable details,17. I feel secure,232
Variable details,18. I feel inadequate,232
Variable details,19. I am a steady person,232
Variable details,20. I get in a state of tension or turmoil as I think over my recent concerns and interests,232
Urine Dipstick,Reason Not Performed,233
Urine Dipstick,Dipstick Performed,233
Specimen Appearance,Glucose,234
Specimen Appearance,Negative Trace (100) 250 (+) 500 (++) ≥1000 (+++),234
Specimen Appearance,Occult Blood,234
Specimen Appearance,Negative Trace - lysed,234
Specimen Appearance,Trace - intact,234
Specimen Appearance,Small (+) Moderate (++) Large (+++),234
Specimen Appearance,Specific Gravity (SG),234
Specimen Appearance,≤1.005 1.010 1.015,234
Specimen Appearance,1.020 1.025 ≥1.030,234
Specimen Appearance,Colour,234
Specimen Appearance,Sent for Microscopy,234
Variable details,Dipstick Performed,235
Variable details,Reason Not Performed,235
Variable details,Sample Date,235
Variable details,Sample Time,235
Variable details,Analysis Lab,235
Variable details,Specimen Appearance,235
Variable details,"Specimen Appearance, Other Specify",235
Variable details,Specimen Appearance Interpretation,235
Variable details,Glucose,235
Variable details,Glucose Interpretation,235
Variable details,pH,235
Variable details,pH Interpretation,235
Variable details,Occult Blood,235
Variable details,Occult Blood Interpretation,235
Variable details,Protein,235
Variable details,Protein Interpretation,235
Variable details,Specific Gravity (SG),235
Variable details,Specific Gravity (SG) Interpretation,235
Variable details,Colour,235
Variable details,"Colour, Other Specify",235
Variable details,Colour Interpretation,235
Variable details,Sent for Microscopy,235
Variable details,Microscopy Interpretation,235
Vital Signs - Single Time Point,Vital Signs - Single Time Point,236
Vital Signs - Single Time Point,Vital Signs Performed,236
Vital Signs - Single Time Point,Yes,236
Vital Signs - Single Time Point,No,236
Vital Signs - Single Time Point,Reason Not Performed,236
Vital Signs - Single Time Point,"Other, Please Specify",236
Vital Signs - Single Time Point,Vital Signs Details,236
Vital Signs - Single Time Point,Temperature (°C),236
Vital Signs - Single Time Point,Respiratory Rate (breaths/min),236
Vital Signs - Single Time Point,Systolic Blood Pressure (mmHg),236
Vital Signs - Single Time Point,Diastolic Blood Pressure (mmHg),236
Vital Signs - Single Time Point,Pulse Rate (beats/min),236
Vital Signs - Single Time Point,SPO2,236
Variable details,Vital Signs Performed,237
Variable details,Reason Not Performed,237
Variable details,Repetition Number,237
Variable details,Details,237
Variable details,Location,237
Variable details,Position,237
Variable details,"Other, Please Specify",237
Variable details,Vital Signs Date,237
Variable details,Position Time,237
Variable details,Vital Signs Time,237
Variable details,Not Done,237
Variable details,Test,237
Variable details,Result,237
Variable details,Interpretation,237
Variable details,Reason Not Done,237
Facial Expression Recognition Task (FERT),Reason Not Performed,238
Variable details,FERT Performed,239
Variable details,Reason Not Performed,239
Variable details,FERT Date,239
Variable details,FERT Time,239
Digit Symbol Substitution Test (DSST),Reason Not Performed,240
Variable details,DSST Performed,241
Variable details,Reason Not Performed,241
Variable details,DSST Date,241
Variable details,DSST Time,241
Pupillometry - Single Time Point,Done,242
Pupillometry - Single Time Point,pupilometer device.,242
Variable details,Pupillometry Assessment Performed,243
Variable details,Reason Not Performed,243
Variable details,Eye,243
Variable details,Repeat,243
Variable details,Not Done,243
Variable details,Reason Not Done,243
Variable details,Pupillometry Date,243
Variable details,Position Rest Time,243
Variable details,Pupillometry Start Time,243
Variable details,Readings downloaded onto a spreadsheet via Bluetooth from the pupilometer device.,243
Variable details,"Reviewed, signed and dated by a physician",243
Variable details,"Reason not review, signed and dated",243
Variable details,PLR diameter init,243
Variable details,PLR MAX constriction velocity,243
Variable details,PLR dilation velocity,243
Variable details,PLR T75,243
Variable details,Pupil Area (Calculated),243
Variable details,ACA (Calculated),243
Variable details,Dilation Velocity at T75 (Calculated),243
PK Sampling - Single Time Point,Sample Performed,244
PK Sampling - Single Time Point,Reason Not Done,244
PK Sampling - Single Time Point,Sample Date,244
PK Sampling - Single Time Point,Sample Time,244
PK Sampling - Single Time Point,Specimen Type,244
PK Sampling - Single Time Point,Primary Sample Accession Number,244
PK Sampling - Single Time Point,Back Up Sample Accession Number,244
PK Sampling - Single Time Point,Sample Performed Reason Not Done,244
Variable details,Sample Performed,245
Variable details,Reason Not Done,245
Variable details,Sample Date,245
Variable details,Sample Time,245
Variable details,Specimen Type,245
Variable details,Primary Sample Accession Number,245
Variable details,Back Up Sample Accession Number,245
Prolactin - Single Time Point,Sample Performed,246
Prolactin - Single Time Point,Reason Not Done,246
Prolactin - Single Time Point,Sample Date,246
Prolactin - Single Time Point,Sample Time,246
Prolactin - Single Time Point,Primary Sample Accession Number,246
Prolactin - Single Time Point,Back Up Sample Accession Number,246
Prolactin - Single Time Point,Sample Performed Reason Not Done,246
Variable details,Sample Performed,247
Variable details,Reason Not Done,247
Variable details,Sample Date,247
Variable details,Sample Time,247
Variable details,Primary Sample Accession Number,247
Variable details,Back Up Sample Accession Number,247
Plasma samples (PD) - Single Time Point,Sample Performed,248
Plasma samples (PD) - Single Time Point,Reason Not Done,248
Plasma samples (PD) - Single Time Point,Sample Date,248
Plasma samples (PD) - Single Time Point,Sample Time,248
Plasma samples (PD) - Single Time Point,Primary Sample Accession Number,248
Plasma samples (PD) - Single Time Point,Back Up Sample Accession Number,248
Plasma samples (PD) - Single Time Point,Sample Performed Reason Not Done,248
Variable details,Sample Performed,249
Variable details,Reason Not Done,249
Variable details,Sample Date,249
Variable details,Sample Time,249
Variable details,Primary Sample Accession Number,249
Variable details,Back Up Sample Accession Number,249
Subjective Drug Intensity (SDI) - Day 1,Reason Not Performed,250
Subjective Drug Intensity (SDI) - Day 1,Subjective Drug Intensity (SDI) - Post,250
Variable details,Subjective Drug Intensity (SDI) - Post Day 1 Performed,251
Variable details,Reason Not Performed,251
Variable details,Date,251
Variable details,Time,251
Variable details,How intense is your current drug experience right now?,251
Haematology,Reason Not Performed,252
Haematology,Complete for all parameters,252
Haematology,Basophils,253
Haematology,Basophils/Leukocytes,253
Haematology,Eosinophils,253
Haematology,Eosinophils/Leukocytes,253
Haematology,Ery. Mean Corpuscular HGB Concentration,253
Haematology,Ery. Mean Corpuscular Volume,253
Haematology,Erythrocyte,253
Haematology,Hematocrit,253
Haematology,Hemoglobin,253
Haematology,Leukocytes,253
Haematology,Lymphocytes,253
Haematology,Lymphocytes/Leukocytes,253
Haematology,Monocytes,253
Haematology,Monocytes/Leukocytes,253
Haematology,Neutrophils,253
Haematology,Neutrophils/Leukocytes,253
Haematology,Platelets,253
Variable details,Sample Performed,254
Variable details,Reason Not Performed,254
Variable details,Sample Date,254
Variable details,Sample Time,254
Variable details,Parameter,254
Variable details,Not Done,254
Variable details,Reason Not Done,254
Variable details,Interpretation,254
Biochemistry,Alanine Aminotransferase,255
Biochemistry,Alkaline Phosphatase,255
Biochemistry,Aspartate Aminotransferase,255
Biochemistry,Bilirubin,255
Biochemistry,Calcium,255
Biochemistry,Cholesterol,255
Biochemistry,Creatinine,255
Biochemistry,Gamma Glutamyl Transferase,255
Biochemistry,Glucose,255
Biochemistry,Lactate Dehydrogenase,255
Biochemistry,Potassium,255
Biochemistry,Protein,255
Biochemistry,Sodium,255
Biochemistry,Triglycerides,255
Biochemistry,Urea Nitrogen,255
Variable details,Sample Performed,256
Variable details,Reason Not Performed,256
Variable details,Sample Date,256
Variable details,Sample Time,256
Variable details,Parameter,256
Variable details,Not Done,256
Variable details,Reason Not Done,256
Variable details,Interpretation,256
Coagulation,Reason Not Performed,257
Coagulation,Not Done,257
Coagulation,Reason Not Done,257
Coagulation,Parameter,257
Coagulation,Interpretation,257
Coagulation,Complete for all parameters,257
Variable details,Sample Performed,258
Variable details,Reason Not Performed,258
Variable details,Sample Date,258
Variable details,Sample Time,258
Variable details,Parameter,258
Variable details,Not Done,258
Variable details,Reason Not Done,258
Variable details,Interpretation,258
C-SSRS (Since Last Visit),3. Active Suicidal Ideation with Any,259
C-SSRS (Since Last Visit),4. Active Suicidal Ideation with Some,259
C-SSRS (Since Last Visit),5. Active Suicidal Ideation with,259
C-SSRS (Since Last Visit),SUICIDAL IDEATION,259
C-SSRS (Since Last Visit),Since Last Visit,259
C-SSRS (Since Last Visit),Yes,259
C-SSRS (Since Last Visit),1. Wish to be Dead,259
C-SSRS (Since Last Visit),2. Non-Specific Active Suicidal Thoughts,259
C-SSRS (Since Last Visit),3. Active Suicidal Ideation with Any Methods (Not Plan) without Intent to Act,259
C-SSRS (Since Last Visit),Methods (Not Plan) without Intent to Act,259
C-SSRS (Since Last Visit),"4. Active Suicidal Ideation with Some Intent to Act, without Specific Plan",259
C-SSRS (Since Last Visit),"Intent to Act, without Specific Plan",259
C-SSRS (Since Last Visit),5. Active Suicidal Ideation with Specific Plan and Intent,259
C-SSRS (Since Last Visit),Specific Plan and Intent,259
C-SSRS (Since Last Visit),INTENSITY OF IDEATION,259
C-SSRS (Since Last Visit),Type # (1-5),259
C-SSRS (Since Last Visit),Since Last Visit,260
C-SSRS (Since Last Visit),Frequency,260
C-SSRS (Since Last Visit),Duration,260
C-SSRS (Since Last Visit),Controllability,260
C-SSRS (Since Last Visit),Deterrents,260
C-SSRS (Since Last Visit),Reasons for Ideation,260
C-SSRS (Since Last Visit),SUICIDAL BEHAVIOUR,260
C-SSRS (Since Last Visit),Actual Attempt,260
C-SSRS (Since Last Visit),Total Number of Attempts,260
C-SSRS (Since Last Visit),Yes,260
C-SSRS (Since Last Visit),Has subject engaged in Non-Suicidal Self-Injurious Behaviour?,260
C-SSRS (Since Last Visit),Self-Injurious Behaviour?,260
C-SSRS (Since Last Visit),Interrupted Attempt,260
C-SSRS (Since Last Visit),Total Number of Interrupted,260
C-SSRS (Since Last Visit),Aborted Attempt,260
C-SSRS (Since Last Visit),Total Number of Aborted,260
C-SSRS (Since Last Visit),Suicidal Behaviour,261
C-SSRS (Since Last Visit),Suicide,261
C-SSRS (Since Last Visit),Answer for Actual Attempts Only,261
C-SSRS (Since Last Visit),Most Lethal Attempt Date,261
C-SSRS (Since Last Visit),Attempt Date,261
C-SSRS (Since Last Visit),Date,261
C-SSRS (Since Last Visit),Enter Code,261
C-SSRS (Since Last Visit),Actual Lethality/Medical Damage,261
C-SSRS (Since Last Visit),Potential Lethality,261
Variable details,Name,262
Variable details,Export Name,262
Variable details,Type,262
Variable details,Max length,262
Variable details,Categories,262
Positive and Negative Symptom Scale (PANSS),Test,264
Positive and Negative Symptom Scale (PANSS),Result,264
Positive and Negative Symptom Scale (PANSS),Test 1,264
Variable details,PANSS Performed,265
Variable details,Reason Not Performed,265
Variable details,PANSS Date,265
Variable details,PANSS Time,265
Variable details,Rater Initials,265
Variable details,Test,265
Variable details,Result,265
Mystical Experience Questionnaire (MEQ30),Test,266
Mystical Experience Questionnaire (MEQ30),Result,266
Variable details,MEQ-30 Performed,268
Variable details,Reason Not Performed,268
Variable details,MEQ-30 Date,268
Variable details,MEQ-30 Time,268
Variable details,Test,268
Variable details,Result,268
Challenging Experience Questionnaire (CEQ),Reason Not Performed,269
Challenging Experience Questionnaire (CEQ),Test,269
Challenging Experience Questionnaire (CEQ),Result,269
Variable details,CEQ Performed,271
Variable details,Reason Not Performed,271
Variable details,CEQ Date,271
Variable details,CEQ Time,271
Variable details,Test,271
Variable details,Result,271
Attendant Session,Reason Not Performed,272
Attendant Session,Attendant Session Performed,272
Variable details,Attendant Session Performed,273
Variable details,Reason Not Performed,273
Variable details,Date Performed,273
Variable details,Start Time,273
Variable details,End Time,273
Sleep EEG - In Clinic,Reason Not Performed,274
Sleep EEG - In Clinic,Device Serial Number,274
Sleep EEG - In Clinic,Sleep EEG Performed,274
Sleep EEG - In Clinic,Date Device Put On,274
Sleep EEG - In Clinic,Time Device Put On,274
Sleep EEG - In Clinic,EEG End Date,274
Sleep EEG - In Clinic,EEG End Time,274
Variable details,Sleep EEG Performed,275
Variable details,Reason Not Performed,275
Variable details,Device Serial Number,275
Variable details,Date Device Put On,275
Variable details,Time Device Put On,275
Variable details,EEG Start Date,275
Variable details,EEG Start Time,275
Variable details,EEG End Date,275
Variable details,EEG End Time,275
Visit Date,Visit Date,277
Variable details,Name,278
Variable details,Export Name,278
Variable details,Type,278
Variable details,Max length,278
Variable details,Categories,278
Montgomery and Asberg Depression RS (MADRS),Montgomery and Asberg Depression RS (MADRS),279
Montgomery and Asberg Depression RS (MADRS),"Version: SIGMA - Since Last Evaluation 2016, v. 1 (Up to Day 3), SIGMA 2011, v. 1.2 (After Day 3).",279
Montgomery and Asberg Depression RS (MADRS),MADRS Performed,279
Montgomery and Asberg Depression RS (MADRS),Yes,279
Montgomery and Asberg Depression RS (MADRS),No,279
Montgomery and Asberg Depression RS (MADRS),Reason Not Performed,279
Montgomery and Asberg Depression RS (MADRS),MADRS Date,279
Montgomery and Asberg Depression RS (MADRS),MADRS Time,279
Montgomery and Asberg Depression RS (MADRS),Rater Initials,279
Montgomery and Asberg Depression RS (MADRS),Result,279
Montgomery and Asberg Depression RS (MADRS),1. Reported Sadness,279
Montgomery and Asberg Depression RS (MADRS),2. Apparent Sadness,279
Montgomery and Asberg Depression RS (MADRS),3. Inner Tension,279
Montgomery and Asberg Depression RS (MADRS),4. Reduced Sleep,279
Montgomery and Asberg Depression RS (MADRS),5. Reduced appetite,279
Montgomery and Asberg Depression RS (MADRS),6. Concentration Difficulties,279
Montgomery and Asberg Depression RS (MADRS),7. Lassitude,279
Montgomery and Asberg Depression RS (MADRS),8. Inability To Feel,279
Montgomery and Asberg Depression RS (MADRS),9. Pessimistic Thoughts,279
Montgomery and Asberg Depression RS (MADRS),10. Suicidal Thoughts,279
Montgomery and Asberg Depression RS (MADRS),Total MADRS Scale Score,279
Variable details,MADRS Performed,280
Variable details,Reason Not Performed,280
Variable details,MADRS Date,280
Variable details,MADRS Time,280
Variable details,Rater Initials,280
Variable details,Test,280
Variable details,Result,280
Variable details,Total MADRS Scale Score,280
Clinician Global Impressions Scale - Severity (CGI-S),Reason Not Performed,281
Clinician Global Impressions Scale - Severity (CGI-S),experience with patients who had the,281
Variable details,CGI-S Performed,282
Variable details,Reason Not Performed,282
Variable details,CGI-S Date,282
Variable details,CGI-S Time,282
Variable details,Rater Initials,282
Variable details,"SEVERITY OF PATIENT'S ILLNESS, relative to the clinician's past experience with patients who had the same diagnosis.",282
Clinical Global Impressions Scale - Improvement (CGI-I),Reason Not Performed,283
Clinical Global Impressions Scale - Improvement (CGI-I),admission to the project (screening) how,283
Variable details,CGI-I Performed,284
Variable details,Reason Not Performed,284
Variable details,CGI-I Date,284
Variable details,CGI-I Time,284
Variable details,Rater Initials,284
Variable details,Compared to his/her condition at admission to the project (screening) how much has he/she changed?,284
Physical Examination,Not Done,285
Physical Examination,Reason Not Done,285
Physical Examination,Interpretation,285
Physical Examination,Abnormal Findings,285
Physical Examination,Body System Examined,285
Physical Examination,"Other, Please Specify",285
Variable details,Physical Examination Performed,286
Variable details,Reason Not Performed,286
Variable details,Examination Date,286
Variable details,Examination Time,286
Variable details,Body System Examined,286
Variable details,"Other, Please Specify",286
Variable details,Not Done,286
Variable details,Reason Not Done,286
Variable details,Interpretation,286
Variable details,Abnormal Findings,286
Neurological Examination,Reason Not Performed,287
Neurological Examination,Neurological Examination Performed,287
Neurological Examination,Test,287
Variable details,Neurological Examination Performed,288
Variable details,Reason Not Performed,288
Variable details,Examination Date,288
Variable details,Examination Time,288
Variable details,Test,288
Variable details,Not Done,288
Variable details,Interpretation,288
Variable details,Comment,288
Urine Dipstick,Reason Not Performed,289
Urine Dipstick,Dipstick Performed,289
Specimen Appearance,Glucose,290
Specimen Appearance,Negative Trace (100) 250 (+) 500 (++) ≥1000 (+++),290
Specimen Appearance,Occult Blood,290
Specimen Appearance,Negative Trace - lysed,290
Specimen Appearance,Trace - intact,290
Specimen Appearance,Small (+) Moderate (++) Large (+++),290
Specimen Appearance,Specific Gravity (SG),290
Specimen Appearance,≤1.005 1.010 1.015,290
Specimen Appearance,1.020 1.025 ≥1.030,290
Specimen Appearance,Colour,290
Specimen Appearance,Sent for Microscopy,290
Variable details,Dipstick Performed,291
Variable details,Reason Not Performed,291
Variable details,Sample Date,291
Variable details,Sample Time,291
Variable details,Analysis Lab,291
Variable details,Specimen Appearance,291
Variable details,"Specimen Appearance, Other Specify",291
Variable details,Specimen Appearance Interpretation,291
Variable details,Glucose,291
Variable details,Glucose Interpretation,291
Variable details,pH,291
Variable details,pH Interpretation,291
Variable details,Occult Blood,291
Variable details,Occult Blood Interpretation,291
Variable details,Protein,291
Variable details,Protein Interpretation,291
Variable details,Specific Gravity (SG),291
Variable details,Specific Gravity (SG) Interpretation,291
Variable details,Colour,291
Variable details,"Colour, Other Specify",291
Variable details,Colour Interpretation,291
Variable details,Sent for Microscopy,291
Variable details,Microscopy Interpretation,291
Vital Signs - Single Time Point,Vital Signs - Single Time Point,292
Vital Signs - Single Time Point,Vital Signs Performed,292
Vital Signs - Single Time Point,Yes,292
Vital Signs - Single Time Point,No,292
Vital Signs - Single Time Point,Reason Not Performed,292
Vital Signs - Single Time Point,"Other, Please Specify",292
Vital Signs - Single Time Point,Vital Signs Details,292
Vital Signs - Single Time Point,Temperature (°C),292
Vital Signs - Single Time Point,Respiratory Rate (breaths/min),292
Vital Signs - Single Time Point,Systolic Blood Pressure (mmHg),292
Vital Signs - Single Time Point,Diastolic Blood Pressure (mmHg),292
Vital Signs - Single Time Point,Pulse Rate (beats/min),292
Vital Signs - Single Time Point,SPO2,292
Variable details,Vital Signs Performed,293
Variable details,Reason Not Performed,293
Variable details,Repetition Number,293
Variable details,Details,293
Variable details,Location,293
Variable details,Position,293
Variable details,"Other, Please Specify",293
Variable details,Vital Signs Date,293
Variable details,Position Time,293
Variable details,Vital Signs Time,293
Variable details,Not Done,293
Variable details,Test,293
Variable details,Result,293
Variable details,Interpretation,293
Variable details,Reason Not Done,293
12-Lead ECG - Single Time Point,Position Time,294
12-Lead ECG - Single Time Point,ECG Time,294
12-Lead ECG - Single Time Point,Interpretation,294
12-Lead ECG - Single Time Point,Interpretation Comment,294
12-Lead ECG - Single Time Point,Not Done,294
12-Lead ECG - Single Time Point,Test,294
12-Lead ECG - Single Time Point,Result,294
12-Lead ECG - Single Time Point,Reason Not Done,294
12-Lead ECG - Single Time Point,Details,294
12-Lead ECG - Single Time Point,Position,294
12-Lead ECG - Single Time Point,ECG Date,294
12-Lead ECG - Single Time Point,Details 1 2 3 4 5 6,294
Variable details,ECG Performed,295
Variable details,Reason Not Performed,295
Variable details,Details,295
Variable details,Position,295
Variable details,ECG Date,295
Variable details,Position Time,295
Variable details,ECG Time,295
Variable details,Interpretation,295
Variable details,Interpretation Comment,295
Variable details,Not Done,295
Variable details,Test,295
Variable details,Result,295
Variable details,Reason Not Done,295
Facial Expression Recognition Task (FERT),Reason Not Performed,296
Variable details,FERT Performed,297
Variable details,Reason Not Performed,297
Variable details,FERT Date,297
Variable details,FERT Time,297
Digit Symbol Substitution Test (DSST),Reason Not Performed,298
Variable details,DSST Performed,299
Variable details,Reason Not Performed,299
Variable details,DSST Date,299
Variable details,DSST Time,299
Pupillometry - Single Time Point,Done,300
Pupillometry - Single Time Point,pupilometer device.,300
Variable details,Pupillometry Assessment Performed,301
Variable details,Reason Not Performed,301
Variable details,Eye,301
Variable details,Repeat,301
Variable details,Not Done,301
Variable details,Reason Not Done,301
Variable details,Pupillometry Date,301
Variable details,Position Rest Time,301
Variable details,Pupillometry Start Time,301
Variable details,Readings downloaded onto a spreadsheet via Bluetooth from the pupilometer device.,301
Variable details,"Reviewed, signed and dated by a physician",301
Variable details,"Reason not review, signed and dated",301
Variable details,PLR diameter init,301
Variable details,PLR MAX constriction velocity,301
Variable details,PLR dilation velocity,301
Variable details,PLR T75,301
Variable details,Pupil Area (Calculated),301
Variable details,ACA (Calculated),301
Variable details,Dilation Velocity at T75 (Calculated),301
PK Sampling - Single Time Point,Sample Performed,302
PK Sampling - Single Time Point,Reason Not Done,302
PK Sampling - Single Time Point,Sample Date,302
PK Sampling - Single Time Point,Sample Time,302
PK Sampling - Single Time Point,Specimen Type,302
PK Sampling - Single Time Point,Primary Sample Accession Number,302
PK Sampling - Single Time Point,Back Up Sample Accession Number,302
PK Sampling - Single Time Point,Sample Performed Reason Not Done,302
Variable details,Sample Performed,303
Variable details,Reason Not Done,303
Variable details,Sample Date,303
Variable details,Sample Time,303
Variable details,Specimen Type,303
Variable details,Primary Sample Accession Number,303
Variable details,Back Up Sample Accession Number,303
Plasma samples (PD) - Single Time Point,Sample Performed,304
Plasma samples (PD) - Single Time Point,Reason Not Done,304
Plasma samples (PD) - Single Time Point,Sample Date,304
Plasma samples (PD) - Single Time Point,Sample Time,304
Plasma samples (PD) - Single Time Point,Primary Sample Accession Number,304
Plasma samples (PD) - Single Time Point,Back Up Sample Accession Number,304
Plasma samples (PD) - Single Time Point,Sample Performed Reason Not Done,304
Variable details,Sample Performed,305
Variable details,Reason Not Done,305
Variable details,Sample Date,305
Variable details,Sample Time,305
Variable details,Primary Sample Accession Number,305
Variable details,Back Up Sample Accession Number,305
Subjective Drug Intensity (SDI) - Day 1,Reason Not Performed,306
Subjective Drug Intensity (SDI) - Day 1,Subjective Drug Intensity (SDI) - Post,306
Variable details,Subjective Drug Intensity (SDI) - Post Day 1 Performed,307
Variable details,Reason Not Performed,307
Variable details,Date,307
Variable details,Time,307
Variable details,How intense is your current drug experience right now?,307
Haematology,Reason Not Performed,308
Haematology,Complete for all parameters,308
Haematology,Basophils,309
Haematology,Basophils/Leukocytes,309
Haematology,Eosinophils,309
Haematology,Eosinophils/Leukocytes,309
Haematology,Ery. Mean Corpuscular HGB Concentration,309
Haematology,Ery. Mean Corpuscular Volume,309
Haematology,Erythrocyte,309
Haematology,Hematocrit,309
Haematology,Hemoglobin,309
Haematology,Leukocytes,309
Haematology,Lymphocytes,309
Haematology,Lymphocytes/Leukocytes,309
Haematology,Monocytes,309
Haematology,Monocytes/Leukocytes,309
Haematology,Neutrophils,309
Haematology,Neutrophils/Leukocytes,309
Haematology,Platelets,309
Variable details,Sample Performed,310
Variable details,Reason Not Performed,310
Variable details,Sample Date,310
Variable details,Sample Time,310
Variable details,Parameter,310
Variable details,Not Done,310
Variable details,Reason Not Done,310
Variable details,Interpretation,310
Biochemistry,Alanine Aminotransferase,311
Biochemistry,Alkaline Phosphatase,311
Biochemistry,Aspartate Aminotransferase,311
Biochemistry,Bilirubin,311
Biochemistry,Calcium,311
Biochemistry,Cholesterol,311
Biochemistry,Creatinine,311
Biochemistry,Gamma Glutamyl Transferase,311
Biochemistry,Glucose,311
Biochemistry,Lactate Dehydrogenase,311
Biochemistry,Potassium,311
Biochemistry,Protein,311
Biochemistry,Sodium,311
Biochemistry,Triglycerides,311
Biochemistry,Urea Nitrogen,311
Variable details,Sample Performed,312
Variable details,Reason Not Performed,312
Variable details,Sample Date,312
Variable details,Sample Time,312
Variable details,Parameter,312
Variable details,Not Done,312
Variable details,Reason Not Done,312
Variable details,Interpretation,312
Coagulation,Reason Not Performed,313
Coagulation,Not Done,313
Coagulation,Reason Not Done,313
Coagulation,Parameter,313
Coagulation,Interpretation,313
Coagulation,Complete for all parameters,313
Variable details,Sample Performed,314
Variable details,Reason Not Performed,314
Variable details,Sample Date,314
Variable details,Sample Time,314
Variable details,Parameter,314
Variable details,Not Done,314
Variable details,Reason Not Done,314
Variable details,Interpretation,314
C-SSRS (Since Last Visit),3. Active Suicidal Ideation with Any,315
C-SSRS (Since Last Visit),4. Active Suicidal Ideation with Some,315
C-SSRS (Since Last Visit),5. Active Suicidal Ideation with,315
C-SSRS (Since Last Visit),SUICIDAL IDEATION,315
C-SSRS (Since Last Visit),Since Last Visit,315
C-SSRS (Since Last Visit),Yes,315
C-SSRS (Since Last Visit),1. Wish to be Dead,315
C-SSRS (Since Last Visit),2. Non-Specific Active Suicidal Thoughts,315
C-SSRS (Since Last Visit),3. Active Suicidal Ideation with Any Methods (Not Plan) without Intent to Act,315
C-SSRS (Since Last Visit),Methods (Not Plan) without Intent to Act,315
C-SSRS (Since Last Visit),"4. Active Suicidal Ideation with Some Intent to Act, without Specific Plan",315
C-SSRS (Since Last Visit),"Intent to Act, without Specific Plan",315
C-SSRS (Since Last Visit),5. Active Suicidal Ideation with Specific Plan and Intent,315
C-SSRS (Since Last Visit),Specific Plan and Intent,315
C-SSRS (Since Last Visit),INTENSITY OF IDEATION,315
C-SSRS (Since Last Visit),Type # (1-5),315
C-SSRS (Since Last Visit),Since Last Visit,316
C-SSRS (Since Last Visit),Frequency,316
C-SSRS (Since Last Visit),Duration,316
C-SSRS (Since Last Visit),Controllability,316
C-SSRS (Since Last Visit),Deterrents,316
C-SSRS (Since Last Visit),Reasons for Ideation,316
C-SSRS (Since Last Visit),SUICIDAL BEHAVIOUR,316
C-SSRS (Since Last Visit),Actual Attempt,316
C-SSRS (Since Last Visit),Total Number of Attempts,316
C-SSRS (Since Last Visit),Yes,316
C-SSRS (Since Last Visit),Has subject engaged in Non-Suicidal Self-Injurious Behaviour?,316
C-SSRS (Since Last Visit),Self-Injurious Behaviour?,316
C-SSRS (Since Last Visit),Interrupted Attempt,316
C-SSRS (Since Last Visit),Total Number of Interrupted,316
C-SSRS (Since Last Visit),Aborted Attempt,316
C-SSRS (Since Last Visit),Total Number of Aborted,316
C-SSRS (Since Last Visit),Suicidal Behaviour,317
C-SSRS (Since Last Visit),Suicide,317
C-SSRS (Since Last Visit),Answer for Actual Attempts Only,317
C-SSRS (Since Last Visit),Most Lethal Attempt Date,317
C-SSRS (Since Last Visit),Attempt Date,317
C-SSRS (Since Last Visit),Date,317
C-SSRS (Since Last Visit),Enter Code,317
C-SSRS (Since Last Visit),Actual Lethality/Medical Damage,317
C-SSRS (Since Last Visit),Potential Lethality,317
Variable details,Name,318
Variable details,Export Name,318
Variable details,Type,318
Variable details,Max length,318
Variable details,Categories,318
Positive and Negative Symptom Scale (PANSS),Test,320
Positive and Negative Symptom Scale (PANSS),Result,320
Positive and Negative Symptom Scale (PANSS),Test 1,320
Variable details,PANSS Performed,321
Variable details,Reason Not Performed,321
Variable details,PANSS Date,321
Variable details,PANSS Time,321
Variable details,Rater Initials,321
Variable details,Test,321
Variable details,Result,321
Discharge From Clinic,Clinic Discharge Date,322
Discharge From Clinic,Discharged From Clinic,322
Discharge From Clinic,Clinic Discharge Time,322
Variable details,Discharged From Clinic,323
Variable details,Clinic Discharge Date,323
Variable details,Clinic Discharge Time,323
Sleep EEG -At Home,Reason Not Performed,324
Sleep EEG -At Home,Device Serial Number,324
Sleep EEG -At Home,Date Device Kit Given To Subject,324
Sleep EEG -At Home,Date Device Kit Retrieved From Subject,324
Variable details,Sleep EEG Performed,325
Variable details,Reason Not Performed,325
Variable details,Device Serial Number,325
Variable details,Date Device Kit Given To Subject,325
Variable details,Date Device Kit Retrieved From Subject,325
Visit Date,Visit Date,327
Variable details,Name,328
Variable details,Export Name,328
Variable details,Type,328
Variable details,Max length,328
Variable details,Categories,328
Montgomery and Asberg Depression RS (MADRS),Montgomery and Asberg Depression RS (MADRS),329
Montgomery and Asberg Depression RS (MADRS),"Version: SIGMA - Since Last Evaluation 2016, v. 1 (Up to Day 3), SIGMA 2011, v. 1.2 (After Day 3).",329
Montgomery and Asberg Depression RS (MADRS),MADRS Performed,329
Montgomery and Asberg Depression RS (MADRS),Yes,329
Montgomery and Asberg Depression RS (MADRS),No,329
Montgomery and Asberg Depression RS (MADRS),Reason Not Performed,329
Montgomery and Asberg Depression RS (MADRS),MADRS Date,329
Montgomery and Asberg Depression RS (MADRS),MADRS Time,329
Montgomery and Asberg Depression RS (MADRS),Rater Initials,329
Montgomery and Asberg Depression RS (MADRS),Result,329
Montgomery and Asberg Depression RS (MADRS),1. Reported Sadness,329
Montgomery and Asberg Depression RS (MADRS),2. Apparent Sadness,329
Montgomery and Asberg Depression RS (MADRS),3. Inner Tension,329
Montgomery and Asberg Depression RS (MADRS),4. Reduced Sleep,329
Montgomery and Asberg Depression RS (MADRS),5. Reduced appetite,329
Montgomery and Asberg Depression RS (MADRS),6. Concentration Difficulties,329
Montgomery and Asberg Depression RS (MADRS),7. Lassitude,329
Montgomery and Asberg Depression RS (MADRS),8. Inability To Feel,329
Montgomery and Asberg Depression RS (MADRS),9. Pessimistic Thoughts,329
Montgomery and Asberg Depression RS (MADRS),10. Suicidal Thoughts,329
Montgomery and Asberg Depression RS (MADRS),Total MADRS Scale Score,329
Variable details,MADRS Performed,330
Variable details,Reason Not Performed,330
Variable details,MADRS Date,330
Variable details,MADRS Time,330
Variable details,Rater Initials,330
Variable details,Test,330
Variable details,Result,330
Variable details,Total MADRS Scale Score,330
Clinician Global Impressions Scale - Severity (CGI-S),Reason Not Performed,331
Clinician Global Impressions Scale - Severity (CGI-S),experience with patients who had the,331
Variable details,CGI-S Performed,332
Variable details,Reason Not Performed,332
Variable details,CGI-S Date,332
Variable details,CGI-S Time,332
Variable details,Rater Initials,332
Variable details,"SEVERITY OF PATIENT'S ILLNESS, relative to the clinician's past experience with patients who had the same diagnosis.",332
Clinical Global Impressions Scale - Improvement (CGI-I),Reason Not Performed,333
Clinical Global Impressions Scale - Improvement (CGI-I),admission to the project (screening) how,333
Variable details,CGI-I Performed,334
Variable details,Reason Not Performed,334
Variable details,CGI-I Date,334
Variable details,CGI-I Time,334
Variable details,Rater Initials,334
Variable details,Compared to his/her condition at admission to the project (screening) how much has he/she changed?,334
Physical Examination,Not Done,335
Physical Examination,Reason Not Done,335
Physical Examination,Interpretation,335
Physical Examination,Abnormal Findings,335
Physical Examination,Body System Examined,335
Physical Examination,"Other, Please Specify",335
Variable details,Physical Examination Performed,336
Variable details,Reason Not Performed,336
Variable details,Examination Date,336
Variable details,Examination Time,336
Variable details,Body System Examined,336
Variable details,"Other, Please Specify",336
Variable details,Not Done,336
Variable details,Reason Not Done,336
Variable details,Interpretation,336
Variable details,Abnormal Findings,336
Neurological Examination,Reason Not Performed,337
Neurological Examination,Neurological Examination Performed,337
Neurological Examination,Test,337
Variable details,Neurological Examination Performed,338
Variable details,Reason Not Performed,338
Variable details,Examination Date,338
Variable details,Examination Time,338
Variable details,Test,338
Variable details,Not Done,338
Variable details,Interpretation,338
Variable details,Comment,338
Weight & BMI,Reason Not Performed,339
Weight & BMI,Test,339
Variable details,Assessment Performed,340
Variable details,Reason Not Performed,340
Variable details,Assessment Date,340
Variable details,Test,340
Variable details,Not Done,340
Variable details,Result,340
Breath Alcohol Screen and Urine Cotinine,Performed,341
Breath Alcohol Screen and Urine Cotinine,Reason Not Performed,341
Breath Alcohol Screen and Urine Cotinine,Test Time,341
Breath Alcohol Screen and Urine Cotinine,Result,341
Breath Alcohol Screen and Urine Cotinine,Test,341
Breath Alcohol Screen and Urine Cotinine,Test Date,341
Breath Alcohol Screen and Urine Cotinine,Comments,341
Variable details,Test,342
Variable details,Performed,342
Variable details,Reason Not Performed,342
Variable details,Test Date,342
Variable details,Test Time,342
Variable details,Result,342
Variable details,Comments,342
Urine Drugs of Abuse,Positive,343
Urine Drugs of Abuse,Amphetamines,343
Urine Drugs of Abuse,Negative,343
Urine Drugs of Abuse,Barbiturates,343
Urine Drugs of Abuse,Benzodiazepines,343
Urine Drugs of Abuse,Cannabinoids,343
Urine Drugs of Abuse,Cocaine,343
Urine Drugs of Abuse,Opiates,343
Variable details,Sample Performed,344
Variable details,Reason Not Performed,344
Variable details,Sample Date,344
Variable details,Sample Time,344
Variable details,DOA TEST,344
Variable details,Result,344
Variable details,Comments (If Positive),344
Urine Dipstick,Reason Not Performed,345
Urine Dipstick,Dipstick Performed,345
Specimen Appearance,Glucose,346
Specimen Appearance,Negative Trace (100) 250 (+) 500 (++) ≥1000 (+++),346
Specimen Appearance,Occult Blood,346
Specimen Appearance,Negative Trace - lysed,346
Specimen Appearance,Trace - intact,346
Specimen Appearance,Small (+) Moderate (++) Large (+++),346
Specimen Appearance,Specific Gravity (SG),346
Specimen Appearance,≤1.005 1.010 1.015,346
Specimen Appearance,1.020 1.025 ≥1.030,346
Specimen Appearance,Colour,346
Specimen Appearance,Sent for Microscopy,346
Variable details,Dipstick Performed,347
Variable details,Reason Not Performed,347
Variable details,Sample Date,347
Variable details,Sample Time,347
Variable details,Analysis Lab,347
Variable details,Specimen Appearance,347
Variable details,"Specimen Appearance, Other Specify",347
Variable details,Specimen Appearance Interpretation,347
Variable details,Glucose,347
Variable details,Glucose Interpretation,347
Variable details,pH,347
Variable details,pH Interpretation,347
Variable details,Occult Blood,347
Variable details,Occult Blood Interpretation,347
Variable details,Protein,347
Variable details,Protein Interpretation,347
Variable details,Specific Gravity (SG),347
Variable details,Specific Gravity (SG) Interpretation,347
Variable details,Colour,347
Variable details,"Colour, Other Specify",347
Variable details,Colour Interpretation,347
Variable details,Sent for Microscopy,347
Variable details,Microscopy Interpretation,347
Vital Signs - Single Time Point,Vital Signs - Single Time Point,348
Vital Signs - Single Time Point,Vital Signs Performed,348
Vital Signs - Single Time Point,Yes,348
Vital Signs - Single Time Point,No,348
Vital Signs - Single Time Point,Reason Not Performed,348
Vital Signs - Single Time Point,"Other, Please Specify",348
Vital Signs - Single Time Point,Vital Signs Details,348
Vital Signs - Single Time Point,Temperature (°C),348
Vital Signs - Single Time Point,Respiratory Rate (breaths/min),348
Vital Signs - Single Time Point,Systolic Blood Pressure (mmHg),348
Vital Signs - Single Time Point,Diastolic Blood Pressure (mmHg),348
Vital Signs - Single Time Point,Pulse Rate (beats/min),348
Vital Signs - Single Time Point,SPO2,348
Variable details,Vital Signs Performed,349
Variable details,Reason Not Performed,349
Variable details,Repetition Number,349
Variable details,Details,349
Variable details,Location,349
Variable details,Position,349
Variable details,"Other, Please Specify",349
Variable details,Vital Signs Date,349
Variable details,Position Time,349
Variable details,Vital Signs Time,349
Variable details,Not Done,349
Variable details,Test,349
Variable details,Result,349
Variable details,Interpretation,349
Variable details,Reason Not Done,349
12-Lead ECG - Single Time Point,Position Time,350
12-Lead ECG - Single Time Point,ECG Time,350
12-Lead ECG - Single Time Point,Interpretation,350
12-Lead ECG - Single Time Point,Interpretation Comment,350
12-Lead ECG - Single Time Point,Not Done,350
12-Lead ECG - Single Time Point,Test,350
12-Lead ECG - Single Time Point,Result,350
12-Lead ECG - Single Time Point,Reason Not Done,350
12-Lead ECG - Single Time Point,Details,350
12-Lead ECG - Single Time Point,Position,350
12-Lead ECG - Single Time Point,ECG Date,350
12-Lead ECG - Single Time Point,Details 1 2 3 4 5 6,350
Variable details,ECG Performed,351
Variable details,Reason Not Performed,351
Variable details,Details,351
Variable details,Position,351
Variable details,ECG Date,351
Variable details,Position Time,351
Variable details,ECG Time,351
Variable details,Interpretation,351
Variable details,Interpretation Comment,351
Variable details,Not Done,351
Variable details,Test,351
Variable details,Result,351
Variable details,Reason Not Done,351
Facial Expression Recognition Task (FERT),Reason Not Performed,352
Variable details,FERT Performed,353
Variable details,Reason Not Performed,353
Variable details,FERT Date,353
Variable details,FERT Time,353
Digit Symbol Substitution Test (DSST),Reason Not Performed,354
Variable details,DSST Performed,355
Variable details,Reason Not Performed,355
Variable details,DSST Date,355
Variable details,DSST Time,355
Pupillometry - Single Time Point,Done,356
Pupillometry - Single Time Point,pupilometer device.,356
Variable details,Pupillometry Assessment Performed,357
Variable details,Reason Not Performed,357
Variable details,Eye,357
Variable details,Repeat,357
Variable details,Not Done,357
Variable details,Reason Not Done,357
Variable details,Pupillometry Date,357
Variable details,Position Rest Time,357
Variable details,Pupillometry Start Time,357
Variable details,Readings downloaded onto a spreadsheet via Bluetooth from the pupilometer device.,357
Variable details,"Reviewed, signed and dated by a physician",357
Variable details,"Reason not review, signed and dated",357
Variable details,PLR diameter init,357
Variable details,PLR MAX constriction velocity,357
Variable details,PLR dilation velocity,357
Variable details,PLR T75,357
Variable details,Pupil Area (Calculated),357
Variable details,ACA (Calculated),357
Variable details,Dilation Velocity at T75 (Calculated),357
Plasma samples (PD) - Single Time Point,Sample Performed,358
Plasma samples (PD) - Single Time Point,Reason Not Done,358
Plasma samples (PD) - Single Time Point,Sample Date,358
Plasma samples (PD) - Single Time Point,Sample Time,358
Plasma samples (PD) - Single Time Point,Primary Sample Accession Number,358
Plasma samples (PD) - Single Time Point,Back Up Sample Accession Number,358
Plasma samples (PD) - Single Time Point,Sample Performed Reason Not Done,358
Variable details,Sample Performed,359
Variable details,Reason Not Done,359
Variable details,Sample Date,359
Variable details,Sample Time,359
Variable details,Primary Sample Accession Number,359
Variable details,Back Up Sample Accession Number,359
Haematology,Reason Not Performed,360
Haematology,Complete for all parameters,360
Haematology,Basophils,361
Haematology,Basophils/Leukocytes,361
Haematology,Eosinophils,361
Haematology,Eosinophils/Leukocytes,361
Haematology,Ery. Mean Corpuscular HGB Concentration,361
Haematology,Ery. Mean Corpuscular Volume,361
Haematology,Erythrocyte,361
Haematology,Hematocrit,361
Haematology,Hemoglobin,361
Haematology,Leukocytes,361
Haematology,Lymphocytes,361
Haematology,Lymphocytes/Leukocytes,361
Haematology,Monocytes,361
Haematology,Monocytes/Leukocytes,361
Haematology,Neutrophils,361
Haematology,Neutrophils/Leukocytes,361
Haematology,Platelets,361
Variable details,Sample Performed,362
Variable details,Reason Not Performed,362
Variable details,Sample Date,362
Variable details,Sample Time,362
Variable details,Parameter,362
Variable details,Not Done,362
Variable details,Reason Not Done,362
Variable details,Interpretation,362
Biochemistry,Alanine Aminotransferase,363
Biochemistry,Alkaline Phosphatase,363
Biochemistry,Aspartate Aminotransferase,363
Biochemistry,Bilirubin,363
Biochemistry,Calcium,363
Biochemistry,Cholesterol,363
Biochemistry,Creatinine,363
Biochemistry,Gamma Glutamyl Transferase,363
Biochemistry,Glucose,363
Biochemistry,Lactate Dehydrogenase,363
Biochemistry,Potassium,363
Biochemistry,Protein,363
Biochemistry,Sodium,363
Biochemistry,Triglycerides,363
Biochemistry,Urea Nitrogen,363
Variable details,Sample Performed,364
Variable details,Reason Not Performed,364
Variable details,Sample Date,364
Variable details,Sample Time,364
Variable details,Parameter,364
Variable details,Not Done,364
Variable details,Reason Not Done,364
Variable details,Interpretation,364
Coagulation,Reason Not Performed,365
Coagulation,Not Done,365
Coagulation,Reason Not Done,365
Coagulation,Parameter,365
Coagulation,Interpretation,365
Coagulation,Complete for all parameters,365
Variable details,Sample Performed,366
Variable details,Reason Not Performed,366
Variable details,Sample Date,366
Variable details,Sample Time,366
Variable details,Parameter,366
Variable details,Not Done,366
Variable details,Reason Not Done,366
Variable details,Interpretation,366
C-SSRS (Since Last Visit),3. Active Suicidal Ideation with Any,367
C-SSRS (Since Last Visit),4. Active Suicidal Ideation with Some,367
C-SSRS (Since Last Visit),5. Active Suicidal Ideation with,367
C-SSRS (Since Last Visit),SUICIDAL IDEATION,367
C-SSRS (Since Last Visit),Since Last Visit,367
C-SSRS (Since Last Visit),Yes,367
C-SSRS (Since Last Visit),1. Wish to be Dead,367
C-SSRS (Since Last Visit),2. Non-Specific Active Suicidal Thoughts,367
C-SSRS (Since Last Visit),3. Active Suicidal Ideation with Any Methods (Not Plan) without Intent to Act,367
C-SSRS (Since Last Visit),Methods (Not Plan) without Intent to Act,367
C-SSRS (Since Last Visit),"4. Active Suicidal Ideation with Some Intent to Act, without Specific Plan",367
C-SSRS (Since Last Visit),"Intent to Act, without Specific Plan",367
C-SSRS (Since Last Visit),5. Active Suicidal Ideation with Specific Plan and Intent,367
C-SSRS (Since Last Visit),Specific Plan and Intent,367
C-SSRS (Since Last Visit),INTENSITY OF IDEATION,367
C-SSRS (Since Last Visit),Type # (1-5),367
C-SSRS (Since Last Visit),Since Last Visit,368
C-SSRS (Since Last Visit),Frequency,368
C-SSRS (Since Last Visit),Duration,368
C-SSRS (Since Last Visit),Controllability,368
C-SSRS (Since Last Visit),Deterrents,368
C-SSRS (Since Last Visit),Reasons for Ideation,368
C-SSRS (Since Last Visit),SUICIDAL BEHAVIOUR,368
C-SSRS (Since Last Visit),Actual Attempt,368
C-SSRS (Since Last Visit),Total Number of Attempts,368
C-SSRS (Since Last Visit),Yes,368
C-SSRS (Since Last Visit),Has subject engaged in Non-Suicidal Self-Injurious Behaviour?,368
C-SSRS (Since Last Visit),Self-Injurious Behaviour?,368
C-SSRS (Since Last Visit),Interrupted Attempt,368
C-SSRS (Since Last Visit),Total Number of Interrupted,368
C-SSRS (Since Last Visit),Aborted Attempt,368
C-SSRS (Since Last Visit),Total Number of Aborted,368
C-SSRS (Since Last Visit),Suicidal Behaviour,369
C-SSRS (Since Last Visit),Suicide,369
C-SSRS (Since Last Visit),Answer for Actual Attempts Only,369
C-SSRS (Since Last Visit),Most Lethal Attempt Date,369
C-SSRS (Since Last Visit),Attempt Date,369
C-SSRS (Since Last Visit),Date,369
C-SSRS (Since Last Visit),Enter Code,369
C-SSRS (Since Last Visit),Actual Lethality/Medical Damage,369
C-SSRS (Since Last Visit),Potential Lethality,369
Variable details,Name,370
Variable details,Export Name,370
Variable details,Type,370
Variable details,Max length,370
Variable details,Categories,370
Attendant Session,Reason Not Performed,372
Attendant Session,Attendant Session Performed,372
Variable details,Attendant Session Performed,373
Variable details,Reason Not Performed,373
Variable details,Date Performed,373
Variable details,Start Time,373
Variable details,End Time,373
Visit Date,Visit Date,375
Variable details,Name,376
Variable details,Export Name,376
Variable details,Type,376
Variable details,Max length,376
Variable details,Categories,376
Physical Examination,Not Done,377
Physical Examination,Reason Not Done,377
Physical Examination,Interpretation,377
Physical Examination,Abnormal Findings,377
Physical Examination,Body System Examined,377
Physical Examination,"Other, Please Specify",377
Variable details,Physical Examination Performed,378
Variable details,Reason Not Performed,378
Variable details,Examination Date,378
Variable details,Examination Time,378
Variable details,Body System Examined,378
Variable details,"Other, Please Specify",378
Variable details,Not Done,378
Variable details,Reason Not Done,378
Variable details,Interpretation,378
Variable details,Abnormal Findings,378
Neurological Examination,Reason Not Performed,379
Neurological Examination,Neurological Examination Performed,379
Neurological Examination,Test,379
Variable details,Neurological Examination Performed,380
Variable details,Reason Not Performed,380
Variable details,Examination Date,380
Variable details,Examination Time,380
Variable details,Test,380
Variable details,Not Done,380
Variable details,Interpretation,380
Variable details,Comment,380
Breath Alcohol Screen and Urine Cotinine,Performed,381
Breath Alcohol Screen and Urine Cotinine,Reason Not Performed,381
Breath Alcohol Screen and Urine Cotinine,Test Time,381
Breath Alcohol Screen and Urine Cotinine,Result,381
Breath Alcohol Screen and Urine Cotinine,Test,381
Breath Alcohol Screen and Urine Cotinine,Test Date,381
Breath Alcohol Screen and Urine Cotinine,Comments,381
Variable details,Test,382
Variable details,Performed,382
Variable details,Reason Not Performed,382
Variable details,Test Date,382
Variable details,Test Time,382
Variable details,Result,382
Variable details,Comments,382
Urine Drugs of Abuse,Positive,383
Urine Drugs of Abuse,Amphetamines,383
Urine Drugs of Abuse,Negative,383
Urine Drugs of Abuse,Barbiturates,383
Urine Drugs of Abuse,Benzodiazepines,383
Urine Drugs of Abuse,Cannabinoids,383
Urine Drugs of Abuse,Cocaine,383
Urine Drugs of Abuse,Opiates,383
Variable details,Sample Performed,384
Variable details,Reason Not Performed,384
Variable details,Sample Date,384
Variable details,Sample Time,384
Variable details,DOA TEST,384
Variable details,Result,384
Variable details,Comments (If Positive),384
Urine Dipstick,Reason Not Performed,385
Urine Dipstick,Dipstick Performed,385
Specimen Appearance,Glucose,386
Specimen Appearance,Negative Trace (100) 250 (+) 500 (++) ≥1000 (+++),386
Specimen Appearance,Occult Blood,386
Specimen Appearance,Negative Trace - lysed,386
Specimen Appearance,Trace - intact,386
Specimen Appearance,Small (+) Moderate (++) Large (+++),386
Specimen Appearance,Specific Gravity (SG),386
Specimen Appearance,≤1.005 1.010 1.015,386
Specimen Appearance,1.020 1.025 ≥1.030,386
Specimen Appearance,Colour,386
Specimen Appearance,Sent for Microscopy,386
Variable details,Dipstick Performed,387
Variable details,Reason Not Performed,387
Variable details,Sample Date,387
Variable details,Sample Time,387
Variable details,Analysis Lab,387
Variable details,Specimen Appearance,387
Variable details,"Specimen Appearance, Other Specify",387
Variable details,Specimen Appearance Interpretation,387
Variable details,Glucose,387
Variable details,Glucose Interpretation,387
Variable details,pH,387
Variable details,pH Interpretation,387
Variable details,Occult Blood,387
Variable details,Occult Blood Interpretation,387
Variable details,Protein,387
Variable details,Protein Interpretation,387
Variable details,Specific Gravity (SG),387
Variable details,Specific Gravity (SG) Interpretation,387
Variable details,Colour,387
Variable details,"Colour, Other Specify",387
Variable details,Colour Interpretation,387
Variable details,Sent for Microscopy,387
Variable details,Microscopy Interpretation,387
Vital Signs - Single Time Point,Vital Signs - Single Time Point,388
Vital Signs - Single Time Point,Vital Signs Performed,388
Vital Signs - Single Time Point,Yes,388
Vital Signs - Single Time Point,No,388
Vital Signs - Single Time Point,Reason Not Performed,388
Vital Signs - Single Time Point,"Other, Please Specify",388
Vital Signs - Single Time Point,Vital Signs Details,388
Vital Signs - Single Time Point,Temperature (°C),388
Vital Signs - Single Time Point,Respiratory Rate (breaths/min),388
Vital Signs - Single Time Point,Systolic Blood Pressure (mmHg),388
Vital Signs - Single Time Point,Diastolic Blood Pressure (mmHg),388
Vital Signs - Single Time Point,Pulse Rate (beats/min),388
Vital Signs - Single Time Point,SPO2,388
Variable details,Vital Signs Performed,389
Variable details,Reason Not Performed,389
Variable details,Repetition Number,389
Variable details,Details,389
Variable details,Location,389
Variable details,Position,389
Variable details,"Other, Please Specify",389
Variable details,Vital Signs Date,389
Variable details,Position Time,389
Variable details,Vital Signs Time,389
Variable details,Not Done,389
Variable details,Test,389
Variable details,Result,389
Variable details,Interpretation,389
Variable details,Reason Not Done,389
Pupillometry - Single Time Point,Done,390
Pupillometry - Single Time Point,pupilometer device.,390
Variable details,Pupillometry Assessment Performed,391
Variable details,Reason Not Performed,391
Variable details,Eye,391
Variable details,Repeat,391
Variable details,Not Done,391
Variable details,Reason Not Done,391
Variable details,Pupillometry Date,391
Variable details,Position Rest Time,391
Variable details,Pupillometry Start Time,391
Variable details,Readings downloaded onto a spreadsheet via Bluetooth from the pupilometer device.,391
Variable details,"Reviewed, signed and dated by a physician",391
Variable details,"Reason not review, signed and dated",391
Variable details,PLR diameter init,391
Variable details,PLR MAX constriction velocity,391
Variable details,PLR dilation velocity,391
Variable details,PLR T75,391
Variable details,Pupil Area (Calculated),391
Variable details,ACA (Calculated),391
Variable details,Dilation Velocity at T75 (Calculated),391
Plasma samples (PD) - Single Time Point,Sample Performed,392
Plasma samples (PD) - Single Time Point,Reason Not Done,392
Plasma samples (PD) - Single Time Point,Sample Date,392
Plasma samples (PD) - Single Time Point,Sample Time,392
Plasma samples (PD) - Single Time Point,Primary Sample Accession Number,392
Plasma samples (PD) - Single Time Point,Back Up Sample Accession Number,392
Plasma samples (PD) - Single Time Point,Sample Performed Reason Not Done,392
Variable details,Sample Performed,393
Variable details,Reason Not Done,393
Variable details,Sample Date,393
Variable details,Sample Time,393
Variable details,Primary Sample Accession Number,393
Variable details,Back Up Sample Accession Number,393
Haematology,Reason Not Performed,394
Haematology,Complete for all parameters,394
Haematology,Basophils,395
Haematology,Basophils/Leukocytes,395
Haematology,Eosinophils,395
Haematology,Eosinophils/Leukocytes,395
Haematology,Ery. Mean Corpuscular HGB Concentration,395
Haematology,Ery. Mean Corpuscular Volume,395
Haematology,Erythrocyte,395
Haematology,Hematocrit,395
Haematology,Hemoglobin,395
Haematology,Leukocytes,395
Haematology,Lymphocytes,395
Haematology,Lymphocytes/Leukocytes,395
Haematology,Monocytes,395
Haematology,Monocytes/Leukocytes,395
Haematology,Neutrophils,395
Haematology,Neutrophils/Leukocytes,395
Haematology,Platelets,395
Variable details,Sample Performed,396
Variable details,Reason Not Performed,396
Variable details,Sample Date,396
Variable details,Sample Time,396
Variable details,Parameter,396
Variable details,Not Done,396
Variable details,Reason Not Done,396
Variable details,Interpretation,396
Biochemistry,Alanine Aminotransferase,397
Biochemistry,Alkaline Phosphatase,397
Biochemistry,Aspartate Aminotransferase,397
Biochemistry,Bilirubin,397
Biochemistry,Calcium,397
Biochemistry,Cholesterol,397
Biochemistry,Creatinine,397
Biochemistry,Gamma Glutamyl Transferase,397
Biochemistry,Glucose,397
Biochemistry,Lactate Dehydrogenase,397
Biochemistry,Potassium,397
Biochemistry,Protein,397
Biochemistry,Sodium,397
Biochemistry,Triglycerides,397
Biochemistry,Urea Nitrogen,397
Variable details,Sample Performed,398
Variable details,Reason Not Performed,398
Variable details,Sample Date,398
Variable details,Sample Time,398
Variable details,Parameter,398
Variable details,Not Done,398
Variable details,Reason Not Done,398
Variable details,Interpretation,398
Coagulation,Reason Not Performed,399
Coagulation,Not Done,399
Coagulation,Reason Not Done,399
Coagulation,Parameter,399
Coagulation,Interpretation,399
Coagulation,Complete for all parameters,399
Variable details,Sample Performed,400
Variable details,Reason Not Performed,400
Variable details,Sample Date,400
Variable details,Sample Time,400
Variable details,Parameter,400
Variable details,Not Done,400
Variable details,Reason Not Done,400
Variable details,Interpretation,400
C-SSRS (Since Last Visit),3. Active Suicidal Ideation with Any,401
C-SSRS (Since Last Visit),4. Active Suicidal Ideation with Some,401
C-SSRS (Since Last Visit),5. Active Suicidal Ideation with,401
C-SSRS (Since Last Visit),SUICIDAL IDEATION,401
C-SSRS (Since Last Visit),Since Last Visit,401
C-SSRS (Since Last Visit),Yes,401
C-SSRS (Since Last Visit),1. Wish to be Dead,401
C-SSRS (Since Last Visit),2. Non-Specific Active Suicidal Thoughts,401
C-SSRS (Since Last Visit),3. Active Suicidal Ideation with Any Methods (Not Plan) without Intent to Act,401
C-SSRS (Since Last Visit),Methods (Not Plan) without Intent to Act,401
C-SSRS (Since Last Visit),"4. Active Suicidal Ideation with Some Intent to Act, without Specific Plan",401
C-SSRS (Since Last Visit),"Intent to Act, without Specific Plan",401
C-SSRS (Since Last Visit),5. Active Suicidal Ideation with Specific Plan and Intent,401
C-SSRS (Since Last Visit),Specific Plan and Intent,401
C-SSRS (Since Last Visit),INTENSITY OF IDEATION,401
C-SSRS (Since Last Visit),Type # (1-5),401
C-SSRS (Since Last Visit),Since Last Visit,402
C-SSRS (Since Last Visit),Frequency,402
C-SSRS (Since Last Visit),Duration,402
C-SSRS (Since Last Visit),Controllability,402
C-SSRS (Since Last Visit),Deterrents,402
C-SSRS (Since Last Visit),Reasons for Ideation,402
C-SSRS (Since Last Visit),SUICIDAL BEHAVIOUR,402
C-SSRS (Since Last Visit),Actual Attempt,402
C-SSRS (Since Last Visit),Total Number of Attempts,402
C-SSRS (Since Last Visit),Yes,402
C-SSRS (Since Last Visit),Has subject engaged in Non-Suicidal Self-Injurious Behaviour?,402
C-SSRS (Since Last Visit),Self-Injurious Behaviour?,402
C-SSRS (Since Last Visit),Interrupted Attempt,402
C-SSRS (Since Last Visit),Total Number of Interrupted,402
C-SSRS (Since Last Visit),Aborted Attempt,402
C-SSRS (Since Last Visit),Total Number of Aborted,402
C-SSRS (Since Last Visit),Suicidal Behaviour,403
C-SSRS (Since Last Visit),Suicide,403
C-SSRS (Since Last Visit),Answer for Actual Attempts Only,403
C-SSRS (Since Last Visit),Most Lethal Attempt Date,403
C-SSRS (Since Last Visit),Attempt Date,403
C-SSRS (Since Last Visit),Date,403
C-SSRS (Since Last Visit),Enter Code,403
C-SSRS (Since Last Visit),Actual Lethality/Medical Damage,403
C-SSRS (Since Last Visit),Potential Lethality,403
Variable details,Name,404
Variable details,Export Name,404
Variable details,Type,404
Variable details,Max length,404
Variable details,Categories,404
Sleep EEG -At Home,Reason Not Performed,406
Sleep EEG -At Home,Device Serial Number,406
Sleep EEG -At Home,Date Device Kit Given To Subject,406
Sleep EEG -At Home,Date Device Kit Retrieved From Subject,406
Variable details,Sleep EEG Performed,407
Variable details,Reason Not Performed,407
Variable details,Device Serial Number,407
Variable details,Date Device Kit Given To Subject,407
Variable details,Date Device Kit Retrieved From Subject,407
Visit Date,Visit Date,409
Variable details,Name,410
Variable details,Export Name,410
Variable details,Type,410
Variable details,Max length,410
Variable details,Categories,410
Montgomery and Asberg Depression RS (MADRS),Montgomery and Asberg Depression RS (MADRS),411
Montgomery and Asberg Depression RS (MADRS),"Version: SIGMA - Since Last Evaluation 2016, v. 1 (Up to Day 3), SIGMA 2011, v. 1.2 (After Day 3).",411
Montgomery and Asberg Depression RS (MADRS),MADRS Performed,411
Montgomery and Asberg Depression RS (MADRS),Yes,411
Montgomery and Asberg Depression RS (MADRS),No,411
Montgomery and Asberg Depression RS (MADRS),Reason Not Performed,411
Montgomery and Asberg Depression RS (MADRS),MADRS Date,411
Montgomery and Asberg Depression RS (MADRS),MADRS Time,411
Montgomery and Asberg Depression RS (MADRS),Rater Initials,411
Montgomery and Asberg Depression RS (MADRS),Result,411
Montgomery and Asberg Depression RS (MADRS),1. Reported Sadness,411
Montgomery and Asberg Depression RS (MADRS),2. Apparent Sadness,411
Montgomery and Asberg Depression RS (MADRS),3. Inner Tension,411
Montgomery and Asberg Depression RS (MADRS),4. Reduced Sleep,411
Montgomery and Asberg Depression RS (MADRS),5. Reduced appetite,411
Montgomery and Asberg Depression RS (MADRS),6. Concentration Difficulties,411
Montgomery and Asberg Depression RS (MADRS),7. Lassitude,411
Montgomery and Asberg Depression RS (MADRS),8. Inability To Feel,411
Montgomery and Asberg Depression RS (MADRS),9. Pessimistic Thoughts,411
Montgomery and Asberg Depression RS (MADRS),10. Suicidal Thoughts,411
Montgomery and Asberg Depression RS (MADRS),Total MADRS Scale Score,411
Variable details,MADRS Performed,412
Variable details,Reason Not Performed,412
Variable details,MADRS Date,412
Variable details,MADRS Time,412
Variable details,Rater Initials,412
Variable details,Test,412
Variable details,Result,412
Variable details,Total MADRS Scale Score,412
Clinician Global Impressions Scale - Severity (CGI-S),Reason Not Performed,413
Clinician Global Impressions Scale - Severity (CGI-S),experience with patients who had the,413
Variable details,CGI-S Performed,414
Variable details,Reason Not Performed,414
Variable details,CGI-S Date,414
Variable details,CGI-S Time,414
Variable details,Rater Initials,414
Variable details,"SEVERITY OF PATIENT'S ILLNESS, relative to the clinician's past experience with patients who had the same diagnosis.",414
Clinical Global Impressions Scale - Improvement (CGI-I),Reason Not Performed,415
Clinical Global Impressions Scale - Improvement (CGI-I),admission to the project (screening) how,415
Variable details,CGI-I Performed,416
Variable details,Reason Not Performed,416
Variable details,CGI-I Date,416
Variable details,CGI-I Time,416
Variable details,Rater Initials,416
Variable details,Compared to his/her condition at admission to the project (screening) how much has he/she changed?,416
Physical Examination,Not Done,417
Physical Examination,Reason Not Done,417
Physical Examination,Interpretation,417
Physical Examination,Abnormal Findings,417
Physical Examination,Body System Examined,417
Physical Examination,"Other, Please Specify",417
Variable details,Physical Examination Performed,418
Variable details,Reason Not Performed,418
Variable details,Examination Date,418
Variable details,Examination Time,418
Variable details,Body System Examined,418
Variable details,"Other, Please Specify",418
Variable details,Not Done,418
Variable details,Reason Not Done,418
Variable details,Interpretation,418
Variable details,Abnormal Findings,418
Neurological Examination,Reason Not Performed,419
Neurological Examination,Neurological Examination Performed,419
Neurological Examination,Test,419
Variable details,Neurological Examination Performed,420
Variable details,Reason Not Performed,420
Variable details,Examination Date,420
Variable details,Examination Time,420
Variable details,Test,420
Variable details,Not Done,420
Variable details,Interpretation,420
Variable details,Comment,420
Breath Alcohol Screen and Urine Cotinine,Performed,421
Breath Alcohol Screen and Urine Cotinine,Reason Not Performed,421
Breath Alcohol Screen and Urine Cotinine,Test Time,421
Breath Alcohol Screen and Urine Cotinine,Result,421
Breath Alcohol Screen and Urine Cotinine,Test,421
Breath Alcohol Screen and Urine Cotinine,Test Date,421
Breath Alcohol Screen and Urine Cotinine,Comments,421
Variable details,Test,422
Variable details,Performed,422
Variable details,Reason Not Performed,422
Variable details,Test Date,422
Variable details,Test Time,422
Variable details,Result,422
Variable details,Comments,422
Urine Drugs of Abuse,Positive,423
Urine Drugs of Abuse,Amphetamines,423
Urine Drugs of Abuse,Negative,423
Urine Drugs of Abuse,Barbiturates,423
Urine Drugs of Abuse,Benzodiazepines,423
Urine Drugs of Abuse,Cannabinoids,423
Urine Drugs of Abuse,Cocaine,423
Urine Drugs of Abuse,Opiates,423
Variable details,Sample Performed,424
Variable details,Reason Not Performed,424
Variable details,Sample Date,424
Variable details,Sample Time,424
Variable details,DOA TEST,424
Variable details,Result,424
Variable details,Comments (If Positive),424
Urine Dipstick,Reason Not Performed,425
Urine Dipstick,Dipstick Performed,425
Specimen Appearance,Glucose,426
Specimen Appearance,Negative Trace (100) 250 (+) 500 (++) ≥1000 (+++),426
Specimen Appearance,Occult Blood,426
Specimen Appearance,Negative Trace - lysed,426
Specimen Appearance,Trace - intact,426
Specimen Appearance,Small (+) Moderate (++) Large (+++),426
Specimen Appearance,Specific Gravity (SG),426
Specimen Appearance,≤1.005 1.010 1.015,426
Specimen Appearance,1.020 1.025 ≥1.030,426
Specimen Appearance,Colour,426
Specimen Appearance,Sent for Microscopy,426
Variable details,Dipstick Performed,427
Variable details,Reason Not Performed,427
Variable details,Sample Date,427
Variable details,Sample Time,427
Variable details,Analysis Lab,427
Variable details,Specimen Appearance,427
Variable details,"Specimen Appearance, Other Specify",427
Variable details,Specimen Appearance Interpretation,427
Variable details,Glucose,427
Variable details,Glucose Interpretation,427
Variable details,pH,427
Variable details,pH Interpretation,427
Variable details,Occult Blood,427
Variable details,Occult Blood Interpretation,427
Variable details,Protein,427
Variable details,Protein Interpretation,427
Variable details,Specific Gravity (SG),427
Variable details,Specific Gravity (SG) Interpretation,427
Variable details,Colour,427
Variable details,"Colour, Other Specify",427
Variable details,Colour Interpretation,427
Variable details,Sent for Microscopy,427
Variable details,Microscopy Interpretation,427
Vital Signs - Single Time Point,Vital Signs - Single Time Point,428
Vital Signs - Single Time Point,Vital Signs Performed,428
Vital Signs - Single Time Point,Yes,428
Vital Signs - Single Time Point,No,428
Vital Signs - Single Time Point,Reason Not Performed,428
Vital Signs - Single Time Point,"Other, Please Specify",428
Vital Signs - Single Time Point,Vital Signs Details,428
Vital Signs - Single Time Point,Temperature (°C),428
Vital Signs - Single Time Point,Respiratory Rate (breaths/min),428
Vital Signs - Single Time Point,Systolic Blood Pressure (mmHg),428
Vital Signs - Single Time Point,Diastolic Blood Pressure (mmHg),428
Vital Signs - Single Time Point,Pulse Rate (beats/min),428
Vital Signs - Single Time Point,SPO2,428
Variable details,Vital Signs Performed,429
Variable details,Reason Not Performed,429
Variable details,Repetition Number,429
Variable details,Details,429
Variable details,Location,429
Variable details,Position,429
Variable details,"Other, Please Specify",429
Variable details,Vital Signs Date,429
Variable details,Position Time,429
Variable details,Vital Signs Time,429
Variable details,Not Done,429
Variable details,Test,429
Variable details,Result,429
Variable details,Interpretation,429
Variable details,Reason Not Done,429
Facial Expression Recognition Task (FERT),Reason Not Performed,430
Variable details,FERT Performed,431
Variable details,Reason Not Performed,431
Variable details,FERT Date,431
Variable details,FERT Time,431
Digit Symbol Substitution Test (DSST),Reason Not Performed,432
Variable details,DSST Performed,433
Variable details,Reason Not Performed,433
Variable details,DSST Date,433
Variable details,DSST Time,433
Pupillometry - Single Time Point,Done,434
Pupillometry - Single Time Point,pupilometer device.,434
Variable details,Pupillometry Assessment Performed,435
Variable details,Reason Not Performed,435
Variable details,Eye,435
Variable details,Repeat,435
Variable details,Not Done,435
Variable details,Reason Not Done,435
Variable details,Pupillometry Date,435
Variable details,Position Rest Time,435
Variable details,Pupillometry Start Time,435
Variable details,Readings downloaded onto a spreadsheet via Bluetooth from the pupilometer device.,435
Variable details,"Reviewed, signed and dated by a physician",435
Variable details,"Reason not review, signed and dated",435
Variable details,PLR diameter init,435
Variable details,PLR MAX constriction velocity,435
Variable details,PLR dilation velocity,435
Variable details,PLR T75,435
Variable details,Pupil Area (Calculated),435
Variable details,ACA (Calculated),435
Variable details,Dilation Velocity at T75 (Calculated),435
Plasma samples (PD) - Single Time Point,Sample Performed,436
Plasma samples (PD) - Single Time Point,Reason Not Done,436
Plasma samples (PD) - Single Time Point,Sample Date,436
Plasma samples (PD) - Single Time Point,Sample Time,436
Plasma samples (PD) - Single Time Point,Primary Sample Accession Number,436
Plasma samples (PD) - Single Time Point,Back Up Sample Accession Number,436
Plasma samples (PD) - Single Time Point,Sample Performed Reason Not Done,436
Variable details,Sample Performed,437
Variable details,Reason Not Done,437
Variable details,Sample Date,437
Variable details,Sample Time,437
Variable details,Primary Sample Accession Number,437
Variable details,Back Up Sample Accession Number,437
Haematology,Reason Not Performed,438
Haematology,Complete for all parameters,438
Haematology,Basophils,439
Haematology,Basophils/Leukocytes,439
Haematology,Eosinophils,439
Haematology,Eosinophils/Leukocytes,439
Haematology,Ery. Mean Corpuscular HGB Concentration,439
Haematology,Ery. Mean Corpuscular Volume,439
Haematology,Erythrocyte,439
Haematology,Hematocrit,439
Haematology,Hemoglobin,439
Haematology,Leukocytes,439
Haematology,Lymphocytes,439
Haematology,Lymphocytes/Leukocytes,439
Haematology,Monocytes,439
Haematology,Monocytes/Leukocytes,439
Haematology,Neutrophils,439
Haematology,Neutrophils/Leukocytes,439
Haematology,Platelets,439
Variable details,Sample Performed,440
Variable details,Reason Not Performed,440
Variable details,Sample Date,440
Variable details,Sample Time,440
Variable details,Parameter,440
Variable details,Not Done,440
Variable details,Reason Not Done,440
Variable details,Interpretation,440
Biochemistry,Alanine Aminotransferase,441
Biochemistry,Alkaline Phosphatase,441
Biochemistry,Aspartate Aminotransferase,441
Biochemistry,Bilirubin,441
Biochemistry,Calcium,441
Biochemistry,Cholesterol,441
Biochemistry,Creatinine,441
Biochemistry,Gamma Glutamyl Transferase,441
Biochemistry,Glucose,441
Biochemistry,Lactate Dehydrogenase,441
Biochemistry,Potassium,441
Biochemistry,Protein,441
Biochemistry,Sodium,441
Biochemistry,Triglycerides,441
Biochemistry,Urea Nitrogen,441
Variable details,Sample Performed,442
Variable details,Reason Not Performed,442
Variable details,Sample Date,442
Variable details,Sample Time,442
Variable details,Parameter,442
Variable details,Not Done,442
Variable details,Reason Not Done,442
Variable details,Interpretation,442
Coagulation,Reason Not Performed,443
Coagulation,Not Done,443
Coagulation,Reason Not Done,443
Coagulation,Parameter,443
Coagulation,Interpretation,443
Coagulation,Complete for all parameters,443
Variable details,Sample Performed,444
Variable details,Reason Not Performed,444
Variable details,Sample Date,444
Variable details,Sample Time,444
Variable details,Parameter,444
Variable details,Not Done,444
Variable details,Reason Not Done,444
Variable details,Interpretation,444
C-SSRS (Since Last Visit),3. Active Suicidal Ideation with Any,445
C-SSRS (Since Last Visit),4. Active Suicidal Ideation with Some,445
C-SSRS (Since Last Visit),5. Active Suicidal Ideation with,445
C-SSRS (Since Last Visit),SUICIDAL IDEATION,445
C-SSRS (Since Last Visit),Since Last Visit,445
C-SSRS (Since Last Visit),Yes,445
C-SSRS (Since Last Visit),1. Wish to be Dead,445
C-SSRS (Since Last Visit),2. Non-Specific Active Suicidal Thoughts,445
C-SSRS (Since Last Visit),3. Active Suicidal Ideation with Any Methods (Not Plan) without Intent to Act,445
C-SSRS (Since Last Visit),Methods (Not Plan) without Intent to Act,445
C-SSRS (Since Last Visit),"4. Active Suicidal Ideation with Some Intent to Act, without Specific Plan",445
C-SSRS (Since Last Visit),"Intent to Act, without Specific Plan",445
C-SSRS (Since Last Visit),5. Active Suicidal Ideation with Specific Plan and Intent,445
C-SSRS (Since Last Visit),Specific Plan and Intent,445
C-SSRS (Since Last Visit),INTENSITY OF IDEATION,445
C-SSRS (Since Last Visit),Type # (1-5),445
C-SSRS (Since Last Visit),Since Last Visit,446
C-SSRS (Since Last Visit),Frequency,446
C-SSRS (Since Last Visit),Duration,446
C-SSRS (Since Last Visit),Controllability,446
C-SSRS (Since Last Visit),Deterrents,446
C-SSRS (Since Last Visit),Reasons for Ideation,446
C-SSRS (Since Last Visit),SUICIDAL BEHAVIOUR,446
C-SSRS (Since Last Visit),Actual Attempt,446
C-SSRS (Since Last Visit),Total Number of Attempts,446
C-SSRS (Since Last Visit),Yes,446
C-SSRS (Since Last Visit),Has subject engaged in Non-Suicidal Self-Injurious Behaviour?,446
C-SSRS (Since Last Visit),Self-Injurious Behaviour?,446
C-SSRS (Since Last Visit),Interrupted Attempt,446
C-SSRS (Since Last Visit),Total Number of Interrupted,446
C-SSRS (Since Last Visit),Aborted Attempt,446
C-SSRS (Since Last Visit),Total Number of Aborted,446
C-SSRS (Since Last Visit),Suicidal Behaviour,447
C-SSRS (Since Last Visit),Suicide,447
C-SSRS (Since Last Visit),Answer for Actual Attempts Only,447
C-SSRS (Since Last Visit),Most Lethal Attempt Date,447
C-SSRS (Since Last Visit),Attempt Date,447
C-SSRS (Since Last Visit),Date,447
C-SSRS (Since Last Visit),Enter Code,447
C-SSRS (Since Last Visit),Actual Lethality/Medical Damage,447
C-SSRS (Since Last Visit),Potential Lethality,447
Variable details,Name,448
Variable details,Export Name,448
Variable details,Type,448
Variable details,Max length,448
Variable details,Categories,448
Visit Date,Visit Date,451
Variable details,Name,452
Variable details,Export Name,452
Variable details,Type,452
Variable details,Max length,452
Variable details,Categories,452
Montgomery and Asberg Depression RS (MADRS),Montgomery and Asberg Depression RS (MADRS),453
Montgomery and Asberg Depression RS (MADRS),"Version: SIGMA - Since Last Evaluation 2016, v. 1 (Up to Day 3), SIGMA 2011, v. 1.2 (After Day 3).",453
Montgomery and Asberg Depression RS (MADRS),MADRS Performed,453
Montgomery and Asberg Depression RS (MADRS),Yes,453
Montgomery and Asberg Depression RS (MADRS),No,453
Montgomery and Asberg Depression RS (MADRS),Reason Not Performed,453
Montgomery and Asberg Depression RS (MADRS),MADRS Date,453
Montgomery and Asberg Depression RS (MADRS),MADRS Time,453
Montgomery and Asberg Depression RS (MADRS),Rater Initials,453
Montgomery and Asberg Depression RS (MADRS),Result,453
Montgomery and Asberg Depression RS (MADRS),1. Reported Sadness,453
Montgomery and Asberg Depression RS (MADRS),2. Apparent Sadness,453
Montgomery and Asberg Depression RS (MADRS),3. Inner Tension,453
Montgomery and Asberg Depression RS (MADRS),4. Reduced Sleep,453
Montgomery and Asberg Depression RS (MADRS),5. Reduced appetite,453
Montgomery and Asberg Depression RS (MADRS),6. Concentration Difficulties,453
Montgomery and Asberg Depression RS (MADRS),7. Lassitude,453
Montgomery and Asberg Depression RS (MADRS),8. Inability To Feel,453
Montgomery and Asberg Depression RS (MADRS),9. Pessimistic Thoughts,453
Montgomery and Asberg Depression RS (MADRS),10. Suicidal Thoughts,453
Montgomery and Asberg Depression RS (MADRS),Total MADRS Scale Score,453
Variable details,MADRS Performed,454
Variable details,Reason Not Performed,454
Variable details,MADRS Date,454
Variable details,MADRS Time,454
Variable details,Rater Initials,454
Variable details,Test,454
Variable details,Result,454
Variable details,Total MADRS Scale Score,454
Clinician Global Impressions Scale - Severity (CGI-S),Reason Not Performed,455
Clinician Global Impressions Scale - Severity (CGI-S),experience with patients who had the,455
Variable details,CGI-S Performed,456
Variable details,Reason Not Performed,456
Variable details,CGI-S Date,456
Variable details,CGI-S Time,456
Variable details,Rater Initials,456
Variable details,"SEVERITY OF PATIENT'S ILLNESS, relative to the clinician's past experience with patients who had the same diagnosis.",456
Clinical Global Impressions Scale - Improvement (CGI-I),Reason Not Performed,457
Clinical Global Impressions Scale - Improvement (CGI-I),admission to the project (screening) how,457
Variable details,CGI-I Performed,458
Variable details,Reason Not Performed,458
Variable details,CGI-I Date,458
Variable details,CGI-I Time,458
Variable details,Rater Initials,458
Variable details,Compared to his/her condition at admission to the project (screening) how much has he/she changed?,458
Physical Examination,Not Done,459
Physical Examination,Reason Not Done,459
Physical Examination,Interpretation,459
Physical Examination,Abnormal Findings,459
Physical Examination,Body System Examined,459
Physical Examination,"Other, Please Specify",459
Variable details,Physical Examination Performed,460
Variable details,Reason Not Performed,460
Variable details,Examination Date,460
Variable details,Examination Time,460
Variable details,Body System Examined,460
Variable details,"Other, Please Specify",460
Variable details,Not Done,460
Variable details,Reason Not Done,460
Variable details,Interpretation,460
Variable details,Abnormal Findings,460
Neurological Examination,Reason Not Performed,461
Neurological Examination,Neurological Examination Performed,461
Neurological Examination,Test,461
Variable details,Neurological Examination Performed,462
Variable details,Reason Not Performed,462
Variable details,Examination Date,462
Variable details,Examination Time,462
Variable details,Test,462
Variable details,Not Done,462
Variable details,Interpretation,462
Variable details,Comment,462
Breath Alcohol Screen and Urine Cotinine,Performed,463
Breath Alcohol Screen and Urine Cotinine,Reason Not Performed,463
Breath Alcohol Screen and Urine Cotinine,Test Time,463
Breath Alcohol Screen and Urine Cotinine,Result,463
Breath Alcohol Screen and Urine Cotinine,Test,463
Breath Alcohol Screen and Urine Cotinine,Test Date,463
Breath Alcohol Screen and Urine Cotinine,Comments,463
Variable details,Test,464
Variable details,Performed,464
Variable details,Reason Not Performed,464
Variable details,Test Date,464
Variable details,Test Time,464
Variable details,Result,464
Variable details,Comments,464
Urine Drugs of Abuse,Positive,465
Urine Drugs of Abuse,Amphetamines,465
Urine Drugs of Abuse,Negative,465
Urine Drugs of Abuse,Barbiturates,465
Urine Drugs of Abuse,Benzodiazepines,465
Urine Drugs of Abuse,Cannabinoids,465
Urine Drugs of Abuse,Cocaine,465
Urine Drugs of Abuse,Opiates,465
Variable details,Sample Performed,466
Variable details,Reason Not Performed,466
Variable details,Sample Date,466
Variable details,Sample Time,466
Variable details,DOA TEST,466
Variable details,Result,466
Variable details,Comments (If Positive),466
Pregnancy Test (Urine),Reason Not Performed,467
Variable details,Sample Performed,468
Variable details,Reason Not Performed,468
Variable details,Sample Date,468
Variable details,Sample Time,468
Variable details,Result,468
Urine Dipstick,Reason Not Performed,469
Urine Dipstick,Dipstick Performed,469
Specimen Appearance,Glucose,470
Specimen Appearance,Negative Trace (100) 250 (+) 500 (++) ≥1000 (+++),470
Specimen Appearance,Occult Blood,470
Specimen Appearance,Negative Trace - lysed,470
Specimen Appearance,Trace - intact,470
Specimen Appearance,Small (+) Moderate (++) Large (+++),470
Specimen Appearance,Specific Gravity (SG),470
Specimen Appearance,≤1.005 1.010 1.015,470
Specimen Appearance,1.020 1.025 ≥1.030,470
Specimen Appearance,Colour,470
Specimen Appearance,Sent for Microscopy,470
Variable details,Dipstick Performed,471
Variable details,Reason Not Performed,471
Variable details,Sample Date,471
Variable details,Sample Time,471
Variable details,Analysis Lab,471
Variable details,Specimen Appearance,471
Variable details,"Specimen Appearance, Other Specify",471
Variable details,Specimen Appearance Interpretation,471
Variable details,Glucose,471
Variable details,Glucose Interpretation,471
Variable details,pH,471
Variable details,pH Interpretation,471
Variable details,Occult Blood,471
Variable details,Occult Blood Interpretation,471
Variable details,Protein,471
Variable details,Protein Interpretation,471
Variable details,Specific Gravity (SG),471
Variable details,Specific Gravity (SG) Interpretation,471
Variable details,Colour,471
Variable details,"Colour, Other Specify",471
Variable details,Colour Interpretation,471
Variable details,Sent for Microscopy,471
Variable details,Microscopy Interpretation,471
Vital Signs - Single Time Point,Vital Signs - Single Time Point,472
Vital Signs - Single Time Point,Vital Signs Performed,472
Vital Signs - Single Time Point,Yes,472
Vital Signs - Single Time Point,No,472
Vital Signs - Single Time Point,Reason Not Performed,472
Vital Signs - Single Time Point,"Other, Please Specify",472
Vital Signs - Single Time Point,Vital Signs Details,472
Vital Signs - Single Time Point,Temperature (°C),472
Vital Signs - Single Time Point,Respiratory Rate (breaths/min),472
Vital Signs - Single Time Point,Systolic Blood Pressure (mmHg),472
Vital Signs - Single Time Point,Diastolic Blood Pressure (mmHg),472
Vital Signs - Single Time Point,Pulse Rate (beats/min),472
Vital Signs - Single Time Point,SPO2,472
Variable details,Vital Signs Performed,473
Variable details,Reason Not Performed,473
Variable details,Repetition Number,473
Variable details,Details,473
Variable details,Location,473
Variable details,Position,473
Variable details,"Other, Please Specify",473
Variable details,Vital Signs Date,473
Variable details,Position Time,473
Variable details,Vital Signs Time,473
Variable details,Not Done,473
Variable details,Test,473
Variable details,Result,473
Variable details,Interpretation,473
Variable details,Reason Not Done,473
Echocardiogram,Reason Not Performed,474
Echocardiogram,Interpretation Comment,474
Echocardiogram,Echocardiogram Performed,474
Echocardiogram,Echocardiogram Date,474
Echocardiogram,Echocardiogram Time,474
Variable details,Echocardiogram Performed,475
Variable details,Reason Not Performed,475
Variable details,Echocardiogram Date,475
Variable details,Echocardiogram Time,475
Variable details,Interpretation,475
Variable details,Interpretation Comment,475
Facial Expression Recognition Task (FERT),Reason Not Performed,476
Variable details,FERT Performed,477
Variable details,Reason Not Performed,477
Variable details,FERT Date,477
Variable details,FERT Time,477
Digit Symbol Substitution Test (DSST),Reason Not Performed,478
Variable details,DSST Performed,479
Variable details,Reason Not Performed,479
Variable details,DSST Date,479
Variable details,DSST Time,479
Pupillometry - Single Time Point,Done,480
Pupillometry - Single Time Point,pupilometer device.,480
Variable details,Pupillometry Assessment Performed,481
Variable details,Reason Not Performed,481
Variable details,Eye,481
Variable details,Repeat,481
Variable details,Not Done,481
Variable details,Reason Not Done,481
Variable details,Pupillometry Date,481
Variable details,Position Rest Time,481
Variable details,Pupillometry Start Time,481
Variable details,Readings downloaded onto a spreadsheet via Bluetooth from the pupilometer device.,481
Variable details,"Reviewed, signed and dated by a physician",481
Variable details,"Reason not review, signed and dated",481
Variable details,PLR diameter init,481
Variable details,PLR MAX constriction velocity,481
Variable details,PLR dilation velocity,481
Variable details,PLR T75,481
Variable details,Pupil Area (Calculated),481
Variable details,ACA (Calculated),481
Variable details,Dilation Velocity at T75 (Calculated),481
Plasma samples (PD) - Single Time Point,Sample Performed,482
Plasma samples (PD) - Single Time Point,Reason Not Done,482
Plasma samples (PD) - Single Time Point,Sample Date,482
Plasma samples (PD) - Single Time Point,Sample Time,482
Plasma samples (PD) - Single Time Point,Primary Sample Accession Number,482
Plasma samples (PD) - Single Time Point,Back Up Sample Accession Number,482
Plasma samples (PD) - Single Time Point,Sample Performed Reason Not Done,482
Variable details,Sample Performed,483
Variable details,Reason Not Done,483
Variable details,Sample Date,483
Variable details,Sample Time,483
Variable details,Primary Sample Accession Number,483
Variable details,Back Up Sample Accession Number,483
Haematology,Reason Not Performed,484
Haematology,Complete for all parameters,484
Haematology,Basophils,485
Haematology,Basophils/Leukocytes,485
Haematology,Eosinophils,485
Haematology,Eosinophils/Leukocytes,485
Haematology,Ery. Mean Corpuscular HGB Concentration,485
Haematology,Ery. Mean Corpuscular Volume,485
Haematology,Erythrocyte,485
Haematology,Hematocrit,485
Haematology,Hemoglobin,485
Haematology,Leukocytes,485
Haematology,Lymphocytes,485
Haematology,Lymphocytes/Leukocytes,485
Haematology,Monocytes,485
Haematology,Monocytes/Leukocytes,485
Haematology,Neutrophils,485
Haematology,Neutrophils/Leukocytes,485
Haematology,Platelets,485
Variable details,Sample Performed,486
Variable details,Reason Not Performed,486
Variable details,Sample Date,486
Variable details,Sample Time,486
Variable details,Parameter,486
Variable details,Not Done,486
Variable details,Reason Not Done,486
Variable details,Interpretation,486
Biochemistry,Alanine Aminotransferase,487
Biochemistry,Alkaline Phosphatase,487
Biochemistry,Aspartate Aminotransferase,487
Biochemistry,Bilirubin,487
Biochemistry,Calcium,487
Biochemistry,Cholesterol,487
Biochemistry,Creatinine,487
Biochemistry,Gamma Glutamyl Transferase,487
Biochemistry,Glucose,487
Biochemistry,Lactate Dehydrogenase,487
Biochemistry,Potassium,487
Biochemistry,Protein,487
Biochemistry,Sodium,487
Biochemistry,Triglycerides,487
Biochemistry,Urea Nitrogen,487
Variable details,Sample Performed,488
Variable details,Reason Not Performed,488
Variable details,Sample Date,488
Variable details,Sample Time,488
Variable details,Parameter,488
Variable details,Not Done,488
Variable details,Reason Not Done,488
Variable details,Interpretation,488
Coagulation,Reason Not Performed,489
Coagulation,Not Done,489
Coagulation,Reason Not Done,489
Coagulation,Parameter,489
Coagulation,Interpretation,489
Coagulation,Complete for all parameters,489
Variable details,Sample Performed,490
Variable details,Reason Not Performed,490
Variable details,Sample Date,490
Variable details,Sample Time,490
Variable details,Parameter,490
Variable details,Not Done,490
Variable details,Reason Not Done,490
Variable details,Interpretation,490
C-SSRS (Since Last Visit),3. Active Suicidal Ideation with Any,491
C-SSRS (Since Last Visit),4. Active Suicidal Ideation with Some,491
C-SSRS (Since Last Visit),5. Active Suicidal Ideation with,491
C-SSRS (Since Last Visit),SUICIDAL IDEATION,491
C-SSRS (Since Last Visit),Since Last Visit,491
C-SSRS (Since Last Visit),Yes,491
C-SSRS (Since Last Visit),1. Wish to be Dead,491
C-SSRS (Since Last Visit),2. Non-Specific Active Suicidal Thoughts,491
C-SSRS (Since Last Visit),3. Active Suicidal Ideation with Any Methods (Not Plan) without Intent to Act,491
C-SSRS (Since Last Visit),Methods (Not Plan) without Intent to Act,491
C-SSRS (Since Last Visit),"4. Active Suicidal Ideation with Some Intent to Act, without Specific Plan",491
C-SSRS (Since Last Visit),"Intent to Act, without Specific Plan",491
C-SSRS (Since Last Visit),5. Active Suicidal Ideation with Specific Plan and Intent,491
C-SSRS (Since Last Visit),Specific Plan and Intent,491
C-SSRS (Since Last Visit),INTENSITY OF IDEATION,491
C-SSRS (Since Last Visit),Type # (1-5),491
C-SSRS (Since Last Visit),Since Last Visit,492
C-SSRS (Since Last Visit),Frequency,492
C-SSRS (Since Last Visit),Duration,492
C-SSRS (Since Last Visit),Controllability,492
C-SSRS (Since Last Visit),Deterrents,492
C-SSRS (Since Last Visit),Reasons for Ideation,492
C-SSRS (Since Last Visit),SUICIDAL BEHAVIOUR,492
C-SSRS (Since Last Visit),Actual Attempt,492
C-SSRS (Since Last Visit),Total Number of Attempts,492
C-SSRS (Since Last Visit),Yes,492
C-SSRS (Since Last Visit),Has subject engaged in Non-Suicidal Self-Injurious Behaviour?,492
C-SSRS (Since Last Visit),Self-Injurious Behaviour?,492
C-SSRS (Since Last Visit),Interrupted Attempt,492
C-SSRS (Since Last Visit),Total Number of Interrupted,492
C-SSRS (Since Last Visit),Aborted Attempt,492
C-SSRS (Since Last Visit),Total Number of Aborted,492
C-SSRS (Since Last Visit),Suicidal Behaviour,493
C-SSRS (Since Last Visit),Suicide,493
C-SSRS (Since Last Visit),Answer for Actual Attempts Only,493
C-SSRS (Since Last Visit),Most Lethal Attempt Date,493
C-SSRS (Since Last Visit),Attempt Date,493
C-SSRS (Since Last Visit),Date,493
C-SSRS (Since Last Visit),Enter Code,493
C-SSRS (Since Last Visit),Actual Lethality/Medical Damage,493
C-SSRS (Since Last Visit),Potential Lethality,493
Variable details,Name,494
Variable details,Export Name,494
Variable details,Type,494
Variable details,Max length,494
Variable details,Categories,494
Sleep EEG -At Home,Reason Not Performed,496
Sleep EEG -At Home,Device Serial Number,496
Sleep EEG -At Home,Date Device Kit Given To Subject,496
Sleep EEG -At Home,Date Device Kit Retrieved From Subject,496
Variable details,Sleep EEG Performed,497
Variable details,Reason Not Performed,497
Variable details,Device Serial Number,497
Variable details,Date Device Kit Given To Subject,497
Variable details,Date Device Kit Retrieved From Subject,497
Visit Date,Visit Date,499
Variable details,Name,500
Variable details,Export Name,500
Variable details,Type,500
Variable details,Max length,500
Variable details,Categories,500
Physical Examination,Not Done,501
Physical Examination,Reason Not Done,501
Physical Examination,Interpretation,501
Physical Examination,Abnormal Findings,501
Physical Examination,Body System Examined,501
Physical Examination,"Other, Please Specify",501
Variable details,Physical Examination Performed,502
Variable details,Reason Not Performed,502
Variable details,Examination Date,502
Variable details,Examination Time,502
Variable details,Body System Examined,502
Variable details,"Other, Please Specify",502
Variable details,Not Done,502
Variable details,Reason Not Done,502
Variable details,Interpretation,502
Variable details,Abnormal Findings,502
Neurological Examination,Reason Not Performed,503
Neurological Examination,Neurological Examination Performed,503
Neurological Examination,Test,503
Variable details,Neurological Examination Performed,504
Variable details,Reason Not Performed,504
Variable details,Examination Date,504
Variable details,Examination Time,504
Variable details,Test,504
Variable details,Not Done,504
Variable details,Interpretation,504
Variable details,Comment,504
Weight & BMI,Reason Not Performed,505
Weight & BMI,Test,505
Variable details,Assessment Performed,506
Variable details,Reason Not Performed,506
Variable details,Assessment Date,506
Variable details,Test,506
Variable details,Not Done,506
Variable details,Result,506
Urine Dipstick,Reason Not Performed,507
Urine Dipstick,Dipstick Performed,507
Specimen Appearance,Glucose,508
Specimen Appearance,Negative Trace (100) 250 (+) 500 (++) ≥1000 (+++),508
Specimen Appearance,Occult Blood,508
Specimen Appearance,Negative Trace - lysed,508
Specimen Appearance,Trace - intact,508
Specimen Appearance,Small (+) Moderate (++) Large (+++),508
Specimen Appearance,Specific Gravity (SG),508
Specimen Appearance,≤1.005 1.010 1.015,508
Specimen Appearance,1.020 1.025 ≥1.030,508
Specimen Appearance,Colour,508
Specimen Appearance,Sent for Microscopy,508
Variable details,Dipstick Performed,509
Variable details,Reason Not Performed,509
Variable details,Sample Date,509
Variable details,Sample Time,509
Variable details,Analysis Lab,509
Variable details,Specimen Appearance,509
Variable details,"Specimen Appearance, Other Specify",509
Variable details,Specimen Appearance Interpretation,509
Variable details,Glucose,509
Variable details,Glucose Interpretation,509
Variable details,pH,509
Variable details,pH Interpretation,509
Variable details,Occult Blood,509
Variable details,Occult Blood Interpretation,509
Variable details,Protein,509
Variable details,Protein Interpretation,509
Variable details,Specific Gravity (SG),509
Variable details,Specific Gravity (SG) Interpretation,509
Variable details,Colour,509
Variable details,"Colour, Other Specify",509
Variable details,Colour Interpretation,509
Variable details,Sent for Microscopy,509
Variable details,Microscopy Interpretation,509
Vital Signs - Single Time Point,Vital Signs - Single Time Point,510
Vital Signs - Single Time Point,Vital Signs Performed,510
Vital Signs - Single Time Point,Yes,510
Vital Signs - Single Time Point,No,510
Vital Signs - Single Time Point,Reason Not Performed,510
Vital Signs - Single Time Point,"Other, Please Specify",510
Vital Signs - Single Time Point,Vital Signs Details,510
Vital Signs - Single Time Point,Temperature (°C),510
Vital Signs - Single Time Point,Respiratory Rate (breaths/min),510
Vital Signs - Single Time Point,Systolic Blood Pressure (mmHg),510
Vital Signs - Single Time Point,Diastolic Blood Pressure (mmHg),510
Vital Signs - Single Time Point,Pulse Rate (beats/min),510
Vital Signs - Single Time Point,SPO2,510
Variable details,Vital Signs Performed,511
Variable details,Reason Not Performed,511
Variable details,Repetition Number,511
Variable details,Details,511
Variable details,Location,511
Variable details,Position,511
Variable details,"Other, Please Specify",511
Variable details,Vital Signs Date,511
Variable details,Position Time,511
Variable details,Vital Signs Time,511
Variable details,Not Done,511
Variable details,Test,511
Variable details,Result,511
Variable details,Interpretation,511
Variable details,Reason Not Done,511
12-Lead ECG - Single Time Point,Position Time,512
12-Lead ECG - Single Time Point,ECG Time,512
12-Lead ECG - Single Time Point,Interpretation,512
12-Lead ECG - Single Time Point,Interpretation Comment,512
12-Lead ECG - Single Time Point,Not Done,512
12-Lead ECG - Single Time Point,Test,512
12-Lead ECG - Single Time Point,Result,512
12-Lead ECG - Single Time Point,Reason Not Done,512
12-Lead ECG - Single Time Point,Details,512
12-Lead ECG - Single Time Point,Position,512
12-Lead ECG - Single Time Point,ECG Date,512
12-Lead ECG - Single Time Point,Details 1 2 3 4 5 6,512
Variable details,ECG Performed,513
Variable details,Reason Not Performed,513
Variable details,Details,513
Variable details,Position,513
Variable details,ECG Date,513
Variable details,Position Time,513
Variable details,ECG Time,513
Variable details,Interpretation,513
Variable details,Interpretation Comment,513
Variable details,Not Done,513
Variable details,Test,513
Variable details,Result,513
Variable details,Reason Not Done,513
Echocardiogram,Reason Not Performed,514
Echocardiogram,Interpretation Comment,514
Echocardiogram,Echocardiogram Performed,514
Echocardiogram,Echocardiogram Date,514
Echocardiogram,Echocardiogram Time,514
Variable details,Echocardiogram Performed,515
Variable details,Reason Not Performed,515
Variable details,Echocardiogram Date,515
Variable details,Echocardiogram Time,515
Variable details,Interpretation,515
Variable details,Interpretation Comment,515
Pupillometry - Single Time Point,Done,516
Pupillometry - Single Time Point,pupilometer device.,516
Variable details,Pupillometry Assessment Performed,517
Variable details,Reason Not Performed,517
Variable details,Eye,517
Variable details,Repeat,517
Variable details,Not Done,517
Variable details,Reason Not Done,517
Variable details,Pupillometry Date,517
Variable details,Position Rest Time,517
Variable details,Pupillometry Start Time,517
Variable details,Readings downloaded onto a spreadsheet via Bluetooth from the pupilometer device.,517
Variable details,"Reviewed, signed and dated by a physician",517
Variable details,"Reason not review, signed and dated",517
Variable details,PLR diameter init,517
Variable details,PLR MAX constriction velocity,517
Variable details,PLR dilation velocity,517
Variable details,PLR T75,517
Variable details,Pupil Area (Calculated),517
Variable details,ACA (Calculated),517
Variable details,Dilation Velocity at T75 (Calculated),517
PK Sampling - Single Time Point,Sample Performed,518
PK Sampling - Single Time Point,Reason Not Done,518
PK Sampling - Single Time Point,Sample Date,518
PK Sampling - Single Time Point,Sample Time,518
PK Sampling - Single Time Point,Specimen Type,518
PK Sampling - Single Time Point,Primary Sample Accession Number,518
PK Sampling - Single Time Point,Back Up Sample Accession Number,518
PK Sampling - Single Time Point,Sample Performed Reason Not Done,518
Variable details,Sample Performed,519
Variable details,Reason Not Done,519
Variable details,Sample Date,519
Variable details,Sample Time,519
Variable details,Specimen Type,519
Variable details,Primary Sample Accession Number,519
Variable details,Back Up Sample Accession Number,519
Plasma samples (PD) - Single Time Point,Sample Performed,520
Plasma samples (PD) - Single Time Point,Reason Not Done,520
Plasma samples (PD) - Single Time Point,Sample Date,520
Plasma samples (PD) - Single Time Point,Sample Time,520
Plasma samples (PD) - Single Time Point,Primary Sample Accession Number,520
Plasma samples (PD) - Single Time Point,Back Up Sample Accession Number,520
Plasma samples (PD) - Single Time Point,Sample Performed Reason Not Done,520
Variable details,Sample Performed,521
Variable details,Reason Not Done,521
Variable details,Sample Date,521
Variable details,Sample Time,521
Variable details,Primary Sample Accession Number,521
Variable details,Back Up Sample Accession Number,521
Subjective Drug Intensity (SDI) - Day 1,Reason Not Performed,522
Subjective Drug Intensity (SDI) - Day 1,Subjective Drug Intensity (SDI) - Post,522
Variable details,Subjective Drug Intensity (SDI) - Post Day 1 Performed,523
Variable details,Reason Not Performed,523
Variable details,Date,523
Variable details,Time,523
Variable details,How intense is your current drug experience right now?,523
Haematology,Reason Not Performed,524
Haematology,Complete for all parameters,524
Haematology,Basophils,525
Haematology,Basophils/Leukocytes,525
Haematology,Eosinophils,525
Haematology,Eosinophils/Leukocytes,525
Haematology,Ery. Mean Corpuscular HGB Concentration,525
Haematology,Ery. Mean Corpuscular Volume,525
Haematology,Erythrocyte,525
Haematology,Hematocrit,525
Haematology,Hemoglobin,525
Haematology,Leukocytes,525
Haematology,Lymphocytes,525
Haematology,Lymphocytes/Leukocytes,525
Haematology,Monocytes,525
Haematology,Monocytes/Leukocytes,525
Haematology,Neutrophils,525
Haematology,Neutrophils/Leukocytes,525
Haematology,Platelets,525
Variable details,Sample Performed,526
Variable details,Reason Not Performed,526
Variable details,Sample Date,526
Variable details,Sample Time,526
Variable details,Parameter,526
Variable details,Not Done,526
Variable details,Reason Not Done,526
Variable details,Interpretation,526
Biochemistry,Alanine Aminotransferase,527
Biochemistry,Alkaline Phosphatase,527
Biochemistry,Aspartate Aminotransferase,527
Biochemistry,Bilirubin,527
Biochemistry,Calcium,527
Biochemistry,Cholesterol,527
Biochemistry,Creatinine,527
Biochemistry,Gamma Glutamyl Transferase,527
Biochemistry,Glucose,527
Biochemistry,Lactate Dehydrogenase,527
Biochemistry,Potassium,527
Biochemistry,Protein,527
Biochemistry,Sodium,527
Biochemistry,Triglycerides,527
Biochemistry,Urea Nitrogen,527
Variable details,Sample Performed,528
Variable details,Reason Not Performed,528
Variable details,Sample Date,528
Variable details,Sample Time,528
Variable details,Parameter,528
Variable details,Not Done,528
Variable details,Reason Not Done,528
Variable details,Interpretation,528
Coagulation,Reason Not Performed,529
Coagulation,Not Done,529
Coagulation,Reason Not Done,529
Coagulation,Parameter,529
Coagulation,Interpretation,529
Coagulation,Complete for all parameters,529
Variable details,Sample Performed,530
Variable details,Reason Not Performed,530
Variable details,Sample Date,530
Variable details,Sample Time,530
Variable details,Parameter,530
Variable details,Not Done,530
Variable details,Reason Not Done,530
Variable details,Interpretation,530
C-SSRS (Since Last Visit),3. Active Suicidal Ideation with Any,531
C-SSRS (Since Last Visit),4. Active Suicidal Ideation with Some,531
C-SSRS (Since Last Visit),5. Active Suicidal Ideation with,531
C-SSRS (Since Last Visit),SUICIDAL IDEATION,531
C-SSRS (Since Last Visit),Since Last Visit,531
C-SSRS (Since Last Visit),Yes,531
C-SSRS (Since Last Visit),1. Wish to be Dead,531
C-SSRS (Since Last Visit),2. Non-Specific Active Suicidal Thoughts,531
C-SSRS (Since Last Visit),3. Active Suicidal Ideation with Any Methods (Not Plan) without Intent to Act,531
C-SSRS (Since Last Visit),Methods (Not Plan) without Intent to Act,531
C-SSRS (Since Last Visit),"4. Active Suicidal Ideation with Some Intent to Act, without Specific Plan",531
C-SSRS (Since Last Visit),"Intent to Act, without Specific Plan",531
C-SSRS (Since Last Visit),5. Active Suicidal Ideation with Specific Plan and Intent,531
C-SSRS (Since Last Visit),Specific Plan and Intent,531
C-SSRS (Since Last Visit),INTENSITY OF IDEATION,531
C-SSRS (Since Last Visit),Type # (1-5),531
C-SSRS (Since Last Visit),Since Last Visit,532
C-SSRS (Since Last Visit),Frequency,532
C-SSRS (Since Last Visit),Duration,532
C-SSRS (Since Last Visit),Controllability,532
C-SSRS (Since Last Visit),Deterrents,532
C-SSRS (Since Last Visit),Reasons for Ideation,532
C-SSRS (Since Last Visit),SUICIDAL BEHAVIOUR,532
C-SSRS (Since Last Visit),Actual Attempt,532
C-SSRS (Since Last Visit),Total Number of Attempts,532
C-SSRS (Since Last Visit),Yes,532
C-SSRS (Since Last Visit),Has subject engaged in Non-Suicidal Self-Injurious Behaviour?,532
C-SSRS (Since Last Visit),Self-Injurious Behaviour?,532
C-SSRS (Since Last Visit),Interrupted Attempt,532
C-SSRS (Since Last Visit),Total Number of Interrupted,532
C-SSRS (Since Last Visit),Aborted Attempt,532
C-SSRS (Since Last Visit),Total Number of Aborted,532
C-SSRS (Since Last Visit),Suicidal Behaviour,533
C-SSRS (Since Last Visit),Suicide,533
C-SSRS (Since Last Visit),Answer for Actual Attempts Only,533
C-SSRS (Since Last Visit),Most Lethal Attempt Date,533
C-SSRS (Since Last Visit),Attempt Date,533
C-SSRS (Since Last Visit),Date,533
C-SSRS (Since Last Visit),Enter Code,533
C-SSRS (Since Last Visit),Actual Lethality/Medical Damage,533
C-SSRS (Since Last Visit),Potential Lethality,533
Variable details,Name,534
Variable details,Export Name,534
Variable details,Type,534
Variable details,Max length,534
Variable details,Categories,534
Positive and Negative Symptom Scale (PANSS),Test,536
Positive and Negative Symptom Scale (PANSS),Result,536
Positive and Negative Symptom Scale (PANSS),Test 1,536
Variable details,PANSS Performed,537
Variable details,Reason Not Performed,537
Variable details,PANSS Date,537
Variable details,PANSS Time,537
Variable details,Rater Initials,537
Variable details,Test,537
Variable details,Result,537
Discharge From Clinic,Clinic Discharge Date,538
Discharge From Clinic,Discharged From Clinic,538
Discharge From Clinic,Clinic Discharge Time,538
Variable details,Discharged From Clinic,539
Variable details,Clinic Discharge Date,539
Variable details,Clinic Discharge Time,539
Visit Date,Visit Date,541
Variable details,Name,542
Variable details,Export Name,542
Variable details,Type,542
Variable details,Max length,542
Variable details,Categories,542
Physical Examination,Not Done,543
Physical Examination,Reason Not Done,543
Physical Examination,Interpretation,543
Physical Examination,Abnormal Findings,543
Physical Examination,Body System Examined,543
Physical Examination,"Other, Please Specify",543
Variable details,Physical Examination Performed,544
Variable details,Reason Not Performed,544
Variable details,Examination Date,544
Variable details,Examination Time,544
Variable details,Body System Examined,544
Variable details,"Other, Please Specify",544
Variable details,Not Done,544
Variable details,Reason Not Done,544
Variable details,Interpretation,544
Variable details,Abnormal Findings,544
Neurological Examination,Reason Not Performed,545
Neurological Examination,Neurological Examination Performed,545
Neurological Examination,Test,545
Variable details,Neurological Examination Performed,546
Variable details,Reason Not Performed,546
Variable details,Examination Date,546
Variable details,Examination Time,546
Variable details,Test,546
Variable details,Not Done,546
Variable details,Interpretation,546
Variable details,Comment,546
Weight & BMI,Reason Not Performed,547
Weight & BMI,Test,547
Variable details,Assessment Performed,548
Variable details,Reason Not Performed,548
Variable details,Assessment Date,548
Variable details,Test,548
Variable details,Not Done,548
Variable details,Result,548
Breath Alcohol Screen and Urine Cotinine,Performed,549
Breath Alcohol Screen and Urine Cotinine,Reason Not Performed,549
Breath Alcohol Screen and Urine Cotinine,Test Time,549
Breath Alcohol Screen and Urine Cotinine,Result,549
Breath Alcohol Screen and Urine Cotinine,Test,549
Breath Alcohol Screen and Urine Cotinine,Test Date,549
Breath Alcohol Screen and Urine Cotinine,Comments,549
Variable details,Test,550
Variable details,Performed,550
Variable details,Reason Not Performed,550
Variable details,Test Date,550
Variable details,Test Time,550
Variable details,Result,550
Variable details,Comments,550
Urine Drugs of Abuse,Positive,551
Urine Drugs of Abuse,Amphetamines,551
Urine Drugs of Abuse,Negative,551
Urine Drugs of Abuse,Barbiturates,551
Urine Drugs of Abuse,Benzodiazepines,551
Urine Drugs of Abuse,Cannabinoids,551
Urine Drugs of Abuse,Cocaine,551
Urine Drugs of Abuse,Opiates,551
Variable details,Sample Performed,552
Variable details,Reason Not Performed,552
Variable details,Sample Date,552
Variable details,Sample Time,552
Variable details,DOA TEST,552
Variable details,Result,552
Variable details,Comments (If Positive),552
Pregnancy Test (Urine),Reason Not Performed,553
Variable details,Sample Performed,554
Variable details,Reason Not Performed,554
Variable details,Sample Date,554
Variable details,Sample Time,554
Variable details,Result,554
Urine Dipstick,Reason Not Performed,555
Urine Dipstick,Dipstick Performed,555
Specimen Appearance,Glucose,556
Specimen Appearance,Negative Trace (100) 250 (+) 500 (++) ≥1000 (+++),556
Specimen Appearance,Occult Blood,556
Specimen Appearance,Negative Trace - lysed,556
Specimen Appearance,Trace - intact,556
Specimen Appearance,Small (+) Moderate (++) Large (+++),556
Specimen Appearance,Specific Gravity (SG),556
Specimen Appearance,≤1.005 1.010 1.015,556
Specimen Appearance,1.020 1.025 ≥1.030,556
Specimen Appearance,Colour,556
Specimen Appearance,Sent for Microscopy,556
Variable details,Dipstick Performed,557
Variable details,Reason Not Performed,557
Variable details,Sample Date,557
Variable details,Sample Time,557
Variable details,Analysis Lab,557
Variable details,Specimen Appearance,557
Variable details,"Specimen Appearance, Other Specify",557
Variable details,Specimen Appearance Interpretation,557
Variable details,Glucose,557
Variable details,Glucose Interpretation,557
Variable details,pH,557
Variable details,pH Interpretation,557
Variable details,Occult Blood,557
Variable details,Occult Blood Interpretation,557
Variable details,Protein,557
Variable details,Protein Interpretation,557
Variable details,Specific Gravity (SG),557
Variable details,Specific Gravity (SG) Interpretation,557
Variable details,Colour,557
Variable details,"Colour, Other Specify",557
Variable details,Colour Interpretation,557
Variable details,Sent for Microscopy,557
Variable details,Microscopy Interpretation,557
Vital Signs - Single Time Point,Vital Signs - Single Time Point,558
Vital Signs - Single Time Point,Vital Signs Performed,558
Vital Signs - Single Time Point,Yes,558
Vital Signs - Single Time Point,No,558
Vital Signs - Single Time Point,Reason Not Performed,558
Vital Signs - Single Time Point,"Other, Please Specify",558
Vital Signs - Single Time Point,Vital Signs Details,558
Vital Signs - Single Time Point,Temperature (°C),558
Vital Signs - Single Time Point,Respiratory Rate (breaths/min),558
Vital Signs - Single Time Point,Systolic Blood Pressure (mmHg),558
Vital Signs - Single Time Point,Diastolic Blood Pressure (mmHg),558
Vital Signs - Single Time Point,Pulse Rate (beats/min),558
Vital Signs - Single Time Point,SPO2,558
Variable details,Vital Signs Performed,559
Variable details,Reason Not Performed,559
Variable details,Repetition Number,559
Variable details,Details,559
Variable details,Location,559
Variable details,Position,559
Variable details,"Other, Please Specify",559
Variable details,Vital Signs Date,559
Variable details,Position Time,559
Variable details,Vital Signs Time,559
Variable details,Not Done,559
Variable details,Test,559
Variable details,Result,559
Variable details,Interpretation,559
Variable details,Reason Not Done,559
12-Lead ECG - Single Time Point,Position Time,560
12-Lead ECG - Single Time Point,ECG Time,560
12-Lead ECG - Single Time Point,Interpretation,560
12-Lead ECG - Single Time Point,Interpretation Comment,560
12-Lead ECG - Single Time Point,Not Done,560
12-Lead ECG - Single Time Point,Test,560
12-Lead ECG - Single Time Point,Result,560
12-Lead ECG - Single Time Point,Reason Not Done,560
12-Lead ECG - Single Time Point,Details,560
12-Lead ECG - Single Time Point,Position,560
12-Lead ECG - Single Time Point,ECG Date,560
12-Lead ECG - Single Time Point,Details 1 2 3 4 5 6,560
Variable details,ECG Performed,561
Variable details,Reason Not Performed,561
Variable details,Details,561
Variable details,Position,561
Variable details,ECG Date,561
Variable details,Position Time,561
Variable details,ECG Time,561
Variable details,Interpretation,561
Variable details,Interpretation Comment,561
Variable details,Not Done,561
Variable details,Test,561
Variable details,Result,561
Variable details,Reason Not Done,561
Echocardiogram,Reason Not Performed,562
Echocardiogram,Interpretation Comment,562
Echocardiogram,Echocardiogram Performed,562
Echocardiogram,Echocardiogram Date,562
Echocardiogram,Echocardiogram Time,562
Variable details,Echocardiogram Performed,563
Variable details,Reason Not Performed,563
Variable details,Echocardiogram Date,563
Variable details,Echocardiogram Time,563
Variable details,Interpretation,563
Variable details,Interpretation Comment,563
Pupillometry - Single Time Point,Done,564
Pupillometry - Single Time Point,pupilometer device.,564
Variable details,Pupillometry Assessment Performed,565
Variable details,Reason Not Performed,565
Variable details,Eye,565
Variable details,Repeat,565
Variable details,Not Done,565
Variable details,Reason Not Done,565
Variable details,Pupillometry Date,565
Variable details,Position Rest Time,565
Variable details,Pupillometry Start Time,565
Variable details,Readings downloaded onto a spreadsheet via Bluetooth from the pupilometer device.,565
Variable details,"Reviewed, signed and dated by a physician",565
Variable details,"Reason not review, signed and dated",565
Variable details,PLR diameter init,565
Variable details,PLR MAX constriction velocity,565
Variable details,PLR dilation velocity,565
Variable details,PLR T75,565
Variable details,Pupil Area (Calculated),565
Variable details,ACA (Calculated),565
Variable details,Dilation Velocity at T75 (Calculated),565
Plasma samples (PD) - Single Time Point,Sample Performed,566
Plasma samples (PD) - Single Time Point,Reason Not Done,566
Plasma samples (PD) - Single Time Point,Sample Date,566
Plasma samples (PD) - Single Time Point,Sample Time,566
Plasma samples (PD) - Single Time Point,Primary Sample Accession Number,566
Plasma samples (PD) - Single Time Point,Back Up Sample Accession Number,566
Plasma samples (PD) - Single Time Point,Sample Performed Reason Not Done,566
Variable details,Sample Performed,567
Variable details,Reason Not Done,567
Variable details,Sample Date,567
Variable details,Sample Time,567
Variable details,Primary Sample Accession Number,567
Variable details,Back Up Sample Accession Number,567
Haematology,Reason Not Performed,568
Haematology,Complete for all parameters,568
Haematology,Basophils,569
Haematology,Basophils/Leukocytes,569
Haematology,Eosinophils,569
Haematology,Eosinophils/Leukocytes,569
Haematology,Ery. Mean Corpuscular HGB Concentration,569
Haematology,Ery. Mean Corpuscular Volume,569
Haematology,Erythrocyte,569
Haematology,Hematocrit,569
Haematology,Hemoglobin,569
Haematology,Leukocytes,569
Haematology,Lymphocytes,569
Haematology,Lymphocytes/Leukocytes,569
Haematology,Monocytes,569
Haematology,Monocytes/Leukocytes,569
Haematology,Neutrophils,569
Haematology,Neutrophils/Leukocytes,569
Haematology,Platelets,569
Variable details,Sample Performed,570
Variable details,Reason Not Performed,570
Variable details,Sample Date,570
Variable details,Sample Time,570
Variable details,Parameter,570
Variable details,Not Done,570
Variable details,Reason Not Done,570
Variable details,Interpretation,570
Biochemistry,Alanine Aminotransferase,571
Biochemistry,Alkaline Phosphatase,571
Biochemistry,Aspartate Aminotransferase,571
Biochemistry,Bilirubin,571
Biochemistry,Calcium,571
Biochemistry,Cholesterol,571
Biochemistry,Creatinine,571
Biochemistry,Gamma Glutamyl Transferase,571
Biochemistry,Glucose,571
Biochemistry,Lactate Dehydrogenase,571
Biochemistry,Potassium,571
Biochemistry,Protein,571
Biochemistry,Sodium,571
Biochemistry,Triglycerides,571
Biochemistry,Urea Nitrogen,571
Variable details,Sample Performed,572
Variable details,Reason Not Performed,572
Variable details,Sample Date,572
Variable details,Sample Time,572
Variable details,Parameter,572
Variable details,Not Done,572
Variable details,Reason Not Done,572
Variable details,Interpretation,572
Coagulation,Reason Not Performed,573
Coagulation,Not Done,573
Coagulation,Reason Not Done,573
Coagulation,Parameter,573
Coagulation,Interpretation,573
Coagulation,Complete for all parameters,573
Variable details,Sample Performed,574
Variable details,Reason Not Performed,574
Variable details,Sample Date,574
Variable details,Sample Time,574
Variable details,Parameter,574
Variable details,Not Done,574
Variable details,Reason Not Done,574
Variable details,Interpretation,574
C-SSRS (Since Last Visit),3. Active Suicidal Ideation with Any,575
C-SSRS (Since Last Visit),4. Active Suicidal Ideation with Some,575
C-SSRS (Since Last Visit),5. Active Suicidal Ideation with,575
C-SSRS (Since Last Visit),SUICIDAL IDEATION,575
C-SSRS (Since Last Visit),Since Last Visit,575
C-SSRS (Since Last Visit),Yes,575
C-SSRS (Since Last Visit),1. Wish to be Dead,575
C-SSRS (Since Last Visit),2. Non-Specific Active Suicidal Thoughts,575
C-SSRS (Since Last Visit),3. Active Suicidal Ideation with Any Methods (Not Plan) without Intent to Act,575
C-SSRS (Since Last Visit),Methods (Not Plan) without Intent to Act,575
C-SSRS (Since Last Visit),"4. Active Suicidal Ideation with Some Intent to Act, without Specific Plan",575
C-SSRS (Since Last Visit),"Intent to Act, without Specific Plan",575
C-SSRS (Since Last Visit),5. Active Suicidal Ideation with Specific Plan and Intent,575
C-SSRS (Since Last Visit),Specific Plan and Intent,575
C-SSRS (Since Last Visit),INTENSITY OF IDEATION,575
C-SSRS (Since Last Visit),Type # (1-5),575
C-SSRS (Since Last Visit),Since Last Visit,576
C-SSRS (Since Last Visit),Frequency,576
C-SSRS (Since Last Visit),Duration,576
C-SSRS (Since Last Visit),Controllability,576
C-SSRS (Since Last Visit),Deterrents,576
C-SSRS (Since Last Visit),Reasons for Ideation,576
C-SSRS (Since Last Visit),SUICIDAL BEHAVIOUR,576
C-SSRS (Since Last Visit),Actual Attempt,576
C-SSRS (Since Last Visit),Total Number of Attempts,576
C-SSRS (Since Last Visit),Yes,576
C-SSRS (Since Last Visit),Has subject engaged in Non-Suicidal Self-Injurious Behaviour?,576
C-SSRS (Since Last Visit),Self-Injurious Behaviour?,576
C-SSRS (Since Last Visit),Interrupted Attempt,576
C-SSRS (Since Last Visit),Total Number of Interrupted,576
C-SSRS (Since Last Visit),Aborted Attempt,576
C-SSRS (Since Last Visit),Total Number of Aborted,576
C-SSRS (Since Last Visit),Suicidal Behaviour,577
C-SSRS (Since Last Visit),Suicide,577
C-SSRS (Since Last Visit),Answer for Actual Attempts Only,577
C-SSRS (Since Last Visit),Most Lethal Attempt Date,577
C-SSRS (Since Last Visit),Attempt Date,577
C-SSRS (Since Last Visit),Date,577
C-SSRS (Since Last Visit),Enter Code,577
C-SSRS (Since Last Visit),Actual Lethality/Medical Damage,577
C-SSRS (Since Last Visit),Potential Lethality,577
Variable details,Name,578
Variable details,Export Name,578
Variable details,Type,578
Variable details,Max length,578
Variable details,Categories,578
Visit Date,Visit Date,581
Variable details,Name,582
Variable details,Export Name,582
Variable details,Type,582
Variable details,Max length,582
Variable details,Categories,582
Montgomery and Asberg Depression RS (MADRS),Montgomery and Asberg Depression RS (MADRS),583
Montgomery and Asberg Depression RS (MADRS),"Version: SIGMA - Since Last Evaluation 2016, v. 1 (Up to Day 3), SIGMA 2011, v. 1.2 (After Day 3).",583
Montgomery and Asberg Depression RS (MADRS),MADRS Performed,583
Montgomery and Asberg Depression RS (MADRS),Yes,583
Montgomery and Asberg Depression RS (MADRS),No,583
Montgomery and Asberg Depression RS (MADRS),Reason Not Performed,583
Montgomery and Asberg Depression RS (MADRS),MADRS Date,583
Montgomery and Asberg Depression RS (MADRS),MADRS Time,583
Montgomery and Asberg Depression RS (MADRS),Rater Initials,583
Montgomery and Asberg Depression RS (MADRS),Result,583
Montgomery and Asberg Depression RS (MADRS),1. Reported Sadness,583
Montgomery and Asberg Depression RS (MADRS),2. Apparent Sadness,583
Montgomery and Asberg Depression RS (MADRS),3. Inner Tension,583
Montgomery and Asberg Depression RS (MADRS),4. Reduced Sleep,583
Montgomery and Asberg Depression RS (MADRS),5. Reduced appetite,583
Montgomery and Asberg Depression RS (MADRS),6. Concentration Difficulties,583
Montgomery and Asberg Depression RS (MADRS),7. Lassitude,583
Montgomery and Asberg Depression RS (MADRS),8. Inability To Feel,583
Montgomery and Asberg Depression RS (MADRS),9. Pessimistic Thoughts,583
Montgomery and Asberg Depression RS (MADRS),10. Suicidal Thoughts,583
Montgomery and Asberg Depression RS (MADRS),Total MADRS Scale Score,583
Variable details,MADRS Performed,584
Variable details,Reason Not Performed,584
Variable details,MADRS Date,584
Variable details,MADRS Time,584
Variable details,Rater Initials,584
Variable details,Test,584
Variable details,Result,584
Variable details,Total MADRS Scale Score,584
Clinician Global Impressions Scale - Severity (CGI-S),Reason Not Performed,585
Clinician Global Impressions Scale - Severity (CGI-S),experience with patients who had the,585
Variable details,CGI-S Performed,586
Variable details,Reason Not Performed,586
Variable details,CGI-S Date,586
Variable details,CGI-S Time,586
Variable details,Rater Initials,586
Variable details,"SEVERITY OF PATIENT'S ILLNESS, relative to the clinician's past experience with patients who had the same diagnosis.",586
Clinical Global Impressions Scale - Improvement (CGI-I),Reason Not Performed,587
Clinical Global Impressions Scale - Improvement (CGI-I),admission to the project (screening) how,587
Variable details,CGI-I Performed,588
Variable details,Reason Not Performed,588
Variable details,CGI-I Date,588
Variable details,CGI-I Time,588
Variable details,Rater Initials,588
Variable details,Compared to his/her condition at admission to the project (screening) how much has he/she changed?,588
Physical Examination,Not Done,589
Physical Examination,Reason Not Done,589
Physical Examination,Interpretation,589
Physical Examination,Abnormal Findings,589
Physical Examination,Body System Examined,589
Physical Examination,"Other, Please Specify",589
Variable details,Physical Examination Performed,590
Variable details,Reason Not Performed,590
Variable details,Examination Date,590
Variable details,Examination Time,590
Variable details,Body System Examined,590
Variable details,"Other, Please Specify",590
Variable details,Not Done,590
Variable details,Reason Not Done,590
Variable details,Interpretation,590
Variable details,Abnormal Findings,590
Neurological Examination,Reason Not Performed,591
Neurological Examination,Neurological Examination Performed,591
Neurological Examination,Test,591
Variable details,Neurological Examination Performed,592
Variable details,Reason Not Performed,592
Variable details,Examination Date,592
Variable details,Examination Time,592
Variable details,Test,592
Variable details,Not Done,592
Variable details,Interpretation,592
Variable details,Comment,592
Breath Alcohol Screen and Urine Cotinine,Performed,593
Breath Alcohol Screen and Urine Cotinine,Reason Not Performed,593
Breath Alcohol Screen and Urine Cotinine,Test Time,593
Breath Alcohol Screen and Urine Cotinine,Result,593
Breath Alcohol Screen and Urine Cotinine,Test,593
Breath Alcohol Screen and Urine Cotinine,Test Date,593
Breath Alcohol Screen and Urine Cotinine,Comments,593
Variable details,Test,594
Variable details,Performed,594
Variable details,Reason Not Performed,594
Variable details,Test Date,594
Variable details,Test Time,594
Variable details,Result,594
Variable details,Comments,594
Urine Drugs of Abuse,Positive,595
Urine Drugs of Abuse,Amphetamines,595
Urine Drugs of Abuse,Negative,595
Urine Drugs of Abuse,Barbiturates,595
Urine Drugs of Abuse,Benzodiazepines,595
Urine Drugs of Abuse,Cannabinoids,595
Urine Drugs of Abuse,Cocaine,595
Urine Drugs of Abuse,Opiates,595
Variable details,Sample Performed,596
Variable details,Reason Not Performed,596
Variable details,Sample Date,596
Variable details,Sample Time,596
Variable details,DOA TEST,596
Variable details,Result,596
Variable details,Comments (If Positive),596
Urine Dipstick,Reason Not Performed,597
Urine Dipstick,Dipstick Performed,597
Specimen Appearance,Glucose,598
Specimen Appearance,Negative Trace (100) 250 (+) 500 (++) ≥1000 (+++),598
Specimen Appearance,Occult Blood,598
Specimen Appearance,Negative Trace - lysed,598
Specimen Appearance,Trace - intact,598
Specimen Appearance,Small (+) Moderate (++) Large (+++),598
Specimen Appearance,Specific Gravity (SG),598
Specimen Appearance,≤1.005 1.010 1.015,598
Specimen Appearance,1.020 1.025 ≥1.030,598
Specimen Appearance,Colour,598
Specimen Appearance,Sent for Microscopy,598
Variable details,Dipstick Performed,599
Variable details,Reason Not Performed,599
Variable details,Sample Date,599
Variable details,Sample Time,599
Variable details,Analysis Lab,599
Variable details,Specimen Appearance,599
Variable details,"Specimen Appearance, Other Specify",599
Variable details,Specimen Appearance Interpretation,599
Variable details,Glucose,599
Variable details,Glucose Interpretation,599
Variable details,pH,599
Variable details,pH Interpretation,599
Variable details,Occult Blood,599
Variable details,Occult Blood Interpretation,599
Variable details,Protein,599
Variable details,Protein Interpretation,599
Variable details,Specific Gravity (SG),599
Variable details,Specific Gravity (SG) Interpretation,599
Variable details,Colour,599
Variable details,"Colour, Other Specify",599
Variable details,Colour Interpretation,599
Variable details,Sent for Microscopy,599
Variable details,Microscopy Interpretation,599
Vital Signs - Single Time Point,Vital Signs - Single Time Point,600
Vital Signs - Single Time Point,Vital Signs Performed,600
Vital Signs - Single Time Point,Yes,600
Vital Signs - Single Time Point,No,600
Vital Signs - Single Time Point,Reason Not Performed,600
Vital Signs - Single Time Point,"Other, Please Specify",600
Vital Signs - Single Time Point,Vital Signs Details,600
Vital Signs - Single Time Point,Temperature (°C),600
Vital Signs - Single Time Point,Respiratory Rate (breaths/min),600
Vital Signs - Single Time Point,Systolic Blood Pressure (mmHg),600
Vital Signs - Single Time Point,Diastolic Blood Pressure (mmHg),600
Vital Signs - Single Time Point,Pulse Rate (beats/min),600
Vital Signs - Single Time Point,SPO2,600
Variable details,Vital Signs Performed,601
Variable details,Reason Not Performed,601
Variable details,Repetition Number,601
Variable details,Details,601
Variable details,Location,601
Variable details,Position,601
Variable details,"Other, Please Specify",601
Variable details,Vital Signs Date,601
Variable details,Position Time,601
Variable details,Vital Signs Time,601
Variable details,Not Done,601
Variable details,Test,601
Variable details,Result,601
Variable details,Interpretation,601
Variable details,Reason Not Done,601
Pupillometry - Single Time Point,Done,602
Pupillometry - Single Time Point,pupilometer device.,602
Variable details,Pupillometry Assessment Performed,603
Variable details,Reason Not Performed,603
Variable details,Eye,603
Variable details,Repeat,603
Variable details,Not Done,603
Variable details,Reason Not Done,603
Variable details,Pupillometry Date,603
Variable details,Position Rest Time,603
Variable details,Pupillometry Start Time,603
Variable details,Readings downloaded onto a spreadsheet via Bluetooth from the pupilometer device.,603
Variable details,"Reviewed, signed and dated by a physician",603
Variable details,"Reason not review, signed and dated",603
Variable details,PLR diameter init,603
Variable details,PLR MAX constriction velocity,603
Variable details,PLR dilation velocity,603
Variable details,PLR T75,603
Variable details,Pupil Area (Calculated),603
Variable details,ACA (Calculated),603
Variable details,Dilation Velocity at T75 (Calculated),603
Plasma samples (PD) - Single Time Point,Sample Performed,604
Plasma samples (PD) - Single Time Point,Reason Not Done,604
Plasma samples (PD) - Single Time Point,Sample Date,604
Plasma samples (PD) - Single Time Point,Sample Time,604
Plasma samples (PD) - Single Time Point,Primary Sample Accession Number,604
Plasma samples (PD) - Single Time Point,Back Up Sample Accession Number,604
Plasma samples (PD) - Single Time Point,Sample Performed Reason Not Done,604
Variable details,Sample Performed,605
Variable details,Reason Not Done,605
Variable details,Sample Date,605
Variable details,Sample Time,605
Variable details,Primary Sample Accession Number,605
Variable details,Back Up Sample Accession Number,605
Haematology,Reason Not Performed,606
Haematology,Complete for all parameters,606
Haematology,Basophils,607
Haematology,Basophils/Leukocytes,607
Haematology,Eosinophils,607
Haematology,Eosinophils/Leukocytes,607
Haematology,Ery. Mean Corpuscular HGB Concentration,607
Haematology,Ery. Mean Corpuscular Volume,607
Haematology,Erythrocyte,607
Haematology,Hematocrit,607
Haematology,Hemoglobin,607
Haematology,Leukocytes,607
Haematology,Lymphocytes,607
Haematology,Lymphocytes/Leukocytes,607
Haematology,Monocytes,607
Haematology,Monocytes/Leukocytes,607
Haematology,Neutrophils,607
Haematology,Neutrophils/Leukocytes,607
Haematology,Platelets,607
Variable details,Sample Performed,608
Variable details,Reason Not Performed,608
Variable details,Sample Date,608
Variable details,Sample Time,608
Variable details,Parameter,608
Variable details,Not Done,608
Variable details,Reason Not Done,608
Variable details,Interpretation,608
Biochemistry,Alanine Aminotransferase,609
Biochemistry,Alkaline Phosphatase,609
Biochemistry,Aspartate Aminotransferase,609
Biochemistry,Bilirubin,609
Biochemistry,Calcium,609
Biochemistry,Cholesterol,609
Biochemistry,Creatinine,609
Biochemistry,Gamma Glutamyl Transferase,609
Biochemistry,Glucose,609
Biochemistry,Lactate Dehydrogenase,609
Biochemistry,Potassium,609
Biochemistry,Protein,609
Biochemistry,Sodium,609
Biochemistry,Triglycerides,609
Biochemistry,Urea Nitrogen,609
Variable details,Sample Performed,610
Variable details,Reason Not Performed,610
Variable details,Sample Date,610
Variable details,Sample Time,610
Variable details,Parameter,610
Variable details,Not Done,610
Variable details,Reason Not Done,610
Variable details,Interpretation,610
Coagulation,Reason Not Performed,611
Coagulation,Not Done,611
Coagulation,Reason Not Done,611
Coagulation,Parameter,611
Coagulation,Interpretation,611
Coagulation,Complete for all parameters,611
Variable details,Sample Performed,612
Variable details,Reason Not Performed,612
Variable details,Sample Date,612
Variable details,Sample Time,612
Variable details,Parameter,612
Variable details,Not Done,612
Variable details,Reason Not Done,612
Variable details,Interpretation,612
C-SSRS (Since Last Visit),3. Active Suicidal Ideation with Any,613
C-SSRS (Since Last Visit),4. Active Suicidal Ideation with Some,613
C-SSRS (Since Last Visit),5. Active Suicidal Ideation with,613
C-SSRS (Since Last Visit),SUICIDAL IDEATION,613
C-SSRS (Since Last Visit),Since Last Visit,613
C-SSRS (Since Last Visit),Yes,613
C-SSRS (Since Last Visit),1. Wish to be Dead,613
C-SSRS (Since Last Visit),2. Non-Specific Active Suicidal Thoughts,613
C-SSRS (Since Last Visit),3. Active Suicidal Ideation with Any Methods (Not Plan) without Intent to Act,613
C-SSRS (Since Last Visit),Methods (Not Plan) without Intent to Act,613
C-SSRS (Since Last Visit),"4. Active Suicidal Ideation with Some Intent to Act, without Specific Plan",613
C-SSRS (Since Last Visit),"Intent to Act, without Specific Plan",613
C-SSRS (Since Last Visit),5. Active Suicidal Ideation with Specific Plan and Intent,613
C-SSRS (Since Last Visit),Specific Plan and Intent,613
C-SSRS (Since Last Visit),INTENSITY OF IDEATION,613
C-SSRS (Since Last Visit),Type # (1-5),613
C-SSRS (Since Last Visit),Since Last Visit,614
C-SSRS (Since Last Visit),Frequency,614
C-SSRS (Since Last Visit),Duration,614
C-SSRS (Since Last Visit),Controllability,614
C-SSRS (Since Last Visit),Deterrents,614
C-SSRS (Since Last Visit),Reasons for Ideation,614
C-SSRS (Since Last Visit),SUICIDAL BEHAVIOUR,614
C-SSRS (Since Last Visit),Actual Attempt,614
C-SSRS (Since Last Visit),Total Number of Attempts,614
C-SSRS (Since Last Visit),Yes,614
C-SSRS (Since Last Visit),Has subject engaged in Non-Suicidal Self-Injurious Behaviour?,614
C-SSRS (Since Last Visit),Self-Injurious Behaviour?,614
C-SSRS (Since Last Visit),Interrupted Attempt,614
C-SSRS (Since Last Visit),Total Number of Interrupted,614
C-SSRS (Since Last Visit),Aborted Attempt,614
C-SSRS (Since Last Visit),Total Number of Aborted,614
C-SSRS (Since Last Visit),Suicidal Behaviour,615
C-SSRS (Since Last Visit),Suicide,615
C-SSRS (Since Last Visit),Answer for Actual Attempts Only,615
C-SSRS (Since Last Visit),Most Lethal Attempt Date,615
C-SSRS (Since Last Visit),Attempt Date,615
C-SSRS (Since Last Visit),Date,615
C-SSRS (Since Last Visit),Enter Code,615
C-SSRS (Since Last Visit),Actual Lethality/Medical Damage,615
C-SSRS (Since Last Visit),Potential Lethality,615
Variable details,Name,616
Variable details,Export Name,616
Variable details,Type,616
Variable details,Max length,616
Variable details,Categories,616
Visit Date,Visit Date,619
Variable details,Name,620
Variable details,Export Name,620
Variable details,Type,620
Variable details,Max length,620
Variable details,Categories,620
Physical Examination,Not Done,621
Physical Examination,Reason Not Done,621
Physical Examination,Interpretation,621
Physical Examination,Abnormal Findings,621
Physical Examination,Body System Examined,621
Physical Examination,"Other, Please Specify",621
Variable details,Physical Examination Performed,622
Variable details,Reason Not Performed,622
Variable details,Examination Date,622
Variable details,Examination Time,622
Variable details,Body System Examined,622
Variable details,"Other, Please Specify",622
Variable details,Not Done,622
Variable details,Reason Not Done,622
Variable details,Interpretation,622
Variable details,Abnormal Findings,622
Neurological Examination,Reason Not Performed,623
Neurological Examination,Neurological Examination Performed,623
Neurological Examination,Test,623
Variable details,Neurological Examination Performed,624
Variable details,Reason Not Performed,624
Variable details,Examination Date,624
Variable details,Examination Time,624
Variable details,Test,624
Variable details,Not Done,624
Variable details,Interpretation,624
Variable details,Comment,624
Breath Alcohol Screen and Urine Cotinine,Performed,625
Breath Alcohol Screen and Urine Cotinine,Reason Not Performed,625
Breath Alcohol Screen and Urine Cotinine,Test Time,625
Breath Alcohol Screen and Urine Cotinine,Result,625
Breath Alcohol Screen and Urine Cotinine,Test,625
Breath Alcohol Screen and Urine Cotinine,Test Date,625
Breath Alcohol Screen and Urine Cotinine,Comments,625
Variable details,Test,626
Variable details,Performed,626
Variable details,Reason Not Performed,626
Variable details,Test Date,626
Variable details,Test Time,626
Variable details,Result,626
Variable details,Comments,626
Urine Drugs of Abuse,Positive,627
Urine Drugs of Abuse,Amphetamines,627
Urine Drugs of Abuse,Negative,627
Urine Drugs of Abuse,Barbiturates,627
Urine Drugs of Abuse,Benzodiazepines,627
Urine Drugs of Abuse,Cannabinoids,627
Urine Drugs of Abuse,Cocaine,627
Urine Drugs of Abuse,Opiates,627
Variable details,Sample Performed,628
Variable details,Reason Not Performed,628
Variable details,Sample Date,628
Variable details,Sample Time,628
Variable details,DOA TEST,628
Variable details,Result,628
Variable details,Comments (If Positive),628
Urine Dipstick,Reason Not Performed,629
Urine Dipstick,Dipstick Performed,629
Specimen Appearance,Glucose,630
Specimen Appearance,Negative Trace (100) 250 (+) 500 (++) ≥1000 (+++),630
Specimen Appearance,Occult Blood,630
Specimen Appearance,Negative Trace - lysed,630
Specimen Appearance,Trace - intact,630
Specimen Appearance,Small (+) Moderate (++) Large (+++),630
Specimen Appearance,Specific Gravity (SG),630
Specimen Appearance,≤1.005 1.010 1.015,630
Specimen Appearance,1.020 1.025 ≥1.030,630
Specimen Appearance,Colour,630
Specimen Appearance,Sent for Microscopy,630
Variable details,Dipstick Performed,631
Variable details,Reason Not Performed,631
Variable details,Sample Date,631
Variable details,Sample Time,631
Variable details,Analysis Lab,631
Variable details,Specimen Appearance,631
Variable details,"Specimen Appearance, Other Specify",631
Variable details,Specimen Appearance Interpretation,631
Variable details,Glucose,631
Variable details,Glucose Interpretation,631
Variable details,pH,631
Variable details,pH Interpretation,631
Variable details,Occult Blood,631
Variable details,Occult Blood Interpretation,631
Variable details,Protein,631
Variable details,Protein Interpretation,631
Variable details,Specific Gravity (SG),631
Variable details,Specific Gravity (SG) Interpretation,631
Variable details,Colour,631
Variable details,"Colour, Other Specify",631
Variable details,Colour Interpretation,631
Variable details,Sent for Microscopy,631
Variable details,Microscopy Interpretation,631
Vital Signs - Single Time Point,Vital Signs - Single Time Point,632
Vital Signs - Single Time Point,Vital Signs Performed,632
Vital Signs - Single Time Point,Yes,632
Vital Signs - Single Time Point,No,632
Vital Signs - Single Time Point,Reason Not Performed,632
Vital Signs - Single Time Point,"Other, Please Specify",632
Vital Signs - Single Time Point,Vital Signs Details,632
Vital Signs - Single Time Point,Temperature (°C),632
Vital Signs - Single Time Point,Respiratory Rate (breaths/min),632
Vital Signs - Single Time Point,Systolic Blood Pressure (mmHg),632
Vital Signs - Single Time Point,Diastolic Blood Pressure (mmHg),632
Vital Signs - Single Time Point,Pulse Rate (beats/min),632
Vital Signs - Single Time Point,SPO2,632
Variable details,Vital Signs Performed,633
Variable details,Reason Not Performed,633
Variable details,Repetition Number,633
Variable details,Details,633
Variable details,Location,633
Variable details,Position,633
Variable details,"Other, Please Specify",633
Variable details,Vital Signs Date,633
Variable details,Position Time,633
Variable details,Vital Signs Time,633
Variable details,Not Done,633
Variable details,Test,633
Variable details,Result,633
Variable details,Interpretation,633
Variable details,Reason Not Done,633
Pupillometry - Single Time Point,Done,634
Pupillometry - Single Time Point,pupilometer device.,634
Variable details,Pupillometry Assessment Performed,635
Variable details,Reason Not Performed,635
Variable details,Eye,635
Variable details,Repeat,635
Variable details,Not Done,635
Variable details,Reason Not Done,635
Variable details,Pupillometry Date,635
Variable details,Position Rest Time,635
Variable details,Pupillometry Start Time,635
Variable details,Readings downloaded onto a spreadsheet via Bluetooth from the pupilometer device.,635
Variable details,"Reviewed, signed and dated by a physician",635
Variable details,"Reason not review, signed and dated",635
Variable details,PLR diameter init,635
Variable details,PLR MAX constriction velocity,635
Variable details,PLR dilation velocity,635
Variable details,PLR T75,635
Variable details,Pupil Area (Calculated),635
Variable details,ACA (Calculated),635
Variable details,Dilation Velocity at T75 (Calculated),635
Haematology,Reason Not Performed,636
Haematology,Complete for all parameters,636
Haematology,Basophils,637
Haematology,Basophils/Leukocytes,637
Haematology,Eosinophils,637
Haematology,Eosinophils/Leukocytes,637
Haematology,Ery. Mean Corpuscular HGB Concentration,637
Haematology,Ery. Mean Corpuscular Volume,637
Haematology,Erythrocyte,637
Haematology,Hematocrit,637
Haematology,Hemoglobin,637
Haematology,Leukocytes,637
Haematology,Lymphocytes,637
Haematology,Lymphocytes/Leukocytes,637
Haematology,Monocytes,637
Haematology,Monocytes/Leukocytes,637
Haematology,Neutrophils,637
Haematology,Neutrophils/Leukocytes,637
Haematology,Platelets,637
Variable details,Sample Performed,638
Variable details,Reason Not Performed,638
Variable details,Sample Date,638
Variable details,Sample Time,638
Variable details,Parameter,638
Variable details,Not Done,638
Variable details,Reason Not Done,638
Variable details,Interpretation,638
Biochemistry,Alanine Aminotransferase,639
Biochemistry,Alkaline Phosphatase,639
Biochemistry,Aspartate Aminotransferase,639
Biochemistry,Bilirubin,639
Biochemistry,Calcium,639
Biochemistry,Cholesterol,639
Biochemistry,Creatinine,639
Biochemistry,Gamma Glutamyl Transferase,639
Biochemistry,Glucose,639
Biochemistry,Lactate Dehydrogenase,639
Biochemistry,Potassium,639
Biochemistry,Protein,639
Biochemistry,Sodium,639
Biochemistry,Triglycerides,639
Biochemistry,Urea Nitrogen,639
Variable details,Sample Performed,640
Variable details,Reason Not Performed,640
Variable details,Sample Date,640
Variable details,Sample Time,640
Variable details,Parameter,640
Variable details,Not Done,640
Variable details,Reason Not Done,640
Variable details,Interpretation,640
Coagulation,Reason Not Performed,641
Coagulation,Not Done,641
Coagulation,Reason Not Done,641
Coagulation,Parameter,641
Coagulation,Interpretation,641
Coagulation,Complete for all parameters,641
Variable details,Sample Performed,642
Variable details,Reason Not Performed,642
Variable details,Sample Date,642
Variable details,Sample Time,642
Variable details,Parameter,642
Variable details,Not Done,642
Variable details,Reason Not Done,642
Variable details,Interpretation,642
C-SSRS (Since Last Visit),3. Active Suicidal Ideation with Any,643
C-SSRS (Since Last Visit),4. Active Suicidal Ideation with Some,643
C-SSRS (Since Last Visit),5. Active Suicidal Ideation with,643
C-SSRS (Since Last Visit),SUICIDAL IDEATION,643
C-SSRS (Since Last Visit),Since Last Visit,643
C-SSRS (Since Last Visit),Yes,643
C-SSRS (Since Last Visit),1. Wish to be Dead,643
C-SSRS (Since Last Visit),2. Non-Specific Active Suicidal Thoughts,643
C-SSRS (Since Last Visit),3. Active Suicidal Ideation with Any Methods (Not Plan) without Intent to Act,643
C-SSRS (Since Last Visit),Methods (Not Plan) without Intent to Act,643
C-SSRS (Since Last Visit),"4. Active Suicidal Ideation with Some Intent to Act, without Specific Plan",643
C-SSRS (Since Last Visit),"Intent to Act, without Specific Plan",643
C-SSRS (Since Last Visit),5. Active Suicidal Ideation with Specific Plan and Intent,643
C-SSRS (Since Last Visit),Specific Plan and Intent,643
C-SSRS (Since Last Visit),INTENSITY OF IDEATION,643
C-SSRS (Since Last Visit),Type # (1-5),643
C-SSRS (Since Last Visit),Since Last Visit,644
C-SSRS (Since Last Visit),Frequency,644
C-SSRS (Since Last Visit),Duration,644
C-SSRS (Since Last Visit),Controllability,644
C-SSRS (Since Last Visit),Deterrents,644
C-SSRS (Since Last Visit),Reasons for Ideation,644
C-SSRS (Since Last Visit),SUICIDAL BEHAVIOUR,644
C-SSRS (Since Last Visit),Actual Attempt,644
C-SSRS (Since Last Visit),Total Number of Attempts,644
C-SSRS (Since Last Visit),Yes,644
C-SSRS (Since Last Visit),Has subject engaged in Non-Suicidal Self-Injurious Behaviour?,644
C-SSRS (Since Last Visit),Self-Injurious Behaviour?,644
C-SSRS (Since Last Visit),Interrupted Attempt,644
C-SSRS (Since Last Visit),Total Number of Interrupted,644
C-SSRS (Since Last Visit),Aborted Attempt,644
C-SSRS (Since Last Visit),Total Number of Aborted,644
C-SSRS (Since Last Visit),Suicidal Behaviour,645
C-SSRS (Since Last Visit),Suicide,645
C-SSRS (Since Last Visit),Answer for Actual Attempts Only,645
C-SSRS (Since Last Visit),Most Lethal Attempt Date,645
C-SSRS (Since Last Visit),Attempt Date,645
C-SSRS (Since Last Visit),Date,645
C-SSRS (Since Last Visit),Enter Code,645
C-SSRS (Since Last Visit),Actual Lethality/Medical Damage,645
C-SSRS (Since Last Visit),Potential Lethality,645
Variable details,Name,646
Variable details,Export Name,646
Variable details,Type,646
Variable details,Max length,646
Variable details,Categories,646
Visit Date,Visit Date,649
Variable details,Name,650
Variable details,Export Name,650
Variable details,Type,650
Variable details,Max length,650
Variable details,Categories,650
Montgomery and Asberg Depression RS (MADRS),Montgomery and Asberg Depression RS (MADRS),651
Montgomery and Asberg Depression RS (MADRS),"Version: SIGMA - Since Last Evaluation 2016, v. 1 (Up to Day 3), SIGMA 2011, v. 1.2 (After Day 3).",651
Montgomery and Asberg Depression RS (MADRS),MADRS Performed,651
Montgomery and Asberg Depression RS (MADRS),Yes,651
Montgomery and Asberg Depression RS (MADRS),No,651
Montgomery and Asberg Depression RS (MADRS),Reason Not Performed,651
Montgomery and Asberg Depression RS (MADRS),MADRS Date,651
Montgomery and Asberg Depression RS (MADRS),MADRS Time,651
Montgomery and Asberg Depression RS (MADRS),Rater Initials,651
Montgomery and Asberg Depression RS (MADRS),Result,651
Montgomery and Asberg Depression RS (MADRS),1. Reported Sadness,651
Montgomery and Asberg Depression RS (MADRS),2. Apparent Sadness,651
Montgomery and Asberg Depression RS (MADRS),3. Inner Tension,651
Montgomery and Asberg Depression RS (MADRS),4. Reduced Sleep,651
Montgomery and Asberg Depression RS (MADRS),5. Reduced appetite,651
Montgomery and Asberg Depression RS (MADRS),6. Concentration Difficulties,651
Montgomery and Asberg Depression RS (MADRS),7. Lassitude,651
Montgomery and Asberg Depression RS (MADRS),8. Inability To Feel,651
Montgomery and Asberg Depression RS (MADRS),9. Pessimistic Thoughts,651
Montgomery and Asberg Depression RS (MADRS),10. Suicidal Thoughts,651
Montgomery and Asberg Depression RS (MADRS),Total MADRS Scale Score,651
Variable details,MADRS Performed,652
Variable details,Reason Not Performed,652
Variable details,MADRS Date,652
Variable details,MADRS Time,652
Variable details,Rater Initials,652
Variable details,Test,652
Variable details,Result,652
Variable details,Total MADRS Scale Score,652
Clinician Global Impressions Scale - Severity (CGI-S),Reason Not Performed,653
Clinician Global Impressions Scale - Severity (CGI-S),experience with patients who had the,653
Variable details,CGI-S Performed,654
Variable details,Reason Not Performed,654
Variable details,CGI-S Date,654
Variable details,CGI-S Time,654
Variable details,Rater Initials,654
Variable details,"SEVERITY OF PATIENT'S ILLNESS, relative to the clinician's past experience with patients who had the same diagnosis.",654
Clinical Global Impressions Scale - Improvement (CGI-I),Reason Not Performed,655
Clinical Global Impressions Scale - Improvement (CGI-I),admission to the project (screening) how,655
Variable details,CGI-I Performed,656
Variable details,Reason Not Performed,656
Variable details,CGI-I Date,656
Variable details,CGI-I Time,656
Variable details,Rater Initials,656
Variable details,Compared to his/her condition at admission to the project (screening) how much has he/she changed?,656
Physical Examination,Not Done,657
Physical Examination,Reason Not Done,657
Physical Examination,Interpretation,657
Physical Examination,Abnormal Findings,657
Physical Examination,Body System Examined,657
Physical Examination,"Other, Please Specify",657
Variable details,Physical Examination Performed,658
Variable details,Reason Not Performed,658
Variable details,Examination Date,658
Variable details,Examination Time,658
Variable details,Body System Examined,658
Variable details,"Other, Please Specify",658
Variable details,Not Done,658
Variable details,Reason Not Done,658
Variable details,Interpretation,658
Variable details,Abnormal Findings,658
Neurological Examination,Reason Not Performed,659
Neurological Examination,Neurological Examination Performed,659
Neurological Examination,Test,659
Variable details,Neurological Examination Performed,660
Variable details,Reason Not Performed,660
Variable details,Examination Date,660
Variable details,Examination Time,660
Variable details,Test,660
Variable details,Not Done,660
Variable details,Interpretation,660
Variable details,Comment,660
Breath Alcohol Screen and Urine Cotinine,Performed,661
Breath Alcohol Screen and Urine Cotinine,Reason Not Performed,661
Breath Alcohol Screen and Urine Cotinine,Test Time,661
Breath Alcohol Screen and Urine Cotinine,Result,661
Breath Alcohol Screen and Urine Cotinine,Test,661
Breath Alcohol Screen and Urine Cotinine,Test Date,661
Breath Alcohol Screen and Urine Cotinine,Comments,661
Variable details,Test,662
Variable details,Performed,662
Variable details,Reason Not Performed,662
Variable details,Test Date,662
Variable details,Test Time,662
Variable details,Result,662
Variable details,Comments,662
Urine Drugs of Abuse,Positive,663
Urine Drugs of Abuse,Amphetamines,663
Urine Drugs of Abuse,Negative,663
Urine Drugs of Abuse,Barbiturates,663
Urine Drugs of Abuse,Benzodiazepines,663
Urine Drugs of Abuse,Cannabinoids,663
Urine Drugs of Abuse,Cocaine,663
Urine Drugs of Abuse,Opiates,663
Variable details,Sample Performed,664
Variable details,Reason Not Performed,664
Variable details,Sample Date,664
Variable details,Sample Time,664
Variable details,DOA TEST,664
Variable details,Result,664
Variable details,Comments (If Positive),664
Pregnancy Test (Urine),Reason Not Performed,665
Variable details,Sample Performed,666
Variable details,Reason Not Performed,666
Variable details,Sample Date,666
Variable details,Sample Time,666
Variable details,Result,666
Urine Dipstick,Reason Not Performed,667
Urine Dipstick,Dipstick Performed,667
Specimen Appearance,Glucose,668
Specimen Appearance,Negative Trace (100) 250 (+) 500 (++) ≥1000 (+++),668
Specimen Appearance,Occult Blood,668
Specimen Appearance,Negative Trace - lysed,668
Specimen Appearance,Trace - intact,668
Specimen Appearance,Small (+) Moderate (++) Large (+++),668
Specimen Appearance,Specific Gravity (SG),668
Specimen Appearance,≤1.005 1.010 1.015,668
Specimen Appearance,1.020 1.025 ≥1.030,668
Specimen Appearance,Colour,668
Specimen Appearance,Sent for Microscopy,668
Variable details,Dipstick Performed,669
Variable details,Reason Not Performed,669
Variable details,Sample Date,669
Variable details,Sample Time,669
Variable details,Analysis Lab,669
Variable details,Specimen Appearance,669
Variable details,"Specimen Appearance, Other Specify",669
Variable details,Specimen Appearance Interpretation,669
Variable details,Glucose,669
Variable details,Glucose Interpretation,669
Variable details,pH,669
Variable details,pH Interpretation,669
Variable details,Occult Blood,669
Variable details,Occult Blood Interpretation,669
Variable details,Protein,669
Variable details,Protein Interpretation,669
Variable details,Specific Gravity (SG),669
Variable details,Specific Gravity (SG) Interpretation,669
Variable details,Colour,669
Variable details,"Colour, Other Specify",669
Variable details,Colour Interpretation,669
Variable details,Sent for Microscopy,669
Variable details,Microscopy Interpretation,669
Vital Signs - Single Time Point,Vital Signs - Single Time Point,670
Vital Signs - Single Time Point,Vital Signs Performed,670
Vital Signs - Single Time Point,Yes,670
Vital Signs - Single Time Point,No,670
Vital Signs - Single Time Point,Reason Not Performed,670
Vital Signs - Single Time Point,"Other, Please Specify",670
Vital Signs - Single Time Point,Vital Signs Details,670
Vital Signs - Single Time Point,Temperature (°C),670
Vital Signs - Single Time Point,Respiratory Rate (breaths/min),670
Vital Signs - Single Time Point,Systolic Blood Pressure (mmHg),670
Vital Signs - Single Time Point,Diastolic Blood Pressure (mmHg),670
Vital Signs - Single Time Point,Pulse Rate (beats/min),670
Vital Signs - Single Time Point,SPO2,670
Variable details,Vital Signs Performed,671
Variable details,Reason Not Performed,671
Variable details,Repetition Number,671
Variable details,Details,671
Variable details,Location,671
Variable details,Position,671
Variable details,"Other, Please Specify",671
Variable details,Vital Signs Date,671
Variable details,Position Time,671
Variable details,Vital Signs Time,671
Variable details,Not Done,671
Variable details,Test,671
Variable details,Result,671
Variable details,Interpretation,671
Variable details,Reason Not Done,671
Facial Expression Recognition Task (FERT),Reason Not Performed,672
Variable details,FERT Performed,673
Variable details,Reason Not Performed,673
Variable details,FERT Date,673
Variable details,FERT Time,673
Digit Symbol Substitution Test (DSST),Reason Not Performed,674
Variable details,DSST Performed,675
Variable details,Reason Not Performed,675
Variable details,DSST Date,675
Variable details,DSST Time,675
Pupillometry - Single Time Point,Done,676
Pupillometry - Single Time Point,pupilometer device.,676
Variable details,Pupillometry Assessment Performed,677
Variable details,Reason Not Performed,677
Variable details,Eye,677
Variable details,Repeat,677
Variable details,Not Done,677
Variable details,Reason Not Done,677
Variable details,Pupillometry Date,677
Variable details,Position Rest Time,677
Variable details,Pupillometry Start Time,677
Variable details,Readings downloaded onto a spreadsheet via Bluetooth from the pupilometer device.,677
Variable details,"Reviewed, signed and dated by a physician",677
Variable details,"Reason not review, signed and dated",677
Variable details,PLR diameter init,677
Variable details,PLR MAX constriction velocity,677
Variable details,PLR dilation velocity,677
Variable details,PLR T75,677
Variable details,Pupil Area (Calculated),677
Variable details,ACA (Calculated),677
Variable details,Dilation Velocity at T75 (Calculated),677
Haematology,Reason Not Performed,678
Haematology,Complete for all parameters,678
Haematology,Basophils,679
Haematology,Basophils/Leukocytes,679
Haematology,Eosinophils,679
Haematology,Eosinophils/Leukocytes,679
Haematology,Ery. Mean Corpuscular HGB Concentration,679
Haematology,Ery. Mean Corpuscular Volume,679
Haematology,Erythrocyte,679
Haematology,Hematocrit,679
Haematology,Hemoglobin,679
Haematology,Leukocytes,679
Haematology,Lymphocytes,679
Haematology,Lymphocytes/Leukocytes,679
Haematology,Monocytes,679
Haematology,Monocytes/Leukocytes,679
Haematology,Neutrophils,679
Haematology,Neutrophils/Leukocytes,679
Haematology,Platelets,679
Variable details,Sample Performed,680
Variable details,Reason Not Performed,680
Variable details,Sample Date,680
Variable details,Sample Time,680
Variable details,Parameter,680
Variable details,Not Done,680
Variable details,Reason Not Done,680
Variable details,Interpretation,680
Biochemistry,Alanine Aminotransferase,681
Biochemistry,Alkaline Phosphatase,681
Biochemistry,Aspartate Aminotransferase,681
Biochemistry,Bilirubin,681
Biochemistry,Calcium,681
Biochemistry,Cholesterol,681
Biochemistry,Creatinine,681
Biochemistry,Gamma Glutamyl Transferase,681
Biochemistry,Glucose,681
Biochemistry,Lactate Dehydrogenase,681
Biochemistry,Potassium,681
Biochemistry,Protein,681
Biochemistry,Sodium,681
Biochemistry,Triglycerides,681
Biochemistry,Urea Nitrogen,681
Variable details,Sample Performed,682
Variable details,Reason Not Performed,682
Variable details,Sample Date,682
Variable details,Sample Time,682
Variable details,Parameter,682
Variable details,Not Done,682
Variable details,Reason Not Done,682
Variable details,Interpretation,682
Coagulation,Reason Not Performed,683
Coagulation,Not Done,683
Coagulation,Reason Not Done,683
Coagulation,Parameter,683
Coagulation,Interpretation,683
Coagulation,Complete for all parameters,683
Variable details,Sample Performed,684
Variable details,Reason Not Performed,684
Variable details,Sample Date,684
Variable details,Sample Time,684
Variable details,Parameter,684
Variable details,Not Done,684
Variable details,Reason Not Done,684
Variable details,Interpretation,684
C-SSRS (Since Last Visit),3. Active Suicidal Ideation with Any,685
C-SSRS (Since Last Visit),4. Active Suicidal Ideation with Some,685
C-SSRS (Since Last Visit),5. Active Suicidal Ideation with,685
C-SSRS (Since Last Visit),SUICIDAL IDEATION,685
C-SSRS (Since Last Visit),Since Last Visit,685
C-SSRS (Since Last Visit),Yes,685
C-SSRS (Since Last Visit),1. Wish to be Dead,685
C-SSRS (Since Last Visit),2. Non-Specific Active Suicidal Thoughts,685
C-SSRS (Since Last Visit),3. Active Suicidal Ideation with Any Methods (Not Plan) without Intent to Act,685
C-SSRS (Since Last Visit),Methods (Not Plan) without Intent to Act,685
C-SSRS (Since Last Visit),"4. Active Suicidal Ideation with Some Intent to Act, without Specific Plan",685
C-SSRS (Since Last Visit),"Intent to Act, without Specific Plan",685
C-SSRS (Since Last Visit),5. Active Suicidal Ideation with Specific Plan and Intent,685
C-SSRS (Since Last Visit),Specific Plan and Intent,685
C-SSRS (Since Last Visit),INTENSITY OF IDEATION,685
C-SSRS (Since Last Visit),Type # (1-5),685
C-SSRS (Since Last Visit),Since Last Visit,686
C-SSRS (Since Last Visit),Frequency,686
C-SSRS (Since Last Visit),Duration,686
C-SSRS (Since Last Visit),Controllability,686
C-SSRS (Since Last Visit),Deterrents,686
C-SSRS (Since Last Visit),Reasons for Ideation,686
C-SSRS (Since Last Visit),SUICIDAL BEHAVIOUR,686
C-SSRS (Since Last Visit),Actual Attempt,686
C-SSRS (Since Last Visit),Total Number of Attempts,686
C-SSRS (Since Last Visit),Yes,686
C-SSRS (Since Last Visit),Has subject engaged in Non-Suicidal Self-Injurious Behaviour?,686
C-SSRS (Since Last Visit),Self-Injurious Behaviour?,686
C-SSRS (Since Last Visit),Interrupted Attempt,686
C-SSRS (Since Last Visit),Total Number of Interrupted,686
C-SSRS (Since Last Visit),Aborted Attempt,686
C-SSRS (Since Last Visit),Total Number of Aborted,686
C-SSRS (Since Last Visit),Suicidal Behaviour,687
C-SSRS (Since Last Visit),Suicide,687
C-SSRS (Since Last Visit),Answer for Actual Attempts Only,687
C-SSRS (Since Last Visit),Most Lethal Attempt Date,687
C-SSRS (Since Last Visit),Attempt Date,687
C-SSRS (Since Last Visit),Date,687
C-SSRS (Since Last Visit),Enter Code,687
C-SSRS (Since Last Visit),Actual Lethality/Medical Damage,687
C-SSRS (Since Last Visit),Potential Lethality,687
Variable details,Name,688
Variable details,Export Name,688
Variable details,Type,688
Variable details,Max length,688
Variable details,Categories,688
Sleep EEG -At Home,Reason Not Performed,690
Sleep EEG -At Home,Device Serial Number,690
Sleep EEG -At Home,Date Device Kit Given To Subject,690
Sleep EEG -At Home,Date Device Kit Retrieved From Subject,690
Variable details,Sleep EEG Performed,691
Variable details,Reason Not Performed,691
Variable details,Device Serial Number,691
Variable details,Date Device Kit Given To Subject,691
Variable details,Date Device Kit Retrieved From Subject,691
Visit Date,Visit Date,693
Variable details,Name,694
Variable details,Export Name,694
Variable details,Type,694
Variable details,Max length,694
Variable details,Categories,694
Montgomery and Asberg Depression RS (MADRS),Montgomery and Asberg Depression RS (MADRS),695
Montgomery and Asberg Depression RS (MADRS),"Version: SIGMA - Since Last Evaluation 2016, v. 1 (Up to Day 3), SIGMA 2011, v. 1.2 (After Day 3).",695
Montgomery and Asberg Depression RS (MADRS),MADRS Performed,695
Montgomery and Asberg Depression RS (MADRS),Yes,695
Montgomery and Asberg Depression RS (MADRS),No,695
Montgomery and Asberg Depression RS (MADRS),Reason Not Performed,695
Montgomery and Asberg Depression RS (MADRS),MADRS Date,695
Montgomery and Asberg Depression RS (MADRS),MADRS Time,695
Montgomery and Asberg Depression RS (MADRS),Rater Initials,695
Montgomery and Asberg Depression RS (MADRS),Result,695
Montgomery and Asberg Depression RS (MADRS),1. Reported Sadness,695
Montgomery and Asberg Depression RS (MADRS),2. Apparent Sadness,695
Montgomery and Asberg Depression RS (MADRS),3. Inner Tension,695
Montgomery and Asberg Depression RS (MADRS),4. Reduced Sleep,695
Montgomery and Asberg Depression RS (MADRS),5. Reduced appetite,695
Montgomery and Asberg Depression RS (MADRS),6. Concentration Difficulties,695
Montgomery and Asberg Depression RS (MADRS),7. Lassitude,695
Montgomery and Asberg Depression RS (MADRS),8. Inability To Feel,695
Montgomery and Asberg Depression RS (MADRS),9. Pessimistic Thoughts,695
Montgomery and Asberg Depression RS (MADRS),10. Suicidal Thoughts,695
Montgomery and Asberg Depression RS (MADRS),Total MADRS Scale Score,695
Variable details,MADRS Performed,696
Variable details,Reason Not Performed,696
Variable details,MADRS Date,696
Variable details,MADRS Time,696
Variable details,Rater Initials,696
Variable details,Test,696
Variable details,Result,696
Variable details,Total MADRS Scale Score,696
Clinician Global Impressions Scale - Severity (CGI-S),Reason Not Performed,697
Clinician Global Impressions Scale - Severity (CGI-S),experience with patients who had the,697
Variable details,CGI-S Performed,698
Variable details,Reason Not Performed,698
Variable details,CGI-S Date,698
Variable details,CGI-S Time,698
Variable details,Rater Initials,698
Variable details,"SEVERITY OF PATIENT'S ILLNESS, relative to the clinician's past experience with patients who had the same diagnosis.",698
Clinical Global Impressions Scale - Improvement (CGI-I),Reason Not Performed,699
Clinical Global Impressions Scale - Improvement (CGI-I),admission to the project (screening) how,699
Variable details,CGI-I Performed,700
Variable details,Reason Not Performed,700
Variable details,CGI-I Date,700
Variable details,CGI-I Time,700
Variable details,Rater Initials,700
Variable details,Compared to his/her condition at admission to the project (screening) how much has he/she changed?,700
Physical Examination,Not Done,701
Physical Examination,Reason Not Done,701
Physical Examination,Interpretation,701
Physical Examination,Abnormal Findings,701
Physical Examination,Body System Examined,701
Physical Examination,"Other, Please Specify",701
Variable details,Physical Examination Performed,702
Variable details,Reason Not Performed,702
Variable details,Examination Date,702
Variable details,Examination Time,702
Variable details,Body System Examined,702
Variable details,"Other, Please Specify",702
Variable details,Not Done,702
Variable details,Reason Not Done,702
Variable details,Interpretation,702
Variable details,Abnormal Findings,702
Neurological Examination,Reason Not Performed,703
Neurological Examination,Neurological Examination Performed,703
Neurological Examination,Test,703
Variable details,Neurological Examination Performed,704
Variable details,Reason Not Performed,704
Variable details,Examination Date,704
Variable details,Examination Time,704
Variable details,Test,704
Variable details,Not Done,704
Variable details,Interpretation,704
Variable details,Comment,704
Weight & BMI,Reason Not Performed,705
Weight & BMI,Test,705
Variable details,Assessment Performed,706
Variable details,Reason Not Performed,706
Variable details,Assessment Date,706
Variable details,Test,706
Variable details,Not Done,706
Variable details,Result,706
Urine Dipstick,Reason Not Performed,707
Urine Dipstick,Dipstick Performed,707
Specimen Appearance,Glucose,708
Specimen Appearance,Negative Trace (100) 250 (+) 500 (++) ≥1000 (+++),708
Specimen Appearance,Occult Blood,708
Specimen Appearance,Negative Trace - lysed,708
Specimen Appearance,Trace - intact,708
Specimen Appearance,Small (+) Moderate (++) Large (+++),708
Specimen Appearance,Specific Gravity (SG),708
Specimen Appearance,≤1.005 1.010 1.015,708
Specimen Appearance,1.020 1.025 ≥1.030,708
Specimen Appearance,Colour,708
Specimen Appearance,Sent for Microscopy,708
Variable details,Dipstick Performed,709
Variable details,Reason Not Performed,709
Variable details,Sample Date,709
Variable details,Sample Time,709
Variable details,Analysis Lab,709
Variable details,Specimen Appearance,709
Variable details,"Specimen Appearance, Other Specify",709
Variable details,Specimen Appearance Interpretation,709
Variable details,Glucose,709
Variable details,Glucose Interpretation,709
Variable details,pH,709
Variable details,pH Interpretation,709
Variable details,Occult Blood,709
Variable details,Occult Blood Interpretation,709
Variable details,Protein,709
Variable details,Protein Interpretation,709
Variable details,Specific Gravity (SG),709
Variable details,Specific Gravity (SG) Interpretation,709
Variable details,Colour,709
Variable details,"Colour, Other Specify",709
Variable details,Colour Interpretation,709
Variable details,Sent for Microscopy,709
Variable details,Microscopy Interpretation,709
Vital Signs - Single Time Point,Vital Signs - Single Time Point,710
Vital Signs - Single Time Point,Vital Signs Performed,710
Vital Signs - Single Time Point,Yes,710
Vital Signs - Single Time Point,No,710
Vital Signs - Single Time Point,Reason Not Performed,710
Vital Signs - Single Time Point,"Other, Please Specify",710
Vital Signs - Single Time Point,Vital Signs Details,710
Vital Signs - Single Time Point,Temperature (°C),710
Vital Signs - Single Time Point,Respiratory Rate (breaths/min),710
Vital Signs - Single Time Point,Systolic Blood Pressure (mmHg),710
Vital Signs - Single Time Point,Diastolic Blood Pressure (mmHg),710
Vital Signs - Single Time Point,Pulse Rate (beats/min),710
Vital Signs - Single Time Point,SPO2,710
Variable details,Vital Signs Performed,711
Variable details,Reason Not Performed,711
Variable details,Repetition Number,711
Variable details,Details,711
Variable details,Location,711
Variable details,Position,711
Variable details,"Other, Please Specify",711
Variable details,Vital Signs Date,711
Variable details,Position Time,711
Variable details,Vital Signs Time,711
Variable details,Not Done,711
Variable details,Test,711
Variable details,Result,711
Variable details,Interpretation,711
Variable details,Reason Not Done,711
12-Lead ECG - Single Time Point,Position Time,712
12-Lead ECG - Single Time Point,ECG Time,712
12-Lead ECG - Single Time Point,Interpretation,712
12-Lead ECG - Single Time Point,Interpretation Comment,712
12-Lead ECG - Single Time Point,Not Done,712
12-Lead ECG - Single Time Point,Test,712
12-Lead ECG - Single Time Point,Result,712
12-Lead ECG - Single Time Point,Reason Not Done,712
12-Lead ECG - Single Time Point,Details,712
12-Lead ECG - Single Time Point,Position,712
12-Lead ECG - Single Time Point,ECG Date,712
12-Lead ECG - Single Time Point,Details 1 2 3 4 5 6,712
Variable details,ECG Performed,713
Variable details,Reason Not Performed,713
Variable details,Details,713
Variable details,Position,713
Variable details,ECG Date,713
Variable details,Position Time,713
Variable details,ECG Time,713
Variable details,Interpretation,713
Variable details,Interpretation Comment,713
Variable details,Not Done,713
Variable details,Test,713
Variable details,Result,713
Variable details,Reason Not Done,713
Echocardiogram,Reason Not Performed,714
Echocardiogram,Interpretation Comment,714
Echocardiogram,Echocardiogram Performed,714
Echocardiogram,Echocardiogram Date,714
Echocardiogram,Echocardiogram Time,714
Variable details,Echocardiogram Performed,715
Variable details,Reason Not Performed,715
Variable details,Echocardiogram Date,715
Variable details,Echocardiogram Time,715
Variable details,Interpretation,715
Variable details,Interpretation Comment,715
Facial Expression Recognition Task (FERT),Reason Not Performed,716
Variable details,FERT Performed,717
Variable details,Reason Not Performed,717
Variable details,FERT Date,717
Variable details,FERT Time,717
Digit Symbol Substitution Test (DSST),Reason Not Performed,718
Variable details,DSST Performed,719
Variable details,Reason Not Performed,719
Variable details,DSST Date,719
Variable details,DSST Time,719
Pupillometry - Single Time Point,Done,720
Pupillometry - Single Time Point,pupilometer device.,720
Variable details,Pupillometry Assessment Performed,721
Variable details,Reason Not Performed,721
Variable details,Eye,721
Variable details,Repeat,721
Variable details,Not Done,721
Variable details,Reason Not Done,721
Variable details,Pupillometry Date,721
Variable details,Position Rest Time,721
Variable details,Pupillometry Start Time,721
Variable details,Readings downloaded onto a spreadsheet via Bluetooth from the pupilometer device.,721
Variable details,"Reviewed, signed and dated by a physician",721
Variable details,"Reason not review, signed and dated",721
Variable details,PLR diameter init,721
Variable details,PLR MAX constriction velocity,721
Variable details,PLR dilation velocity,721
Variable details,PLR T75,721
Variable details,Pupil Area (Calculated),721
Variable details,ACA (Calculated),721
Variable details,Dilation Velocity at T75 (Calculated),721
PK Sampling - Single Time Point,Sample Performed,722
PK Sampling - Single Time Point,Reason Not Done,722
PK Sampling - Single Time Point,Sample Date,722
PK Sampling - Single Time Point,Sample Time,722
PK Sampling - Single Time Point,Specimen Type,722
PK Sampling - Single Time Point,Primary Sample Accession Number,722
PK Sampling - Single Time Point,Back Up Sample Accession Number,722
PK Sampling - Single Time Point,Sample Performed Reason Not Done,722
Variable details,Sample Performed,723
Variable details,Reason Not Done,723
Variable details,Sample Date,723
Variable details,Sample Time,723
Variable details,Specimen Type,723
Variable details,Primary Sample Accession Number,723
Variable details,Back Up Sample Accession Number,723
Plasma samples (PD) - Single Time Point,Sample Performed,724
Plasma samples (PD) - Single Time Point,Reason Not Done,724
Plasma samples (PD) - Single Time Point,Sample Date,724
Plasma samples (PD) - Single Time Point,Sample Time,724
Plasma samples (PD) - Single Time Point,Primary Sample Accession Number,724
Plasma samples (PD) - Single Time Point,Back Up Sample Accession Number,724
Plasma samples (PD) - Single Time Point,Sample Performed Reason Not Done,724
Variable details,Sample Performed,725
Variable details,Reason Not Done,725
Variable details,Sample Date,725
Variable details,Sample Time,725
Variable details,Primary Sample Accession Number,725
Variable details,Back Up Sample Accession Number,725
Subjective Drug Intensity (SDI) - Day 1,Reason Not Performed,726
Subjective Drug Intensity (SDI) - Day 1,Subjective Drug Intensity (SDI) - Post,726
Variable details,Subjective Drug Intensity (SDI) - Post Day 1 Performed,727
Variable details,Reason Not Performed,727
Variable details,Date,727
Variable details,Time,727
Variable details,How intense is your current drug experience right now?,727
Haematology,Reason Not Performed,728
Haematology,Complete for all parameters,728
Haematology,Basophils,729
Haematology,Basophils/Leukocytes,729
Haematology,Eosinophils,729
Haematology,Eosinophils/Leukocytes,729
Haematology,Ery. Mean Corpuscular HGB Concentration,729
Haematology,Ery. Mean Corpuscular Volume,729
Haematology,Erythrocyte,729
Haematology,Hematocrit,729
Haematology,Hemoglobin,729
Haematology,Leukocytes,729
Haematology,Lymphocytes,729
Haematology,Lymphocytes/Leukocytes,729
Haematology,Monocytes,729
Haematology,Monocytes/Leukocytes,729
Haematology,Neutrophils,729
Haematology,Neutrophils/Leukocytes,729
Haematology,Platelets,729
Variable details,Sample Performed,730
Variable details,Reason Not Performed,730
Variable details,Sample Date,730
Variable details,Sample Time,730
Variable details,Parameter,730
Variable details,Not Done,730
Variable details,Reason Not Done,730
Variable details,Interpretation,730
Biochemistry,Alanine Aminotransferase,731
Biochemistry,Alkaline Phosphatase,731
Biochemistry,Aspartate Aminotransferase,731
Biochemistry,Bilirubin,731
Biochemistry,Calcium,731
Biochemistry,Cholesterol,731
Biochemistry,Creatinine,731
Biochemistry,Gamma Glutamyl Transferase,731
Biochemistry,Glucose,731
Biochemistry,Lactate Dehydrogenase,731
Biochemistry,Potassium,731
Biochemistry,Protein,731
Biochemistry,Sodium,731
Biochemistry,Triglycerides,731
Biochemistry,Urea Nitrogen,731
Variable details,Sample Performed,732
Variable details,Reason Not Performed,732
Variable details,Sample Date,732
Variable details,Sample Time,732
Variable details,Parameter,732
Variable details,Not Done,732
Variable details,Reason Not Done,732
Variable details,Interpretation,732
Coagulation,Reason Not Performed,733
Coagulation,Not Done,733
Coagulation,Reason Not Done,733
Coagulation,Parameter,733
Coagulation,Interpretation,733
Coagulation,Complete for all parameters,733
Variable details,Sample Performed,734
Variable details,Reason Not Performed,734
Variable details,Sample Date,734
Variable details,Sample Time,734
Variable details,Parameter,734
Variable details,Not Done,734
Variable details,Reason Not Done,734
Variable details,Interpretation,734
C-SSRS (Since Last Visit),3. Active Suicidal Ideation with Any,735
C-SSRS (Since Last Visit),4. Active Suicidal Ideation with Some,735
C-SSRS (Since Last Visit),5. Active Suicidal Ideation with,735
C-SSRS (Since Last Visit),SUICIDAL IDEATION,735
C-SSRS (Since Last Visit),Since Last Visit,735
C-SSRS (Since Last Visit),Yes,735
C-SSRS (Since Last Visit),1. Wish to be Dead,735
C-SSRS (Since Last Visit),2. Non-Specific Active Suicidal Thoughts,735
C-SSRS (Since Last Visit),3. Active Suicidal Ideation with Any Methods (Not Plan) without Intent to Act,735
C-SSRS (Since Last Visit),Methods (Not Plan) without Intent to Act,735
C-SSRS (Since Last Visit),"4. Active Suicidal Ideation with Some Intent to Act, without Specific Plan",735
C-SSRS (Since Last Visit),"Intent to Act, without Specific Plan",735
C-SSRS (Since Last Visit),5. Active Suicidal Ideation with Specific Plan and Intent,735
C-SSRS (Since Last Visit),Specific Plan and Intent,735
C-SSRS (Since Last Visit),INTENSITY OF IDEATION,735
C-SSRS (Since Last Visit),Type # (1-5),735
C-SSRS (Since Last Visit),Since Last Visit,736
C-SSRS (Since Last Visit),Frequency,736
C-SSRS (Since Last Visit),Duration,736
C-SSRS (Since Last Visit),Controllability,736
C-SSRS (Since Last Visit),Deterrents,736
C-SSRS (Since Last Visit),Reasons for Ideation,736
C-SSRS (Since Last Visit),SUICIDAL BEHAVIOUR,736
C-SSRS (Since Last Visit),Actual Attempt,736
C-SSRS (Since Last Visit),Total Number of Attempts,736
C-SSRS (Since Last Visit),Yes,736
C-SSRS (Since Last Visit),Has subject engaged in Non-Suicidal Self-Injurious Behaviour?,736
C-SSRS (Since Last Visit),Self-Injurious Behaviour?,736
C-SSRS (Since Last Visit),Interrupted Attempt,736
C-SSRS (Since Last Visit),Total Number of Interrupted,736
C-SSRS (Since Last Visit),Aborted Attempt,736
C-SSRS (Since Last Visit),Total Number of Aborted,736
C-SSRS (Since Last Visit),Suicidal Behaviour,737
C-SSRS (Since Last Visit),Suicide,737
C-SSRS (Since Last Visit),Answer for Actual Attempts Only,737
C-SSRS (Since Last Visit),Most Lethal Attempt Date,737
C-SSRS (Since Last Visit),Attempt Date,737
C-SSRS (Since Last Visit),Date,737
C-SSRS (Since Last Visit),Enter Code,737
C-SSRS (Since Last Visit),Actual Lethality/Medical Damage,737
C-SSRS (Since Last Visit),Potential Lethality,737
Variable details,Name,738
Variable details,Export Name,738
Variable details,Type,738
Variable details,Max length,738
Variable details,Categories,738
Positive and Negative Symptom Scale (PANSS),Test,740
Positive and Negative Symptom Scale (PANSS),Result,740
Positive and Negative Symptom Scale (PANSS),Test 1,740
Variable details,PANSS Performed,741
Variable details,Reason Not Performed,741
Variable details,PANSS Date,741
Variable details,PANSS Time,741
Variable details,Rater Initials,741
Variable details,Test,741
Variable details,Result,741
Discharge From Clinic,Clinic Discharge Date,742
Discharge From Clinic,Discharged From Clinic,742
Discharge From Clinic,Clinic Discharge Time,742
Variable details,Discharged From Clinic,743
Variable details,Clinic Discharge Date,743
Variable details,Clinic Discharge Time,743
Sleep EEG -At Home,Reason Not Performed,744
Sleep EEG -At Home,Device Serial Number,744
Sleep EEG -At Home,Date Device Kit Given To Subject,744
Sleep EEG -At Home,Date Device Kit Retrieved From Subject,744
Variable details,Sleep EEG Performed,745
Variable details,Reason Not Performed,745
Variable details,Device Serial Number,745
Variable details,Date Device Kit Given To Subject,745
Variable details,Date Device Kit Retrieved From Subject,745
Visit Date,Visit Date,747
Variable details,Name,748
Variable details,Export Name,748
Variable details,Type,748
Variable details,Max length,748
Variable details,Categories,748
Montgomery and Asberg Depression RS (MADRS),Montgomery and Asberg Depression RS (MADRS),749
Montgomery and Asberg Depression RS (MADRS),"Version: SIGMA - Since Last Evaluation 2016, v. 1 (Up to Day 3), SIGMA 2011, v. 1.2 (After Day 3).",749
Montgomery and Asberg Depression RS (MADRS),MADRS Performed,749
Montgomery and Asberg Depression RS (MADRS),Yes,749
Montgomery and Asberg Depression RS (MADRS),No,749
Montgomery and Asberg Depression RS (MADRS),Reason Not Performed,749
Montgomery and Asberg Depression RS (MADRS),MADRS Date,749
Montgomery and Asberg Depression RS (MADRS),MADRS Time,749
Montgomery and Asberg Depression RS (MADRS),Rater Initials,749
Montgomery and Asberg Depression RS (MADRS),Result,749
Montgomery and Asberg Depression RS (MADRS),1. Reported Sadness,749
Montgomery and Asberg Depression RS (MADRS),2. Apparent Sadness,749
Montgomery and Asberg Depression RS (MADRS),3. Inner Tension,749
Montgomery and Asberg Depression RS (MADRS),4. Reduced Sleep,749
Montgomery and Asberg Depression RS (MADRS),5. Reduced appetite,749
Montgomery and Asberg Depression RS (MADRS),6. Concentration Difficulties,749
Montgomery and Asberg Depression RS (MADRS),7. Lassitude,749
Montgomery and Asberg Depression RS (MADRS),8. Inability To Feel,749
Montgomery and Asberg Depression RS (MADRS),9. Pessimistic Thoughts,749
Montgomery and Asberg Depression RS (MADRS),10. Suicidal Thoughts,749
Montgomery and Asberg Depression RS (MADRS),Total MADRS Scale Score,749
Variable details,MADRS Performed,750
Variable details,Reason Not Performed,750
Variable details,MADRS Date,750
Variable details,MADRS Time,750
Variable details,Rater Initials,750
Variable details,Test,750
Variable details,Result,750
Variable details,Total MADRS Scale Score,750
Clinician Global Impressions Scale - Severity (CGI-S),Reason Not Performed,751
Clinician Global Impressions Scale - Severity (CGI-S),experience with patients who had the,751
Variable details,CGI-S Performed,752
Variable details,Reason Not Performed,752
Variable details,CGI-S Date,752
Variable details,CGI-S Time,752
Variable details,Rater Initials,752
Variable details,"SEVERITY OF PATIENT'S ILLNESS, relative to the clinician's past experience with patients who had the same diagnosis.",752
Clinical Global Impressions Scale - Improvement (CGI-I),Reason Not Performed,753
Clinical Global Impressions Scale - Improvement (CGI-I),admission to the project (screening) how,753
Variable details,CGI-I Performed,754
Variable details,Reason Not Performed,754
Variable details,CGI-I Date,754
Variable details,CGI-I Time,754
Variable details,Rater Initials,754
Variable details,Compared to his/her condition at admission to the project (screening) how much has he/she changed?,754
Physical Examination,Not Done,755
Physical Examination,Reason Not Done,755
Physical Examination,Interpretation,755
Physical Examination,Abnormal Findings,755
Physical Examination,Body System Examined,755
Physical Examination,"Other, Please Specify",755
Variable details,Physical Examination Performed,756
Variable details,Reason Not Performed,756
Variable details,Examination Date,756
Variable details,Examination Time,756
Variable details,Body System Examined,756
Variable details,"Other, Please Specify",756
Variable details,Not Done,756
Variable details,Reason Not Done,756
Variable details,Interpretation,756
Variable details,Abnormal Findings,756
Neurological Examination,Reason Not Performed,757
Neurological Examination,Neurological Examination Performed,757
Neurological Examination,Test,757
Variable details,Neurological Examination Performed,758
Variable details,Reason Not Performed,758
Variable details,Examination Date,758
Variable details,Examination Time,758
Variable details,Test,758
Variable details,Not Done,758
Variable details,Interpretation,758
Variable details,Comment,758
Weight & BMI,Reason Not Performed,759
Weight & BMI,Test,759
Variable details,Assessment Performed,760
Variable details,Reason Not Performed,760
Variable details,Assessment Date,760
Variable details,Test,760
Variable details,Not Done,760
Variable details,Result,760
Breath Alcohol Screen and Urine Cotinine,Performed,761
Breath Alcohol Screen and Urine Cotinine,Reason Not Performed,761
Breath Alcohol Screen and Urine Cotinine,Test Time,761
Breath Alcohol Screen and Urine Cotinine,Result,761
Breath Alcohol Screen and Urine Cotinine,Test,761
Breath Alcohol Screen and Urine Cotinine,Test Date,761
Breath Alcohol Screen and Urine Cotinine,Comments,761
Variable details,Test,762
Variable details,Performed,762
Variable details,Reason Not Performed,762
Variable details,Test Date,762
Variable details,Test Time,762
Variable details,Result,762
Variable details,Comments,762
Urine Drugs of Abuse,Positive,763
Urine Drugs of Abuse,Amphetamines,763
Urine Drugs of Abuse,Negative,763
Urine Drugs of Abuse,Barbiturates,763
Urine Drugs of Abuse,Benzodiazepines,763
Urine Drugs of Abuse,Cannabinoids,763
Urine Drugs of Abuse,Cocaine,763
Urine Drugs of Abuse,Opiates,763
Variable details,Sample Performed,764
Variable details,Reason Not Performed,764
Variable details,Sample Date,764
Variable details,Sample Time,764
Variable details,DOA TEST,764
Variable details,Result,764
Variable details,Comments (If Positive),764
Pregnancy Test (Urine),Reason Not Performed,765
Variable details,Sample Performed,766
Variable details,Reason Not Performed,766
Variable details,Sample Date,766
Variable details,Sample Time,766
Variable details,Result,766
Urine Dipstick,Reason Not Performed,767
Urine Dipstick,Dipstick Performed,767
Specimen Appearance,Glucose,768
Specimen Appearance,Negative Trace (100) 250 (+) 500 (++) ≥1000 (+++),768
Specimen Appearance,Occult Blood,768
Specimen Appearance,Negative Trace - lysed,768
Specimen Appearance,Trace - intact,768
Specimen Appearance,Small (+) Moderate (++) Large (+++),768
Specimen Appearance,Specific Gravity (SG),768
Specimen Appearance,≤1.005 1.010 1.015,768
Specimen Appearance,1.020 1.025 ≥1.030,768
Specimen Appearance,Colour,768
Specimen Appearance,Sent for Microscopy,768
Variable details,Dipstick Performed,769
Variable details,Reason Not Performed,769
Variable details,Sample Date,769
Variable details,Sample Time,769
Variable details,Analysis Lab,769
Variable details,Specimen Appearance,769
Variable details,"Specimen Appearance, Other Specify",769
Variable details,Specimen Appearance Interpretation,769
Variable details,Glucose,769
Variable details,Glucose Interpretation,769
Variable details,pH,769
Variable details,pH Interpretation,769
Variable details,Occult Blood,769
Variable details,Occult Blood Interpretation,769
Variable details,Protein,769
Variable details,Protein Interpretation,769
Variable details,Specific Gravity (SG),769
Variable details,Specific Gravity (SG) Interpretation,769
Variable details,Colour,769
Variable details,"Colour, Other Specify",769
Variable details,Colour Interpretation,769
Variable details,Sent for Microscopy,769
Variable details,Microscopy Interpretation,769
Vital Signs - Single Time Point,Vital Signs - Single Time Point,770
Vital Signs - Single Time Point,Vital Signs Performed,770
Vital Signs - Single Time Point,Yes,770
Vital Signs - Single Time Point,No,770
Vital Signs - Single Time Point,Reason Not Performed,770
Vital Signs - Single Time Point,"Other, Please Specify",770
Vital Signs - Single Time Point,Vital Signs Details,770
Vital Signs - Single Time Point,Temperature (°C),770
Vital Signs - Single Time Point,Respiratory Rate (breaths/min),770
Vital Signs - Single Time Point,Systolic Blood Pressure (mmHg),770
Vital Signs - Single Time Point,Diastolic Blood Pressure (mmHg),770
Vital Signs - Single Time Point,Pulse Rate (beats/min),770
Vital Signs - Single Time Point,SPO2,770
Variable details,Vital Signs Performed,771
Variable details,Reason Not Performed,771
Variable details,Repetition Number,771
Variable details,Details,771
Variable details,Location,771
Variable details,Position,771
Variable details,"Other, Please Specify",771
Variable details,Vital Signs Date,771
Variable details,Position Time,771
Variable details,Vital Signs Time,771
Variable details,Not Done,771
Variable details,Test,771
Variable details,Result,771
Variable details,Interpretation,771
Variable details,Reason Not Done,771
12-Lead ECG - Single Time Point,Position Time,772
12-Lead ECG - Single Time Point,ECG Time,772
12-Lead ECG - Single Time Point,Interpretation,772
12-Lead ECG - Single Time Point,Interpretation Comment,772
12-Lead ECG - Single Time Point,Not Done,772
12-Lead ECG - Single Time Point,Test,772
12-Lead ECG - Single Time Point,Result,772
12-Lead ECG - Single Time Point,Reason Not Done,772
12-Lead ECG - Single Time Point,Details,772
12-Lead ECG - Single Time Point,Position,772
12-Lead ECG - Single Time Point,ECG Date,772
12-Lead ECG - Single Time Point,Details 1 2 3 4 5 6,772
Variable details,ECG Performed,773
Variable details,Reason Not Performed,773
Variable details,Details,773
Variable details,Position,773
Variable details,ECG Date,773
Variable details,Position Time,773
Variable details,ECG Time,773
Variable details,Interpretation,773
Variable details,Interpretation Comment,773
Variable details,Not Done,773
Variable details,Test,773
Variable details,Result,773
Variable details,Reason Not Done,773
Echocardiogram,Reason Not Performed,774
Echocardiogram,Interpretation Comment,774
Echocardiogram,Echocardiogram Performed,774
Echocardiogram,Echocardiogram Date,774
Echocardiogram,Echocardiogram Time,774
Variable details,Echocardiogram Performed,775
Variable details,Reason Not Performed,775
Variable details,Echocardiogram Date,775
Variable details,Echocardiogram Time,775
Variable details,Interpretation,775
Variable details,Interpretation Comment,775
Facial Expression Recognition Task (FERT),Reason Not Performed,776
Variable details,FERT Performed,777
Variable details,Reason Not Performed,777
Variable details,FERT Date,777
Variable details,FERT Time,777
Digit Symbol Substitution Test (DSST),Reason Not Performed,778
Variable details,DSST Performed,779
Variable details,Reason Not Performed,779
Variable details,DSST Date,779
Variable details,DSST Time,779
Pupillometry - Single Time Point,Done,780
Pupillometry - Single Time Point,pupilometer device.,780
Variable details,Pupillometry Assessment Performed,781
Variable details,Reason Not Performed,781
Variable details,Eye,781
Variable details,Repeat,781
Variable details,Not Done,781
Variable details,Reason Not Done,781
Variable details,Pupillometry Date,781
Variable details,Position Rest Time,781
Variable details,Pupillometry Start Time,781
Variable details,Readings downloaded onto a spreadsheet via Bluetooth from the pupilometer device.,781
Variable details,"Reviewed, signed and dated by a physician",781
Variable details,"Reason not review, signed and dated",781
Variable details,PLR diameter init,781
Variable details,PLR MAX constriction velocity,781
Variable details,PLR dilation velocity,781
Variable details,PLR T75,781
Variable details,Pupil Area (Calculated),781
Variable details,ACA (Calculated),781
Variable details,Dilation Velocity at T75 (Calculated),781
Plasma samples (PD) - Single Time Point,Sample Performed,782
Plasma samples (PD) - Single Time Point,Reason Not Done,782
Plasma samples (PD) - Single Time Point,Sample Date,782
Plasma samples (PD) - Single Time Point,Sample Time,782
Plasma samples (PD) - Single Time Point,Primary Sample Accession Number,782
Plasma samples (PD) - Single Time Point,Back Up Sample Accession Number,782
Plasma samples (PD) - Single Time Point,Sample Performed Reason Not Done,782
Variable details,Sample Performed,783
Variable details,Reason Not Done,783
Variable details,Sample Date,783
Variable details,Sample Time,783
Variable details,Primary Sample Accession Number,783
Variable details,Back Up Sample Accession Number,783
Haematology,Reason Not Performed,784
Haematology,Complete for all parameters,784
Haematology,Basophils,785
Haematology,Basophils/Leukocytes,785
Haematology,Eosinophils,785
Haematology,Eosinophils/Leukocytes,785
Haematology,Ery. Mean Corpuscular HGB Concentration,785
Haematology,Ery. Mean Corpuscular Volume,785
Haematology,Erythrocyte,785
Haematology,Hematocrit,785
Haematology,Hemoglobin,785
Haematology,Leukocytes,785
Haematology,Lymphocytes,785
Haematology,Lymphocytes/Leukocytes,785
Haematology,Monocytes,785
Haematology,Monocytes/Leukocytes,785
Haematology,Neutrophils,785
Haematology,Neutrophils/Leukocytes,785
Haematology,Platelets,785
Variable details,Sample Performed,786
Variable details,Reason Not Performed,786
Variable details,Sample Date,786
Variable details,Sample Time,786
Variable details,Parameter,786
Variable details,Not Done,786
Variable details,Reason Not Done,786
Variable details,Interpretation,786
Biochemistry,Alanine Aminotransferase,787
Biochemistry,Alkaline Phosphatase,787
Biochemistry,Aspartate Aminotransferase,787
Biochemistry,Bilirubin,787
Biochemistry,Calcium,787
Biochemistry,Cholesterol,787
Biochemistry,Creatinine,787
Biochemistry,Gamma Glutamyl Transferase,787
Biochemistry,Glucose,787
Biochemistry,Lactate Dehydrogenase,787
Biochemistry,Potassium,787
Biochemistry,Protein,787
Biochemistry,Sodium,787
Biochemistry,Triglycerides,787
Biochemistry,Urea Nitrogen,787
Variable details,Sample Performed,788
Variable details,Reason Not Performed,788
Variable details,Sample Date,788
Variable details,Sample Time,788
Variable details,Parameter,788
Variable details,Not Done,788
Variable details,Reason Not Done,788
Variable details,Interpretation,788
Coagulation,Reason Not Performed,789
Coagulation,Not Done,789
Coagulation,Reason Not Done,789
Coagulation,Parameter,789
Coagulation,Interpretation,789
Coagulation,Complete for all parameters,789
Variable details,Sample Performed,790
Variable details,Reason Not Performed,790
Variable details,Sample Date,790
Variable details,Sample Time,790
Variable details,Parameter,790
Variable details,Not Done,790
Variable details,Reason Not Done,790
Variable details,Interpretation,790
C-SSRS (Since Last Visit),3. Active Suicidal Ideation with Any,791
C-SSRS (Since Last Visit),4. Active Suicidal Ideation with Some,791
C-SSRS (Since Last Visit),5. Active Suicidal Ideation with,791
C-SSRS (Since Last Visit),SUICIDAL IDEATION,791
C-SSRS (Since Last Visit),Since Last Visit,791
C-SSRS (Since Last Visit),Yes,791
C-SSRS (Since Last Visit),1. Wish to be Dead,791
C-SSRS (Since Last Visit),2. Non-Specific Active Suicidal Thoughts,791
C-SSRS (Since Last Visit),3. Active Suicidal Ideation with Any Methods (Not Plan) without Intent to Act,791
C-SSRS (Since Last Visit),Methods (Not Plan) without Intent to Act,791
C-SSRS (Since Last Visit),"4. Active Suicidal Ideation with Some Intent to Act, without Specific Plan",791
C-SSRS (Since Last Visit),"Intent to Act, without Specific Plan",791
C-SSRS (Since Last Visit),5. Active Suicidal Ideation with Specific Plan and Intent,791
C-SSRS (Since Last Visit),Specific Plan and Intent,791
C-SSRS (Since Last Visit),INTENSITY OF IDEATION,791
C-SSRS (Since Last Visit),Type # (1-5),791
C-SSRS (Since Last Visit),Since Last Visit,792
C-SSRS (Since Last Visit),Frequency,792
C-SSRS (Since Last Visit),Duration,792
C-SSRS (Since Last Visit),Controllability,792
C-SSRS (Since Last Visit),Deterrents,792
C-SSRS (Since Last Visit),Reasons for Ideation,792
C-SSRS (Since Last Visit),SUICIDAL BEHAVIOUR,792
C-SSRS (Since Last Visit),Actual Attempt,792
C-SSRS (Since Last Visit),Total Number of Attempts,792
C-SSRS (Since Last Visit),Yes,792
C-SSRS (Since Last Visit),Has subject engaged in Non-Suicidal Self-Injurious Behaviour?,792
C-SSRS (Since Last Visit),Self-Injurious Behaviour?,792
C-SSRS (Since Last Visit),Interrupted Attempt,792
C-SSRS (Since Last Visit),Total Number of Interrupted,792
C-SSRS (Since Last Visit),Aborted Attempt,792
C-SSRS (Since Last Visit),Total Number of Aborted,792
C-SSRS (Since Last Visit),Suicidal Behaviour,793
C-SSRS (Since Last Visit),Suicide,793
C-SSRS (Since Last Visit),Answer for Actual Attempts Only,793
C-SSRS (Since Last Visit),Most Lethal Attempt Date,793
C-SSRS (Since Last Visit),Attempt Date,793
C-SSRS (Since Last Visit),Date,793
C-SSRS (Since Last Visit),Enter Code,793
C-SSRS (Since Last Visit),Actual Lethality/Medical Damage,793
C-SSRS (Since Last Visit),Potential Lethality,793
Variable details,Name,794
Variable details,Export Name,794
Variable details,Type,794
Variable details,Max length,794
Variable details,Categories,794
Sleep EEG -At Home,Reason Not Performed,796
Sleep EEG -At Home,Device Serial Number,796
Sleep EEG -At Home,Date Device Kit Given To Subject,796
Sleep EEG -At Home,Date Device Kit Retrieved From Subject,796
Variable details,Sleep EEG Performed,797
Variable details,Reason Not Performed,797
Variable details,Device Serial Number,797
Variable details,Date Device Kit Given To Subject,797
Variable details,Date Device Kit Retrieved From Subject,797
Prior and Concomitant Medication Log,to,799
Prior and Concomitant Medication Log,History,799
Variable details,Any Prior and Concomitant Medications,800
Variable details,Medication,800
Variable details,Medication Type,800
Variable details,Indication,800
Variable details,Related to Adverse Event,800
Variable details,Related Adverse Event ID,800
Variable details,Related to Medical History,800
Variable details,Related Medical History Event ID,800
Variable details,Dose,800
Variable details,Unit,800
Variable details,"Other Unit, Please Specify",800
Variable details,Form,800
Variable details,"Other Form, Please Specify",800
Variable details,Frequency,800
Variable details,"Other Frequency, Please Specify",800
Variable details,Route,800
Variable details,"Other Route, Please Specify",800
Variable details,Start Date,800
Concomitant Therapy,Therapy,802
Concomitant Therapy,Indication,802
Concomitant Therapy,Related to Adverse Event,802
Concomitant Therapy,Related Adverse Event ID,802
Concomitant Therapy,Related to Medical History,802
Concomitant Therapy,Related Medical History Event ID,802
Concomitant Therapy,Start Date,802
Concomitant Therapy,Ongoing,802
Concomitant Therapy,End Date,802
Variable details,Any Concomitant Therapy,803
Variable details,Therapy,803
Variable details,Indication,803
Variable details,Related to Adverse Event,803
Variable details,Related Adverse Event ID,803
Variable details,Related to Medical History,803
Variable details,Related Medical History Event ID,803
Variable details,Start Date,803
Variable details,Ongoing,803
Variable details,End Date,803
Adverse Event Log,Hospitalization,804
Adverse Event Log,Serious,804
Variable details,Any Adverse Events,805
Variable details,AE Number,805
Variable details,Adverse Event Term,805
Variable details,Start Date,805
Variable details,Start Time,805
Variable details,Ongoing,805
Variable details,End Date,805
Variable details,End Time,805
Variable details,Severity,805
Variable details,SAE,805
Variable details,Results in Death,805
Variable details,Is Life Threatening,805
Variable details,Requires or Prolongs Hospitalization,805
Variable details,Persistent or Significant Disability/Incapacity,805
Variable details,Congenital Anomaly or Birth Defect,805
Variable details,Other Medically Important Serious Event,805
Variable details,Relationship to Study Treatment,805
Variable details,Action Taken with Study Treatment,805
Variable details,Any Other Actions Taken,805
Variable details,Other Action Taken,805
Variable details,Outcome,805
Protocol Deviations,Description of Occurrence,806
Protocol Deviations,Actions Taken,806
Protocol Deviations,Category,806
Protocol Deviations,Protocol Deviation Date,806
Variable details,Any Protocol Deviations,807
Variable details,Category,807
Variable details,Description of Occurrence,807
Variable details,Actions Taken,807
Variable details,Protocol Deviation Date,807
Study Completion/Withdrawal,Completion/Withdrawal Date,808
Study Completion/Withdrawal,Participant Disposition,808
Study Completion/Withdrawal,Primary Reason for Screen Fail/Early Withdrawal,808
Study Completion/Withdrawal,"Other, Please Specify",808
Study Completion/Withdrawal,AE Number,808
Study Completion/Withdrawal,Death Date,808
Study Completion/Withdrawal,Early Withdrawal Point,808
Variable details,Completion/Withdrawal Date,809
Variable details,Participant Disposition,809
Variable details,Primary Reason for Screen Fail/Early Withdrawal,809
Variable details,"Other, Please Specify",809
Variable details,AE Number,809
Variable details,Death Date,809
Variable details,Early Withdrawal Point,809
Hamilton Depression Rating Scale (HAM-D),Reason Not Performed,811
Hamilton Depression Rating Scale (HAM-D),HAM-D Performed,811
Hamilton Depression Rating Scale (HAM-D),HAM-D Date,811
Hamilton Depression Rating Scale (HAM-D),HAM-D Time,811
Hamilton Depression Rating Scale (HAM-D),Rater Initials,811
Hamilton Depression Rating Scale (HAM-D),"1. Depressed Mood (Sadness, hopeless,",811
Hamilton Depression Rating Scale (HAM-D),"helpless, worthless) 2. Feelings of Guilt",811
Hamilton Depression Rating Scale (HAM-D),2. Feelings of Guilt,811
Hamilton Depression Rating Scale (HAM-D),3. Suicide,811
Hamilton Depression Rating Scale (HAM-D),6. Insomnia: Early Hours of the Morning,811
Hamilton Depression Rating Scale (HAM-D),7. Work and Activities,811
Hamilton Depression Rating Scale (HAM-D),8. Retardation,811
Hamilton Depression Rating Scale (HAM-D),9. Agitation,811
Hamilton Depression Rating Scale (HAM-D),10. Anxiety Psychic,811
Hamilton Depression Rating Scale (HAM-D),11. Anxiety Somatic,811
Hamilton Depression Rating Scale (HAM-D),12. Somatic Symptoms Gastro-Intestinal,811
Hamilton Depression Rating Scale (HAM-D),16. Loss of Weight (Rate either a OR b),812
Variable details,HAM-D Performed,813
Variable details,Reason Not Performed,813
Variable details,HAM-D Date,813
Variable details,HAM-D Time,813
Variable details,Rater Initials,813
Variable details,"1. Depressed Mood (Sadness, hopeless, helpless, worthless)",813
Variable details,2. Feelings of Guilt,813
Variable details,3. Suicide,813
Variable details,4. Insomnia: Early in the Night,813
Variable details,5. Insomnia: Middle of the Night,813
Variable details,6. Insomnia: Early Hours of the Morning,813
Variable details,7. Work and Activities,813
Variable details,8. Retardation,813
Variable details,9. Agitation,813
Variable details,10. Anxiety Psychic,813
Variable details,11. Anxiety Somatic,813
Variable details,12. Somatic Symptoms Gastro-Intestinal,813
Variable details,13. General Somatic Symptoms,813
Variable details,15. Hypochondriasis,814
Variable details,16. Loss of Weight (Rate either a OR b),814
Variable details,17. Insight,814
Variable details,Total Score,814
Montgomery and Asberg Depression RS (MADRS),Montgomery and Asberg Depression RS (MADRS),815
Montgomery and Asberg Depression RS (MADRS),"Version: SIGMA - Since Last Evaluation 2016, v. 1 (Up to Day 3), SIGMA 2011, v. 1.2 (After Day 3).",815
Montgomery and Asberg Depression RS (MADRS),MADRS Performed,815
Montgomery and Asberg Depression RS (MADRS),Yes,815
Montgomery and Asberg Depression RS (MADRS),No,815
Montgomery and Asberg Depression RS (MADRS),Reason Not Performed,815
Montgomery and Asberg Depression RS (MADRS),MADRS Date,815
Montgomery and Asberg Depression RS (MADRS),MADRS Time,815
Montgomery and Asberg Depression RS (MADRS),Rater Initials,815
Montgomery and Asberg Depression RS (MADRS),Result,815
Montgomery and Asberg Depression RS (MADRS),1. Reported Sadness,815
Montgomery and Asberg Depression RS (MADRS),2. Apparent Sadness,815
Montgomery and Asberg Depression RS (MADRS),3. Inner Tension,815
Montgomery and Asberg Depression RS (MADRS),4. Reduced Sleep,815
Montgomery and Asberg Depression RS (MADRS),5. Reduced appetite,815
Montgomery and Asberg Depression RS (MADRS),6. Concentration Difficulties,815
Montgomery and Asberg Depression RS (MADRS),7. Lassitude,815
Montgomery and Asberg Depression RS (MADRS),8. Inability To Feel,815
Montgomery and Asberg Depression RS (MADRS),9. Pessimistic Thoughts,815
Montgomery and Asberg Depression RS (MADRS),10. Suicidal Thoughts,815
Montgomery and Asberg Depression RS (MADRS),Total MADRS Scale Score,815
Variable details,MADRS Performed,816
Variable details,Reason Not Performed,816
Variable details,MADRS Date,816
Variable details,MADRS Time,816
Variable details,Rater Initials,816
Variable details,Test,816
Variable details,Result,816
Variable details,Total MADRS Scale Score,816
Clinician Global Impressions Scale - Severity (CGI-S),Reason Not Performed,817
Clinician Global Impressions Scale - Severity (CGI-S),experience with patients who had the,817
Variable details,CGI-S Performed,818
Variable details,Reason Not Performed,818
Variable details,CGI-S Date,818
Variable details,CGI-S Time,818
Variable details,Rater Initials,818
Variable details,"SEVERITY OF PATIENT'S ILLNESS, relative to the clinician's past experience with patients who had the same diagnosis.",818
Clinical Global Impressions Scale - Improvement (CGI-I),Reason Not Performed,819
Clinical Global Impressions Scale - Improvement (CGI-I),admission to the project (screening) how,819
Variable details,CGI-I Performed,820
Variable details,Reason Not Performed,820
Variable details,CGI-I Date,820
Variable details,CGI-I Time,820
Variable details,Rater Initials,820
Variable details,Compared to his/her condition at admission to the project (screening) how much has he/she changed?,820
SCID-5-CT,Reason Not Performed,821
SCID-5-CT,SCID-5-CT Performed,821
Variable details,SCID-5-CT Performed,822
Variable details,Reason Not Performed,822
Variable details,SCID-5-CT Date,822
Variable details,SCID-5-CT Time,822
Variable details,Rater Initials,822
Massachusetts General Hospital (MGH) Antidepressant Treatment Response Questionnaire (ATRQ),dose at optional level,823
Massachusetts General Hospital (MGH) Antidepressant Treatment Response Questionnaire (ATRQ),"Doxepin, 150mg/d, 250mg/d",823
Massachusetts General Hospital (MGH) Antidepressant Treatment Response Questionnaire (ATRQ),"Clomipramine, 150mg/d, 250mg/d",823
Massachusetts General Hospital (MGH) Antidepressant Treatment Response Questionnaire (ATRQ),"Amoxapine, 150mg/d, 250mg/d",823
Massachusetts General Hospital (MGH) Antidepressant Treatment Response Questionnaire (ATRQ),"Amitriptyline, 150mg/d, 250mg/d",823
Massachusetts General Hospital (MGH) Antidepressant Treatment Response Questionnaire (ATRQ),"Maprotiline, 150mg/d, 250mg/d",823
Massachusetts General Hospital (MGH) Antidepressant Treatment Response Questionnaire (ATRQ),"Desipramine, 150mg/d, 250mg/d",823
Massachusetts General Hospital (MGH) Antidepressant Treatment Response Questionnaire (ATRQ),"Nortriptyline, 75mg/d, 125mg/d",823
Massachusetts General Hospital (MGH) Antidepressant Treatment Response Questionnaire (ATRQ),"Trimipramine, 150mg/d, 250mg/d",823
Massachusetts General Hospital (MGH) Antidepressant Treatment Response Questionnaire (ATRQ),"Imipramine, 150mg/d, 250mg/d",823
Massachusetts General Hospital (MGH) Antidepressant Treatment Response Questionnaire (ATRQ),"Protriptyline, 30mg/d, 60mg/d",823
Massachusetts General Hospital (MGH) Antidepressant Treatment Response Questionnaire (ATRQ),"Pipofezine, 150mg/d, 300mg/d",823
Massachusetts General Hospital (MGH) Antidepressant Treatment Response Questionnaire (ATRQ),"Noxiptiline, 100mg/d, 200mg/d",823
Massachusetts General Hospital (MGH) Antidepressant Treatment Response Questionnaire (ATRQ),Monoamine Oxidase Inhibitors (MAOIs),823
Massachusetts General Hospital (MGH) Antidepressant Treatment Response Questionnaire (ATRQ),"Selegiline Patch, 6mg/24hrs, 12mg/24hrs",824
Massachusetts General Hospital (MGH) Antidepressant Treatment Response Questionnaire (ATRQ),Monoamine Oxidase Inhibitors (MAOIs),824
Massachusetts General Hospital (MGH) Antidepressant Treatment Response Questionnaire (ATRQ),Selective Serotonin Reuptake Inhibitors (SSRIs),824
Massachusetts General Hospital (MGH) Antidepressant Treatment Response Questionnaire (ATRQ),Serotonin-Norepinephrine Reuptake Inhibitors (SNRIs),824
Massachusetts General Hospital (MGH) Antidepressant Treatment Response Questionnaire (ATRQ),"Trazodone, 300mg/d, 600mg/d",824
Massachusetts General Hospital (MGH) Antidepressant Treatment Response Questionnaire (ATRQ),"Bupropion, 300mg/d, 450mg/d",824
Massachusetts General Hospital (MGH) Antidepressant Treatment Response Questionnaire (ATRQ),"Mirtazapine, 15mg/d, 45mg/d",824
Massachusetts General Hospital (MGH) Antidepressant Treatment Response Questionnaire (ATRQ),"Mianserin, 30mg/d, 90mg/d",824
Massachusetts General Hospital (MGH) Antidepressant Treatment Response Questionnaire (ATRQ),"Opipramol, 150mg/d, 300mg/d",824
Massachusetts General Hospital (MGH) Antidepressant Treatment Response Questionnaire (ATRQ),"Nefazodone, 300mg/d, 600mg/d",824
Massachusetts General Hospital (MGH) Antidepressant Treatment Response Questionnaire (ATRQ),"Agomelatine, 25mg/d, 50mg/d",824
Variable details,MGH Assessment Performed,826
Variable details,Reason Not Performed,826
Variable details,MGH Assessment Date,826
Variable details,MGH Assessment Time,826
Variable details,Rater Initials,826
Variable details,Medication Type,826
Variable details,"Medication, Minimally adequate dose level, Minimal dose at optional level",826
Variable details,Taken during THIS current episode,826
Variable details,Minimally adequate dose,826
Variable details,Minimal dose at optimal level,826
Variable details,Scale for % Improvement,826
Physical Examination,Not Done,827
Physical Examination,Reason Not Done,827
Physical Examination,Interpretation,827
Physical Examination,Abnormal Findings,827
Physical Examination,Body System Examined,827
Physical Examination,"Other, Please Specify",827
Variable details,Physical Examination Performed,828
Variable details,Reason Not Performed,828
Variable details,Examination Date,828
Variable details,Examination Time,828
Variable details,Body System Examined,828
Variable details,"Other, Please Specify",828
Variable details,Not Done,828
Variable details,Reason Not Done,828
Variable details,Interpretation,828
Variable details,Abnormal Findings,828
Neurological Examination,Reason Not Performed,829
Neurological Examination,Neurological Examination Performed,829
Neurological Examination,Test,829
Variable details,Neurological Examination Performed,830
Variable details,Reason Not Performed,830
Variable details,Examination Date,830
Variable details,Examination Time,830
Variable details,Test,830
Variable details,Not Done,830
Variable details,Interpretation,830
Variable details,Comment,830
Height & Weight & BMI,Reason Not Performed,831
Height & Weight & BMI,Test,831
Variable details,Assessment Performed,832
Variable details,Reason Not Performed,832
Variable details,Assessment Date,832
Variable details,Test,832
Variable details,Not Done,832
Variable details,Result,832
Weight & BMI,Reason Not Performed,833
Weight & BMI,Test,833
Variable details,Assessment Performed,834
Variable details,Reason Not Performed,834
Variable details,Assessment Date,834
Variable details,Test,834
Variable details,Not Done,834
Variable details,Result,834
Breath Alcohol Screen and Urine Cotinine,Performed,835
Breath Alcohol Screen and Urine Cotinine,Reason Not Performed,835
Breath Alcohol Screen and Urine Cotinine,Test Time,835
Breath Alcohol Screen and Urine Cotinine,Result,835
Breath Alcohol Screen and Urine Cotinine,Test,835
Breath Alcohol Screen and Urine Cotinine,Test Date,835
Breath Alcohol Screen and Urine Cotinine,Comments,835
Variable details,Test,836
Variable details,Performed,836
Variable details,Reason Not Performed,836
Variable details,Test Date,836
Variable details,Test Time,836
Variable details,Result,836
Variable details,Comments,836
Urine Drugs of Abuse,Positive,837
Urine Drugs of Abuse,Amphetamines,837
Urine Drugs of Abuse,Negative,837
Urine Drugs of Abuse,Barbiturates,837
Urine Drugs of Abuse,Benzodiazepines,837
Urine Drugs of Abuse,Cannabinoids,837
Urine Drugs of Abuse,Cocaine,837
Urine Drugs of Abuse,Opiates,837
Variable details,Sample Performed,838
Variable details,Reason Not Performed,838
Variable details,Sample Date,838
Variable details,Sample Time,838
Variable details,DOA TEST,838
Variable details,Result,838
Variable details,Comments (If Positive),838
Pregnancy Test (Urine),Reason Not Performed,839
Variable details,Sample Performed,840
Variable details,Reason Not Performed,840
Variable details,Sample Date,840
Variable details,Sample Time,840
Variable details,Result,840
Urine Dipstick,Reason Not Performed,841
Urine Dipstick,Dipstick Performed,841
Specimen Appearance,Glucose,842
Specimen Appearance,Negative Trace (100) 250 (+) 500 (++) ≥1000 (+++),842
Specimen Appearance,Occult Blood,842
Specimen Appearance,Negative Trace - lysed,842
Specimen Appearance,Trace - intact,842
Specimen Appearance,Small (+) Moderate (++) Large (+++),842
Specimen Appearance,Specific Gravity (SG),842
Specimen Appearance,≤1.005 1.010 1.015,842
Specimen Appearance,1.020 1.025 ≥1.030,842
Specimen Appearance,Colour,842
Specimen Appearance,Sent for Microscopy,842
Variable details,Dipstick Performed,843
Variable details,Reason Not Performed,843
Variable details,Sample Date,843
Variable details,Sample Time,843
Variable details,Analysis Lab,843
Variable details,Specimen Appearance,843
Variable details,"Specimen Appearance, Other Specify",843
Variable details,Specimen Appearance Interpretation,843
Variable details,Glucose,843
Variable details,Glucose Interpretation,843
Variable details,pH,843
Variable details,pH Interpretation,843
Variable details,Occult Blood,843
Variable details,Occult Blood Interpretation,843
Variable details,Protein,843
Variable details,Protein Interpretation,843
Variable details,Specific Gravity (SG),843
Variable details,Specific Gravity (SG) Interpretation,843
Variable details,Colour,843
Variable details,"Colour, Other Specify",843
Variable details,Colour Interpretation,843
Variable details,Sent for Microscopy,843
Variable details,Microscopy Interpretation,843
Vital Signs - Single Time Point,Vital Signs - Single Time Point,844
Vital Signs - Single Time Point,Vital Signs Performed,844
Vital Signs - Single Time Point,Yes,844
Vital Signs - Single Time Point,No,844
Vital Signs - Single Time Point,Reason Not Performed,844
Vital Signs - Single Time Point,"Other, Please Specify",844
Vital Signs - Single Time Point,Vital Signs Details,844
Vital Signs - Single Time Point,Temperature (°C),844
Vital Signs - Single Time Point,Respiratory Rate (breaths/min),844
Vital Signs - Single Time Point,Systolic Blood Pressure (mmHg),844
Vital Signs - Single Time Point,Diastolic Blood Pressure (mmHg),844
Vital Signs - Single Time Point,Pulse Rate (beats/min),844
Vital Signs - Single Time Point,SPO2,844
Variable details,Vital Signs Performed,845
Variable details,Reason Not Performed,845
Variable details,Repetition Number,845
Variable details,Details,845
Variable details,Location,845
Variable details,Position,845
Variable details,"Other, Please Specify",845
Variable details,Vital Signs Date,845
Variable details,Position Time,845
Variable details,Vital Signs Time,845
Variable details,Not Done,845
Variable details,Test,845
Variable details,Result,845
Variable details,Interpretation,845
Variable details,Reason Not Done,845
12-Lead ECG - Single Time Point,Position Time,846
12-Lead ECG - Single Time Point,ECG Time,846
12-Lead ECG - Single Time Point,Interpretation,846
12-Lead ECG - Single Time Point,Interpretation Comment,846
12-Lead ECG - Single Time Point,Not Done,846
12-Lead ECG - Single Time Point,Test,846
12-Lead ECG - Single Time Point,Result,846
12-Lead ECG - Single Time Point,Reason Not Done,846
12-Lead ECG - Single Time Point,Details,846
12-Lead ECG - Single Time Point,Position,846
12-Lead ECG - Single Time Point,ECG Date,846
12-Lead ECG - Single Time Point,Details 1 2 3 4 5 6,846
Variable details,ECG Performed,847
Variable details,Reason Not Performed,847
Variable details,Details,847
Variable details,Position,847
Variable details,ECG Date,847
Variable details,Position Time,847
Variable details,ECG Time,847
Variable details,Interpretation,847
Variable details,Interpretation Comment,847
Variable details,Not Done,847
Variable details,Test,847
Variable details,Result,847
Variable details,Reason Not Done,847
12-Lead ECG - Triplicate,12-Lead ECG - Triplicate,848
12-Lead ECG - Triplicate,ECG Performed,848
12-Lead ECG - Triplicate,Yes,848
12-Lead ECG - Triplicate,No,848
12-Lead ECG - Triplicate,Reason Not Performed,848
12-Lead ECG - Triplicate,Interpretation Comment,848
12-Lead ECG - Triplicate,Interpretation,848
12-Lead ECG - Triplicate,Heart Rate (bpm),848
12-Lead ECG - Triplicate,PR Interval (msec),848
12-Lead ECG - Triplicate,QRS Interval (msec),848
12-Lead ECG - Triplicate,QT Interval (msec),848
12-Lead ECG - Triplicate,QTcF Interval (msec),848
Variable details,ECG Performed,849
Variable details,Reason Not Performed,849
Variable details,Repetition Number,849
Variable details,Details,849
Variable details,Position,849
Variable details,ECG Date,849
Variable details,Position Time,849
Variable details,ECG Time,849
Variable details,Interpretation,849
Variable details,Interpretation Comment,849
Variable details,Not Done,849
Variable details,Test,849
Variable details,Result,849
Variable details,Reason Not Done,849
Echocardiogram,Reason Not Performed,850
Echocardiogram,Interpretation Comment,850
Echocardiogram,Echocardiogram Performed,850
Echocardiogram,Echocardiogram Date,850
Echocardiogram,Echocardiogram Time,850
Variable details,Echocardiogram Performed,851
Variable details,Reason Not Performed,851
Variable details,Echocardiogram Date,851
Variable details,Echocardiogram Time,851
Variable details,Interpretation,851
Variable details,Interpretation Comment,851
Facial Expression Recognition Task (FERT),Reason Not Performed,852
Variable details,FERT Performed,853
Variable details,Reason Not Performed,853
Variable details,FERT Date,853
Variable details,FERT Time,853
Digit Symbol Substitution Test (DSST),Reason Not Performed,854
Variable details,DSST Performed,855
Variable details,Reason Not Performed,855
Variable details,DSST Date,855
Variable details,DSST Time,855
Pupillometry - Single Time Point,Done,856
Pupillometry - Single Time Point,pupilometer device.,856
Variable details,Pupillometry Assessment Performed,857
Variable details,Reason Not Performed,857
Variable details,Eye,857
Variable details,Repeat,857
Variable details,Not Done,857
Variable details,Reason Not Done,857
Variable details,Pupillometry Date,857
Variable details,Position Rest Time,857
Variable details,Pupillometry Start Time,857
Variable details,Readings downloaded onto a spreadsheet via Bluetooth from the pupilometer device.,857
Variable details,"Reviewed, signed and dated by a physician",857
Variable details,"Reason not review, signed and dated",857
Variable details,PLR diameter init,857
Variable details,PLR MAX constriction velocity,857
Variable details,PLR dilation velocity,857
Variable details,PLR T75,857
Variable details,Pupil Area (Calculated),857
Variable details,ACA (Calculated),857
Variable details,Dilation Velocity at T75 (Calculated),857
Awake Resting State EEG - Pre Dose,Reason Not Performed,858
Awake Resting State EEG - Pre Dose,Device Serial Number,858
Awake Resting State EEG - Pre Dose,Awake Resting State EEG Performed,858
Awake Resting State EEG - Pre Dose,EEG Start Date,858
Awake Resting State EEG - Pre Dose,EEG Start Time,858
Awake Resting State EEG - Pre Dose,EEG End Date,858
Awake Resting State EEG - Pre Dose,EEG End Time,858
Variable details,Awake Resting State EEG Performed,859
Variable details,Reason Not Performed,859
Variable details,Device Serial Number,859
Variable details,Date Device Put On,859
Variable details,Time Device Put On,859
Variable details,EEG Start Date,859
Variable details,EEG Start Time,859
Variable details,EEG End Date,859
Variable details,EEG End Time,859
PK Sampling - Single Time Point,Sample Performed,860
PK Sampling - Single Time Point,Reason Not Done,860
PK Sampling - Single Time Point,Sample Date,860
PK Sampling - Single Time Point,Sample Time,860
PK Sampling - Single Time Point,Specimen Type,860
PK Sampling - Single Time Point,Primary Sample Accession Number,860
PK Sampling - Single Time Point,Back Up Sample Accession Number,860
PK Sampling - Single Time Point,Sample Performed Reason Not Done,860
Variable details,Sample Performed,861
Variable details,Reason Not Done,861
Variable details,Sample Date,861
Variable details,Sample Time,861
Variable details,Specimen Type,861
Variable details,Primary Sample Accession Number,861
Variable details,Back Up Sample Accession Number,861
Prolactin - Single Time Point,Sample Performed,862
Prolactin - Single Time Point,Reason Not Done,862
Prolactin - Single Time Point,Sample Date,862
Prolactin - Single Time Point,Sample Time,862
Prolactin - Single Time Point,Primary Sample Accession Number,862
Prolactin - Single Time Point,Back Up Sample Accession Number,862
Prolactin - Single Time Point,Sample Performed Reason Not Done,862
Variable details,Sample Performed,863
Variable details,Reason Not Done,863
Variable details,Sample Date,863
Variable details,Sample Time,863
Variable details,Primary Sample Accession Number,863
Variable details,Back Up Sample Accession Number,863
Plasma samples (PD) - Single Time Point,Sample Performed,864
Plasma samples (PD) - Single Time Point,Reason Not Done,864
Plasma samples (PD) - Single Time Point,Sample Date,864
Plasma samples (PD) - Single Time Point,Sample Time,864
Plasma samples (PD) - Single Time Point,Primary Sample Accession Number,864
Plasma samples (PD) - Single Time Point,Back Up Sample Accession Number,864
Plasma samples (PD) - Single Time Point,Sample Performed Reason Not Done,864
Variable details,Sample Performed,865
Variable details,Reason Not Done,865
Variable details,Sample Date,865
Variable details,Sample Time,865
Variable details,Primary Sample Accession Number,865
Variable details,Back Up Sample Accession Number,865
Blood sample for PGx,Sample Performed,866
Blood sample for PGx,Reason Not Done,866
Blood sample for PGx,Sample Date,866
Blood sample for PGx,Sample Time,866
Blood sample for PGx,Primary Sample Accession Number,866
Blood sample for PGx,Back Up Sample Accession Number,866
Blood sample for PGx,Sample Performed Reason Not Done,866
Variable details,Sample Performed,867
Variable details,Reason Not Done,867
Variable details,Sample Date,867
Variable details,Sample Time,867
Variable details,Primary Sample Accession Number,867
Variable details,Back Up Sample Accession Number,867
Awake Resting State EEG - Post Dose,Reason Not Performed,868
Awake Resting State EEG - Post Dose,Device Serial Number,868
Awake Resting State EEG - Post Dose,Awake Resting State EEG Performed,868
Awake Resting State EEG - Post Dose,EEG Start Date,868
Awake Resting State EEG - Post Dose,EEG Start Time,868
Awake Resting State EEG - Post Dose,EEG End Date,868
Awake Resting State EEG - Post Dose,EEG End Time,868
Variable details,Awake Resting State EEG Performed,869
Variable details,Reason Not Performed,869
Variable details,Device Serial Number,869
Variable details,EEG Start Date,869
Variable details,EEG Start Time,869
Variable details,EEG End Date,869
Variable details,EEG End Time,869
Subjective Drug Intensity (SDI) - Day 1,Reason Not Performed,870
Subjective Drug Intensity (SDI) - Day 1,Subjective Drug Intensity (SDI) - Post,870
Variable details,Subjective Drug Intensity (SDI) - Post Day 1 Performed,871
Variable details,Reason Not Performed,871
Variable details,Date,871
Variable details,Time,871
Variable details,How intense is your current drug experience right now?,871
Haematology,Reason Not Performed,872
Haematology,Complete for all parameters,872
Haematology,Basophils,873
Haematology,Basophils/Leukocytes,873
Haematology,Eosinophils,873
Haematology,Eosinophils/Leukocytes,873
Haematology,Ery. Mean Corpuscular HGB Concentration,873
Haematology,Ery. Mean Corpuscular Volume,873
Haematology,Erythrocyte,873
Haematology,Hematocrit,873
Haematology,Hemoglobin,873
Haematology,Leukocytes,873
Haematology,Lymphocytes,873
Haematology,Lymphocytes/Leukocytes,873
Haematology,Monocytes,873
Haematology,Monocytes/Leukocytes,873
Haematology,Neutrophils,873
Haematology,Neutrophils/Leukocytes,873
Haematology,Platelets,873
Variable details,Sample Performed,874
Variable details,Reason Not Performed,874
Variable details,Sample Date,874
Variable details,Sample Time,874
Variable details,Parameter,874
Variable details,Not Done,874
Variable details,Reason Not Done,874
Variable details,Interpretation,874
Biochemistry,Alanine Aminotransferase,875
Biochemistry,Alkaline Phosphatase,875
Biochemistry,Aspartate Aminotransferase,875
Biochemistry,Bilirubin,875
Biochemistry,Calcium,875
Biochemistry,Cholesterol,875
Biochemistry,Creatinine,875
Biochemistry,Gamma Glutamyl Transferase,875
Biochemistry,Glucose,875
Biochemistry,Lactate Dehydrogenase,875
Biochemistry,Potassium,875
Biochemistry,Protein,875
Biochemistry,Sodium,875
Biochemistry,Triglycerides,875
Biochemistry,Urea Nitrogen,875
Variable details,Sample Performed,876
Variable details,Reason Not Performed,876
Variable details,Sample Date,876
Variable details,Sample Time,876
Variable details,Parameter,876
Variable details,Not Done,876
Variable details,Reason Not Done,876
Variable details,Interpretation,876
Coagulation,Reason Not Performed,877
Coagulation,Not Done,877
Coagulation,Reason Not Done,877
Coagulation,Parameter,877
Coagulation,Interpretation,877
Coagulation,Complete for all parameters,877
Variable details,Sample Performed,878
Variable details,Reason Not Performed,878
Variable details,Sample Date,878
Variable details,Sample Time,878
Variable details,Parameter,878
Variable details,Not Done,878
Variable details,Reason Not Done,878
Variable details,Interpretation,878
Serology,Reason Not Performed,879
Serology,Test,879
Variable details,Sample Performed,880
Variable details,Reason Not Performed,880
Variable details,Sample Date,880
Variable details,Sample Time,880
Variable details,Test,880
Variable details,Result,880
Pregnancy Test (Serum),Reason Not Performed,881
Variable details,Sample Performed,882
Variable details,Reason Not Performed,882
Variable details,Sample Date,882
Variable details,Sample Time,882
FSH Test,Reason Not Performed,883
Variable details,Sample Performed,884
Variable details,Reason Not Performed,884
Variable details,Sample Date,884
Variable details,Sample Time,884
C-SSRS (Since Last Visit),3. Active Suicidal Ideation with Any,885
C-SSRS (Since Last Visit),4. Active Suicidal Ideation with Some,885
C-SSRS (Since Last Visit),5. Active Suicidal Ideation with,885
C-SSRS (Since Last Visit),SUICIDAL IDEATION,885
C-SSRS (Since Last Visit),Since Last Visit,885
C-SSRS (Since Last Visit),Yes,885
C-SSRS (Since Last Visit),1. Wish to be Dead,885
C-SSRS (Since Last Visit),2. Non-Specific Active Suicidal Thoughts,885
C-SSRS (Since Last Visit),3. Active Suicidal Ideation with Any Methods (Not Plan) without Intent to Act,885
C-SSRS (Since Last Visit),Methods (Not Plan) without Intent to Act,885
C-SSRS (Since Last Visit),"4. Active Suicidal Ideation with Some Intent to Act, without Specific Plan",885
C-SSRS (Since Last Visit),"Intent to Act, without Specific Plan",885
C-SSRS (Since Last Visit),5. Active Suicidal Ideation with Specific Plan and Intent,885
C-SSRS (Since Last Visit),Specific Plan and Intent,885
C-SSRS (Since Last Visit),INTENSITY OF IDEATION,885
C-SSRS (Since Last Visit),Type # (1-5),885
C-SSRS (Since Last Visit),Since Last Visit,886
C-SSRS (Since Last Visit),Frequency,886
C-SSRS (Since Last Visit),Duration,886
C-SSRS (Since Last Visit),Controllability,886
C-SSRS (Since Last Visit),Deterrents,886
C-SSRS (Since Last Visit),Reasons for Ideation,886
C-SSRS (Since Last Visit),SUICIDAL BEHAVIOUR,886
C-SSRS (Since Last Visit),Actual Attempt,886
C-SSRS (Since Last Visit),Total Number of Attempts,886
C-SSRS (Since Last Visit),Yes,886
C-SSRS (Since Last Visit),Has subject engaged in Non-Suicidal Self-Injurious Behaviour?,886
C-SSRS (Since Last Visit),Self-Injurious Behaviour?,886
C-SSRS (Since Last Visit),Interrupted Attempt,886
C-SSRS (Since Last Visit),Total Number of Interrupted,886
C-SSRS (Since Last Visit),Aborted Attempt,886
C-SSRS (Since Last Visit),Total Number of Aborted,886
C-SSRS (Since Last Visit),Suicidal Behaviour,887
C-SSRS (Since Last Visit),Suicide,887
C-SSRS (Since Last Visit),Answer for Actual Attempts Only,887
C-SSRS (Since Last Visit),Most Lethal Attempt Date,887
C-SSRS (Since Last Visit),Attempt Date,887
C-SSRS (Since Last Visit),Date,887
C-SSRS (Since Last Visit),Enter Code,887
C-SSRS (Since Last Visit),Actual Lethality/Medical Damage,887
C-SSRS (Since Last Visit),Potential Lethality,887
Variable details,Name,888
Variable details,Export Name,888
Variable details,Type,888
Variable details,Max length,888
Variable details,Categories,888
Positive and Negative Symptom Scale (PANSS),Test,890
Positive and Negative Symptom Scale (PANSS),Result,890
Positive and Negative Symptom Scale (PANSS),Test 1,890
Variable details,PANSS Performed,891
Variable details,Reason Not Performed,891
Variable details,PANSS Date,891
Variable details,PANSS Time,891
Variable details,Rater Initials,891
Variable details,Test,891
Variable details,Result,891
Discharge From Clinic,Clinic Discharge Date,892
Discharge From Clinic,Discharged From Clinic,892
Discharge From Clinic,Clinic Discharge Time,892
Variable details,Discharged From Clinic,893
Variable details,Clinic Discharge Date,893
Variable details,Clinic Discharge Time,893
Mystical Experience Questionnaire (MEQ30),Test,894
Mystical Experience Questionnaire (MEQ30),Result,894
Variable details,MEQ-30 Performed,896
Variable details,Reason Not Performed,896
Variable details,MEQ-30 Date,896
Variable details,MEQ-30 Time,896
Variable details,Test,896
Variable details,Result,896
Challenging Experience Questionnaire (CEQ),Reason Not Performed,897
Challenging Experience Questionnaire (CEQ),Test,897
Challenging Experience Questionnaire (CEQ),Result,897
Variable details,CEQ Performed,899
Variable details,Reason Not Performed,899
Variable details,CEQ Date,899
Variable details,CEQ Time,899
Variable details,Test,899
Variable details,Result,899
Spielberger State-Trait Anxiety Inventory,Reason Not Performed,900
Spielberger State-Trait Anxiety Inventory,STAI Performed,900
Spielberger State-Trait Anxiety Inventory,STAI Date,900
Spielberger State-Trait Anxiety Inventory,STAI Time,900
Spielberger State-Trait Anxiety Inventory,1. I feel calm,900
Spielberger State-Trait Anxiety Inventory,2. I am tense,900
Spielberger State-Trait Anxiety Inventory,3. I feel at ease,900
Spielberger State-Trait Anxiety Inventory,4. I am presently worrying over possible,900
Spielberger State-Trait Anxiety Inventory,misfortunes,900
Spielberger State-Trait Anxiety Inventory,5. I feel frightened,900
Spielberger State-Trait Anxiety Inventory,6. I feel nervous,900
Spielberger State-Trait Anxiety Inventory,7. I am jittery,900
Spielberger State-Trait Anxiety Inventory,8. I am relaxed,900
Spielberger State-Trait Anxiety Inventory,9. I am worried,900
Spielberger State-Trait Anxiety Inventory,10. I feel steady,900
Spielberger State-Trait Anxiety Inventory,13. I wish I could be as happy as others,900
Spielberger State-Trait Anxiety Inventory,seem to be,900
Spielberger State-Trait Anxiety Inventory,20. I get in a state of tension or turmoil,901
Spielberger State-Trait Anxiety Inventory,as I think over my recent concerns and,901
Variable details,STAI Performed,902
Variable details,Reason Not Performed,902
Variable details,STAI Date,902
Variable details,STAI Time,902
Variable details,1. I feel calm,902
Variable details,2. I am tense,902
Variable details,3. I feel at ease,902
Variable details,4. I am presently worrying over possible misfortunes,902
Variable details,5. I feel frightened,902
Variable details,6. I feel nervous,902
Variable details,7. I am jittery,902
Variable details,8. I am relaxed,902
Variable details,9. I am worried,902
Variable details,10. I feel steady,902
Variable details,11. I feel nervous and restless,902
Variable details,12. I feel satisfied with myself,902
Variable details,13. I wish I could be as happy as others seem to be,902
Variable details,14. I feel like a failure,902
Variable details,16. I lack self-confidence,903
Variable details,17. I feel secure,903
Variable details,18. I feel inadequate,903
Variable details,19. I am a steady person,903
Variable details,20. I get in a state of tension or turmoil as I think over my recent concerns and interests,903
Blinding Integrity Questionnaire (BIQ),Reason Not Done,904
Blinding Integrity Questionnaire (BIQ),Please choose the option which most,904
Variable details,BIQ Performed,905
Variable details,Reason Not Done,905
Variable details,BIQ Date,905
Variable details,BIQ Time,905
Variable details,Please choose the option which most reflects your belief.,905
Screening EEG,Reason Not Performed,906
Screening EEG,Screening EEG Performed,906
Variable details,Screening EEG Performed,907
Variable details,Reason Not Performed,907
Variable details,EEG Start Date,907
Variable details,EEG Start Time,907
Variable details,Interpretation,907
Attendant Session,Reason Not Performed,908
Attendant Session,Attendant Session Performed,908
Variable details,Attendant Session Performed,909
Variable details,Reason Not Performed,909
Variable details,Date Performed,909
Variable details,Start Time,909
Variable details,End Time,909
Sleep EEG -At Home,Reason Not Performed,910
Sleep EEG -At Home,Device Serial Number,910
Sleep EEG -At Home,Date Device Kit Given To Subject,910
Sleep EEG -At Home,Date Device Kit Retrieved From Subject,910
Variable details,Sleep EEG Performed,911
Variable details,Reason Not Performed,911
Variable details,Device Serial Number,911
Variable details,Date Device Kit Given To Subject,911
Variable details,Date Device Kit Retrieved From Subject,911
Sleep EEG - In Clinic,Reason Not Performed,912
Sleep EEG - In Clinic,Device Serial Number,912
Sleep EEG - In Clinic,Sleep EEG Performed,912
Sleep EEG - In Clinic,Date Device Put On,912
Sleep EEG - In Clinic,Time Device Put On,912
Sleep EEG - In Clinic,EEG End Date,912
Sleep EEG - In Clinic,EEG End Time,912
Variable details,Sleep EEG Performed,913
Variable details,Reason Not Performed,913
Variable details,Device Serial Number,913
Variable details,Date Device Put On,913
Variable details,Time Device Put On,913
Variable details,EEG Start Date,913
Variable details,EEG Start Time,913
Variable details,EEG End Date,913
Variable details,EEG End Time,913
