form_name,field_name,page
"QSC302573, 04 - Admission/Predose Draft v0.1",Staff Initials:,1
"QSC302573, 04 - Admission/Predose Draft v0.1",Comment:,1
"QSC302573, 04 - Admission/Predose Draft v0.1",Has the participant's photographic and wristband ID been verified and wristband applied to participant's wrist?,1
"QSC302573, 04 - Admission/Predose Draft v0.1",Bag search performed?,1
"QSC302573, 04 - Admission/Predose Draft v0.1","If restricted items removed, record items here",1
"QSC302573, 04 - Admission/Predose Draft v0.1",Has the ICF version been checked?,1
"QSC302573, 04 - Admission/Predose Draft v0.1",Admission Restrictions: ICF Version/Date,1
"QSC302573, 04 - Admission/Predose Draft v0.1",Signed ICF Version / Date (Version must be checked against ICF present in the CSF – escalate any discrepancies),1
"QSC302573, 04 - Admission/Predose Draft v0.1",Staff Initials:,2
"QSC302573, 04 - Admission/Predose Draft v0.1",Comment:,2
"QSC302573, 04 - Admission/Predose Draft v0.1",Has it been more than 20 days since the Screening visit?,2
"QSC302573, 04 - Admission/Predose Draft v0.1",Has the participant consumed any alcohol within 48 hours (72hrs prior to dosing) prior to Admission visit? (If 'Yes' exclude per exclusion criteria #24),2
"QSC302573, 04 - Admission/Predose Draft v0.1",Admission Restrictions: Alcohol Units,2
"QSC302573, 04 - Admission/Predose Draft v0.1","If consumed; date, time and number of units",2
"QSC302573, 04 - Admission/Predose Draft v0.1","Has the participant consumed food and beverages containing methylxanthines (caffeinated coffee, caffeinated tea, caffeinated soda, and chocolate) within 48 hours (72hrs prior to dosing) prior to Admission visit? (If 'Yes' exclude per exclusion criteria #24)",2
"QSC302573, 04 - Admission/Predose Draft v0.1",Staff Initials:,3
"QSC302573, 04 - Admission/Predose Draft v0.1",Comment:,3
"QSC302573, 04 - Admission/Predose Draft v0.1","Has participant consumed food or beverages containing pomelo, grapefruit, grapefruit juice, Seville oranges, Seville orange juice, blueberry juice, or cranberry juice within 48 hours (72hrs prior to dosing) prior to Admission visit? (If 'Yes' exclude per exclusion criteria #24)",3
"QSC302573, 04 - Admission/Predose Draft v0.1",Has the participant consumed any food containing poppy seeds within 48 hours prior to Admission visit?,3
"QSC302573, 04 - Admission/Predose Draft v0.1",Has the participant had strenuous activity (e.g. weightlifting) within 72 hours prior to Admission visit?,3
"QSC302573, 04 - Admission/Predose Draft v0.1",Has the participant use of tobacco products or experience daily exposure to second-hand smoke since Screening? (If 'Yes' exclude per exclusion criteria #14),3
"QSC302573, 04 - Admission/Predose Draft v0.1",Please ensure that a Protocol Deviation is completed,3
"QSC302573, 04 - Admission/Predose Draft v0.1",Staff Initials:,4
"QSC302573, 04 - Admission/Predose Draft v0.1",Comment:,4
"QSC302573, 04 - Admission/Predose Draft v0.1",Has the participant been unwell or have they had any accidents or injuries since Screening? Update Medical History where appropriate.,4
"QSC302573, 04 - Admission/Predose Draft v0.1",Please ensure that an Adverse Event is completed,4
"QSC302573, 04 - Admission/Predose Draft v0.1",Has the participant taken any new medication since the screening visit?,4
"QSC302573, 04 - Admission/Predose Draft v0.1",Please ensure that a Concomitant Medication is completed,4
"QSC302573, 04 - Admission/Predose Draft v0.1",Urinalysis: Collection Time,4
"QSC302573, 04 - Admission/Predose Draft v0.1",Record time of urine sample (For all Urine Assessments) (Collect Urine Sample),4
"QSC302573, 04 - Admission/Predose Draft v0.1","What was the bilirubin result? If any positive result, inform medic/PI. (Perform urinalysis and read results)",4
"QSC302573, 04 - Admission/Predose Draft v0.1",Comment:,5
"QSC302573, 04 - Admission/Predose Draft v0.1",Staff Initials:,5
"QSC302573, 04 - Admission/Predose Draft v0.1","What was the urobilinogen result? If any positive result, inform medic/PI. (Perform urinalysis and read results)",5
"QSC302573, 04 - Admission/Predose Draft v0.1","What was the ketone result? If any positive result, inform medic/PI. (Perform urinalysis and read results)",5
"QSC302573, 04 - Admission/Predose Draft v0.1",Staff Initials:,6
"QSC302573, 04 - Admission/Predose Draft v0.1",Comment:,6
"QSC302573, 04 - Admission/Predose Draft v0.1","What was the glucose result? If any positive result, inform medic/PI. (Perform urinalysis and read results)",6
"QSC302573, 04 - Admission/Predose Draft v0.1",What was the protein result?,6
"QSC302573, 04 - Admission/Predose Draft v0.1","IF PROTEIN ≥ 30mg/dl: Repeat urinalysis as soon as possible, ensuring a clean catch specimen. If protein remains ≥ 30mg/dl on repeat, then inform PI/medic. (Perform urinalysis and read results)",6
"QSC302573, 04 - Admission/Predose Draft v0.1",Staff Initials:,7
"QSC302573, 04 - Admission/Predose Draft v0.1",Comment:,7
"QSC302573, 04 - Admission/Predose Draft v0.1",What was the blood result? (Perform urinalysis and read results),7
"QSC302573, 04 - Admission/Predose Draft v0.1",What was the nitrite result? (Perform urinalysis and read results),7
"QSC302573, 04 - Admission/Predose Draft v0.1",Record pH value (Perform urinalysis and read results),7
"QSC302573, 04 - Admission/Predose Draft v0.1",Comment:,8
"QSC302573, 04 - Admission/Predose Draft v0.1",Staff Initials:,8
"QSC302573, 04 - Admission/Predose Draft v0.1",Record specific gravity of sample (Perform urinalysis and read results),8
"QSC302573, 04 - Admission/Predose Draft v0.1",What was the leukocyte result? (Perform urinalysis and read results),8
"QSC302573, 04 - Admission/Predose Draft v0.1",Comment:,9
"QSC302573, 04 - Admission/Predose Draft v0.1",Staff Initials:,9
"QSC302573, 04 - Admission/Predose Draft v0.1","Is participant female and menstruating? (If 'Yes', DO NOT send sample for Microscopy. If 'No', send sample for Microscopy)",9
"QSC302573, 04 - Admission/Predose Draft v0.1",Confirm sample sent for microscopy (Complete associated paperwork),9
"QSC302573, 04 - Admission/Predose Draft v0.1",Has urinalysis been repeated as soon as possible with a clean catch specimen? Ensure events are repeated to capture this data.,9
"QSC302573, 04 - Admission/Predose Draft v0.1",Staff Initials:,10
"QSC302573, 04 - Admission/Predose Draft v0.1",Comment:,10
"QSC302573, 04 - Admission/Predose Draft v0.1",Urinalysis Microscopy Sample (20 mL Sterilin screw cap),10
"QSC302573, 04 - Admission/Predose Draft v0.1",Barcode:,10
"QSC302573, 04 - Admission/Predose Draft v0.1",Confirm TDL form completed:,10
"QSC302573, 04 - Admission/Predose Draft v0.1",- Correct form used - Correct participant label applied - Correct slot number written - Correct sex and fasting status - Correct timepoint checked - Correct sample date and time written - Correct visit - Initials signed to confirm sample collected and form correct,10
"QSC302573, 04 - Admission/Predose Draft v0.1",Has there been a medic review of the Microscopy results?,10
"QSC302573, 04 - Admission/Predose Draft v0.1",Drugs of abuse - Amphetamines (AMP),10
"QSC302573, 04 - Admission/Predose Draft v0.1",Staff Initials:,11
"QSC302573, 04 - Admission/Predose Draft v0.1",Comment:,11
"QSC302573, 04 - Admission/Predose Draft v0.1",Drugs of abuse - Barbiturates (BAR),11
"QSC302573, 04 - Admission/Predose Draft v0.1",Drugs of abuse - Benzodiazepines (BZO),11
"QSC302573, 04 - Admission/Predose Draft v0.1",Drugs of abuse - Methadone (MTD),11
"QSC302573, 04 - Admission/Predose Draft v0.1",Drugs of abuse - Tricyclic Antidepressants (TCA),11
"QSC302573, 04 - Admission/Predose Draft v0.1",Staff Initials:,12
"QSC302573, 04 - Admission/Predose Draft v0.1",Comment:,12
"QSC302573, 04 - Admission/Predose Draft v0.1",Drugs of abuse - Cocaine (COC),12
"QSC302573, 04 - Admission/Predose Draft v0.1",Drugs of abuse - Morphine/Opiates (MOP),12
"QSC302573, 04 - Admission/Predose Draft v0.1",Drugs of abuse - Methamphetamine/Ecstasy (MET),12
"QSC302573, 04 - Admission/Predose Draft v0.1",Drugs of abuse - Phencyclidine (PCP),12
"QSC302573, 04 - Admission/Predose Draft v0.1",Staff Initials:,13
"QSC302573, 04 - Admission/Predose Draft v0.1",Comment:,13
"QSC302573, 04 - Admission/Predose Draft v0.1",Drugs of abuse - Marijuana/Cannabis (THC),13
"QSC302573, 04 - Admission/Predose Draft v0.1",Positive Drugs of Abuse result (Medic to exclude subject),13
"QSC302573, 04 - Admission/Predose Draft v0.1",Urine Cotinine test - please ensure study specific tests are used,13
"QSC302573, 04 - Admission/Predose Draft v0.1",Positive result for Urine Cotinine (Medic to exclude participant ),13
"QSC302573, 04 - Admission/Predose Draft v0.1",Urine Pregnancy test (N/A if male),13
"QSC302573, 04 - Admission/Predose Draft v0.1",Comment:,14
"QSC302573, 04 - Admission/Predose Draft v0.1",Staff Initials:,14
"QSC302573, 04 - Admission/Predose Draft v0.1",Positive result for Urine Pregnancy (Medic to exclude participant ),14
"QSC302573, 04 - Admission/Predose Draft v0.1",Alcohol breath test (Positive result > 0.02),14
"QSC302573, 04 - Admission/Predose Draft v0.1",Positive result for Alcohol Breath Test (Medic to exclude participant ),14
"QSC302573, 04 - Admission/Predose Draft v0.1",Anthropometrics: Weight (kg),14
"QSC302573, 04 - Admission/Predose Draft v0.1",Weight (kg),14
"QSC302573, 04 - Admission/Predose Draft v0.1",Staff Initials:,15
"QSC302573, 04 - Admission/Predose Draft v0.1",Comment:,15
"QSC302573, 04 - Admission/Predose Draft v0.1",12 Lead Standard ECG,15
"QSC302573, 04 - Admission/Predose Draft v0.1","Exclude if - QT interval corrected for heart rate using Fridericia’s formula (QTcF) >450 msec for male participants or >470 msec for female participants, QRS interval >120 msec, or PR interval >200 msec. (Supine for a minimum 3 minutes)",15
"QSC302573, 04 - Admission/Predose Draft v0.1",ECG Rhythm assessment and interpretation,15
"QSC302573, 04 - Admission/Predose Draft v0.1",Was the ECG clinically significant? (Medic to assess),15
"QSC302573, 04 - Admission/Predose Draft v0.1",Staff Initials:,16
"QSC302573, 04 - Admission/Predose Draft v0.1",Comment:,16
"QSC302573, 04 - Admission/Predose Draft v0.1",ECG Findings,16
"QSC302573, 04 - Admission/Predose Draft v0.1","ECG Findings, including rhythm assessment",16
"QSC302573, 04 - Admission/Predose Draft v0.1",Staff Initials:,17
"QSC302573, 04 - Admission/Predose Draft v0.1",Comment:,17
"QSC302573, 04 - Admission/Predose Draft v0.1",Vital Signs,17
"QSC302573, 04 - Admission/Predose Draft v0.1","Exclude if - Systolic blood pressure [SBP] >140 mmHg or diastolic blood pressure [DBP] >90 mmHg in the supine position. Supine heart rate, after resting for at least 3 minutes, outside the range of 50 to 100 beats per minute. (Supine for at least 3 minutes)",17
"QSC302573, 04 - Admission/Predose Draft v0.1",Clinical Assessment of Vital Signs (Medic or Nurse to assess vital signs),17
"QSC302573, 04 - Admission/Predose Draft v0.1",Vital Sign Findings,17
"QSC302573, 04 - Admission/Predose Draft v0.1",Staff Initials:,18
"QSC302573, 04 - Admission/Predose Draft v0.1",Comment:,18
"QSC302573, 04 - Admission/Predose Draft v0.1",Vital Signs Standing BP and HR,18
"QSC302573, 04 - Admission/Predose Draft v0.1","Exclude if - Symptomatic hypotension or orthostatic hypotension, which is defined as a decrease of ≥20 mmHg in SBP and/or a decrease of ≥10 mmHg in DBP after at least 3 minutes of standing compared with the previous supine blood pressure. (Standing for at least 3 minutes)",18
"QSC302573, 04 - Admission/Predose Draft v0.1",Is there a drop in SYSTOLIC BP from supine to standing?,18
"QSC302573, 04 - Admission/Predose Draft v0.1",Is there a drop in DIASTOLIC BP from supine to standing?,18
"QSC302573, 04 - Admission/Predose Draft v0.1",Staff Initials:,19
"QSC302573, 04 - Admission/Predose Draft v0.1",Comment:,19
"QSC302573, 04 - Admission/Predose Draft v0.1",Vital Signs Difference for SYSTOLIC Drop,19
"QSC302573, 04 - Admission/Predose Draft v0.1",Vital Signs Difference for DIASTOLIC Drop,19
"QSC302573, 04 - Admission/Predose Draft v0.1",Clinical Assessment of Standing Vital Signs (Medic or Nurse to assess vital signs),19
"QSC302573, 04 - Admission/Predose Draft v0.1",Vital Sign Findings,19
"QSC302573, 04 - Admission/Predose Draft v0.1",Has the participant fasted for 8 hours?,19
"QSC302573, 04 - Admission/Predose Draft v0.1",Comment:,20
"QSC302573, 04 - Admission/Predose Draft v0.1",Staff Initials:,20
"QSC302573, 04 - Admission/Predose Draft v0.1",Has the optional Future Biospecimen Research Sample been consented to and can be collected?,20
"QSC302573, 04 - Admission/Predose Draft v0.1",Future Biospecimen Research Sample - Gently invert tube 8-10 times immediately after collection and protect from the light (4 mL K2EDTA) Barcode:,20
"QSC302573, 04 - Admission/Predose Draft v0.1",Haematology – Mix tube gently by inverting 8–10 times (2 mL K3EDTA),20
"QSC302573, 04 - Admission/Predose Draft v0.1",Barcode:,20
"QSC302573, 04 - Admission/Predose Draft v0.1",Has there been a medic review of the Haematology blood results?,20
"QSC302573, 04 - Admission/Predose Draft v0.1",Chemistry – Mix tube gently by inverting 5–6 times (5 mL SST),20
"QSC302573, 04 - Admission/Predose Draft v0.1",Staff Initials:,21
"QSC302573, 04 - Admission/Predose Draft v0.1",Comment:,21
"QSC302573, 04 - Admission/Predose Draft v0.1",Has there been a medic review of the Clinical Chemistry blood results?,21
"QSC302573, 04 - Admission/Predose Draft v0.1",Confirm TDL form completed:,21
"QSC302573, 04 - Admission/Predose Draft v0.1",- Correct form used - Correct participant label applied - Correct slot number written - Correct sex and fasting status - Correct timepoint checked - Correct sample date and time written - Correct visit - Initials signed to confirm sample collected and form correct,21
"QSC302573, 04 - Admission/Predose Draft v0.1",Targeted Physical Examination Findings: Require Targeted PE?,21
"QSC302573, 04 - Admission/Predose Draft v0.1","Targeted Physical Examination: Does the participant require a targeted physical examination? (If yes, please specify the reason)",21
"QSC302573, 04 - Admission/Predose Draft v0.1",Staff Initials:,22
"QSC302573, 04 - Admission/Predose Draft v0.1",Comment:,22
"QSC302573, 04 - Admission/Predose Draft v0.1","Targeted Physical Examination Findings: Any clinically significant abnormal findings? #1 If yes, were there any clinically significant abnormal findings?",22
"QSC302573, 04 - Admission/Predose Draft v0.1",Physical Examination Category,22
"QSC302573, 04 - Admission/Predose Draft v0.1",Comment:,23
"QSC302573, 04 - Admission/Predose Draft v0.1",Staff Initials:,23
"QSC302573, 04 - Admission/Predose Draft v0.1",Detailed findings of Physical Examination,23
"QSC302573, 04 - Admission/Predose Draft v0.1",Neurological Examination: Neurological Examination Performed?,23
"QSC302573, 04 - Admission/Predose Draft v0.1",Was a neurological examination performed?,23
"QSC302573, 04 - Admission/Predose Draft v0.1",Mental Status,23
"QSC302573, 04 - Admission/Predose Draft v0.1",Cranial Nerves,23
"QSC302573, 04 - Admission/Predose Draft v0.1",Comment:,24
"QSC302573, 04 - Admission/Predose Draft v0.1",Staff Initials:,24
"QSC302573, 04 - Admission/Predose Draft v0.1",Motor Systems,24
"QSC302573, 04 - Admission/Predose Draft v0.1",Reflexes,24
"QSC302573, 04 - Admission/Predose Draft v0.1",Staff Initials:,25
"QSC302573, 04 - Admission/Predose Draft v0.1",Comment:,25
"QSC302573, 04 - Admission/Predose Draft v0.1",Sensory System,25
"QSC302573, 04 - Admission/Predose Draft v0.1",Co-ordination,25
"QSC302573, 04 - Admission/Predose Draft v0.1",Staff Initials:,26
"QSC302573, 04 - Admission/Predose Draft v0.1",Comment:,26
"QSC302573, 04 - Admission/Predose Draft v0.1",Station and Gait,26
"QSC302573, 04 - Admission/Predose Draft v0.1",Detailed findings of Neurological Examination,26
"QSC302573, 04 - Admission/Predose Draft v0.1",Stanford Sleepiness Scale: Stanford Sleepiness Scale Date,26
"QSC302573, 04 - Admission/Predose Draft v0.1",Stanford Sleepiness Scale Questionnaire - Date and Time (Transcribe from paper source workbook),26
"QSC302573, 04 - Admission/Predose Draft v0.1",Degree of Sleepiness (Transcribe from paper source workbook),26
"QSC302573, 04 - Admission/Predose Draft v0.1",Comment:,27
"QSC302573, 04 - Admission/Predose Draft v0.1",Staff Initials:,27
"QSC302573, 04 - Admission/Predose Draft v0.1",C-SSRS Assessment: Date of Assessment,27
"QSC302573, 04 - Admission/Predose Draft v0.1",C-SSRS Questionnaire - Date and Time (Transcribe from C-SSRS paper source workbook),27
"QSC302573, 04 - Admission/Predose Draft v0.1",Staff Initials:,28
"QSC302573, 04 - Admission/Predose Draft v0.1",Comment:,28
"QSC302573, 04 - Admission/Predose Draft v0.1",1. Wish to be dead,28
"QSC302573, 04 - Admission/Predose Draft v0.1","Subject endorses thoughts about a wish to be dead or not alive anymore, or a wish to fall asleep and not wake up. (Have you wished you were dead or wished you could go to sleep and not wake up?)",28
"QSC302573, 04 - Admission/Predose Draft v0.1",2. Non-specific Active Suicidal Thoughts,28
"QSC302573, 04 - Admission/Predose Draft v0.1","General non-specific thoughts of wanting to end one's life / commit suicide (e.g. ""I've thought about killing myself"") without thoughts of ways to kill oneself / associated methods, intent, or plan during the assessment period. (Have you actually had any thoughts of killing yourself?)",28
"QSC302573, 04 - Admission/Predose Draft v0.1",Staff Initials:,29
"QSC302573, 04 - Admission/Predose Draft v0.1",Comment:,29
"QSC302573, 04 - Admission/Predose Draft v0.1",3. Active Suicidal Ideation with Any Methods (Not Plan) Without Intent to Act,29
"QSC302573, 04 - Admission/Predose Draft v0.1","Subject endorses thoughts of suicide and has thought of at least one method during the assessment period. This is different from a specific plan with time, place or method details worked out (e.g. thought of method to kill self but not a specific plan). Includes person who would say, ""I thought about taking an overdose but I never made a specific plan as to when, where or how I would actually do it… and I would never go through with it"". (Have you been thinking about how you might do this?)",29
"QSC302573, 04 - Admission/Predose Draft v0.1","4. Active Suicidal Ideation with Some Intent to Act, without Specific Plan",29
"QSC302573, 04 - Admission/Predose Draft v0.1","Active suicidal thoughts of killing oneself and subject reports having some intent to act on such thoughts, as opposed to ""I have the thoughts but I definitely will not do anything about them"". (Have you had these thoughts and had some intention of acting on them?)",29
"QSC302573, 04 - Admission/Predose Draft v0.1",Staff Initials:,30
"QSC302573, 04 - Admission/Predose Draft v0.1",Comment:,30
"QSC302573, 04 - Admission/Predose Draft v0.1",5. Active Suicidal Ideation with Specific Plan and Intent,30
"QSC302573, 04 - Admission/Predose Draft v0.1",Thoughts of killing oneself with details of plan fully or partially worked out and subject has some intent to carry it out. (Have you started to work out or worked out the details of how to kill yourself? Do you intend to carry out this plan?),30
"QSC302573, 04 - Admission/Predose Draft v0.1",Most Severe Ideation,30
"QSC302573, 04 - Admission/Predose Draft v0.1","The following feature should be rated with respect to the most severe type of ideation (i.e. 1-5 from above, with 1 being the least severe and 5 being the most severe). Ask about time he/she was feeling the most suicidal.",30
"QSC302573, 04 - Admission/Predose Draft v0.1",Description of Ideation,30
"QSC302573, 04 - Admission/Predose Draft v0.1",Frequency,30
"QSC302573, 04 - Admission/Predose Draft v0.1",(How many times have you had these thoughts?),30
"QSC302573, 04 - Admission/Predose Draft v0.1",Comment:,31
"QSC302573, 04 - Admission/Predose Draft v0.1",Staff Initials:,31
"QSC302573, 04 - Admission/Predose Draft v0.1",Duration,31
"QSC302573, 04 - Admission/Predose Draft v0.1","(When you have the thoughts, how long do they last?)",31
"QSC302573, 04 - Admission/Predose Draft v0.1",Controllability,31
"QSC302573, 04 - Admission/Predose Draft v0.1",(Could/can you stop thinking about killing yourself or wanting to die if you want to?),31
"QSC302573, 04 - Admission/Predose Draft v0.1",Comment:,32
"QSC302573, 04 - Admission/Predose Draft v0.1",Staff Initials:,32
"QSC302573, 04 - Admission/Predose Draft v0.1",Deterrents,32
"QSC302573, 04 - Admission/Predose Draft v0.1","(Are there things - anyone or anything (e.g. family, religion, pain of death) - that stopped you from wanting to die or acting on thoughts of committing suicide?)",32
"QSC302573, 04 - Admission/Predose Draft v0.1",Reasons for Ideation,32
"QSC302573, 04 - Admission/Predose Draft v0.1","(What sort of reasons did you have for thinking about wanting to die or killing yourself? Was it to end the pain or stop the way you were feeling (in other words you couldn't go on living with this pain or how you were feeling) or was it to get attention, revenge or a reaction from others? Or both?)",32
"QSC302573, 04 - Admission/Predose Draft v0.1",Comment:,33
"QSC302573, 04 - Admission/Predose Draft v0.1",Staff Initials:,34
"QSC302573, 04 - Admission/Predose Draft v0.1",Comment:,34
"QSC302573, 04 - Admission/Predose Draft v0.1",Actual Attempt (Since Last Visit),34
"QSC302573, 04 - Admission/Predose Draft v0.1",Total Number of Attempts,34
"QSC302573, 04 - Admission/Predose Draft v0.1",Has subject engaged in Non-Suicidal Self-Injurious Behaviour (Since Last Visit),34
"QSC302573, 04 - Admission/Predose Draft v0.1",Comment:,35
"QSC302573, 04 - Admission/Predose Draft v0.1",Staff Initials:,35
"QSC302573, 04 - Admission/Predose Draft v0.1",Interrupted Attempt (Since Last Visit),35
"QSC302573, 04 - Admission/Predose Draft v0.1","When the person is interrupted (by an outside circumstance) from starting the potentially self- injurious act (if not for that, actual attempt would have occurred). Overdose: Person has pills in hand but is stopped from ingesting. Once they ingest any pills, this becomes an attempt rather than an interrupted attempt. Shooting: Person has gun pointed towards self, gun is taken away by someone else, or he/she is somehow prevented from pulling trigger. Once they pull the trigger, even if the gun fails to fire, it is an attempt. Jumping: Person is poised to jump, is grabbed and taken down from ledge. Hanging: Person has noose around neck but has not yet started to hang - is stopped from doing so. (Has there been a time when you started to do something to end your life but someone or something stopped you before you actually did anything?)",35
"QSC302573, 04 - Admission/Predose Draft v0.1",Total Number of Interrupted,35
"QSC302573, 04 - Admission/Predose Draft v0.1",Aborted Attempt (Since Last Visit),35
"QSC302573, 04 - Admission/Predose Draft v0.1","When person begins to take steps towards making a suicide attempt, but stops themselves before they actually have engaged in any self-destructive behaviour. Examples are similar to interrupted attempts, except that the individual stops him/herself instead of being stopped by something else. (Has there been a time when you started to do something to try to end your life but you stopped yourself before you actually did anything?)",35
"QSC302573, 04 - Admission/Predose Draft v0.1",Staff Initials:,36
"QSC302573, 04 - Admission/Predose Draft v0.1",Comment:,36
"QSC302573, 04 - Admission/Predose Draft v0.1",Total Number of Aborted,36
"QSC302573, 04 - Admission/Predose Draft v0.1","Acts or preparation towards imminently making a suicide attempt. This can include anything beyond a verbalisation or thought, such as assembling a specific method (e.g. buying pills, purchasing a gun) or preparing for one's death by suicide (e.g. giving things away, writing a suicide note). (Have you taken any steps towards making a suicide attempt or preparing to kill yourself (such as collecting pills, getting a gun, giving valuables away or writing a suicide note)?)",36
"QSC302573, 04 - Admission/Predose Draft v0.1",Preparatory Acts or Behaviour (Since Last Visit),36
"QSC302573, 04 - Admission/Predose Draft v0.1",Suicidal Behaviour (Since Last Visit),36
"QSC302573, 04 - Admission/Predose Draft v0.1",Suicidal behaviour was present during the assessment period?,36
"QSC302573, 04 - Admission/Predose Draft v0.1",Comment:,37
"QSC302573, 04 - Admission/Predose Draft v0.1",Staff Initials:,37
"QSC302573, 04 - Admission/Predose Draft v0.1",Suicide (Since Last Visit),37
"QSC302573, 04 - Admission/Predose Draft v0.1",Most Lethal Attempt Date,37
"QSC302573, 04 - Admission/Predose Draft v0.1",Actual Lethality/Medical Damage - Most Lethal Attempt,37
"QSC302573, 04 - Admission/Predose Draft v0.1",Comment:,38
"QSC302573, 04 - Admission/Predose Draft v0.1",Staff Initials:,38
"QSC302573, 04 - Admission/Predose Draft v0.1",Potential Lethality - Most Lethal Attempt Code (only answer if Actual Lethality = 0),38
"QSC302573, 04 - Admission/Predose Draft v0.1",Confirm Evening Snack Provided,38
"QSC302573, 04 - Admission/Predose Draft v0.1",Start time of fast (Includes all food and drink except water),38
"QSC302573, 04 - Admission/Predose Draft v0.1",(Fast for at least 10 hours before breakfast or dosing depending on Part & Cohort),38
"QSC302573, 04 - Admission/Predose Draft v0.1",What is the status of the subject?,38
"QSC302573, 04 - Admission/Predose Draft v0.1",Comment:,39
"QSC302573, 04 - Admission/Predose Draft v0.1",Staff Initials:,39
"QSC302573, 04 - Admission/Predose Draft v0.1",Check the participant in for predose assessments.,39
"QSC302573, 04 - Admission/Predose Draft v0.1","Exclude if - QT interval corrected for heart rate using Fridericia’s formula (QTcF) >450 msec for male participants or >470 msec for female participants, QRS interval >120 msec, or PR interval >200 msec. (Supine for a minimum 3 minutes)",39
"QSC302573, 04 - Admission/Predose Draft v0.1",Comment:,40
"QSC302573, 04 - Admission/Predose Draft v0.1",Staff Initials:,40
"QSC302573, 04 - Admission/Predose Draft v0.1",PRE-DOSE Triplicate ECG 1: Was the ECG clinically significant? (Medic to assess),40
"QSC302573, 04 - Admission/Predose Draft v0.1",PRE-DOSE Triplicate ECG 2: 12 Lead Standard ECG (To be performed at least 2 minutes after ECG1),40
"QSC302573, 04 - Admission/Predose Draft v0.1",Comment:,41
"QSC302573, 04 - Admission/Predose Draft v0.1",Staff Initials:,41
"QSC302573, 04 - Admission/Predose Draft v0.1",Staff Initials:,42
"QSC302573, 04 - Admission/Predose Draft v0.1",Comment:,42
"QSC302573, 04 - Admission/Predose Draft v0.1",PRE-DOSE Triplicate ECG 2: Was the ECG clinically significant? (Medic to assess),42
"QSC302573, 04 - Admission/Predose Draft v0.1",PRE-DOSE Triplicate ECG 3: 12 Lead Standard ECG (To be performed at least 2 minutes after ECG2),42
"QSC302573, 04 - Admission/Predose Draft v0.1",Comment:,43
"QSC302573, 04 - Admission/Predose Draft v0.1",Staff Initials:,43
"QSC302573, 04 - Admission/Predose Draft v0.1",PRE-DOSE Triplicate ECG 3: Was the ECG clinically significant? (Medic to assess),43
"QSC302573, 04 - Admission/Predose Draft v0.1",Staff Initials:,44
"QSC302573, 04 - Admission/Predose Draft v0.1",Comment:,44
"QSC302573, 04 - Admission/Predose Draft v0.1",PRE-DOSE - Mean values,44
"QSC302573, 04 - Admission/Predose Draft v0.1","Exclude if - QT interval corrected for heart rate using Fridericia’s formula (QTcF) >450 msec for male participants or >470 msec for female participants, QRS interval >120 msec, or PR interval >200 msec",44
"QSC302573, 04 - Admission/Predose Draft v0.1",Please transcribe the baseline value for QTcF for withdrawal purposes for Period 1 post dose from the mean QTcF above,44
"QSC302573, 04 - Admission/Predose Draft v0.1",Staff Initials:,45
"QSC302573, 04 - Admission/Predose Draft v0.1",Comment:,45
"QSC302573, 04 - Admission/Predose Draft v0.1",PRE-DOSE - Vital Signs,45
"QSC302573, 04 - Admission/Predose Draft v0.1","Exclude if - Systolic blood pressure [SBP] >140 mmHg or diastolic blood pressure [DBP] >90 mmHg in the supine position. Supine heart rate, after resting for at least 3 minutes, outside the range of 50 to 100 beats per minute. (Supine for at least 3 minutes)",45
"QSC302573, 04 - Admission/Predose Draft v0.1",PRE-DOSE - Clinical Assessment of Vital Signs (Medic or Nurse to assess vital signs),45
"QSC302573, 04 - Admission/Predose Draft v0.1",PRE-DOSE - Vital Sign Findings,45
"QSC302573, 04 - Admission/Predose Draft v0.1",Staff Initials:,46
"QSC302573, 04 - Admission/Predose Draft v0.1",Comment:,46
"QSC302573, 04 - Admission/Predose Draft v0.1",PRE-DOSE - Vital Signs (Standing),46
"QSC302573, 04 - Admission/Predose Draft v0.1",PRE-DOSE - Is there a drop in SYSTOLIC BP from supine to standing?,46
"QSC302573, 04 - Admission/Predose Draft v0.1",PRE-DOSE - Is there a drop in DIASTOLIC BP from supine to standing?,46
"QSC302573, 04 - Admission/Predose Draft v0.1",PRE-DOSE - Vital Signs Difference for SYSTOLIC Drop,46
"QSC302573, 04 - Admission/Predose Draft v0.1",Staff Initials:,47
"QSC302573, 04 - Admission/Predose Draft v0.1",Comment:,47
"QSC302573, 04 - Admission/Predose Draft v0.1",PRE-DOSE - Vital Signs Difference for DIASTOLIC Drop (Supine),47
"QSC302573, 04 - Admission/Predose Draft v0.1",PRE-DOSE - Clinical Assessment of Vital Signs (Medic or Nurse to assess vital signs),47
"QSC302573, 04 - Admission/Predose Draft v0.1",PRE-DOSE - Vital Sign Findings,47
"QSC302573, 04 - Admission/Predose Draft v0.1",Predose Targeted Physical Examination: Require Targeted PE?,47
"QSC302573, 04 - Admission/Predose Draft v0.1","PRE-DOSE - Targeted Physical Examination: Does the participant require a targeted physical examination? (If yes, please specify the reason)",47
"QSC302573, 04 - Admission/Predose Draft v0.1",Predose Targeted Physical Examination: Any clinically significant abnormal findings?,47
"QSC302573, 04 - Admission/Predose Draft v0.1",Staff Initials:,48
"QSC302573, 04 - Admission/Predose Draft v0.1",Comment:,48
"QSC302573, 04 - Admission/Predose Draft v0.1","PRE-DOSE - If yes, were there any clinically significant abnormal findings?",48
"QSC302573, 04 - Admission/Predose Draft v0.1",PRE-DOSE - Physical Examination Category,48
"QSC302573, 04 - Admission/Predose Draft v0.1",Staff Initials:,49
"QSC302573, 04 - Admission/Predose Draft v0.1",Comment:,49
"QSC302573, 04 - Admission/Predose Draft v0.1",PRE-DOSE - Detailed findings of Physical Examination,49
"QSC302573, 04 - Admission/Predose Draft v0.1",Targeted Neurological Examination: Require Targeted NE?,49
"QSC302573, 04 - Admission/Predose Draft v0.1","PREDOSE - Targeted Neurological Examination: Does the participant require a targeted neurological examination? (If yes, please specify the reason)",49
"QSC302573, 04 - Admission/Predose Draft v0.1","Targeted Neurological Examination: Any clinically significant abnormal findings? #1 If yes, were there any clinically significant abnormal findings?",49
"QSC302573, 04 - Admission/Predose Draft v0.1",Targeted Neurological Examination Category,49
"QSC302573, 04 - Admission/Predose Draft v0.1",Comment:,50
"QSC302573, 04 - Admission/Predose Draft v0.1",Staff Initials:,50
"QSC302573, 04 - Admission/Predose Draft v0.1",Detailed findings of Targeted Neurological Examination,50
"QSC302573, 04 - Admission/Predose Draft v0.1","Inclusion 1. Male or NCBP female participants between 18 and 55 years of age, inclusive.",50
"QSC302573, 04 - Admission/Predose Draft v0.1",Staff Initials:,51
"QSC302573, 04 - Admission/Predose Draft v0.1",Comment:,51
"QSC302573, 04 - Admission/Predose Draft v0.1",Inclusion 2. BMI from 18.0 to 32.0 kg/m2 (inclusive).,51
"QSC302573, 04 - Admission/Predose Draft v0.1","Inclusion 3. In good health as determined by: a) Medical history b) Physical examination c) Neurological examination d) ECG e) Serum chemistry, urinalysis, hematology, and serology tests.",51
"QSC302573, 04 - Admission/Predose Draft v0.1",Staff Initials:,52
"QSC302573, 04 - Admission/Predose Draft v0.1",Comment:,52
"QSC302573, 04 - Admission/Predose Draft v0.1","Inclusion 4. Sexually active males who: a) Will commit to utilizing 2 different approved methods of birth control during the trial and for 90 days plus 5 half-lives (ie, 92 days) after the last dose of IMP, or b) Will remain abstinent during the trial and for 90 days plus 5 half-lives (ie, 92 days) after the last dose of IMP. c) Will refrain from sperm donation from the screening visit through 90 days plus 5 half-lives (ie, 92 days) after the last dose of IMP, or d) Have had a bilateral orchiectomy.",52
"QSC302573, 04 - Admission/Predose Draft v0.1","Inclusion 5. Female participants who are surgically sterile (ie, have undergone bilateral oophorectomy or hysterectomy) or who have been postmenopausal for at least 12 consecutive months. This will be confirmed with a follicle-stimulating hormone (FSH) assessment.",52
"QSC302573, 04 - Admission/Predose Draft v0.1",Staff Initials:,53
"QSC302573, 04 - Admission/Predose Draft v0.1",Comment:,53
"QSC302573, 04 - Admission/Predose Draft v0.1","Inclusion 6. Ability to provide written, informed consent prior to initiation of any trial-related procedures, and ability, in the opinion of the principal investigator, to comply with all the requirements of the trial.",53
"QSC302573, 04 - Admission/Predose Draft v0.1",Exclusion 1. Non-English speakers and those with language or hearing impairments will not participate in the trial.,53
"QSC302573, 04 - Admission/Predose Draft v0.1",Exclusion 2. Participants who are breast-feeding and/or who have a positive pregnancy test result prior to receiving the IMP.,53
"QSC302573, 04 - Admission/Predose Draft v0.1","Exclusion 3. Clinically significant abnormality in past medical history, or at the screening physical examination, that in the investigators or sponsor’s opinion may place the participant at risk or interfere with outcome variables including absorption, distribution, metabolism, and excretion of drug. This includes, but is not limited to, history of or concurrent cardiac, hepatic, renal, neurologic, endocrine, gastrointestinal, respiratory, hematologic, dermatologic, and immunologic disease.",53
"QSC302573, 04 - Admission/Predose Draft v0.1",Staff Initials:,54
"QSC302573, 04 - Admission/Predose Draft v0.1",Comment:,54
"QSC302573, 04 - Admission/Predose Draft v0.1",Exclusion 4. History of drug and/or alcohol abuse within 2 years prior to screening.,54
"QSC302573, 04 - Admission/Predose Draft v0.1","Exclusion 5. History of or current hepatitis or acquired immunodeficiency syndrome or carriers of hepatitis B surface antigen (HBsAg) and/or hepatitis C antibodies (anti-HCV), or human immunodeficiency virus (HIV) antibodies. Exceptions are permitted for participants with a prior history of infection with hepatitis A who have fully recovered and are experiencing no liver sequelae, or with hepatitis C who have been adequately treated to be considered cured with no liver sequelae.",54
"QSC302573, 04 - Admission/Predose Draft v0.1",Staff Initials:,55
"QSC302573, 04 - Admission/Predose Draft v0.1",Comment:,55
"QSC302573, 04 - Admission/Predose Draft v0.1",Exclusion 6. History of any significant drug allergy or known or suspected hypersensitivity to any component of IMP.,55
"QSC302573, 04 - Admission/Predose Draft v0.1",Exclusion 7. A positive urine or breath alcohol test or urine drug screen for substances of abuse at screening or upon check-in to the trial site.,55
"QSC302573, 04 - Admission/Predose Draft v0.1",Exclusion 8. Any history of significant bleeding or hemorrhagic tendencies.,55
"QSC302573, 04 - Admission/Predose Draft v0.1",Exclusion 9. A history of difficulty in donating blood.,55
"QSC302573, 04 - Admission/Predose Draft v0.1",Staff Initials:,56
"QSC302573, 04 - Admission/Predose Draft v0.1",Comment:,56
"QSC302573, 04 - Admission/Predose Draft v0.1",Exclusion 10. The donation of blood or plasma within 30 days prior to the first dose of IMP.,56
"QSC302573, 04 - Admission/Predose Draft v0.1",Exclusion 11. Participants having taken an investigational drug within 90 days prior to first dose.,56
"QSC302573, 04 - Admission/Predose Draft v0.1","Exclusion 12. Use of prescription, over-the-counter, herbal medications, or vitamin supplements within 14 days prior to the first dose of IMP and oral antibiotics within 30 days prior to the first dose of IMP. The sponsor may allow exceptions only if the medication’s administration is deemed unlikely to impact the PK result.",56
"QSC302573, 04 - Admission/Predose Draft v0.1",Staff Initials:,57
"QSC302573, 04 - Admission/Predose Draft v0.1",Comment:,57
"QSC302573, 04 - Admission/Predose Draft v0.1","Exclusion 13. Exposure to any substances known to stimulate hepatic microsomal enzymes within 30 days prior to screening (eg, occupational exposure to pesticides, organic solvents, etc).",57
"QSC302573, 04 - Admission/Predose Draft v0.1","Exclusion 14. Use of tobacco products or daily exposure to second-hand smoke within 2 months prior to the screening visit, or urine cotinine concentrations >200 ng/mL or serum cotinine concentrations >20 ng/mL at screening or check-in.",57
"QSC302573, 04 - Admission/Predose Draft v0.1","Exclusion 15. Participants presenting with, or having a history of, uncontrolled hypertension (systolic blood pressure [SBP] >140 mmHg or diastolic blood pressure [DBP] >90 mmHg in the supine position) or symptomatic hypotension or orthostatic hypotension, which is defined as a decrease of ≥20 mmHg in SBP and/or a decrease of ≥10 mmHg in DBP after at least 3 minutes of standing compared with the previous supine blood pressure, at screening or check-in.",57
"QSC302573, 04 - Admission/Predose Draft v0.1",Staff Initials:,58
"QSC302573, 04 - Admission/Predose Draft v0.1",Comment:,58
"QSC302573, 04 - Admission/Predose Draft v0.1","Exclusion 16. Participants who have a supine heart rate, after resting for at least 3 minutes, outside the range of 50 to 100 beats per minute. The sponsor may allow exceptions if the results are not considered to be clinically significant; however, this will need to be approved by the medical monitor. Note: If the first hear rate measurement is abnormal, it can be repeated at the investigator’s discretion, in which case a third (confirmatory) measurement may also be required.",58
"QSC302573, 04 - Admission/Predose Draft v0.1",Exclusion 17. History of unexplained syncope.,58
"QSC302573, 04 - Admission/Predose Draft v0.1","Exclusion 18. Abnormal ECG findings at screening or check-in including QT interval corrected for heart rate using Fridericia’s formula (QTcF) >450 msec for male participants or >470 msec for female participants, QRS interval >120 msec, or PR interval >200 msec.",58
"QSC302573, 04 - Admission/Predose Draft v0.1",Staff Initials:,59
"QSC302573, 04 - Admission/Predose Draft v0.1",Comment:,59
"QSC302573, 04 - Admission/Predose Draft v0.1",Exclusion 19. Personal or family history of sudden death or long QT syndrome.,59
"QSC302573, 04 - Admission/Predose Draft v0.1","Exclusion 20. History of serious mental disorders that, in the opinion of the investigator, would exclude the participant from participating in this trial.",59
"QSC302573, 04 - Admission/Predose Draft v0.1",Exclusion 21. Participants with no permanent place of residence.,59
"QSC302573, 04 - Admission/Predose Draft v0.1","Exclusion 22. Any participant who, in the opinion of the investigator, should not participate in the trial.",59
"QSC302573, 04 - Admission/Predose Draft v0.1",Staff Initials:,60
"QSC302573, 04 - Admission/Predose Draft v0.1",Comment:,60
"QSC302573, 04 - Admission/Predose Draft v0.1",Exclusion 23. Previous exposure to OPC-224333.,60
"QSC302573, 04 - Admission/Predose Draft v0.1","Exclusion 24. Consumption of alcohol and/or food and beverages containing methylxanthines (caffeinated coffee, caffeinated tea, caffeinated soda, and chocolate), pomelo, grapefruit, grapefruit juice, Seville oranges, Seville orange juice, blueberry juice, or cranberry juice within 72 hours prior to dosing.",60
"QSC302573, 04 - Admission/Predose Draft v0.1","Exclusion 25. Participants with active suicidal ideation or suicidal behavior within the last 6 months, at the screening visit (Baseline/Screening version), and/or prior to dosing (as evidenced by clinical examination or an answer of “yes” on Questions 4 or 5 of the C SSRS Since Last Visit version) or suicidal behavior is present in the C-SSRS.",60
"QSC302573, 04 - Admission/Predose Draft v0.1",Exclusion 26. Not able to consume the FDA HFM (High Fat Meal) for Part 2 and Part 3 within 20 minutes.,60
"QSC302573, 04 - Admission/Predose Draft v0.1",Comment:,61
"QSC302573, 04 - Admission/Predose Draft v0.1",Staff Initials:,61
"QSC302573, 04 - Admission/Predose Draft v0.1","Exclusion 27. Participant has any significant primary sleep disorder. Participants with known untreated moderate or severe sleep apnea, other major untreated sleep disorders, or a known diagnosis of a circadian rhythm disorder. Participants adequately treated for obstructive sleep apnea are not excluded.",61
"QSC302573, 04 - Admission/Predose Draft v0.1","Exclusion 28. Participants with abnormal liver function and or hepatic impairment, defined as participants with aspartate aminotransferase (AST), alanine aminotransferase (ALT), or alkaline phosphatase > the upper limit of normal (ULN) or total bilirubin > the ULN.",61
"QSC302573, 04 - Admission/Predose Draft v0.1",AST level (IU/L),61
"QSC302573, 04 - Admission/Predose Draft v0.1",Staff Initials:,62
"QSC302573, 04 - Admission/Predose Draft v0.1",Comment:,62
"QSC302573, 04 - Admission/Predose Draft v0.1",ALT level (IU/L),62
"QSC302573, 04 - Admission/Predose Draft v0.1",ALP level (IU/L),62
"QSC302573, 04 - Admission/Predose Draft v0.1",Total Bilirubin (umol/L),62
"QSC302573, 04 - Admission/Predose Draft v0.1",I confirm that the relevant admission criteria have been reviewed and the participant is eligible to proceed in this clinical study,62
"QSC302573, 04 - Admission/Predose Draft v0.1",Staff Initials:,63
"QSC302573, 04 - Admission/Predose Draft v0.1",Comment:,63
"QSC302573, 04 - Admission/Predose Draft v0.1",What was the final Admission outcome?,63
"QSC302573, 04 - Admission/Predose Draft v0.1","If no, add reason for rejection",63
"QSC302573, 04 - Admission/Predose Draft v0.1",Outcome Admission: Date of Admission Failure,63
"QSC302573, 04 - Admission/Predose Draft v0.1",Record date of admission failure (or date of last contact),63
"QSC302573, 04 - Admission/Predose Draft v0.1",PK Sample for Bioanalysis - Gently invert tube 8-10 times immediately after collection and protect the sample from light (4 mL K2EDTA) Barcode:,63
"QSC302573, 05a - Period 1 Draft v0.2",Staff Initials:,64
"QSC302573, 05a - Period 1 Draft v0.2",Comment:,64
"QSC302573, 05a - Period 1 Draft v0.2",Pharmacogenomic (PGx) Sample - Gently invert tube 8-10 times immediately after collection and protect from the light (4 mL K2EDTA) Barcode:,64
"QSC302573, 05a - Period 1 Draft v0.2",Confirm an AE and Conmed check has been performed (Record any AE and Conmeds if applicable),64
"QSC302573, 05a - Period 1 Draft v0.2",I confirm that the inclusion/exclusion criteria and all relevant pre dose assessments have been reviewed and the participant continues to be eligible to participate in this clinical study.,64
"QSC302573, 05a - Period 1 Draft v0.2",Prandial state,64
"QSC302573, 05a - Period 1 Draft v0.2",Has the participant fasted for 10 hours prior to breakfast?,64
"QSC302573, 05a - Period 1 Draft v0.2",Staff Initials:,65
"QSC302573, 05a - Period 1 Draft v0.2",Comment:,65
"QSC302573, 05a - Period 1 Draft v0.2",Participant should begin eating breakfast.,65
"QSC302573, 05a - Period 1 Draft v0.2",Participant should stop eating breakfast.,65
"QSC302573, 05a - Period 1 Draft v0.2",Meals: Amount Consumed (Breakfast),65
"QSC302573, 05a - Period 1 Draft v0.2",Total amount of breakfast consumed,65
"QSC302573, 05a - Period 1 Draft v0.2",Please describe what was not eaten,65
"QSC302573, 05a - Period 1 Draft v0.2",PI to authorise. Full meal must be consumed to proceed with dosing.,65
"QSC302573, 05a - Period 1 Draft v0.2",Staff Initials:,66
"QSC302573, 05a - Period 1 Draft v0.2",Comment:,66
"QSC302573, 05a - Period 1 Draft v0.2","Check the Volunteer ID in eSource matches the volunteer (Initials, DOB and Photographic ID)",66
"QSC302573, 05a - Period 1 Draft v0.2",Check the volunteer panel number on the wristband matches eSource,66
"QSC302573, 05a - Period 1 Draft v0.2",Check the participant number in eSource matches the Instruction to Dispense and Dose,66
"QSC302573, 05a - Period 1 Draft v0.2",Has the participant refrained from drinking water for at least 1 hour prior to dosing?,66
"QSC302573, 05a - Period 1 Draft v0.2",Has the participant fasted for 10 hours prior to dosing?,66
"QSC302573, 05a - Period 1 Draft v0.2","Has the participant consumed breakfast per the protocol requirements, over 20 minutes and the full meal?",66
"QSC302573, 05a - Period 1 Draft v0.2",Staff Initials:,67
"QSC302573, 05a - Period 1 Draft v0.2",Comment:,67
"QSC302573, 05a - Period 1 Draft v0.2",Pre dose blood draws for PK and PGx samples taken?,67
"QSC302573, 05a - Period 1 Draft v0.2",Have all required pre dose procedures been completed?,67
"QSC302573, 05a - Period 1 Draft v0.2",Is the participant eligible to dose?,67
"QSC302573, 05a - Period 1 Draft v0.2",Enter the product details,67
"QSC302573, 05a - Period 1 Draft v0.2",Comment:,68
"QSC302573, 05a - Period 1 Draft v0.2",Staff Initials:,68
"QSC302573, 05a - Period 1 Draft v0.2",Does the Product label match the Instruction to Dispense and Dose?,68
"QSC302573, 05a - Period 1 Draft v0.2",Randomisation Number (Point of Randomisation),68
"QSC302573, 05a - Period 1 Draft v0.2","Final check performed (5 R’s of dosing, Jones 2009 – right participant, right drug, right dose, right route, right time)",68
"QSC302573, 05a - Period 1 Draft v0.2",Time of administration of study treatment,68
"QSC302573, 05a - Period 1 Draft v0.2",Staff Initials:,69
"QSC302573, 05a - Period 1 Draft v0.2",Comment:,69
"QSC302573, 05a - Period 1 Draft v0.2",Has the participant been provided with 240 mL of water?,69
"QSC302573, 05a - Period 1 Draft v0.2",Has a hand and mouth check been performed?,69
"QSC302573, 05a - Period 1 Draft v0.2",Has the participant been reminded to refrain from water for 2 hours post-dose?,69
"QSC302573, 05a - Period 1 Draft v0.2",Has the participant been advised to minimise exposure to sunlight from dosing for at least 7 days post final dose?,69
"QSC302573, 05a - Period 1 Draft v0.2","Due to the unavailability of phototoxic data, participants will be advised to minimize exposure to sunlight by spending a reduced amount of time outdoors/remaining inside the clinical unit during the residential periods of the study wearing sunglasses and clothing that minimizes exposure to sunlight and using sun cream on exposed areas when going outdoors. They will also be advised not to use sunbeds.",69
"QSC302573, 05a - Period 1 Draft v0.2",Staff Initials:,70
"QSC302573, 05a - Period 1 Draft v0.2",Comment:,70
"QSC302573, 05a - Period 1 Draft v0.2",Confirm dosing is complete (Operator to complete (switch user)),70
"QSC302573, 05a - Period 1 Draft v0.2",What is the status of the subject?,70
"QSC302573, 05a - Period 1 Draft v0.2",Baseline QTcF from Period 1 Predose,70
"QSC302573, 05a - Period 1 Draft v0.2",PK Sample for Bioanalysis - Gently invert tube 8-10 times immediately after collection and protect the sample from light (4 mL K2EDTA) Barcode:,70
"QSC302573, 05a - Period 1 Draft v0.2",Confirm an AE and Conmed check has been performed (Record any AE and Conmeds if applicable),70
"QSC302573, 05a - Period 1 Draft v0.2",Staff Initials:,71
"QSC302573, 05a - Period 1 Draft v0.2",Comment:,71
"QSC302573, 05a - Period 1 Draft v0.2",PK Sample for Bioanalysis - Gently invert tube 8-10 times immediately after collection and protect the sample from light (4 mL K2EDTA) Barcode:,71
"QSC302573, 05a - Period 1 Draft v0.2",Confirm an AE and Conmed check has been performed (Record any AE and Conmeds if applicable),71
"QSC302573, 05a - Period 1 Draft v0.2",Stanford Sleepiness Scale: Stanford Sleepiness Scale Date,71
"QSC302573, 05a - Period 1 Draft v0.2",Stanford Sleepiness Scale Questionnaire - Date and Time (Transcribe from paper source workbook),71
"QSC302573, 05a - Period 1 Draft v0.2",Degree of Sleepiness,71
"QSC302573, 05a - Period 1 Draft v0.2",Comment:,72
"QSC302573, 05a - Period 1 Draft v0.2",Staff Initials:,72
"QSC302573, 05a - Period 1 Draft v0.2",12 Lead Standard ECG,72
"QSC302573, 05a - Period 1 Draft v0.2","Exclude if - QT interval corrected for heart rate using Fridericia’s formula (QTcF) >450 msec for male participants or >470 msec for female participants, QRS interval >120 msec, or PR interval >200 msec. (Supine for a minimum 3 minutes)",72
"QSC302573, 05a - Period 1 Draft v0.2",ECG Rhythm assessment and interpretation,72
"QSC302573, 05a - Period 1 Draft v0.2",Comment:,73
"QSC302573, 05a - Period 1 Draft v0.2",Staff Initials:,73
"QSC302573, 05a - Period 1 Draft v0.2",Was the ECG clinically significant? (Medic to assess),73
"QSC302573, 05a - Period 1 Draft v0.2",ECG Findings,73
"QSC302573, 05a - Period 1 Draft v0.2","ECG Findings, including rhythm assessment",73
"QSC302573, 05a - Period 1 Draft v0.2",ECG Difference Calculation - a participant will be withdrawn where there is an increase in QTcF interval of >60 msec from baseline (confirmed following a repeat ECG),73
"QSC302573, 05a - Period 1 Draft v0.2",Staff Initials:,74
"QSC302573, 05a - Period 1 Draft v0.2",Comment:,74
"QSC302573, 05a - Period 1 Draft v0.2",PK Sample for Bioanalysis - Gently invert tube 8-10 times immediately after collection and protect the sample from light (4 mL K2EDTA) Barcode:,74
"QSC302573, 05a - Period 1 Draft v0.2",Confirm an AE and Conmed check has been performed (Record any AE and Conmeds if applicable),74
"QSC302573, 05a - Period 1 Draft v0.2",Has the participant been provided with water 2 hrs post-dose?,74
"QSC302573, 05a - Period 1 Draft v0.2",Stanford Sleepiness Scale: Stanford Sleepiness Scale Date,74
"QSC302573, 05a - Period 1 Draft v0.2",Stanford Sleepiness Scale Questionnaire - Date and Time (Transcribe from paper source workbook),74
"QSC302573, 05a - Period 1 Draft v0.2",Degree of Sleepiness,74
"QSC302573, 05a - Period 1 Draft v0.2",Comment:,75
"QSC302573, 05a - Period 1 Draft v0.2",Staff Initials:,75
"QSC302573, 05a - Period 1 Draft v0.2",Vital Signs (Supine for at least 3 minutes),75
"QSC302573, 05a - Period 1 Draft v0.2",Staff Initials:,76
"QSC302573, 05a - Period 1 Draft v0.2",Comment:,76
"QSC302573, 05a - Period 1 Draft v0.2",Clinical Assessment of Vital Signs (Medic or Nurse to assess vital signs),76
"QSC302573, 05a - Period 1 Draft v0.2",Vital Sign Findings,76
"QSC302573, 05a - Period 1 Draft v0.2",Vital Signs Standing BP and HR (Standing for at least 3 minutes),76
"QSC302573, 05a - Period 1 Draft v0.2",Staff Initials:,77
"QSC302573, 05a - Period 1 Draft v0.2",Comment:,77
"QSC302573, 05a - Period 1 Draft v0.2",Is there a drop in SYSTOLIC BP from supine to standing?,77
"QSC302573, 05a - Period 1 Draft v0.2",Is there a drop in DIASTOLIC BP from supine to standing?,77
"QSC302573, 05a - Period 1 Draft v0.2",Vital Signs Difference for SYSTOLIC Drop,77
"QSC302573, 05a - Period 1 Draft v0.2",Vital Signs Difference for DIASTOLIC Drop,77
"QSC302573, 05a - Period 1 Draft v0.2",Clinical Assessment of Standing Vital Signs (Medic or Nurse to assess vital signs),77
"QSC302573, 05a - Period 1 Draft v0.2",Comment:,78
"QSC302573, 05a - Period 1 Draft v0.2",Staff Initials:,78
"QSC302573, 05a - Period 1 Draft v0.2",Vital Sign Findings,78
"QSC302573, 05a - Period 1 Draft v0.2",PK Sample for Bioanalysis - Gently invert tube 8-10 times immediately after collection and protect the sample from light (4 mL K2EDTA) Barcode:,78
"QSC302573, 05a - Period 1 Draft v0.2",Confirm an AE and Conmed check has been performed (Record any AE and Conmeds if applicable),78
"QSC302573, 05a - Period 1 Draft v0.2",Confirm Lunch Provided,78
"QSC302573, 05a - Period 1 Draft v0.2",Staff Initials:,79
"QSC302573, 05a - Period 1 Draft v0.2",Comment:,79
"QSC302573, 05a - Period 1 Draft v0.2",PK Sample for Bioanalysis - Gently invert tube 8-10 times immediately after collection and protect the sample from light (4 mL K2EDTA) Barcode:,79
"QSC302573, 05a - Period 1 Draft v0.2",Confirm an AE and Conmed check has been performed (Record any AE and Conmeds if applicable),79
"QSC302573, 05a - Period 1 Draft v0.2",Vital Signs (Supine for at least 3 minutes),79
"QSC302573, 05a - Period 1 Draft v0.2",Staff Initials:,80
"QSC302573, 05a - Period 1 Draft v0.2",Comment:,80
"QSC302573, 05a - Period 1 Draft v0.2",Clinical Assessment of Vital Signs (Medic or Nurse to assess vital signs),80
"QSC302573, 05a - Period 1 Draft v0.2",Vital Sign Findings,80
"QSC302573, 05a - Period 1 Draft v0.2",Vital Signs Standing BP and HR (Standing for at least 3 minutes),80
"QSC302573, 05a - Period 1 Draft v0.2",Comment:,81
"QSC302573, 05a - Period 1 Draft v0.2",Staff Initials:,81
"QSC302573, 05a - Period 1 Draft v0.2",Is there a drop in SYSTOLIC BP from supine to standing?,81
"QSC302573, 05a - Period 1 Draft v0.2",Is there a drop in DIASTOLIC BP from supine to standing?,81
"QSC302573, 05a - Period 1 Draft v0.2",Vital Signs Difference for SYSTOLIC Drop,81
"QSC302573, 05a - Period 1 Draft v0.2",Staff Initials:,82
"QSC302573, 05a - Period 1 Draft v0.2",Comment:,82
"QSC302573, 05a - Period 1 Draft v0.2",Vital Signs Difference for DIASTOLIC Drop,82
"QSC302573, 05a - Period 1 Draft v0.2",Clinical Assessment of Standing Vital Signs (Medic or Nurse to assess vital signs),82
"QSC302573, 05a - Period 1 Draft v0.2",Vital Sign Findings,82
"QSC302573, 05a - Period 1 Draft v0.2",PK Sample for Bioanalysis - Gently invert tube 8-10 times immediately after collection and protect the sample from light (4 mL K2EDTA) Barcode:,82
"QSC302573, 05a - Period 1 Draft v0.2",Confirm an AE and Conmed check has been performed (Record any AE and Conmeds if applicable),82
"QSC302573, 05a - Period 1 Draft v0.2",Staff Initials:,83
"QSC302573, 05a - Period 1 Draft v0.2",Comment:,83
"QSC302573, 05a - Period 1 Draft v0.2",Stanford Sleepiness Scale: Stanford Sleepiness Scale Date,83
"QSC302573, 05a - Period 1 Draft v0.2",Stanford Sleepiness Scale Questionnaire - Date and Time (Transcribe from paper source workbook),83
"QSC302573, 05a - Period 1 Draft v0.2",Degree of Sleepiness,83
"QSC302573, 05a - Period 1 Draft v0.2",PK Sample for Bioanalysis - Gently invert tube 8-10 times immediately after collection and protect the sample from light (4 mL K2EDTA) Barcode:,83
"QSC302573, 05a - Period 1 Draft v0.2",Staff Initials:,84
"QSC302573, 05a - Period 1 Draft v0.2",Comment:,84
"QSC302573, 05a - Period 1 Draft v0.2",Confirm an AE and Conmed check has been performed (Record any AE and Conmeds if applicable),84
"QSC302573, 05a - Period 1 Draft v0.2",Vital Signs (Supine for at least 3 minutes),84
"QSC302573, 05a - Period 1 Draft v0.2",Clinical Assessment of Vital Signs (Medic or Nurse to assess vital signs),84
"QSC302573, 05a - Period 1 Draft v0.2",Staff Initials:,85
"QSC302573, 05a - Period 1 Draft v0.2",Comment:,85
"QSC302573, 05a - Period 1 Draft v0.2",Vital Sign Findings,85
"QSC302573, 05a - Period 1 Draft v0.2",Vital Signs Standing BP and HR (Standing for at least 3 minutes),85
"QSC302573, 05a - Period 1 Draft v0.2",Is there a drop in SYSTOLIC BP from supine to standing?,85
"QSC302573, 05a - Period 1 Draft v0.2",Is there a drop in DIASTOLIC BP from supine to standing?,85
"QSC302573, 05a - Period 1 Draft v0.2",Staff Initials:,86
"QSC302573, 05a - Period 1 Draft v0.2",Comment:,86
"QSC302573, 05a - Period 1 Draft v0.2",Vital Signs Difference for SYSTOLIC Drop,86
"QSC302573, 05a - Period 1 Draft v0.2",Vital Signs Difference for DIASTOLIC Drop,86
"QSC302573, 05a - Period 1 Draft v0.2",Clinical Assessment of Standing Vital Signs (Medic or Nurse to assess vital signs),86
"QSC302573, 05a - Period 1 Draft v0.2",Vital Sign Findings,86
"QSC302573, 05a - Period 1 Draft v0.2",Staff Initials:,87
"QSC302573, 05a - Period 1 Draft v0.2",Comment:,87
"QSC302573, 05a - Period 1 Draft v0.2",PK Sample for Bioanalysis - Gently invert tube 8-10 times immediately after collection and protect the sample from light (4 mL K2EDTA) Barcode:,87
"QSC302573, 05a - Period 1 Draft v0.2",Confirm an AE and Conmed check has been performed (Record any AE and Conmeds if applicable),87
"QSC302573, 05a - Period 1 Draft v0.2",Confirm Dinner Provided,87
"QSC302573, 05a - Period 1 Draft v0.2",12 Lead Standard ECG,87
"QSC302573, 05a - Period 1 Draft v0.2","Exclude if - QT interval corrected for heart rate using Fridericia’s formula (QTcF) >450 msec for male participants or >470 msec for female participants, QRS interval >120 msec, or PR interval >200 msec. (Supine for a minimum 3 minutes)",87
"QSC302573, 05a - Period 1 Draft v0.2",Comment:,88
"QSC302573, 05a - Period 1 Draft v0.2",Staff Initials:,88
"QSC302573, 05a - Period 1 Draft v0.2",ECG Rhythm assessment and interpretation,88
"QSC302573, 05a - Period 1 Draft v0.2",Was the ECG clinically significant? (Medic to assess),88
"QSC302573, 05a - Period 1 Draft v0.2",ECG Findings,88
"QSC302573, 05a - Period 1 Draft v0.2",Staff Initials:,89
"QSC302573, 05a - Period 1 Draft v0.2",Comment:,89
"QSC302573, 05a - Period 1 Draft v0.2","ECG Findings, including rhythm assessment",89
"QSC302573, 05a - Period 1 Draft v0.2",ECG Difference Calculation - a participant will be withdrawn where there is an increase in QTcF interval of >60 msec from baseline (confirmed following a repeat ECG),89
"QSC302573, 05a - Period 1 Draft v0.2",Vital Signs (Supine for at least 3 minutes),89
"QSC302573, 05a - Period 1 Draft v0.2",Staff Initials:,90
"QSC302573, 05a - Period 1 Draft v0.2",Comment:,90
"QSC302573, 05a - Period 1 Draft v0.2",Clinical Assessment of Vital Signs (Medic or Nurse to assess vital signs),90
"QSC302573, 05a - Period 1 Draft v0.2",Vital Sign Findings,90
"QSC302573, 05a - Period 1 Draft v0.2",Vital Signs Standing BP and HR (Standing for at least 3 minutes),90
"QSC302573, 05a - Period 1 Draft v0.2",Staff Initials:,91
"QSC302573, 05a - Period 1 Draft v0.2",Comment:,91
"QSC302573, 05a - Period 1 Draft v0.2",Is there a drop in SYSTOLIC BP from supine to standing?,91
"QSC302573, 05a - Period 1 Draft v0.2",Is there a drop in DIASTOLIC BP from supine to standing?,91
"QSC302573, 05a - Period 1 Draft v0.2",Vital Signs Difference for SYSTOLIC Drop,91
"QSC302573, 05a - Period 1 Draft v0.2",Vital Signs Difference for DIASTOLIC Drop,91
"QSC302573, 05a - Period 1 Draft v0.2",Clinical Assessment of Standing Vital Signs (Medic or Nurse to assess vital signs),91
"QSC302573, 05a - Period 1 Draft v0.2",Comment:,92
"QSC302573, 05a - Period 1 Draft v0.2",Staff Initials:,92
"QSC302573, 05a - Period 1 Draft v0.2",Vital Sign Findings,92
"QSC302573, 05a - Period 1 Draft v0.2",PK Sample for Bioanalysis - Gently invert tube 8-10 times immediately after collection and protect the sample from light (4 mL K2EDTA) Barcode:,92
"QSC302573, 05a - Period 1 Draft v0.2",Confirm an AE and Conmed check has been performed (Record any AE and Conmeds if applicable),92
"QSC302573, 05a - Period 1 Draft v0.2",Stanford Sleepiness Scale: Stanford Sleepiness Scale Date,92
"QSC302573, 05a - Period 1 Draft v0.2",Stanford Sleepiness Scale Questionnaire - Date and Time (Transcribe from paper source workbook),92
"QSC302573, 05a - Period 1 Draft v0.2",Staff Initials:,93
"QSC302573, 05a - Period 1 Draft v0.2",Comment:,93
"QSC302573, 05a - Period 1 Draft v0.2",Degree of Sleepiness,93
"QSC302573, 05a - Period 1 Draft v0.2",Confirm Evening Snack Provided,93
"QSC302573, 05a - Period 1 Draft v0.2",PK Sample for Bioanalysis - Gently invert tube 8-10 times immediately after collection and protect the sample from light (4 mL K2EDTA) Barcode:,93
"QSC302573, 05a - Period 1 Draft v0.2",Staff Initials:,94
"QSC302573, 05a - Period 1 Draft v0.2",Comment:,94
"QSC302573, 05a - Period 1 Draft v0.2",Confirm an AE and Conmed check has been performed (Record any AE and Conmeds if applicable),94
"QSC302573, 05a - Period 1 Draft v0.2",Urinalysis: Collection Time,94
"QSC302573, 05a - Period 1 Draft v0.2",Record time of urine sample (Collect Urine Sample),94
"QSC302573, 05a - Period 1 Draft v0.2","What was the bilirubin result? If any positive result, inform medic/PI. (Perform urinalysis and read results)",94
"QSC302573, 05a - Period 1 Draft v0.2",Staff Initials:,95
"QSC302573, 05a - Period 1 Draft v0.2",Comment:,95
"QSC302573, 05a - Period 1 Draft v0.2","What was the urobilinogen result? If any positive result, inform medic/PI. (Perform urinalysis and read results)",95
"QSC302573, 05a - Period 1 Draft v0.2","What was the ketone result? If any positive result, inform medic/PI. (Perform urinalysis and read results)",95
"QSC302573, 05a - Period 1 Draft v0.2","What was the glucose result? If any positive result, inform medic/PI. (Perform urinalysis and read results)",95
"QSC302573, 05a - Period 1 Draft v0.2",Comment:,96
"QSC302573, 05a - Period 1 Draft v0.2",Staff Initials:,96
"QSC302573, 05a - Period 1 Draft v0.2",What was the protein result?,96
"QSC302573, 05a - Period 1 Draft v0.2","IF PROTEIN ≥ 30mg/dl: Repeat urinalysis as soon as possible, ensuring a clean catch specimen. If protein remains ≥ 30mg/dl on repeat, then inform PI/medic. (Perform urinalysis and read results)",96
"QSC302573, 05a - Period 1 Draft v0.2",What was the blood result? (Perform urinalysis and read results),96
"QSC302573, 05a - Period 1 Draft v0.2",Comment:,97
"QSC302573, 05a - Period 1 Draft v0.2",Staff Initials:,97
"QSC302573, 05a - Period 1 Draft v0.2",What was the nitrite result? (Perform urinalysis and read results),97
"QSC302573, 05a - Period 1 Draft v0.2",Record pH value (Perform urinalysis and read results),97
"QSC302573, 05a - Period 1 Draft v0.2",Comment:,98
"QSC302573, 05a - Period 1 Draft v0.2",Staff Initials:,98
"QSC302573, 05a - Period 1 Draft v0.2",Record specific gravity of sample (Perform urinalysis and read results),98
"QSC302573, 05a - Period 1 Draft v0.2",Staff Initials:,99
"QSC302573, 05a - Period 1 Draft v0.2",Comment:,99
"QSC302573, 05a - Period 1 Draft v0.2",What was the leukocyte result? (Perform urinalysis and read results),99
"QSC302573, 05a - Period 1 Draft v0.2","Is participant female and menstruating? (If 'Yes', DO NOT send sample for Microscopy. If 'No', send sample for Microscopy)",99
"QSC302573, 05a - Period 1 Draft v0.2",Confirm sample sent for microscopy (Complete associated paperwork),99
"QSC302573, 05a - Period 1 Draft v0.2",Staff Initials:,100
"QSC302573, 05a - Period 1 Draft v0.2",Comment:,100
"QSC302573, 05a - Period 1 Draft v0.2",Has urinalysis been repeated as soon as possible with a clean catch specimen? Ensure events are repeated to capture this data.,100
"QSC302573, 05a - Period 1 Draft v0.2",Urinalysis Microscopy Sample (20 mL Sterilin screw cap),100
"QSC302573, 05a - Period 1 Draft v0.2",Barcode:,100
"QSC302573, 05a - Period 1 Draft v0.2",Confirm TDL form completed:,100
"QSC302573, 05a - Period 1 Draft v0.2",- Correct form used - Correct participant label applied - Correct slot number written - Correct sex and fasting status - Correct timepoint checked - Correct sample date and time written - Correct visit - Initials signed to confirm sample collected and form correct,100
"QSC302573, 05a - Period 1 Draft v0.2",Has there been a medic review of the Microscopy results?,100
"QSC302573, 05a - Period 1 Draft v0.2",Staff Initials:,101
"QSC302573, 05a - Period 1 Draft v0.2",Comment:,101
"QSC302573, 05a - Period 1 Draft v0.2",12 Lead Standard ECG,101
"QSC302573, 05a - Period 1 Draft v0.2","Exclude if - QT interval corrected for heart rate using Fridericia’s formula (QTcF) >450 msec for male participants or >470 msec for female participants, QRS interval >120 msec, or PR interval >200 msec. (Supine for a minimum 3 minutes)",101
"QSC302573, 05a - Period 1 Draft v0.2",ECG Rhythm assessment and interpretation,101
"QSC302573, 05a - Period 1 Draft v0.2",Was the ECG clinically significant? (Medic to assess),101
"QSC302573, 05a - Period 1 Draft v0.2",Staff Initials:,102
"QSC302573, 05a - Period 1 Draft v0.2",Comment:,102
"QSC302573, 05a - Period 1 Draft v0.2",ECG Findings,102
"QSC302573, 05a - Period 1 Draft v0.2","ECG Findings, including rhythm assessment",102
"QSC302573, 05a - Period 1 Draft v0.2",ECG Difference Calculation - a participant will be withdrawn where there is an increase in QTcF interval of >60 msec from baseline (confirmed following a repeat ECG),102
"QSC302573, 05a - Period 1 Draft v0.2",Vital Signs (Supine for at least 3 minutes),102
"QSC302573, 05a - Period 1 Draft v0.2",Comment:,103
"QSC302573, 05a - Period 1 Draft v0.2",Staff Initials:,103
"QSC302573, 05a - Period 1 Draft v0.2",Clinical Assessment of Vital Signs (Medic or Nurse to assess vital signs),103
"QSC302573, 05a - Period 1 Draft v0.2",Vital Sign Findings,103
"QSC302573, 05a - Period 1 Draft v0.2",Staff Initials:,104
"QSC302573, 05a - Period 1 Draft v0.2",Comment:,104
"QSC302573, 05a - Period 1 Draft v0.2",Vital Signs Standing BP and HR (Standing for at least 3 minutes),104
"QSC302573, 05a - Period 1 Draft v0.2",Is there a drop in SYSTOLIC BP from supine to standing?,104
"QSC302573, 05a - Period 1 Draft v0.2",Is there a drop in DIASTOLIC BP from supine to standing?,104
"QSC302573, 05a - Period 1 Draft v0.2",Vital Signs Difference for SYSTOLIC Drop,104
"QSC302573, 05a - Period 1 Draft v0.2",Staff Initials:,105
"QSC302573, 05a - Period 1 Draft v0.2",Comment:,105
"QSC302573, 05a - Period 1 Draft v0.2",Vital Signs Difference for DIASTOLIC Drop,105
"QSC302573, 05a - Period 1 Draft v0.2",Clinical Assessment of Standing Vital Signs (Medic or Nurse to assess vital signs),105
"QSC302573, 05a - Period 1 Draft v0.2",Vital Sign Findings,105
"QSC302573, 05a - Period 1 Draft v0.2",Has the participant fasted for 8 hours?,105
"QSC302573, 05a - Period 1 Draft v0.2",Staff Initials:,106
"QSC302573, 05a - Period 1 Draft v0.2",Comment:,106
"QSC302573, 05a - Period 1 Draft v0.2",Haematology – Mix tube gently by inverting 8–10 times (2 mL K3EDTA),106
"QSC302573, 05a - Period 1 Draft v0.2",Barcode:,106
"QSC302573, 05a - Period 1 Draft v0.2",Has there been a medic review of the Haematology blood results?,106
"QSC302573, 05a - Period 1 Draft v0.2",Chemistry – Mix tube gently by inverting 5–6 times (5 mL SST),106
"QSC302573, 05a - Period 1 Draft v0.2",Has there been a medic review of the Clinical Chemistry blood results?,106
"QSC302573, 05a - Period 1 Draft v0.2",Staff Initials:,107
"QSC302573, 05a - Period 1 Draft v0.2",Comment:,107
"QSC302573, 05a - Period 1 Draft v0.2",Confirm TDL form completed:,107
"QSC302573, 05a - Period 1 Draft v0.2",- Correct form used - Correct participant label applied - Correct slot number written - Correct sex and fasting status - Correct timepoint checked - Correct sample date and time written - Correct visit - Initials signed to confirm sample collected and form correct,107
"QSC302573, 05a - Period 1 Draft v0.2",PK Sample for Bioanalysis - Gently invert tube 8-10 times immediately after collection and protect the sample from light (4 mL K2EDTA) Barcode:,107
"QSC302573, 05a - Period 1 Draft v0.2",Confirm an AE and Conmed check has been performed (Record any AE and Conmeds if applicable),107
"QSC302573, 05a - Period 1 Draft v0.2",Stanford Sleepiness Scale: Stanford Sleepiness Scale Date,107
"QSC302573, 05a - Period 1 Draft v0.2",Stanford Sleepiness Scale Questionnaire - Date and Time (Transcribe from paper source workbook),107
"QSC302573, 05a - Period 1 Draft v0.2",Degree of Sleepiness,107
"QSC302573, 05a - Period 1 Draft v0.2",Staff Initials:,108
"QSC302573, 05a - Period 1 Draft v0.2",Comment:,108
"QSC302573, 05a - Period 1 Draft v0.2",PK Sample for Bioanalysis - Gently invert tube 8-10 times immediately after collection and protect the sample from light (4 mL K2EDTA) Barcode:,108
"QSC302573, 05a - Period 1 Draft v0.2",Confirm an AE and Conmed check has been performed (Record any AE and Conmeds if applicable),108
"QSC302573, 05a - Period 1 Draft v0.2",Staff Initials:,109
"QSC302573, 05a - Period 1 Draft v0.2",Comment:,109
"QSC302573, 05a - Period 1 Draft v0.2",Confirm an AE and Conmed check has been performed (Record any AE and Conmeds if applicable),109
"QSC302573, 05a - Period 1 Draft v0.2",Vital Signs (Supine for at least 3 minutes),109
"QSC302573, 05a - Period 1 Draft v0.2",Clinical Assessment of Vital Signs (Medic or Nurse to assess vital signs),109
"QSC302573, 05a - Period 1 Draft v0.2",Staff Initials:,110
"QSC302573, 05a - Period 1 Draft v0.2",Comment:,110
"QSC302573, 05a - Period 1 Draft v0.2",Vital Sign Findings,110
"QSC302573, 05a - Period 1 Draft v0.2",Vital Signs Standing BP and HR (Standing for at least 3 minutes),110
"QSC302573, 05a - Period 1 Draft v0.2",Is there a drop in SYSTOLIC BP from supine to standing?,110
"QSC302573, 05a - Period 1 Draft v0.2",Is there a drop in DIASTOLIC BP from supine to standing?,110
"QSC302573, 05a - Period 1 Draft v0.2",Staff Initials:,111
"QSC302573, 05a - Period 1 Draft v0.2",Comment:,111
"QSC302573, 05a - Period 1 Draft v0.2",Vital Signs Difference for SYSTOLIC Drop,111
"QSC302573, 05a - Period 1 Draft v0.2",Vital Signs Difference for DIASTOLIC Drop,111
"QSC302573, 05a - Period 1 Draft v0.2",Clinical Assessment of Standing Vital Signs (Medic or Nurse to assess vital signs),111
"QSC302573, 05a - Period 1 Draft v0.2",Vital Sign Findings,111
"QSC302573, 05a - Period 1 Draft v0.2",Staff Initials:,112
"QSC302573, 05a - Period 1 Draft v0.2",Comment:,112
"QSC302573, 05a - Period 1 Draft v0.2",PK Sample for Bioanalysis - Gently invert tube 8-10 times immediately after collection and protect the sample from light (4 mL K2EDTA) Barcode:,112
"QSC302573, 05a - Period 1 Draft v0.2",Confirm an AE and Conmed check has been performed (Record any AE and Conmeds if applicable),112
"QSC302573, 05a - Period 1 Draft v0.2",C-SSRS Assessment: Date of Assessment,112
"QSC302573, 05a - Period 1 Draft v0.2",C-SSRS Questionnaire - Date and Time (Transcribe from C-SSRS paper source workbook),112
"QSC302573, 05a - Period 1 Draft v0.2",1. Wish to be dead,112
"QSC302573, 05a - Period 1 Draft v0.2","Subject endorses thoughts about a wish to be dead or not alive anymore, or a wish to fall asleep and not wake up. (Have you wished you were dead or wished you could go to sleep and not wake up?)",112
"QSC302573, 05a - Period 1 Draft v0.2",Staff Initials:,113
"QSC302573, 05a - Period 1 Draft v0.2",Comment:,113
"QSC302573, 05a - Period 1 Draft v0.2",2. Non-specific Active Suicidal Thoughts,113
"QSC302573, 05a - Period 1 Draft v0.2","General non-specific thoughts of wanting to end one's life / commit suicide (e.g. ""I've thought about killing myself"") without thoughts of ways to kill oneself / associated methods, intent, or plan during the assessment period. (Have you actually had any thoughts of killing yourself?)",113
"QSC302573, 05a - Period 1 Draft v0.2",3. Active Suicidal Ideation with Any Methods (Not Plan) Without Intent to Act,113
"QSC302573, 05a - Period 1 Draft v0.2","Subject endorses thoughts of suicide and has thought of at least one method during the assessment period. This is different from a specific plan with time, place or method details worked out (e.g. thought of method to kill self but not a specific plan). Includes person who would say, ""I thought about taking an overdose but I never made a specific plan as to when, where or how I would actually do it… and I would never go through with it"". (Have you been thinking about how you might do this?)",113
"QSC302573, 05a - Period 1 Draft v0.2","4. Active Suicidal Ideation with Some Intent to Act, without Specific Plan",113
"QSC302573, 05a - Period 1 Draft v0.2","Active suicidal thoughts of killing oneself and subject reports having some intent to act on such thoughts, as opposed to ""I have the thoughts but I definitely will not do anything about them"". (Have you had these thoughts and had some intention of acting on them?)",113
"QSC302573, 05a - Period 1 Draft v0.2",Staff Initials:,114
"QSC302573, 05a - Period 1 Draft v0.2",Comment:,114
"QSC302573, 05a - Period 1 Draft v0.2",5. Active Suicidal Ideation with Specific Plan and Intent,114
"QSC302573, 05a - Period 1 Draft v0.2",Thoughts of killing oneself with details of plan fully or partially worked out and subject has some intent to carry it out. (Have you started to work out or worked out the details of how to kill yourself? Do you intend to carry out this plan?),114
"QSC302573, 05a - Period 1 Draft v0.2",Most Severe Ideation,114
"QSC302573, 05a - Period 1 Draft v0.2","The following feature should be rated with respect to the most severe type of ideation (i.e. 1-5 from above, with 1 being the least severe and 5 being the most severe). Ask about time he/she was feeling the most suicidal.",114
"QSC302573, 05a - Period 1 Draft v0.2",Staff Initials:,115
"QSC302573, 05a - Period 1 Draft v0.2",Comment:,115
"QSC302573, 05a - Period 1 Draft v0.2",Frequency,115
"QSC302573, 05a - Period 1 Draft v0.2",(How many times have you had these thoughts?),115
"QSC302573, 05a - Period 1 Draft v0.2",Duration,115
"QSC302573, 05a - Period 1 Draft v0.2","(When you have the thoughts, how long do they last?)",115
"QSC302573, 05a - Period 1 Draft v0.2",Controllability,115
"QSC302573, 05a - Period 1 Draft v0.2",(Could/can you stop thinking about killing yourself or wanting to die if you want to?),115
"QSC302573, 05a - Period 1 Draft v0.2",Comment:,116
"QSC302573, 05a - Period 1 Draft v0.2",Staff Initials:,116
"QSC302573, 05a - Period 1 Draft v0.2",Deterrents,116
"QSC302573, 05a - Period 1 Draft v0.2","(Are there things - anyone or anything (e.g. family, religion, pain of death) - that stopped you from wanting to die or acting on thoughts of committing suicide?)",116
"QSC302573, 05a - Period 1 Draft v0.2",Staff Initials:,117
"QSC302573, 05a - Period 1 Draft v0.2",Comment:,117
"QSC302573, 05a - Period 1 Draft v0.2",Reasons for Ideation,117
"QSC302573, 05a - Period 1 Draft v0.2","(What sort of reasons did you have for thinking about wanting to die or killing yourself? Was it to end the pain or stop the way you were feeling (in other words you couldn't go on living with this pain or how you were feeling) or was it to get attention, revenge or a reaction from others? Or both?)",117
"QSC302573, 05a - Period 1 Draft v0.2",Staff Initials:,118
"QSC302573, 05a - Period 1 Draft v0.2",Comment:,118
"QSC302573, 05a - Period 1 Draft v0.2",Actual Attempt (Since Last Visit),118
"QSC302573, 05a - Period 1 Draft v0.2",Total Number of Attempts,118
"QSC302573, 05a - Period 1 Draft v0.2",Staff Initials:,119
"QSC302573, 05a - Period 1 Draft v0.2",Comment:,119
"QSC302573, 05a - Period 1 Draft v0.2",Has subject engaged in Non-Suicidal Self-Injurious Behaviour (Since Last Visit),119
"QSC302573, 05a - Period 1 Draft v0.2",Interrupted Attempt (Since Last Visit),119
"QSC302573, 05a - Period 1 Draft v0.2","When the person is interrupted (by an outside circumstance) from starting the potentially self- injurious act (if not for that, actual attempt would have occurred). Overdose: Person has pills in hand but is stopped from ingesting. Once they ingest any pills, this becomes an attempt rather than an interrupted attempt. Shooting: Person has gun pointed towards self, gun is taken away by someone else, or he/she is somehow prevented from pulling trigger. Once they pull the trigger, even if the gun fails to fire, it is an attempt. Jumping: Person is poised to jump, is grabbed and taken down from ledge. Hanging: Person has noose around neck but has not yet started to hang - is stopped from doing so. (Has there been a time when you started to do something to end your life but someone or something stopped you before you actually did anything?)",119
"QSC302573, 05a - Period 1 Draft v0.2",Total Number of Interrupted,119
"QSC302573, 05a - Period 1 Draft v0.2",Staff Initials:,120
"QSC302573, 05a - Period 1 Draft v0.2",Comment:,120
"QSC302573, 05a - Period 1 Draft v0.2",Aborted Attempt (Since Last Visit),120
"QSC302573, 05a - Period 1 Draft v0.2","When person begins to take steps towards making a suicide attempt, but stops themselves before they actually have engaged in any self-destructive behaviour. Examples are similar to interrupted attempts, except that the individual stops him/herself instead of being stopped by something else. (Has there been a time when you started to do something to try to end your life but you stopped yourself before you actually did anything?)",120
"QSC302573, 05a - Period 1 Draft v0.2",Total Number of Aborted,120
"QSC302573, 05a - Period 1 Draft v0.2","Acts or preparation towards imminently making a suicide attempt. This can include anything beyond a verbalisation or thought, such as assembling a specific method (e.g. buying pills, purchasing a gun) or preparing for one's death by suicide (e.g. giving things away, writing a suicide note). (Have you taken any steps towards making a suicide attempt or preparing to kill yourself (such as collecting pills, getting a gun, giving valuables away or writing a suicide note)?)",120
"QSC302573, 05a - Period 1 Draft v0.2",Staff Initials:,121
"QSC302573, 05a - Period 1 Draft v0.2",Comment:,121
"QSC302573, 05a - Period 1 Draft v0.2",Preparatory Acts or Behaviour (Since Last Visit),121
"QSC302573, 05a - Period 1 Draft v0.2","Acts or preparation towards imminently making a suicide attempt. This can include anything beyond a verbalisation or thought, such as assembling a specific method (e.g. buying pills, purchasing a gun) or preparing for one's death by suicide (e.g. giving things away, writing a suicide note). (Have you taken any steps towards making a suicide attempt or preparing to kill yourself (such as collecting pills, getting a gun, giving valuables away or writing a suicide note)?)",121
"QSC302573, 05a - Period 1 Draft v0.2",Suicidal Behaviour (Since Last Visit),121
"QSC302573, 05a - Period 1 Draft v0.2",Suicidal behaviour was present during the assessment period?,121
"QSC302573, 05a - Period 1 Draft v0.2",Suicide (Since Last Visit),121
"QSC302573, 05a - Period 1 Draft v0.2",Staff Initials:,122
"QSC302573, 05a - Period 1 Draft v0.2",Comment:,122
"QSC302573, 05a - Period 1 Draft v0.2",Most Lethal Attempt Date,122
"QSC302573, 05a - Period 1 Draft v0.2",Actual Lethality/Medical Damage - Most Lethal Attempt,122
"QSC302573, 05a - Period 1 Draft v0.2",Staff Initials:,123
"QSC302573, 05a - Period 1 Draft v0.2",Comment:,123
"QSC302573, 05a - Period 1 Draft v0.2",Potential Lethality - Most Lethal Attempt Code (only answer if Actual Lethality = 0),123
"QSC302573, 05a - Period 1 Draft v0.2",Confirm Evening Snack Provided,123
"QSC302573, 05a - Period 1 Draft v0.2",Start time of fast (Includes all food and drink except water),123
"QSC302573, 05a - Period 1 Draft v0.2",(Fast for at least 10 hours before breakfast or dosing depending on Part & Cohort),123
"QSC302573, 05a - Period 1 Draft v0.2",PRE-DOSE Triplicate ECG 1: 12 Lead Standard ECG (Supine for a minimum 3 minutes),123
"QSC302573, 05b - Period 2 Draft v0.1",Comment:,124
"QSC302573, 05b - Period 2 Draft v0.1",Staff Initials:,124
"QSC302573, 05b - Period 2 Draft v0.1",PRE-DOSE Triplicate ECG 1: Was the ECG clinically significant? (Medic to assess),124
"QSC302573, 05b - Period 2 Draft v0.1",Staff Initials:,125
"QSC302573, 05b - Period 2 Draft v0.1",Comment:,125
"QSC302573, 05b - Period 2 Draft v0.1",PRE-DOSE Triplicate ECG 2: 12 Lead Standard ECG (To be performed at least 2 minutes after ECG1),125
"QSC302573, 05b - Period 2 Draft v0.1",Staff Initials:,126
"QSC302573, 05b - Period 2 Draft v0.1",Comment:,126
"QSC302573, 05b - Period 2 Draft v0.1",PRE-DOSE Triplicate ECG 2: Was the ECG clinically significant? (Medic to assess),126
"QSC302573, 05b - Period 2 Draft v0.1",PRE-DOSE Triplicate ECG 3: 12 Lead Standard ECG (To be performed at least 2 minutes after ECG2),126
"QSC302573, 05b - Period 2 Draft v0.1",Staff Initials:,127
"QSC302573, 05b - Period 2 Draft v0.1",Comment:,127
"QSC302573, 05b - Period 2 Draft v0.1",Staff Initials:,128
"QSC302573, 05b - Period 2 Draft v0.1",Comment:,128
"QSC302573, 05b - Period 2 Draft v0.1",PRE-DOSE Triplicate ECG 3: Was the ECG clinically significant? (Medic to assess),128
"QSC302573, 05b - Period 2 Draft v0.1",Staff Initials:,129
"QSC302573, 05b - Period 2 Draft v0.1",Comment:,129
"QSC302573, 05b - Period 2 Draft v0.1",PRE-DOSE - Mean values,129
"QSC302573, 05b - Period 2 Draft v0.1","Withdraw if - QT interval corrected for heart rate using Fridericia’s formula (QTcF) >450 msec for male participants or >470 msec for female participants, QRS interval >120 msec, or PR interval >200 msec",129
"QSC302573, 05b - Period 2 Draft v0.1",Please transcribe the baseline value for QTcF for withdrawal purposes for Period 2 post dose from the mean QTcF above,129
"QSC302573, 05b - Period 2 Draft v0.1",PRE-DOSE - Vital Signs (Supine for at least 3 minutes),129
"QSC302573, 05b - Period 2 Draft v0.1",Staff Initials:,130
"QSC302573, 05b - Period 2 Draft v0.1",Comment:,130
"QSC302573, 05b - Period 2 Draft v0.1",PRE-DOSE - Clinical Assessment of Vital Signs (Medic or Nurse to assess vital signs),130
"QSC302573, 05b - Period 2 Draft v0.1",PRE-DOSE - Vital Sign Findings,130
"QSC302573, 05b - Period 2 Draft v0.1",PRE-DOSE - Vital Signs (Standing),130
"QSC302573, 05b - Period 2 Draft v0.1",Staff Initials:,131
"QSC302573, 05b - Period 2 Draft v0.1",Comment:,131
"QSC302573, 05b - Period 2 Draft v0.1",PRE-DOSE - Is there a drop in SYSTOLIC BP from supine to standing?,131
"QSC302573, 05b - Period 2 Draft v0.1",PRE-DOSE - Is there a drop in DIASTOLIC BP from supine to standing?,131
"QSC302573, 05b - Period 2 Draft v0.1",PRE-DOSE - Vital Signs Difference for SYSTOLIC Drop,131
"QSC302573, 05b - Period 2 Draft v0.1",PRE-DOSE - Vital Signs Difference for DIASTOLIC Drop (Supine),131
"QSC302573, 05b - Period 2 Draft v0.1",PRE-DOSE - Clinical Assessment of Vital Signs (Medic or Nurse to assess vital signs),131
"QSC302573, 05b - Period 2 Draft v0.1",Comment:,132
"QSC302573, 05b - Period 2 Draft v0.1",Staff Initials:,132
"QSC302573, 05b - Period 2 Draft v0.1",PRE-DOSE - Vital Sign Findings,132
"QSC302573, 05b - Period 2 Draft v0.1",PK Sample for Bioanalysis - Gently invert tube 8-10 times immediately after collection and protect the sample from light (4 mL K2EDTA) Barcode:,132
"QSC302573, 05b - Period 2 Draft v0.1",Confirm an AE and Conmed check has been performed (Record any AE and Conmeds if applicable),132
"QSC302573, 05b - Period 2 Draft v0.1",I confirm that the participant continues to be eligible to participate in this clinical study.,132
"QSC302573, 05b - Period 2 Draft v0.1",Prandial state,132
"QSC302573, 05b - Period 2 Draft v0.1",Comment:,133
"QSC302573, 05b - Period 2 Draft v0.1",Staff Initials:,133
"QSC302573, 05b - Period 2 Draft v0.1",Has the participant fasted for 10 hours prior to breakfast?,133
"QSC302573, 05b - Period 2 Draft v0.1",Participant should begin eating breakfast.,133
"QSC302573, 05b - Period 2 Draft v0.1",Participant should stop eating breakfast.,133
"QSC302573, 05b - Period 2 Draft v0.1",Meals: Amount Consumed (Breakfast),133
"QSC302573, 05b - Period 2 Draft v0.1",Total amount of breakfast consumed,133
"QSC302573, 05b - Period 2 Draft v0.1",Staff Initials:,134
"QSC302573, 05b - Period 2 Draft v0.1",Comment:,134
"QSC302573, 05b - Period 2 Draft v0.1",Please describe what was not eaten,134
"QSC302573, 05b - Period 2 Draft v0.1",PI to authorise. Full meal must be consumed to proceed with dosing.,134
"QSC302573, 05b - Period 2 Draft v0.1","Check the Volunteer ID in eSource matches the volunteer (Initials, DOB and Photographic ID)",134
"QSC302573, 05b - Period 2 Draft v0.1",Check the volunteer panel number on the wristband matches eSource,134
"QSC302573, 05b - Period 2 Draft v0.1",Check the participant number in eSource matches the Instruction to Dispense and Dose,134
"QSC302573, 05b - Period 2 Draft v0.1",Staff Initials:,135
"QSC302573, 05b - Period 2 Draft v0.1",Comment:,135
"QSC302573, 05b - Period 2 Draft v0.1",Has the participant refrained from drinking water for at least 1 hour prior to dosing?,135
"QSC302573, 05b - Period 2 Draft v0.1",Has the participant fasted for 10 hours prior to dosing?,135
"QSC302573, 05b - Period 2 Draft v0.1","Has the participant consumed breakfast per the protocol requirements, over 20 minutes and the full meal?",135
"QSC302573, 05b - Period 2 Draft v0.1",Pre dose blood draws for PK sample taken?,135
"QSC302573, 05b - Period 2 Draft v0.1",Staff Initials:,136
"QSC302573, 05b - Period 2 Draft v0.1",Comment:,136
"QSC302573, 05b - Period 2 Draft v0.1",Have all required pre dose procedures been completed?,136
"QSC302573, 05b - Period 2 Draft v0.1",Is the participant eligible to dose?,136
"QSC302573, 05b - Period 2 Draft v0.1",Enter the product details,136
"QSC302573, 05b - Period 2 Draft v0.1",Staff Initials:,137
"QSC302573, 05b - Period 2 Draft v0.1",Comment:,137
"QSC302573, 05b - Period 2 Draft v0.1",Does the Product label match the Instruction to Dispense and Dose?,137
"QSC302573, 05b - Period 2 Draft v0.1","Final check performed (5 R’s of dosing, Jones 2009 – right participant, right drug, right dose, right route, right time)",137
"QSC302573, 05b - Period 2 Draft v0.1",Time of administration of study treatment,137
"QSC302573, 05b - Period 2 Draft v0.1",Has the participant been provided with 240 mL of water?,137
"QSC302573, 05b - Period 2 Draft v0.1",Has a hand and mouth check been performed?,137
"QSC302573, 05b - Period 2 Draft v0.1",Staff Initials:,138
"QSC302573, 05b - Period 2 Draft v0.1",Comment:,138
"QSC302573, 05b - Period 2 Draft v0.1",Has the participant been reminded to refrain from water for 2 hours post-dose?,138
"QSC302573, 05b - Period 2 Draft v0.1",Has the participant been advised to minimise exposure to sunlight from dosing for at least 7 days post final dose?,138
"QSC302573, 05b - Period 2 Draft v0.1","Due to the unavailability of phototoxic data, participants will be advised to minimize exposure to sunlight by spending a reduced amount of time outdoors/remaining inside the clinical unit during the residential periods of the study wearing sunglasses and clothing that minimizes exposure to sunlight and using sun cream on exposed areas when going outdoors. They will also be advised not to use sunbeds.",138
"QSC302573, 05b - Period 2 Draft v0.1",Confirm dosing is complete (Operator to complete (switch user)),138
"QSC302573, 05b - Period 2 Draft v0.1",What is the status of the subject?,138
"QSC302573, 05b - Period 2 Draft v0.1",Staff Initials:,139
"QSC302573, 05b - Period 2 Draft v0.1",Comment:,139
"QSC302573, 05b - Period 2 Draft v0.1",PK Sample for Bioanalysis - Gently invert tube 8-10 times immediately after collection and protect the sample from light (4 mL K2EDTA) Barcode:,139
"QSC302573, 05b - Period 2 Draft v0.1",Confirm an AE and Conmed check has been performed (Record any AE and Conmeds if applicable),139
"QSC302573, 05b - Period 2 Draft v0.1",Stanford Sleepiness Scale: Stanford Sleepiness Scale Date,139
"QSC302573, 05b - Period 2 Draft v0.1",Stanford Sleepiness Scale Questionnaire - Date and Time (Transcribe from paper source workbook),139
"QSC302573, 05b - Period 2 Draft v0.1",Degree of Sleepiness,139
"QSC302573, 05b - Period 2 Draft v0.1",Comment:,140
"QSC302573, 05b - Period 2 Draft v0.1",Staff Initials:,141
"QSC302573, 05b - Period 2 Draft v0.1",Comment:,141
"QSC302573, 05b - Period 2 Draft v0.1",12 Lead Standard ECG,141
"QSC302573, 05b - Period 2 Draft v0.1","Exclude if - QT interval corrected for heart rate using Fridericia’s formula (QTcF) >450 msec for male participants or >470 msec for female participants, QRS interval >120 msec, or PR interval >200 msec. (Supine for a minimum 3 minutes)",141
"QSC302573, 05b - Period 2 Draft v0.1",ECG Rhythm assessment and interpretation,141
"QSC302573, 05b - Period 2 Draft v0.1",Staff Initials:,142
"QSC302573, 05b - Period 2 Draft v0.1",Comment:,142
"QSC302573, 05b - Period 2 Draft v0.1",Was the ECG clinically significant? (Medic to assess),142
"QSC302573, 05b - Period 2 Draft v0.1",ECG Findings,142
"QSC302573, 05b - Period 2 Draft v0.1","ECG Findings, including rhythm assessment",142
"QSC302573, 05b - Period 2 Draft v0.1",ECG Difference Calculation - a participant will be withdrawn where there is an increase in QTcF interval of >60 msec from baseline (confirmed following a repeat ECG),142
"QSC302573, 05b - Period 2 Draft v0.1",PK Sample for Bioanalysis - Gently invert tube 8-10 times immediately after collection and protect the sample from light (4 mL K2EDTA) Barcode:,142
"QSC302573, 05b - Period 2 Draft v0.1",Staff Initials:,143
"QSC302573, 05b - Period 2 Draft v0.1",Comment:,143
"QSC302573, 05b - Period 2 Draft v0.1",Confirm an AE and Conmed check has been performed (Record any AE and Conmeds if applicable),143
"QSC302573, 05b - Period 2 Draft v0.1",Has the participant been provided with water 2 hrs post-dose?,143
"QSC302573, 05b - Period 2 Draft v0.1",Stanford Sleepiness Scale: Stanford Sleepiness Scale Date,143
"QSC302573, 05b - Period 2 Draft v0.1",Stanford Sleepiness Scale Questionnaire - Date and Time (Transcribe from paper source workbook),143
"QSC302573, 05b - Period 2 Draft v0.1",Degree of Sleepiness,143
"QSC302573, 05b - Period 2 Draft v0.1",Comment:,144
"QSC302573, 05b - Period 2 Draft v0.1",Staff Initials:,144
"QSC302573, 05b - Period 2 Draft v0.1",Targeted Physical Examination Findings: Require Targeted PE?,144
"QSC302573, 05b - Period 2 Draft v0.1","Targeted Physical Examination: Does the participant require a targeted physical examination? (If yes, please specify the reason)",144
"QSC302573, 05b - Period 2 Draft v0.1","Targeted Physical Examination Findings: Any clinically significant abnormal findings? #1 If yes, were there any clinically significant abnormal findings?",144
"QSC302573, 05b - Period 2 Draft v0.1",Physical Examination Category,144
"QSC302573, 05b - Period 2 Draft v0.1",Comment:,145
"QSC302573, 05b - Period 2 Draft v0.1",Staff Initials:,145
"QSC302573, 05b - Period 2 Draft v0.1",Detailed findings of Physical Examination,145
"QSC302573, 05b - Period 2 Draft v0.1",Staff Initials:,146
"QSC302573, 05b - Period 2 Draft v0.1",Comment:,146
"QSC302573, 05b - Period 2 Draft v0.1",Targeted Neurological Examination: Require Targeted NE?,146
"QSC302573, 05b - Period 2 Draft v0.1","Targeted Neurological Examination: Does the participant require a targeted neurological examination? (If yes, please specify the reason)",146
"QSC302573, 05b - Period 2 Draft v0.1","Targeted Neurological Examination: Any clinically significant abnormal findings? #1 If yes, were there any clinically significant abnormal findings?",146
"QSC302573, 05b - Period 2 Draft v0.1",Targeted Neurological Examination Category,146
"QSC302573, 05b - Period 2 Draft v0.1",Comment:,147
"QSC302573, 05b - Period 2 Draft v0.1",Staff Initials:,147
"QSC302573, 05b - Period 2 Draft v0.1",Detailed findings of Targeted Neurological Examination,147
"QSC302573, 05b - Period 2 Draft v0.1",Vital Signs (Supine for at least 3 minutes),147
"QSC302573, 05b - Period 2 Draft v0.1",Staff Initials:,148
"QSC302573, 05b - Period 2 Draft v0.1",Comment:,148
"QSC302573, 05b - Period 2 Draft v0.1",Clinical Assessment of Vital Signs (Medic or Nurse to assess vital signs),148
"QSC302573, 05b - Period 2 Draft v0.1",Vital Sign Findings,148
"QSC302573, 05b - Period 2 Draft v0.1",Vital Signs Standing BP and HR (Standing for at least 3 minutes),148
"QSC302573, 05b - Period 2 Draft v0.1",Staff Initials:,149
"QSC302573, 05b - Period 2 Draft v0.1",Comment:,149
"QSC302573, 05b - Period 2 Draft v0.1",Is there a drop in SYSTOLIC BP from supine to standing?,149
"QSC302573, 05b - Period 2 Draft v0.1",Is there a drop in DIASTOLIC BP from supine to standing?,149
"QSC302573, 05b - Period 2 Draft v0.1",Vital Signs Difference for SYSTOLIC Drop,149
"QSC302573, 05b - Period 2 Draft v0.1",Vital Signs Difference for DIASTOLIC Drop,149
"QSC302573, 05b - Period 2 Draft v0.1",Clinical Assessment of Standing Vital Signs (Medic or Nurse to assess vital signs),149
"QSC302573, 05b - Period 2 Draft v0.1",Comment:,150
"QSC302573, 05b - Period 2 Draft v0.1",Staff Initials:,150
"QSC302573, 05b - Period 2 Draft v0.1",Vital Sign Findings,150
"QSC302573, 05b - Period 2 Draft v0.1",PK Sample for Bioanalysis - Gently invert tube 8-10 times immediately after collection and protect the sample from light (4 mL K2EDTA) Barcode:,150
"QSC302573, 05b - Period 2 Draft v0.1",Confirm an AE and Conmed check has been performed (Record any AE and Conmeds if applicable),150
"QSC302573, 05b - Period 2 Draft v0.1",Confirm Lunch Provided,150
"QSC302573, 05b - Period 2 Draft v0.1",Staff Initials:,151
"QSC302573, 05b - Period 2 Draft v0.1",Comment:,151
"QSC302573, 05b - Period 2 Draft v0.1",PK Sample for Bioanalysis - Gently invert tube 8-10 times immediately after collection and protect the sample from light (4 mL K2EDTA) Barcode:,151
"QSC302573, 05b - Period 2 Draft v0.1",Confirm an AE and Conmed check has been performed (Record any AE and Conmeds if applicable),151
"QSC302573, 05b - Period 2 Draft v0.1",Vital Signs (Supine for at least 3 minutes),151
"QSC302573, 05b - Period 2 Draft v0.1",Staff Initials:,152
"QSC302573, 05b - Period 2 Draft v0.1",Comment:,152
"QSC302573, 05b - Period 2 Draft v0.1",Clinical Assessment of Vital Signs (Medic or Nurse to assess vital signs),152
"QSC302573, 05b - Period 2 Draft v0.1",Vital Sign Findings,152
"QSC302573, 05b - Period 2 Draft v0.1",Vital Signs Standing BP and HR (Standing for at least 3 minutes),152
"QSC302573, 05b - Period 2 Draft v0.1",Comment:,153
"QSC302573, 05b - Period 2 Draft v0.1",Staff Initials:,153
"QSC302573, 05b - Period 2 Draft v0.1",Is there a drop in SYSTOLIC BP from supine to standing?,153
"QSC302573, 05b - Period 2 Draft v0.1",Is there a drop in DIASTOLIC BP from supine to standing?,153
"QSC302573, 05b - Period 2 Draft v0.1",Vital Signs Difference for SYSTOLIC Drop,153
"QSC302573, 05b - Period 2 Draft v0.1",Staff Initials:,154
"QSC302573, 05b - Period 2 Draft v0.1",Comment:,154
"QSC302573, 05b - Period 2 Draft v0.1",Vital Signs Difference for DIASTOLIC Drop,154
"QSC302573, 05b - Period 2 Draft v0.1",Clinical Assessment of Standing Vital Signs (Medic or Nurse to assess vital signs),154
"QSC302573, 05b - Period 2 Draft v0.1",Vital Sign Findings,154
"QSC302573, 05b - Period 2 Draft v0.1",PK Sample for Bioanalysis - Gently invert tube 8-10 times immediately after collection and protect the sample from light (4 mL K2EDTA) Barcode:,154
"QSC302573, 05b - Period 2 Draft v0.1",Confirm an AE and Conmed check has been performed (Record any AE and Conmeds if applicable),154
"QSC302573, 05b - Period 2 Draft v0.1",Staff Initials:,155
"QSC302573, 05b - Period 2 Draft v0.1",Comment:,155
"QSC302573, 05b - Period 2 Draft v0.1",Stanford Sleepiness Scale: Stanford Sleepiness Scale Date,155
"QSC302573, 05b - Period 2 Draft v0.1",Stanford Sleepiness Scale Questionnaire - Date and Time (Transcribe from paper source workbook),155
"QSC302573, 05b - Period 2 Draft v0.1",Degree of Sleepiness,155
"QSC302573, 05b - Period 2 Draft v0.1",PK Sample for Bioanalysis - Gently invert tube 8-10 times immediately after collection and protect the sample from light (4 mL K2EDTA) Barcode:,155
"QSC302573, 05b - Period 2 Draft v0.1",Staff Initials:,156
"QSC302573, 05b - Period 2 Draft v0.1",Comment:,156
"QSC302573, 05b - Period 2 Draft v0.1",Confirm an AE and Conmed check has been performed (Record any AE and Conmeds if applicable),156
"QSC302573, 05b - Period 2 Draft v0.1",Vital Signs (Supine for at least 3 minutes),156
"QSC302573, 05b - Period 2 Draft v0.1",Clinical Assessment of Vital Signs (Medic or Nurse to assess vital signs),156
"QSC302573, 05b - Period 2 Draft v0.1",Staff Initials:,157
"QSC302573, 05b - Period 2 Draft v0.1",Comment:,157
"QSC302573, 05b - Period 2 Draft v0.1",Vital Sign Findings,157
"QSC302573, 05b - Period 2 Draft v0.1",Vital Signs Standing BP and HR (Standing for at least 3 minutes),157
"QSC302573, 05b - Period 2 Draft v0.1",Is there a drop in SYSTOLIC BP from supine to standing?,157
"QSC302573, 05b - Period 2 Draft v0.1",Is there a drop in DIASTOLIC BP from supine to standing?,157
"QSC302573, 05b - Period 2 Draft v0.1",Staff Initials:,158
"QSC302573, 05b - Period 2 Draft v0.1",Comment:,158
"QSC302573, 05b - Period 2 Draft v0.1",Vital Signs Difference for SYSTOLIC Drop,158
"QSC302573, 05b - Period 2 Draft v0.1",Vital Signs Difference for DIASTOLIC Drop,158
"QSC302573, 05b - Period 2 Draft v0.1",Clinical Assessment of Standing Vital Signs (Medic or Nurse to assess vital signs),158
"QSC302573, 05b - Period 2 Draft v0.1",Vital Sign Findings,158
"QSC302573, 05b - Period 2 Draft v0.1",Staff Initials:,159
"QSC302573, 05b - Period 2 Draft v0.1",Comment:,159
"QSC302573, 05b - Period 2 Draft v0.1",PK Sample for Bioanalysis - Gently invert tube 8-10 times immediately after collection and protect the sample from light (4 mL K2EDTA) Barcode:,159
"QSC302573, 05b - Period 2 Draft v0.1",Confirm an AE and Conmed check has been performed (Record any AE and Conmeds if applicable),159
"QSC302573, 05b - Period 2 Draft v0.1",Confirm Dinner Provided,159
"QSC302573, 05b - Period 2 Draft v0.1",12 Lead Standard ECG,159
"QSC302573, 05b - Period 2 Draft v0.1","Exclude if - QT interval corrected for heart rate using Fridericia’s formula (QTcF) >450 msec for male participants or >470 msec for female participants, QRS interval >120 msec, or PR interval >200 msec. (Supine for a minimum 3 minutes)",159
"QSC302573, 05b - Period 2 Draft v0.1",Comment:,160
"QSC302573, 05b - Period 2 Draft v0.1",Staff Initials:,160
"QSC302573, 05b - Period 2 Draft v0.1",ECG Rhythm assessment and interpretation,160
"QSC302573, 05b - Period 2 Draft v0.1",Was the ECG clinically significant? (Medic to assess),160
"QSC302573, 05b - Period 2 Draft v0.1",ECG Findings,160
"QSC302573, 05b - Period 2 Draft v0.1",Staff Initials:,161
"QSC302573, 05b - Period 2 Draft v0.1",Comment:,161
"QSC302573, 05b - Period 2 Draft v0.1","ECG Findings, including rhythm assessment",161
"QSC302573, 05b - Period 2 Draft v0.1",ECG Difference Calculation - a participant will be withdrawn where there is an increase in QTcF interval of >60 msec from baseline (confirmed following a repeat ECG),161
"QSC302573, 05b - Period 2 Draft v0.1",Vital Signs (Supine for at least 3 minutes),161
"QSC302573, 05b - Period 2 Draft v0.1",Staff Initials:,162
"QSC302573, 05b - Period 2 Draft v0.1",Comment:,162
"QSC302573, 05b - Period 2 Draft v0.1",Clinical Assessment of Vital Signs (Medic or Nurse to assess vital signs),162
"QSC302573, 05b - Period 2 Draft v0.1",Vital Sign Findings,162
"QSC302573, 05b - Period 2 Draft v0.1",Vital Signs Standing BP and HR (Standing for at least 3 minutes),162
"QSC302573, 05b - Period 2 Draft v0.1",Staff Initials:,163
"QSC302573, 05b - Period 2 Draft v0.1",Comment:,163
"QSC302573, 05b - Period 2 Draft v0.1",Is there a drop in SYSTOLIC BP from supine to standing?,163
"QSC302573, 05b - Period 2 Draft v0.1",Is there a drop in DIASTOLIC BP from supine to standing?,163
"QSC302573, 05b - Period 2 Draft v0.1",Vital Signs Difference for SYSTOLIC Drop,163
"QSC302573, 05b - Period 2 Draft v0.1",Vital Signs Difference for DIASTOLIC Drop,163
"QSC302573, 05b - Period 2 Draft v0.1",Clinical Assessment of Standing Vital Signs (Medic or Nurse to assess vital signs),163
"QSC302573, 05b - Period 2 Draft v0.1",Comment:,164
"QSC302573, 05b - Period 2 Draft v0.1",Staff Initials:,164
"QSC302573, 05b - Period 2 Draft v0.1",Vital Sign Findings,164
"QSC302573, 05b - Period 2 Draft v0.1",PK Sample for Bioanalysis - Gently invert tube 8-10 times immediately after collection and protect the sample from light (4 mL K2EDTA) Barcode:,164
"QSC302573, 05b - Period 2 Draft v0.1",Confirm an AE and Conmed check has been performed (Record any AE and Conmeds if applicable),164
"QSC302573, 05b - Period 2 Draft v0.1",Stanford Sleepiness Scale: Stanford Sleepiness Scale Date,164
"QSC302573, 05b - Period 2 Draft v0.1",Stanford Sleepiness Scale Questionnaire - Date and Time (Transcribe from paper source workbook),164
"QSC302573, 05b - Period 2 Draft v0.1",Staff Initials:,165
"QSC302573, 05b - Period 2 Draft v0.1",Comment:,165
"QSC302573, 05b - Period 2 Draft v0.1",Degree of Sleepiness,165
"QSC302573, 05b - Period 2 Draft v0.1",Confirm Evening Snack Provided,165
"QSC302573, 05b - Period 2 Draft v0.1",PK Sample for Bioanalysis - Gently invert tube 8-10 times immediately after collection and protect the sample from light (4 mL K2EDTA) Barcode:,165
"QSC302573, 05b - Period 2 Draft v0.1",Staff Initials:,166
"QSC302573, 05b - Period 2 Draft v0.1",Comment:,166
"QSC302573, 05b - Period 2 Draft v0.1",Confirm an AE and Conmed check has been performed (Record any AE and Conmeds if applicable),166
"QSC302573, 05b - Period 2 Draft v0.1",Urinalysis: Collection Time,166
"QSC302573, 05b - Period 2 Draft v0.1",Record time of urine sample (Collect Urine Sample),166
"QSC302573, 05b - Period 2 Draft v0.1","What was the bilirubin result? If any positive result, inform medic/PI. (Perform urinalysis and read results)",166
"QSC302573, 05b - Period 2 Draft v0.1",Staff Initials:,167
"QSC302573, 05b - Period 2 Draft v0.1",Comment:,167
"QSC302573, 05b - Period 2 Draft v0.1","What was the urobilinogen result? If any positive result, inform medic/PI. (Perform urinalysis and read results)",167
"QSC302573, 05b - Period 2 Draft v0.1","What was the ketone result? If any positive result, inform medic/PI. (Perform urinalysis and read results)",167
"QSC302573, 05b - Period 2 Draft v0.1","What was the glucose result? If any positive result, inform medic/PI. (Perform urinalysis and read results)",167
"QSC302573, 05b - Period 2 Draft v0.1",Comment:,168
"QSC302573, 05b - Period 2 Draft v0.1",Staff Initials:,168
"QSC302573, 05b - Period 2 Draft v0.1",What was the protein result?,168
"QSC302573, 05b - Period 2 Draft v0.1","IF PROTEIN ≥ 30mg/dl: Repeat urinalysis as soon as possible, ensuring a clean catch specimen. If protein remains ≥ 30mg/dl on repeat, then inform PI/medic. (Perform urinalysis and read results)",168
"QSC302573, 05b - Period 2 Draft v0.1",What was the blood result? (Perform urinalysis and read results),168
"QSC302573, 05b - Period 2 Draft v0.1",Comment:,169
"QSC302573, 05b - Period 2 Draft v0.1",Staff Initials:,169
"QSC302573, 05b - Period 2 Draft v0.1",What was the nitrite result? (Perform urinalysis and read results),169
"QSC302573, 05b - Period 2 Draft v0.1",Record pH value (Perform urinalysis and read results),169
"QSC302573, 05b - Period 2 Draft v0.1",Comment:,170
"QSC302573, 05b - Period 2 Draft v0.1",Staff Initials:,170
"QSC302573, 05b - Period 2 Draft v0.1",Record specific gravity of sample (Perform urinalysis and read results),170
"QSC302573, 05b - Period 2 Draft v0.1",Staff Initials:,171
"QSC302573, 05b - Period 2 Draft v0.1",Comment:,171
"QSC302573, 05b - Period 2 Draft v0.1",What was the leukocyte result? (Perform urinalysis and read results),171
"QSC302573, 05b - Period 2 Draft v0.1","Is participant female and menstruating? (If 'Yes', DO NOT send sample for Microscopy. If 'No', send sample for Microscopy)",171
"QSC302573, 05b - Period 2 Draft v0.1",Confirm sample sent for microscopy (Complete associated paperwork),171
"QSC302573, 05b - Period 2 Draft v0.1",Staff Initials:,172
"QSC302573, 05b - Period 2 Draft v0.1",Comment:,172
"QSC302573, 05b - Period 2 Draft v0.1",Has urinalysis been repeated as soon as possible with a clean catch specimen? Ensure events are repeated to capture this data.,172
"QSC302573, 05b - Period 2 Draft v0.1",Urinalysis Microscopy Sample (20 mL Sterilin screw cap),172
"QSC302573, 05b - Period 2 Draft v0.1",Barcode:,172
"QSC302573, 05b - Period 2 Draft v0.1",Confirm TDL form completed:,172
"QSC302573, 05b - Period 2 Draft v0.1",- Correct form used - Correct participant label applied - Correct slot number written - Correct sex and fasting status - Correct timepoint checked - Correct sample date and time written - Correct visit - Initials signed to confirm sample collected and form correct,172
"QSC302573, 05b - Period 2 Draft v0.1",Has there been a medic review of the Microscopy results?,172
"QSC302573, 05b - Period 2 Draft v0.1",Staff Initials:,173
"QSC302573, 05b - Period 2 Draft v0.1",Comment:,173
"QSC302573, 05b - Period 2 Draft v0.1",12 Lead Standard ECG,173
"QSC302573, 05b - Period 2 Draft v0.1","Exclude if - QT interval corrected for heart rate using Fridericia’s formula (QTcF) >450 msec for male participants or >470 msec for female participants, QRS interval >120 msec, or PR interval >200 msec. (Supine for a minimum 3 minutes)",173
"QSC302573, 05b - Period 2 Draft v0.1",ECG Rhythm assessment and interpretation,173
"QSC302573, 05b - Period 2 Draft v0.1",Was the ECG clinically significant? (Medic to assess),173
"QSC302573, 05b - Period 2 Draft v0.1",Staff Initials:,174
"QSC302573, 05b - Period 2 Draft v0.1",Comment:,174
"QSC302573, 05b - Period 2 Draft v0.1",ECG Findings,174
"QSC302573, 05b - Period 2 Draft v0.1","ECG Findings, including rhythm assessment",174
"QSC302573, 05b - Period 2 Draft v0.1",ECG Difference Calculation - a participant will be withdrawn where there is an increase in QTcF interval of >60 msec from baseline (confirmed following a repeat ECG),174
"QSC302573, 05b - Period 2 Draft v0.1",Vital Signs (Supine for at least 3 minutes),174
"QSC302573, 05b - Period 2 Draft v0.1",Comment:,175
"QSC302573, 05b - Period 2 Draft v0.1",Staff Initials:,175
"QSC302573, 05b - Period 2 Draft v0.1",Clinical Assessment of Vital Signs (Medic or Nurse to assess vital signs),175
"QSC302573, 05b - Period 2 Draft v0.1",Vital Sign Findings,175
"QSC302573, 05b - Period 2 Draft v0.1",Staff Initials:,176
"QSC302573, 05b - Period 2 Draft v0.1",Comment:,176
"QSC302573, 05b - Period 2 Draft v0.1",Vital Signs Standing BP and HR (Standing for at least 3 minutes),176
"QSC302573, 05b - Period 2 Draft v0.1",Is there a drop in SYSTOLIC BP from supine to standing?,176
"QSC302573, 05b - Period 2 Draft v0.1",Is there a drop in DIASTOLIC BP from supine to standing?,176
"QSC302573, 05b - Period 2 Draft v0.1",Vital Signs Difference for SYSTOLIC Drop,176
"QSC302573, 05b - Period 2 Draft v0.1",Staff Initials:,177
"QSC302573, 05b - Period 2 Draft v0.1",Comment:,177
"QSC302573, 05b - Period 2 Draft v0.1",Vital Signs Difference for DIASTOLIC Drop,177
"QSC302573, 05b - Period 2 Draft v0.1",Clinical Assessment of Standing Vital Signs (Medic or Nurse to assess vital signs),177
"QSC302573, 05b - Period 2 Draft v0.1",Vital Sign Findings,177
"QSC302573, 05b - Period 2 Draft v0.1",Has the participant fasted for 8 hours?,177
"QSC302573, 05b - Period 2 Draft v0.1",Staff Initials:,178
"QSC302573, 05b - Period 2 Draft v0.1",Comment:,178
"QSC302573, 05b - Period 2 Draft v0.1",Haematology – Mix tube gently by inverting 8–10 times (2 mL K3EDTA),178
"QSC302573, 05b - Period 2 Draft v0.1",Barcode:,178
"QSC302573, 05b - Period 2 Draft v0.1",Has there been a medic review of the Haematology blood results?,178
"QSC302573, 05b - Period 2 Draft v0.1",Chemistry – Mix tube gently by inverting 5–6 times (5 mL SST),178
"QSC302573, 05b - Period 2 Draft v0.1",Has there been a medic review of the Clinical Chemistry blood results?,178
"QSC302573, 05b - Period 2 Draft v0.1",Staff Initials:,179
"QSC302573, 05b - Period 2 Draft v0.1",Comment:,179
"QSC302573, 05b - Period 2 Draft v0.1",Confirm TDL form completed:,179
"QSC302573, 05b - Period 2 Draft v0.1",- Correct form used - Correct participant label applied - Correct slot number written - Correct sex and fasting status - Correct timepoint checked - Correct sample date and time written - Correct visit - Initials signed to confirm sample collected and form correct,179
"QSC302573, 05b - Period 2 Draft v0.1",PK Sample for Bioanalysis - Gently invert tube 8-10 times immediately after collection and protect the sample from light (4 mL K2EDTA) Barcode:,179
"QSC302573, 05b - Period 2 Draft v0.1",Confirm an AE and Conmed check has been performed (Record any AE and Conmeds if applicable),179
"QSC302573, 05b - Period 2 Draft v0.1",Stanford Sleepiness Scale: Stanford Sleepiness Scale Date,179
"QSC302573, 05b - Period 2 Draft v0.1",Stanford Sleepiness Scale Questionnaire - Date and Time (Transcribe from paper source workbook),179
"QSC302573, 05b - Period 2 Draft v0.1",Degree of Sleepiness,179
"QSC302573, 05b - Period 2 Draft v0.1",Staff Initials:,180
"QSC302573, 05b - Period 2 Draft v0.1",Comment:,180
"QSC302573, 05b - Period 2 Draft v0.1",PK Sample for Bioanalysis - Gently invert tube 8-10 times immediately after collection and protect the sample from light (4 mL K2EDTA) Barcode:,180
"QSC302573, 05b - Period 2 Draft v0.1",Confirm an AE and Conmed check has been performed (Record any AE and Conmeds if applicable),180
"QSC302573, 05b - Period 2 Draft v0.1",Staff Initials:,181
"QSC302573, 05b - Period 2 Draft v0.1",Comment:,181
"QSC302573, 05b - Period 2 Draft v0.1",Confirm an AE and Conmed check has been performed (Record any AE and Conmeds if applicable),181
"QSC302573, 05b - Period 2 Draft v0.1",Vital Signs (Supine for at least 3 minutes),181
"QSC302573, 05b - Period 2 Draft v0.1",Clinical Assessment of Vital Signs (Medic or Nurse to assess vital signs),181
"QSC302573, 05b - Period 2 Draft v0.1",Staff Initials:,182
"QSC302573, 05b - Period 2 Draft v0.1",Comment:,182
"QSC302573, 05b - Period 2 Draft v0.1",Vital Sign Findings,182
"QSC302573, 05b - Period 2 Draft v0.1",Vital Signs Standing BP and HR (Standing for at least 3 minutes),182
"QSC302573, 05b - Period 2 Draft v0.1",Is there a drop in SYSTOLIC BP from supine to standing?,182
"QSC302573, 05b - Period 2 Draft v0.1",Is there a drop in DIASTOLIC BP from supine to standing?,182
"QSC302573, 05b - Period 2 Draft v0.1",Staff Initials:,183
"QSC302573, 05b - Period 2 Draft v0.1",Comment:,183
"QSC302573, 05b - Period 2 Draft v0.1",Vital Signs Difference for SYSTOLIC Drop,183
"QSC302573, 05b - Period 2 Draft v0.1",Vital Signs Difference for DIASTOLIC Drop,183
"QSC302573, 05b - Period 2 Draft v0.1",Clinical Assessment of Standing Vital Signs (Medic or Nurse to assess vital signs),183
"QSC302573, 05b - Period 2 Draft v0.1",Vital Sign Findings,183
"QSC302573, 05b - Period 2 Draft v0.1",Staff Initials:,184
"QSC302573, 05b - Period 2 Draft v0.1",Comment:,184
"QSC302573, 05b - Period 2 Draft v0.1",PK Sample for Bioanalysis - Gently invert tube 8-10 times immediately after collection and protect the sample from light (4 mL K2EDTA) Barcode:,184
"QSC302573, 05b - Period 2 Draft v0.1",Confirm an AE and Conmed check has been performed (Record any AE and Conmeds if applicable),184
"QSC302573, 05b - Period 2 Draft v0.1",C-SSRS Assessment: Date of Assessment,184
"QSC302573, 05b - Period 2 Draft v0.1",C-SSRS Questionnaire - Date and Time (Transcribe from C-SSRS paper source workbook),184
"QSC302573, 05b - Period 2 Draft v0.1",1. Wish to be dead,184
"QSC302573, 05b - Period 2 Draft v0.1","Subject endorses thoughts about a wish to be dead or not alive anymore, or a wish to fall asleep and not wake up. (Have you wished you were dead or wished you could go to sleep and not wake up?)",184
"QSC302573, 05b - Period 2 Draft v0.1",Staff Initials:,185
"QSC302573, 05b - Period 2 Draft v0.1",Comment:,185
"QSC302573, 05b - Period 2 Draft v0.1",2. Non-specific Active Suicidal Thoughts,185
"QSC302573, 05b - Period 2 Draft v0.1","General non-specific thoughts of wanting to end one's life / commit suicide (e.g. ""I've thought about killing myself"") without thoughts of ways to kill oneself / associated methods, intent, or plan during the assessment period. (Have you actually had any thoughts of killing yourself?)",185
"QSC302573, 05b - Period 2 Draft v0.1",3. Active Suicidal Ideation with Any Methods (Not Plan) Without Intent to Act,185
"QSC302573, 05b - Period 2 Draft v0.1","Subject endorses thoughts of suicide and has thought of at least one method during the assessment period. This is different from a specific plan with time, place or method details worked out (e.g. thought of method to kill self but not a specific plan). Includes person who would say, ""I thought about taking an overdose but I never made a specific plan as to when, where or how I would actually do it… and I would never go through with it"". (Have you been thinking about how you might do this?)",185
"QSC302573, 05b - Period 2 Draft v0.1","4. Active Suicidal Ideation with Some Intent to Act, without Specific Plan",185
"QSC302573, 05b - Period 2 Draft v0.1","Active suicidal thoughts of killing oneself and subject reports having some intent to act on such thoughts, as opposed to ""I have the thoughts but I definitely will not do anything about them"". (Have you had these thoughts and had some intention of acting on them?)",185
"QSC302573, 05b - Period 2 Draft v0.1",Staff Initials:,186
"QSC302573, 05b - Period 2 Draft v0.1",Comment:,186
"QSC302573, 05b - Period 2 Draft v0.1",5. Active Suicidal Ideation with Specific Plan and Intent,186
"QSC302573, 05b - Period 2 Draft v0.1",Thoughts of killing oneself with details of plan fully or partially worked out and subject has some intent to carry it out. (Have you started to work out or worked out the details of how to kill yourself? Do you intend to carry out this plan?),186
"QSC302573, 05b - Period 2 Draft v0.1",Most Severe Ideation,186
"QSC302573, 05b - Period 2 Draft v0.1","The following feature should be rated with respect to the most severe type of ideation (i.e. 1-5 from above, with 1 being the least severe and 5 being the most severe). Ask about time he/she was feeling the most suicidal.",186
"QSC302573, 05b - Period 2 Draft v0.1",Staff Initials:,187
"QSC302573, 05b - Period 2 Draft v0.1",Comment:,187
"QSC302573, 05b - Period 2 Draft v0.1",Frequency,187
"QSC302573, 05b - Period 2 Draft v0.1",(How many times have you had these thoughts?),187
"QSC302573, 05b - Period 2 Draft v0.1",Duration,187
"QSC302573, 05b - Period 2 Draft v0.1","(When you have the thoughts, how long do they last?)",187
"QSC302573, 05b - Period 2 Draft v0.1",Controllability,187
"QSC302573, 05b - Period 2 Draft v0.1",(Could/can you stop thinking about killing yourself or wanting to die if you want to?),187
"QSC302573, 05b - Period 2 Draft v0.1",Comment:,188
"QSC302573, 05b - Period 2 Draft v0.1",Staff Initials:,188
"QSC302573, 05b - Period 2 Draft v0.1",Deterrents,188
"QSC302573, 05b - Period 2 Draft v0.1","(Are there things - anyone or anything (e.g. family, religion, pain of death) - that stopped you from wanting to die or acting on thoughts of committing suicide?)",188
"QSC302573, 05b - Period 2 Draft v0.1",Staff Initials:,189
"QSC302573, 05b - Period 2 Draft v0.1",Comment:,189
"QSC302573, 05b - Period 2 Draft v0.1",Reasons for Ideation,189
"QSC302573, 05b - Period 2 Draft v0.1","(What sort of reasons did you have for thinking about wanting to die or killing yourself? Was it to end the pain or stop the way you were feeling (in other words you couldn't go on living with this pain or how you were feeling) or was it to get attention, revenge or a reaction from others? Or both?)",189
"QSC302573, 05b - Period 2 Draft v0.1",Staff Initials:,190
"QSC302573, 05b - Period 2 Draft v0.1",Comment:,190
"QSC302573, 05b - Period 2 Draft v0.1",Actual Attempt (Since Last Visit),190
"QSC302573, 05b - Period 2 Draft v0.1",Total Number of Attempts,190
"QSC302573, 05b - Period 2 Draft v0.1",Staff Initials:,191
"QSC302573, 05b - Period 2 Draft v0.1",Comment:,191
"QSC302573, 05b - Period 2 Draft v0.1",Has subject engaged in Non-Suicidal Self-Injurious Behaviour (Since Last Visit),191
"QSC302573, 05b - Period 2 Draft v0.1",Interrupted Attempt (Since Last Visit),191
"QSC302573, 05b - Period 2 Draft v0.1","When the person is interrupted (by an outside circumstance) from starting the potentially self- injurious act (if not for that, actual attempt would have occurred). Overdose: Person has pills in hand but is stopped from ingesting. Once they ingest any pills, this becomes an attempt rather than an interrupted attempt. Shooting: Person has gun pointed towards self, gun is taken away by someone else, or he/she is somehow prevented from pulling trigger. Once they pull the trigger, even if the gun fails to fire, it is an attempt. Jumping: Person is poised to jump, is grabbed and taken down from ledge. Hanging: Person has noose around neck but has not yet started to hang - is stopped from doing so. (Has there been a time when you started to do something to end your life but someone or something stopped you before you actually did anything?)",191
"QSC302573, 05b - Period 2 Draft v0.1",Total Number of Interrupted,191
"QSC302573, 05b - Period 2 Draft v0.1",Staff Initials:,192
"QSC302573, 05b - Period 2 Draft v0.1",Comment:,192
"QSC302573, 05b - Period 2 Draft v0.1",Aborted Attempt (Since Last Visit),192
"QSC302573, 05b - Period 2 Draft v0.1","When person begins to take steps towards making a suicide attempt, but stops themselves before they actually have engaged in any self-destructive behaviour. Examples are similar to interrupted attempts, except that the individual stops him/herself instead of being stopped by something else. (Has there been a time when you started to do something to try to end your life but you stopped yourself before you actually did anything?)",192
"QSC302573, 05b - Period 2 Draft v0.1",Total Number of Aborted,192
"QSC302573, 05b - Period 2 Draft v0.1","Acts or preparation towards imminently making a suicide attempt. This can include anything beyond a verbalisation or thought, such as assembling a specific method (e.g. buying pills, purchasing a gun) or preparing for one's death by suicide (e.g. giving things away, writing a suicide note). (Have you taken any steps towards making a suicide attempt or preparing to kill yourself (such as collecting pills, getting a gun, giving valuables away or writing a suicide note)?)",192
"QSC302573, 05b - Period 2 Draft v0.1",Staff Initials:,193
"QSC302573, 05b - Period 2 Draft v0.1",Comment:,193
"QSC302573, 05b - Period 2 Draft v0.1",Preparatory Acts or Behaviour (Since Last Visit),193
"QSC302573, 05b - Period 2 Draft v0.1","Acts or preparation towards imminently making a suicide attempt. This can include anything beyond a verbalisation or thought, such as assembling a specific method (e.g. buying pills, purchasing a gun) or preparing for one's death by suicide (e.g. giving things away, writing a suicide note). (Have you taken any steps towards making a suicide attempt or preparing to kill yourself (such as collecting pills, getting a gun, giving valuables away or writing a suicide note)?)",193
"QSC302573, 05b - Period 2 Draft v0.1",Suicidal Behaviour (Since Last Visit),193
"QSC302573, 05b - Period 2 Draft v0.1",Suicidal behaviour was present during the assessment period?,193
"QSC302573, 05b - Period 2 Draft v0.1",Suicide (Since Last Visit),193
"QSC302573, 05b - Period 2 Draft v0.1",Staff Initials:,194
"QSC302573, 05b - Period 2 Draft v0.1",Comment:,194
"QSC302573, 05b - Period 2 Draft v0.1",Most Lethal Attempt Date,194
"QSC302573, 05b - Period 2 Draft v0.1",Actual Lethality/Medical Damage - Most Lethal Attempt,194
"QSC302573, 05b - Period 2 Draft v0.1",Staff Initials:,195
"QSC302573, 05b - Period 2 Draft v0.1",Comment:,195
"QSC302573, 05b - Period 2 Draft v0.1",Potential Lethality - Most Lethal Attempt Code (only answer if Actual Lethality = 0),195
"QSC302573, 05b - Period 2 Draft v0.1",Confirm Evening Snack Provided,195
"QSC302573, 05b - Period 2 Draft v0.1",Start time of fast (Includes all food and drink except water),195
"QSC302573, 05b - Period 2 Draft v0.1",(Fast for at least 10 hours before breakfast or dosing depending on Part & Cohort),195
"QSC302573, 05b - Period 2 Draft v0.1",PRE-DOSE Triplicate ECG 1: 12 Lead Standard ECG (Supine for a minimum 3 minutes),195
"QSC302573, 05c - Period 3 Parts 1 and 2 Draft v0.1",Comment:,196
"QSC302573, 05c - Period 3 Parts 1 and 2 Draft v0.1",Staff Initials:,196
"QSC302573, 05c - Period 3 Parts 1 and 2 Draft v0.1",PRE-DOSE Triplicate ECG 1: Was the ECG clinically significant? (Medic to assess),196
"QSC302573, 05c - Period 3 Parts 1 and 2 Draft v0.1",Staff Initials:,197
"QSC302573, 05c - Period 3 Parts 1 and 2 Draft v0.1",Comment:,197
"QSC302573, 05c - Period 3 Parts 1 and 2 Draft v0.1",PRE-DOSE Triplicate ECG 2: 12 Lead Standard ECG (To be performed at least 2 minutes after ECG1),197
"QSC302573, 05c - Period 3 Parts 1 and 2 Draft v0.1",Staff Initials:,198
"QSC302573, 05c - Period 3 Parts 1 and 2 Draft v0.1",Comment:,198
"QSC302573, 05c - Period 3 Parts 1 and 2 Draft v0.1",PRE-DOSE Triplicate ECG 2: Was the ECG clinically significant? (Medic to assess),198
"QSC302573, 05c - Period 3 Parts 1 and 2 Draft v0.1",PRE-DOSE Triplicate ECG 3: 12 Lead Standard ECG (To be performed at least 2 minutes after ECG2),198
"QSC302573, 05c - Period 3 Parts 1 and 2 Draft v0.1",Staff Initials:,199
"QSC302573, 05c - Period 3 Parts 1 and 2 Draft v0.1",Comment:,199
"QSC302573, 05c - Period 3 Parts 1 and 2 Draft v0.1",Staff Initials:,200
"QSC302573, 05c - Period 3 Parts 1 and 2 Draft v0.1",Comment:,200
"QSC302573, 05c - Period 3 Parts 1 and 2 Draft v0.1",PRE-DOSE Triplicate ECG 3: Was the ECG clinically significant? (Medic to assess),200
"QSC302573, 05c - Period 3 Parts 1 and 2 Draft v0.1",Staff Initials:,201
"QSC302573, 05c - Period 3 Parts 1 and 2 Draft v0.1",Comment:,201
"QSC302573, 05c - Period 3 Parts 1 and 2 Draft v0.1",PRE-DOSE - Mean values,201
"QSC302573, 05c - Period 3 Parts 1 and 2 Draft v0.1","Withdraw if - QT interval corrected for heart rate using Fridericia’s formula (QTcF) >450 msec for male participants or >470 msec for female participants, QRS interval >120 msec, or PR interval >200 msec",201
"QSC302573, 05c - Period 3 Parts 1 and 2 Draft v0.1",Please transcribe the baseline value for QTcF for withdrawal purposes for Period 3 post dose from the mean QTcF above,201
"QSC302573, 05c - Period 3 Parts 1 and 2 Draft v0.1",PRE-DOSE - Vital Signs (Supine for at least 3 minutes),201
"QSC302573, 05c - Period 3 Parts 1 and 2 Draft v0.1",Staff Initials:,202
"QSC302573, 05c - Period 3 Parts 1 and 2 Draft v0.1",Comment:,202
"QSC302573, 05c - Period 3 Parts 1 and 2 Draft v0.1",PRE-DOSE - Clinical Assessment of Vital Signs (Medic or Nurse to assess vital signs),202
"QSC302573, 05c - Period 3 Parts 1 and 2 Draft v0.1",PRE-DOSE - Vital Sign Findings,202
"QSC302573, 05c - Period 3 Parts 1 and 2 Draft v0.1",PRE-DOSE - Vital Signs (Standing),202
"QSC302573, 05c - Period 3 Parts 1 and 2 Draft v0.1",Staff Initials:,203
"QSC302573, 05c - Period 3 Parts 1 and 2 Draft v0.1",Comment:,203
"QSC302573, 05c - Period 3 Parts 1 and 2 Draft v0.1",PRE-DOSE - Is there a drop in SYSTOLIC BP from supine to standing?,203
"QSC302573, 05c - Period 3 Parts 1 and 2 Draft v0.1",PRE-DOSE - Is there a drop in DIASTOLIC BP from supine to standing?,203
"QSC302573, 05c - Period 3 Parts 1 and 2 Draft v0.1",PRE-DOSE - Vital Signs Difference for SYSTOLIC Drop,203
"QSC302573, 05c - Period 3 Parts 1 and 2 Draft v0.1",PRE-DOSE - Vital Signs Difference for DIASTOLIC Drop (Supine),203
"QSC302573, 05c - Period 3 Parts 1 and 2 Draft v0.1",PRE-DOSE - Clinical Assessment of Vital Signs (Medic or Nurse to assess vital signs),203
"QSC302573, 05c - Period 3 Parts 1 and 2 Draft v0.1",Comment:,204
"QSC302573, 05c - Period 3 Parts 1 and 2 Draft v0.1",Staff Initials:,204
"QSC302573, 05c - Period 3 Parts 1 and 2 Draft v0.1",PRE-DOSE - Vital Sign Findings,204
"QSC302573, 05c - Period 3 Parts 1 and 2 Draft v0.1",PK Sample for Bioanalysis - Gently invert tube 8-10 times immediately after collection and protect the sample from light (4 mL K2EDTA) Barcode:,204
"QSC302573, 05c - Period 3 Parts 1 and 2 Draft v0.1",Confirm an AE and Conmed check has been performed (Record any AE and Conmeds if applicable),204
"QSC302573, 05c - Period 3 Parts 1 and 2 Draft v0.1",I confirm that the participant continues to be eligible to participate in this clinical study.,204
"QSC302573, 05c - Period 3 Parts 1 and 2 Draft v0.1",Prandial state,204
"QSC302573, 05c - Period 3 Parts 1 and 2 Draft v0.1",Comment:,205
"QSC302573, 05c - Period 3 Parts 1 and 2 Draft v0.1",Staff Initials:,205
"QSC302573, 05c - Period 3 Parts 1 and 2 Draft v0.1",Has the participant fasted for 10 hours prior to breakfast?,205
"QSC302573, 05c - Period 3 Parts 1 and 2 Draft v0.1",Participant should begin eating breakfast.,205
"QSC302573, 05c - Period 3 Parts 1 and 2 Draft v0.1",Participant should stop eating breakfast.,205
"QSC302573, 05c - Period 3 Parts 1 and 2 Draft v0.1",Meals: Amount Consumed (Breakfast),205
"QSC302573, 05c - Period 3 Parts 1 and 2 Draft v0.1",Total amount of breakfast consumed,205
"QSC302573, 05c - Period 3 Parts 1 and 2 Draft v0.1",Staff Initials:,206
"QSC302573, 05c - Period 3 Parts 1 and 2 Draft v0.1",Comment:,206
"QSC302573, 05c - Period 3 Parts 1 and 2 Draft v0.1",Please describe what was not eaten,206
"QSC302573, 05c - Period 3 Parts 1 and 2 Draft v0.1",PI to authorise. Full meal must be consumed to proceed with dosing.,206
"QSC302573, 05c - Period 3 Parts 1 and 2 Draft v0.1","Check the Volunteer ID in eSource matches the volunteer (Initials, DOB and Photographic ID)",206
"QSC302573, 05c - Period 3 Parts 1 and 2 Draft v0.1",Check the volunteer panel number on the wristband matches eSource,206
"QSC302573, 05c - Period 3 Parts 1 and 2 Draft v0.1",Check the participant number in eSource matches the Instruction to Dispense and Dose,206
"QSC302573, 05c - Period 3 Parts 1 and 2 Draft v0.1",Staff Initials:,207
"QSC302573, 05c - Period 3 Parts 1 and 2 Draft v0.1",Comment:,207
"QSC302573, 05c - Period 3 Parts 1 and 2 Draft v0.1",Has the participant refrained from drinking water for at least 1 hour prior to dosing?,207
"QSC302573, 05c - Period 3 Parts 1 and 2 Draft v0.1",Has the participant fasted for 10 hours prior to dosing?,207
"QSC302573, 05c - Period 3 Parts 1 and 2 Draft v0.1","Has the participant consumed breakfast per the protocol requirements, over 20 minutes and the full meal?",207
"QSC302573, 05c - Period 3 Parts 1 and 2 Draft v0.1",Pre dose blood draws for PK sample taken?,207
"QSC302573, 05c - Period 3 Parts 1 and 2 Draft v0.1",Staff Initials:,208
"QSC302573, 05c - Period 3 Parts 1 and 2 Draft v0.1",Comment:,208
"QSC302573, 05c - Period 3 Parts 1 and 2 Draft v0.1",Have all required pre dose procedures been completed?,208
"QSC302573, 05c - Period 3 Parts 1 and 2 Draft v0.1",Is the participant eligible to dose?,208
"QSC302573, 05c - Period 3 Parts 1 and 2 Draft v0.1",Enter the product details,208
"QSC302573, 05c - Period 3 Parts 1 and 2 Draft v0.1",Staff Initials:,209
"QSC302573, 05c - Period 3 Parts 1 and 2 Draft v0.1",Comment:,209
"QSC302573, 05c - Period 3 Parts 1 and 2 Draft v0.1",Does the Product label match the Instruction to Dispense and Dose?,209
"QSC302573, 05c - Period 3 Parts 1 and 2 Draft v0.1","Final check performed (5 R’s of dosing, Jones 2009 – right participant, right drug, right dose, right route, right time)",209
"QSC302573, 05c - Period 3 Parts 1 and 2 Draft v0.1",Time of administration of study treatment,209
"QSC302573, 05c - Period 3 Parts 1 and 2 Draft v0.1",Has the participant been provided with 240 mL of water?,209
"QSC302573, 05c - Period 3 Parts 1 and 2 Draft v0.1",Has a hand and mouth check been performed?,209
"QSC302573, 05c - Period 3 Parts 1 and 2 Draft v0.1",Staff Initials:,210
"QSC302573, 05c - Period 3 Parts 1 and 2 Draft v0.1",Comment:,210
"QSC302573, 05c - Period 3 Parts 1 and 2 Draft v0.1",Has the participant been reminded to refrain from water for 2 hours post-dose?,210
"QSC302573, 05c - Period 3 Parts 1 and 2 Draft v0.1",Has the participant been advised to minimise exposure to sunlight from dosing for at least 7 days post final dose?,210
"QSC302573, 05c - Period 3 Parts 1 and 2 Draft v0.1","Due to the unavailability of phototoxic data, participants will be advised to minimize exposure to sunlight by spending a reduced amount of time outdoors/remaining inside the clinical unit during the residential periods of the study wearing sunglasses and clothing that minimizes exposure to sunlight and using sun cream on exposed areas when going outdoors. They will also be advised not to use sunbeds.",210
"QSC302573, 05c - Period 3 Parts 1 and 2 Draft v0.1",Confirm dosing is complete (Operator to complete (switch user)),210
"QSC302573, 05c - Period 3 Parts 1 and 2 Draft v0.1",What is the status of the subject?,210
"QSC302573, 05c - Period 3 Parts 1 and 2 Draft v0.1",Staff Initials:,211
"QSC302573, 05c - Period 3 Parts 1 and 2 Draft v0.1",Comment:,211
"QSC302573, 05c - Period 3 Parts 1 and 2 Draft v0.1",PK Sample for Bioanalysis - Gently invert tube 8-10 times immediately after collection and protect the sample from light (4 mL K2EDTA) Barcode:,211
"QSC302573, 05c - Period 3 Parts 1 and 2 Draft v0.1",Confirm an AE and Conmed check has been performed (Record any AE and Conmeds if applicable),211
"QSC302573, 05c - Period 3 Parts 1 and 2 Draft v0.1",Stanford Sleepiness Scale: Stanford Sleepiness Scale Date,211
"QSC302573, 05c - Period 3 Parts 1 and 2 Draft v0.1",Stanford Sleepiness Scale Questionnaire - Date and Time (Transcribe from paper source workbook),211
"QSC302573, 05c - Period 3 Parts 1 and 2 Draft v0.1",Degree of Sleepiness,211
"QSC302573, 05c - Period 3 Parts 1 and 2 Draft v0.1",Comment:,212
"QSC302573, 05c - Period 3 Parts 1 and 2 Draft v0.1",Staff Initials:,213
"QSC302573, 05c - Period 3 Parts 1 and 2 Draft v0.1",Comment:,213
"QSC302573, 05c - Period 3 Parts 1 and 2 Draft v0.1",12 Lead Standard ECG,213
"QSC302573, 05c - Period 3 Parts 1 and 2 Draft v0.1","Exclude if - QT interval corrected for heart rate using Fridericia’s formula (QTcF) >450 msec for male participants or >470 msec for female participants, QRS interval >120 msec, or PR interval >200 msec. (Supine for a minimum 3 minutes)",213
"QSC302573, 05c - Period 3 Parts 1 and 2 Draft v0.1",ECG Rhythm assessment and interpretation,213
"QSC302573, 05c - Period 3 Parts 1 and 2 Draft v0.1",Staff Initials:,214
"QSC302573, 05c - Period 3 Parts 1 and 2 Draft v0.1",Comment:,214
"QSC302573, 05c - Period 3 Parts 1 and 2 Draft v0.1",Was the ECG clinically significant? (Medic to assess),214
"QSC302573, 05c - Period 3 Parts 1 and 2 Draft v0.1",ECG Findings,214
"QSC302573, 05c - Period 3 Parts 1 and 2 Draft v0.1","ECG Findings, including rhythm assessment",214
"QSC302573, 05c - Period 3 Parts 1 and 2 Draft v0.1",ECG Difference Calculation - a participant will be withdrawn where there is an increase in QTcF interval of >60 msec from baseline (confirmed following a repeat ECG),214
"QSC302573, 05c - Period 3 Parts 1 and 2 Draft v0.1",PK Sample for Bioanalysis - Gently invert tube 8-10 times immediately after collection and protect the sample from light (4 mL K2EDTA) Barcode:,214
"QSC302573, 05c - Period 3 Parts 1 and 2 Draft v0.1",Staff Initials:,215
"QSC302573, 05c - Period 3 Parts 1 and 2 Draft v0.1",Comment:,215
"QSC302573, 05c - Period 3 Parts 1 and 2 Draft v0.1",Confirm an AE and Conmed check has been performed (Record any AE and Conmeds if applicable),215
"QSC302573, 05c - Period 3 Parts 1 and 2 Draft v0.1",Has the volunteer been provided with water 2 hrs post-dose?,215
"QSC302573, 05c - Period 3 Parts 1 and 2 Draft v0.1",Stanford Sleepiness Scale: Stanford Sleepiness Scale Date,215
"QSC302573, 05c - Period 3 Parts 1 and 2 Draft v0.1",Stanford Sleepiness Scale Questionnaire - Date and Time (Transcribe from paper source workbook),215
"QSC302573, 05c - Period 3 Parts 1 and 2 Draft v0.1",Degree of Sleepiness,215
"QSC302573, 05c - Period 3 Parts 1 and 2 Draft v0.1",Comment:,216
"QSC302573, 05c - Period 3 Parts 1 and 2 Draft v0.1",Staff Initials:,216
"QSC302573, 05c - Period 3 Parts 1 and 2 Draft v0.1",Targeted Physical Examination Findings: Require Targeted PE?,216
"QSC302573, 05c - Period 3 Parts 1 and 2 Draft v0.1","Targeted Physical Examination: Does the participant require a targeted physical examination? (If yes, please specify the reason)",216
"QSC302573, 05c - Period 3 Parts 1 and 2 Draft v0.1","Targeted Physical Examination Findings: Any clinically significant abnormal findings? #1 If yes, were there any clinically significant abnormal findings?",216
"QSC302573, 05c - Period 3 Parts 1 and 2 Draft v0.1",Physical Examination Category,216
"QSC302573, 05c - Period 3 Parts 1 and 2 Draft v0.1",Comment:,217
"QSC302573, 05c - Period 3 Parts 1 and 2 Draft v0.1",Staff Initials:,217
"QSC302573, 05c - Period 3 Parts 1 and 2 Draft v0.1",Detailed findings of Physical Examination,217
"QSC302573, 05c - Period 3 Parts 1 and 2 Draft v0.1",Staff Initials:,218
"QSC302573, 05c - Period 3 Parts 1 and 2 Draft v0.1",Comment:,218
"QSC302573, 05c - Period 3 Parts 1 and 2 Draft v0.1",Targeted Neurological Examination: Require Targeted NE?,218
"QSC302573, 05c - Period 3 Parts 1 and 2 Draft v0.1","Targeted Neurological Examination: Does the participant require a targeted neurological examination? (If yes, please specify the reason)",218
"QSC302573, 05c - Period 3 Parts 1 and 2 Draft v0.1","Targeted Neurological Examination: Any clinically significant abnormal findings? #1 If yes, were there any clinically significant abnormal findings?",218
"QSC302573, 05c - Period 3 Parts 1 and 2 Draft v0.1",Targeted Neurological Examination Category,218
"QSC302573, 05c - Period 3 Parts 1 and 2 Draft v0.1",Comment:,219
"QSC302573, 05c - Period 3 Parts 1 and 2 Draft v0.1",Staff Initials:,219
"QSC302573, 05c - Period 3 Parts 1 and 2 Draft v0.1",Detailed findings of Targeted Neurological Examination,219
"QSC302573, 05c - Period 3 Parts 1 and 2 Draft v0.1",Vital Signs (Supine for at least 3 minutes),219
"QSC302573, 05c - Period 3 Parts 1 and 2 Draft v0.1",Staff Initials:,220
"QSC302573, 05c - Period 3 Parts 1 and 2 Draft v0.1",Comment:,220
"QSC302573, 05c - Period 3 Parts 1 and 2 Draft v0.1",Clinical Assessment of Vital Signs (Medic or Nurse to assess vital signs),220
"QSC302573, 05c - Period 3 Parts 1 and 2 Draft v0.1",Vital Sign Findings,220
"QSC302573, 05c - Period 3 Parts 1 and 2 Draft v0.1",Vital Signs Standing BP and HR (Standing for at least 3 minutes),220
"QSC302573, 05c - Period 3 Parts 1 and 2 Draft v0.1",Staff Initials:,221
"QSC302573, 05c - Period 3 Parts 1 and 2 Draft v0.1",Comment:,221
"QSC302573, 05c - Period 3 Parts 1 and 2 Draft v0.1",Is there a drop in SYSTOLIC BP from supine to standing?,221
"QSC302573, 05c - Period 3 Parts 1 and 2 Draft v0.1",Is there a drop in DIASTOLIC BP from supine to standing?,221
"QSC302573, 05c - Period 3 Parts 1 and 2 Draft v0.1",Vital Signs Difference for SYSTOLIC Drop,221
"QSC302573, 05c - Period 3 Parts 1 and 2 Draft v0.1",Vital Signs Difference for DIASTOLIC Drop,221
"QSC302573, 05c - Period 3 Parts 1 and 2 Draft v0.1",Clinical Assessment of Standing Vital Signs (Medic or Nurse to assess vital signs),221
"QSC302573, 05c - Period 3 Parts 1 and 2 Draft v0.1",Comment:,222
"QSC302573, 05c - Period 3 Parts 1 and 2 Draft v0.1",Staff Initials:,222
"QSC302573, 05c - Period 3 Parts 1 and 2 Draft v0.1",Vital Sign Findings,222
"QSC302573, 05c - Period 3 Parts 1 and 2 Draft v0.1",PK Sample for Bioanalysis - Gently invert tube 8-10 times immediately after collection and protect the sample from light (4 mL K2EDTA) Barcode:,222
"QSC302573, 05c - Period 3 Parts 1 and 2 Draft v0.1",Confirm an AE and Conmed check has been performed (Record any AE and Conmeds if applicable),222
"QSC302573, 05c - Period 3 Parts 1 and 2 Draft v0.1",Confirm Lunch Provided,222
"QSC302573, 05c - Period 3 Parts 1 and 2 Draft v0.1",Staff Initials:,223
"QSC302573, 05c - Period 3 Parts 1 and 2 Draft v0.1",Comment:,223
"QSC302573, 05c - Period 3 Parts 1 and 2 Draft v0.1",PK Sample for Bioanalysis - Gently invert tube 8-10 times immediately after collection and protect the sample from light (4 mL K2EDTA) Barcode:,223
"QSC302573, 05c - Period 3 Parts 1 and 2 Draft v0.1",Confirm an AE and Conmed check has been performed (Record any AE and Conmeds if applicable),223
"QSC302573, 05c - Period 3 Parts 1 and 2 Draft v0.1",Vital Signs (Supine for at least 3 minutes),223
"QSC302573, 05c - Period 3 Parts 1 and 2 Draft v0.1",Staff Initials:,224
"QSC302573, 05c - Period 3 Parts 1 and 2 Draft v0.1",Comment:,224
"QSC302573, 05c - Period 3 Parts 1 and 2 Draft v0.1",Clinical Assessment of Vital Signs (Medic or Nurse to assess vital signs),224
"QSC302573, 05c - Period 3 Parts 1 and 2 Draft v0.1",Vital Sign Findings,224
"QSC302573, 05c - Period 3 Parts 1 and 2 Draft v0.1",Vital Signs Standing BP and HR (Standing for at least 3 minutes),224
"QSC302573, 05c - Period 3 Parts 1 and 2 Draft v0.1",Comment:,225
"QSC302573, 05c - Period 3 Parts 1 and 2 Draft v0.1",Staff Initials:,225
"QSC302573, 05c - Period 3 Parts 1 and 2 Draft v0.1",Is there a drop in SYSTOLIC BP from supine to standing?,225
"QSC302573, 05c - Period 3 Parts 1 and 2 Draft v0.1",Is there a drop in DIASTOLIC BP from supine to standing?,225
"QSC302573, 05c - Period 3 Parts 1 and 2 Draft v0.1",Vital Signs Difference for SYSTOLIC Drop,225
"QSC302573, 05c - Period 3 Parts 1 and 2 Draft v0.1",Staff Initials:,226
"QSC302573, 05c - Period 3 Parts 1 and 2 Draft v0.1",Comment:,226
"QSC302573, 05c - Period 3 Parts 1 and 2 Draft v0.1",Vital Signs Difference for DIASTOLIC Drop,226
"QSC302573, 05c - Period 3 Parts 1 and 2 Draft v0.1",Clinical Assessment of Standing Vital Signs (Medic or Nurse to assess vital signs),226
"QSC302573, 05c - Period 3 Parts 1 and 2 Draft v0.1",Vital Sign Findings,226
"QSC302573, 05c - Period 3 Parts 1 and 2 Draft v0.1",PK Sample for Bioanalysis - Gently invert tube 8-10 times immediately after collection and protect the sample from light (4 mL K2EDTA) Barcode:,226
"QSC302573, 05c - Period 3 Parts 1 and 2 Draft v0.1",Confirm an AE and Conmed check has been performed (Record any AE and Conmeds if applicable),226
"QSC302573, 05c - Period 3 Parts 1 and 2 Draft v0.1",Staff Initials:,227
"QSC302573, 05c - Period 3 Parts 1 and 2 Draft v0.1",Comment:,227
"QSC302573, 05c - Period 3 Parts 1 and 2 Draft v0.1",Stanford Sleepiness Scale: Stanford Sleepiness Scale Date,227
"QSC302573, 05c - Period 3 Parts 1 and 2 Draft v0.1",Stanford Sleepiness Scale Questionnaire - Date and Time (Transcribe from paper source workbook),227
"QSC302573, 05c - Period 3 Parts 1 and 2 Draft v0.1",Degree of Sleepiness,227
"QSC302573, 05c - Period 3 Parts 1 and 2 Draft v0.1",PK Sample for Bioanalysis - Gently invert tube 8-10 times immediately after collection and protect the sample from light (4 mL K2EDTA) Barcode:,227
"QSC302573, 05c - Period 3 Parts 1 and 2 Draft v0.1",Staff Initials:,228
"QSC302573, 05c - Period 3 Parts 1 and 2 Draft v0.1",Comment:,228
"QSC302573, 05c - Period 3 Parts 1 and 2 Draft v0.1",Confirm an AE and Conmed check has been performed (Record any AE and Conmeds if applicable),228
"QSC302573, 05c - Period 3 Parts 1 and 2 Draft v0.1",Vital Signs (Supine for at least 3 minutes),228
"QSC302573, 05c - Period 3 Parts 1 and 2 Draft v0.1",Clinical Assessment of Vital Signs (Medic or Nurse to assess vital signs),228
"QSC302573, 05c - Period 3 Parts 1 and 2 Draft v0.1",Staff Initials:,229
"QSC302573, 05c - Period 3 Parts 1 and 2 Draft v0.1",Comment:,229
"QSC302573, 05c - Period 3 Parts 1 and 2 Draft v0.1",Vital Sign Findings,229
"QSC302573, 05c - Period 3 Parts 1 and 2 Draft v0.1",Vital Signs Standing BP and HR (Standing for at least 3 minutes),229
"QSC302573, 05c - Period 3 Parts 1 and 2 Draft v0.1",Is there a drop in SYSTOLIC BP from supine to standing?,229
"QSC302573, 05c - Period 3 Parts 1 and 2 Draft v0.1",Is there a drop in DIASTOLIC BP from supine to standing?,229
"QSC302573, 05c - Period 3 Parts 1 and 2 Draft v0.1",Staff Initials:,230
"QSC302573, 05c - Period 3 Parts 1 and 2 Draft v0.1",Comment:,230
"QSC302573, 05c - Period 3 Parts 1 and 2 Draft v0.1",Vital Signs Difference for SYSTOLIC Drop,230
"QSC302573, 05c - Period 3 Parts 1 and 2 Draft v0.1",Vital Signs Difference for DIASTOLIC Drop,230
"QSC302573, 05c - Period 3 Parts 1 and 2 Draft v0.1",Clinical Assessment of Standing Vital Signs (Medic or Nurse to assess vital signs),230
"QSC302573, 05c - Period 3 Parts 1 and 2 Draft v0.1",Vital Sign Findings,230
"QSC302573, 05c - Period 3 Parts 1 and 2 Draft v0.1",Staff Initials:,231
"QSC302573, 05c - Period 3 Parts 1 and 2 Draft v0.1",Comment:,231
"QSC302573, 05c - Period 3 Parts 1 and 2 Draft v0.1",PK Sample for Bioanalysis - Gently invert tube 8-10 times immediately after collection and protect the sample from light (4 mL K2EDTA) Barcode:,231
"QSC302573, 05c - Period 3 Parts 1 and 2 Draft v0.1",Confirm an AE and Conmed check has been performed (Record any AE and Conmeds if applicable),231
"QSC302573, 05c - Period 3 Parts 1 and 2 Draft v0.1",Confirm Dinner Provided,231
"QSC302573, 05c - Period 3 Parts 1 and 2 Draft v0.1",12 Lead Standard ECG,231
"QSC302573, 05c - Period 3 Parts 1 and 2 Draft v0.1","Exclude if - QT interval corrected for heart rate using Fridericia’s formula (QTcF) >450 msec for male participants or >470 msec for female participants, QRS interval >120 msec, or PR interval >200 msec. (Supine for a minimum 3 minutes)",231
"QSC302573, 05c - Period 3 Parts 1 and 2 Draft v0.1",Comment:,232
"QSC302573, 05c - Period 3 Parts 1 and 2 Draft v0.1",Staff Initials:,232
"QSC302573, 05c - Period 3 Parts 1 and 2 Draft v0.1",ECG Rhythm assessment and interpretation,232
"QSC302573, 05c - Period 3 Parts 1 and 2 Draft v0.1",Was the ECG clinically significant? (Medic to assess),232
"QSC302573, 05c - Period 3 Parts 1 and 2 Draft v0.1",ECG Findings,232
"QSC302573, 05c - Period 3 Parts 1 and 2 Draft v0.1",Staff Initials:,233
"QSC302573, 05c - Period 3 Parts 1 and 2 Draft v0.1",Comment:,233
"QSC302573, 05c - Period 3 Parts 1 and 2 Draft v0.1","ECG Findings, including rhythm assessment",233
"QSC302573, 05c - Period 3 Parts 1 and 2 Draft v0.1",ECG Difference Calculation - a participant will be withdrawn where there is an increase in QTcF interval of >60 msec from baseline (confirmed following a repeat ECG),233
"QSC302573, 05c - Period 3 Parts 1 and 2 Draft v0.1",Vital Signs (Supine for at least 3 minutes),233
"QSC302573, 05c - Period 3 Parts 1 and 2 Draft v0.1",Staff Initials:,234
"QSC302573, 05c - Period 3 Parts 1 and 2 Draft v0.1",Comment:,234
"QSC302573, 05c - Period 3 Parts 1 and 2 Draft v0.1",Clinical Assessment of Vital Signs (Medic or Nurse to assess vital signs),234
"QSC302573, 05c - Period 3 Parts 1 and 2 Draft v0.1",Vital Sign Findings,234
"QSC302573, 05c - Period 3 Parts 1 and 2 Draft v0.1",Vital Signs Standing BP and HR (Standing for at least 3 minutes),234
"QSC302573, 05c - Period 3 Parts 1 and 2 Draft v0.1",Staff Initials:,235
"QSC302573, 05c - Period 3 Parts 1 and 2 Draft v0.1",Comment:,235
"QSC302573, 05c - Period 3 Parts 1 and 2 Draft v0.1",Is there a drop in SYSTOLIC BP from supine to standing?,235
"QSC302573, 05c - Period 3 Parts 1 and 2 Draft v0.1",Is there a drop in DIASTOLIC BP from supine to standing?,235
"QSC302573, 05c - Period 3 Parts 1 and 2 Draft v0.1",Vital Signs Difference for SYSTOLIC Drop,235
"QSC302573, 05c - Period 3 Parts 1 and 2 Draft v0.1",Vital Signs Difference for DIASTOLIC Drop,235
"QSC302573, 05c - Period 3 Parts 1 and 2 Draft v0.1",Clinical Assessment of Standing Vital Signs (Medic or Nurse to assess vital signs),235
"QSC302573, 05c - Period 3 Parts 1 and 2 Draft v0.1",Comment:,236
"QSC302573, 05c - Period 3 Parts 1 and 2 Draft v0.1",Staff Initials:,236
"QSC302573, 05c - Period 3 Parts 1 and 2 Draft v0.1",Vital Sign Findings,236
"QSC302573, 05c - Period 3 Parts 1 and 2 Draft v0.1",PK Sample for Bioanalysis - Gently invert tube 8-10 times immediately after collection and protect the sample from light (4 mL K2EDTA) Barcode:,236
"QSC302573, 05c - Period 3 Parts 1 and 2 Draft v0.1",Confirm an AE and Conmed check has been performed (Record any AE and Conmeds if applicable),236
"QSC302573, 05c - Period 3 Parts 1 and 2 Draft v0.1",Stanford Sleepiness Scale: Stanford Sleepiness Scale Date,236
"QSC302573, 05c - Period 3 Parts 1 and 2 Draft v0.1",Stanford Sleepiness Scale Questionnaire - Date and Time (Transcribe from paper source workbook),236
"QSC302573, 05c - Period 3 Parts 1 and 2 Draft v0.1",Staff Initials:,237
"QSC302573, 05c - Period 3 Parts 1 and 2 Draft v0.1",Comment:,237
"QSC302573, 05c - Period 3 Parts 1 and 2 Draft v0.1",Degree of Sleepiness,237
"QSC302573, 05c - Period 3 Parts 1 and 2 Draft v0.1",Confirm Evening Snack Provided,237
"QSC302573, 05c - Period 3 Parts 1 and 2 Draft v0.1",PK Sample for Bioanalysis - Gently invert tube 8-10 times immediately after collection and protect the sample from light (4 mL K2EDTA) Barcode:,237
"QSC302573, 05c - Period 3 Parts 1 and 2 Draft v0.1",Staff Initials:,238
"QSC302573, 05c - Period 3 Parts 1 and 2 Draft v0.1",Comment:,238
"QSC302573, 05c - Period 3 Parts 1 and 2 Draft v0.1",Confirm an AE and Conmed check has been performed (Record any AE and Conmeds if applicable),238
"QSC302573, 05c - Period 3 Parts 1 and 2 Draft v0.1",Urinalysis: Collection Time,238
"QSC302573, 05c - Period 3 Parts 1 and 2 Draft v0.1",Record time of urine sample (Collect Urine Sample),238
"QSC302573, 05c - Period 3 Parts 1 and 2 Draft v0.1","What was the bilirubin result? If any positive result, inform medic/PI. (Perform urinalysis and read results)",238
"QSC302573, 05c - Period 3 Parts 1 and 2 Draft v0.1",Staff Initials:,239
"QSC302573, 05c - Period 3 Parts 1 and 2 Draft v0.1",Comment:,239
"QSC302573, 05c - Period 3 Parts 1 and 2 Draft v0.1","What was the urobilinogen result? If any positive result, inform medic/PI. (Perform urinalysis and read results)",239
"QSC302573, 05c - Period 3 Parts 1 and 2 Draft v0.1","What was the ketone result? If any positive result, inform medic/PI. (Perform urinalysis and read results)",239
"QSC302573, 05c - Period 3 Parts 1 and 2 Draft v0.1","What was the glucose result? If any positive result, inform medic/PI. (Perform urinalysis and read results)",239
"QSC302573, 05c - Period 3 Parts 1 and 2 Draft v0.1",Comment:,240
"QSC302573, 05c - Period 3 Parts 1 and 2 Draft v0.1",Staff Initials:,240
"QSC302573, 05c - Period 3 Parts 1 and 2 Draft v0.1",What was the protein result?,240
"QSC302573, 05c - Period 3 Parts 1 and 2 Draft v0.1","IF PROTEIN ≥ 30mg/dl: Repeat urinalysis as soon as possible, ensuring a clean catch specimen. If protein remains ≥ 30mg/dl on repeat, then inform PI/medic. (Perform urinalysis and read results)",240
"QSC302573, 05c - Period 3 Parts 1 and 2 Draft v0.1",What was the blood result? (Perform urinalysis and read results),240
"QSC302573, 05c - Period 3 Parts 1 and 2 Draft v0.1",Comment:,241
"QSC302573, 05c - Period 3 Parts 1 and 2 Draft v0.1",Staff Initials:,241
"QSC302573, 05c - Period 3 Parts 1 and 2 Draft v0.1",What was the nitrite result? (Perform urinalysis and read results),241
"QSC302573, 05c - Period 3 Parts 1 and 2 Draft v0.1",Record pH value (Perform urinalysis and read results),241
"QSC302573, 05c - Period 3 Parts 1 and 2 Draft v0.1",Comment:,242
"QSC302573, 05c - Period 3 Parts 1 and 2 Draft v0.1",Staff Initials:,242
"QSC302573, 05c - Period 3 Parts 1 and 2 Draft v0.1",Record specific gravity of sample (Perform urinalysis and read results),242
"QSC302573, 05c - Period 3 Parts 1 and 2 Draft v0.1",Staff Initials:,243
"QSC302573, 05c - Period 3 Parts 1 and 2 Draft v0.1",Comment:,243
"QSC302573, 05c - Period 3 Parts 1 and 2 Draft v0.1",What was the leukocyte result? (Perform urinalysis and read results),243
"QSC302573, 05c - Period 3 Parts 1 and 2 Draft v0.1","Is participant female and menstruating? (If 'Yes', DO NOT send sample for Microscopy. If 'No', send sample for Microscopy)",243
"QSC302573, 05c - Period 3 Parts 1 and 2 Draft v0.1",Confirm sample sent for microscopy (Complete associated paperwork),243
"QSC302573, 05c - Period 3 Parts 1 and 2 Draft v0.1",Staff Initials:,244
"QSC302573, 05c - Period 3 Parts 1 and 2 Draft v0.1",Comment:,244
"QSC302573, 05c - Period 3 Parts 1 and 2 Draft v0.1",Has urinalysis been repeated as soon as possible with a clean catch specimen? Ensure events are repeated to capture this data.,244
"QSC302573, 05c - Period 3 Parts 1 and 2 Draft v0.1",Urinalysis Microscopy Sample (20 mL Sterilin screw cap),244
"QSC302573, 05c - Period 3 Parts 1 and 2 Draft v0.1",Barcode:,244
"QSC302573, 05c - Period 3 Parts 1 and 2 Draft v0.1",Confirm TDL form completed:,244
"QSC302573, 05c - Period 3 Parts 1 and 2 Draft v0.1",- Correct form used - Correct participant label applied - Correct slot number written - Correct sex and fasting status - Correct timepoint checked - Correct sample date and time written - Correct visit - Initials signed to confirm sample collected and form correct,244
"QSC302573, 05c - Period 3 Parts 1 and 2 Draft v0.1",Has there been a medic review of the Microscopy results?,244
"QSC302573, 05c - Period 3 Parts 1 and 2 Draft v0.1",Urine Pregnancy test (N/A if male),244
"QSC302573, 05c - Period 3 Parts 1 and 2 Draft v0.1",Comment:,245
"QSC302573, 05c - Period 3 Parts 1 and 2 Draft v0.1",Staff Initials:,245
"QSC302573, 05c - Period 3 Parts 1 and 2 Draft v0.1",Positive result for Urine Pregnancy (Medic to exclude subject),245
"QSC302573, 05c - Period 3 Parts 1 and 2 Draft v0.1",12 Lead Standard ECG,245
"QSC302573, 05c - Period 3 Parts 1 and 2 Draft v0.1","Exclude if - QT interval corrected for heart rate using Fridericia’s formula (QTcF) >450 msec for male participants or >470 msec for female participants, QRS interval >120 msec, or PR interval >200 msec. (Supine for a minimum 3 minutes)",245
"QSC302573, 05c - Period 3 Parts 1 and 2 Draft v0.1",Staff Initials:,246
"QSC302573, 05c - Period 3 Parts 1 and 2 Draft v0.1",Comment:,246
"QSC302573, 05c - Period 3 Parts 1 and 2 Draft v0.1",ECG Rhythm assessment and interpretation,246
"QSC302573, 05c - Period 3 Parts 1 and 2 Draft v0.1",Was the ECG clinically significant? (Medic to assess),246
"QSC302573, 05c - Period 3 Parts 1 and 2 Draft v0.1",ECG Findings,246
"QSC302573, 05c - Period 3 Parts 1 and 2 Draft v0.1","ECG Findings, including rhythm assessment",246
"QSC302573, 05c - Period 3 Parts 1 and 2 Draft v0.1",Staff Initials:,247
"QSC302573, 05c - Period 3 Parts 1 and 2 Draft v0.1",Comment:,247
"QSC302573, 05c - Period 3 Parts 1 and 2 Draft v0.1",ECG Difference Calculation - a participant will be withdrawn where there is an increase in QTcF interval of >60 msec from baseline (confirmed following a repeat ECG),247
"QSC302573, 05c - Period 3 Parts 1 and 2 Draft v0.1",Vital Signs (Supine for at least 3 minutes),247
"QSC302573, 05c - Period 3 Parts 1 and 2 Draft v0.1",Clinical Assessment of Vital Signs (Medic or Nurse to assess vital signs),247
"QSC302573, 05c - Period 3 Parts 1 and 2 Draft v0.1",Staff Initials:,248
"QSC302573, 05c - Period 3 Parts 1 and 2 Draft v0.1",Comment:,248
"QSC302573, 05c - Period 3 Parts 1 and 2 Draft v0.1",Vital Sign Findings,248
"QSC302573, 05c - Period 3 Parts 1 and 2 Draft v0.1",Vital Signs Standing BP and HR (Standing for at least 3 minutes),248
"QSC302573, 05c - Period 3 Parts 1 and 2 Draft v0.1",Is there a drop in SYSTOLIC BP from supine to standing?,248
"QSC302573, 05c - Period 3 Parts 1 and 2 Draft v0.1",Is there a drop in DIASTOLIC BP from supine to standing?,248
"QSC302573, 05c - Period 3 Parts 1 and 2 Draft v0.1",Staff Initials:,249
"QSC302573, 05c - Period 3 Parts 1 and 2 Draft v0.1",Comment:,249
"QSC302573, 05c - Period 3 Parts 1 and 2 Draft v0.1",Vital Signs Difference for SYSTOLIC Drop,249
"QSC302573, 05c - Period 3 Parts 1 and 2 Draft v0.1",Vital Signs Difference for DIASTOLIC Drop,249
"QSC302573, 05c - Period 3 Parts 1 and 2 Draft v0.1",Clinical Assessment of Standing Vital Signs (Medic or Nurse to assess vital signs),249
"QSC302573, 05c - Period 3 Parts 1 and 2 Draft v0.1",Vital Sign Findings,249
"QSC302573, 05c - Period 3 Parts 1 and 2 Draft v0.1",Has the participant fasted for 8 hours?,249
"QSC302573, 05c - Period 3 Parts 1 and 2 Draft v0.1",Comment:,250
"QSC302573, 05c - Period 3 Parts 1 and 2 Draft v0.1",Staff Initials:,250
"QSC302573, 05c - Period 3 Parts 1 and 2 Draft v0.1",Haematology – Mix tube gently by inverting 8–10 times (2 mL K3EDTA),250
"QSC302573, 05c - Period 3 Parts 1 and 2 Draft v0.1",Barcode:,250
"QSC302573, 05c - Period 3 Parts 1 and 2 Draft v0.1",Has there been a medic review of the Haematology blood results?,250
"QSC302573, 05c - Period 3 Parts 1 and 2 Draft v0.1",Chemistry – Mix tube gently by inverting 5–6 times (5 mL SST),250
"QSC302573, 05c - Period 3 Parts 1 and 2 Draft v0.1",Has there been a medic review of the Clinical Chemistry blood results?,250
"QSC302573, 05c - Period 3 Parts 1 and 2 Draft v0.1",Staff Initials:,251
"QSC302573, 05c - Period 3 Parts 1 and 2 Draft v0.1",Comment:,251
"QSC302573, 05c - Period 3 Parts 1 and 2 Draft v0.1",Confirm TDL form completed:,251
"QSC302573, 05c - Period 3 Parts 1 and 2 Draft v0.1",- Correct form used - Correct participant label applied - Correct slot number written - Correct sex and fasting status - Correct timepoint checked - Correct sample date and time written - Correct visit - Initials signed to confirm sample collected and form correct,251
"QSC302573, 05c - Period 3 Parts 1 and 2 Draft v0.1",PK Sample for Bioanalysis - Gently invert tube 8-10 times immediately after collection and protect the sample from light (4 mL K2EDTA) Barcode:,251
"QSC302573, 05c - Period 3 Parts 1 and 2 Draft v0.1",Confirm an AE and Conmed check has been performed (Record any AE and Conmeds if applicable),251
"QSC302573, 05c - Period 3 Parts 1 and 2 Draft v0.1",Stanford Sleepiness Scale: Stanford Sleepiness Scale Date,251
"QSC302573, 05c - Period 3 Parts 1 and 2 Draft v0.1",Stanford Sleepiness Scale Questionnaire - Date and Time (Transcribe from paper source workbook),251
"QSC302573, 05c - Period 3 Parts 1 and 2 Draft v0.1",Degree of Sleepiness,251
"QSC302573, 05c - Period 3 Parts 1 and 2 Draft v0.1",Comment:,252
"QSC302573, 05c - Period 3 Parts 1 and 2 Draft v0.1",Staff Initials:,252
"QSC302573, 05c - Period 3 Parts 1 and 2 Draft v0.1",PK Sample for Bioanalysis - Gently invert tube 8-10 times immediately after collection and protect the sample from light (4 mL K2EDTA) Barcode:,252
"QSC302573, 05c - Period 3 Parts 1 and 2 Draft v0.1",Confirm an AE and Conmed check has been performed (Record any AE and Conmeds if applicable),252
"QSC302573, 05c - Period 3 Parts 1 and 2 Draft v0.1",Staff Initials:,253
"QSC302573, 05c - Period 3 Parts 1 and 2 Draft v0.1",Comment:,253
"QSC302573, 05c - Period 3 Parts 1 and 2 Draft v0.1",Confirm an AE and Conmed check has been performed (Record any AE and Conmeds if applicable),253
"QSC302573, 05c - Period 3 Parts 1 and 2 Draft v0.1",Vital Signs (Supine for at least 3 minutes),253
"QSC302573, 05c - Period 3 Parts 1 and 2 Draft v0.1",Clinical Assessment of Vital Signs (Medic or Nurse to assess vital signs),253
"QSC302573, 05c - Period 3 Parts 1 and 2 Draft v0.1",Staff Initials:,254
"QSC302573, 05c - Period 3 Parts 1 and 2 Draft v0.1",Comment:,254
"QSC302573, 05c - Period 3 Parts 1 and 2 Draft v0.1",Vital Sign Findings,254
"QSC302573, 05c - Period 3 Parts 1 and 2 Draft v0.1",Vital Signs Standing BP and HR (Standing for at least 3 minutes),254
"QSC302573, 05c - Period 3 Parts 1 and 2 Draft v0.1",Is there a drop in SYSTOLIC BP from supine to standing?,254
"QSC302573, 05c - Period 3 Parts 1 and 2 Draft v0.1",Is there a drop in DIASTOLIC BP from supine to standing?,254
"QSC302573, 05c - Period 3 Parts 1 and 2 Draft v0.1",Staff Initials:,255
"QSC302573, 05c - Period 3 Parts 1 and 2 Draft v0.1",Comment:,255
"QSC302573, 05c - Period 3 Parts 1 and 2 Draft v0.1",Vital Signs Difference for SYSTOLIC Drop,255
"QSC302573, 05c - Period 3 Parts 1 and 2 Draft v0.1",Vital Signs Difference for DIASTOLIC Drop,255
"QSC302573, 05c - Period 3 Parts 1 and 2 Draft v0.1",Clinical Assessment of Standing Vital Signs (Medic or Nurse to assess vital signs),255
"QSC302573, 05c - Period 3 Parts 1 and 2 Draft v0.1",Vital Sign Findings,255
"QSC302573, 05c - Period 3 Parts 1 and 2 Draft v0.1",Staff Initials:,256
"QSC302573, 05c - Period 3 Parts 1 and 2 Draft v0.1",Comment:,256
"QSC302573, 05c - Period 3 Parts 1 and 2 Draft v0.1",PK Sample for Bioanalysis - Gently invert tube 8-10 times immediately after collection and protect the sample from light (4 mL K2EDTA) Barcode:,256
"QSC302573, 05c - Period 3 Parts 1 and 2 Draft v0.1",Confirm an AE and Conmed check has been performed (Record any AE and Conmeds if applicable),256
"QSC302573, 05c - Period 3 Parts 1 and 2 Draft v0.1",Urinalysis: Collection Time,256
"QSC302573, 05c - Period 3 Parts 1 and 2 Draft v0.1",Record time of urine sample (Collect Urine Sample),256
"QSC302573, 05c - Period 3 Parts 1 and 2 Draft v0.1","What was the bilirubin result? If any positive result, inform medic/PI. (Perform urinalysis and read results)",256
"QSC302573, 05c - Period 3 Parts 1 and 2 Draft v0.1","What was the urobilinogen result? If any positive result, inform medic/PI. (Perform urinalysis and read results)",256
"QSC302573, 05c - Period 3 Parts 1 and 2 Draft v0.1",Comment:,257
"QSC302573, 05c - Period 3 Parts 1 and 2 Draft v0.1",Staff Initials:,257
"QSC302573, 05c - Period 3 Parts 1 and 2 Draft v0.1","What was the ketone result? If any positive result, inform medic/PI. (Perform urinalysis and read results)",257
"QSC302573, 05c - Period 3 Parts 1 and 2 Draft v0.1","What was the glucose result? If any positive result, inform medic/PI. (Perform urinalysis and read results)",257
"QSC302573, 05c - Period 3 Parts 1 and 2 Draft v0.1",Comment:,258
"QSC302573, 05c - Period 3 Parts 1 and 2 Draft v0.1",Staff Initials:,258
"QSC302573, 05c - Period 3 Parts 1 and 2 Draft v0.1",What was the protein result?,258
"QSC302573, 05c - Period 3 Parts 1 and 2 Draft v0.1","IF PROTEIN ≥ 30mg/dl: Repeat urinalysis as soon as possible, ensuring a clean catch specimen. If protein remains ≥ 30mg/dl on repeat, then inform PI/medic. (Perform urinalysis and read results)",258
"QSC302573, 05c - Period 3 Parts 1 and 2 Draft v0.1",What was the blood result? (Perform urinalysis and read results),258
"QSC302573, 05c - Period 3 Parts 1 and 2 Draft v0.1",Comment:,259
"QSC302573, 05c - Period 3 Parts 1 and 2 Draft v0.1",Staff Initials:,259
"QSC302573, 05c - Period 3 Parts 1 and 2 Draft v0.1",What was the nitrite result? (Perform urinalysis and read results),259
"QSC302573, 05c - Period 3 Parts 1 and 2 Draft v0.1",Staff Initials:,260
"QSC302573, 05c - Period 3 Parts 1 and 2 Draft v0.1",Comment:,260
"QSC302573, 05c - Period 3 Parts 1 and 2 Draft v0.1",Record pH value (Perform urinalysis and read results),260
"QSC302573, 05c - Period 3 Parts 1 and 2 Draft v0.1",Record specific gravity of sample (Perform urinalysis and read results),260
"QSC302573, 05c - Period 3 Parts 1 and 2 Draft v0.1",Staff Initials:,261
"QSC302573, 05c - Period 3 Parts 1 and 2 Draft v0.1",Comment:,261
"QSC302573, 05c - Period 3 Parts 1 and 2 Draft v0.1",What was the leukocyte result? (Perform urinalysis and read results),261
"QSC302573, 05c - Period 3 Parts 1 and 2 Draft v0.1","Is participant female and menstruating? (If 'Yes', DO NOT send sample for Microscopy. If 'No', send sample for Microscopy)",261
"QSC302573, 05c - Period 3 Parts 1 and 2 Draft v0.1",Confirm sample sent for microscopy (Complete associated paperwork),261
"QSC302573, 05c - Period 3 Parts 1 and 2 Draft v0.1",Staff Initials:,262
"QSC302573, 05c - Period 3 Parts 1 and 2 Draft v0.1",Comment:,262
"QSC302573, 05c - Period 3 Parts 1 and 2 Draft v0.1",Has urinalysis been repeated as soon as possible with a clean catch specimen? Ensure events are repeated to capture this data.,262
"QSC302573, 05c - Period 3 Parts 1 and 2 Draft v0.1",Urinalysis Microscopy Sample (20 mL Sterilin screw cap),262
"QSC302573, 05c - Period 3 Parts 1 and 2 Draft v0.1",Barcode:,262
"QSC302573, 05c - Period 3 Parts 1 and 2 Draft v0.1",Confirm TDL form completed:,262
"QSC302573, 05c - Period 3 Parts 1 and 2 Draft v0.1",- Correct form used - Correct participant label applied - Correct slot number written - Correct sex and fasting status - Correct timepoint checked - Correct sample date and time written - Correct visit - Initials signed to confirm sample collected and form correct,262
"QSC302573, 05c - Period 3 Parts 1 and 2 Draft v0.1",Has there been a medic review of the Microscopy results?,262
"QSC302573, 05c - Period 3 Parts 1 and 2 Draft v0.1",Staff Initials:,263
"QSC302573, 05c - Period 3 Parts 1 and 2 Draft v0.1",Comment:,263
"QSC302573, 05c - Period 3 Parts 1 and 2 Draft v0.1",12 Lead Standard ECG,263
"QSC302573, 05c - Period 3 Parts 1 and 2 Draft v0.1","Exclude if - QT interval corrected for heart rate using Fridericia’s formula (QTcF) >450 msec for male participants or >470 msec for female participants, QRS interval >120 msec, or PR interval >200 msec. (Supine for a minimum 3 minutes)",263
"QSC302573, 05c - Period 3 Parts 1 and 2 Draft v0.1",ECG Rhythm assessment and interpretation,263
"QSC302573, 05c - Period 3 Parts 1 and 2 Draft v0.1",Was the ECG clinically significant? (Medic to assess),263
"QSC302573, 05c - Period 3 Parts 1 and 2 Draft v0.1",Staff Initials:,264
"QSC302573, 05c - Period 3 Parts 1 and 2 Draft v0.1",Comment:,264
"QSC302573, 05c - Period 3 Parts 1 and 2 Draft v0.1",ECG Findings,264
"QSC302573, 05c - Period 3 Parts 1 and 2 Draft v0.1","ECG Findings, including rhythm assessment",264
"QSC302573, 05c - Period 3 Parts 1 and 2 Draft v0.1",ECG Difference Calculation - a participant will be withdrawn where there is an increase in QTcF interval of >60 msec from baseline (confirmed following a repeat ECG),264
"QSC302573, 05c - Period 3 Parts 1 and 2 Draft v0.1",Vital Signs (Supine for at least 3 minutes),264
"QSC302573, 05c - Period 3 Parts 1 and 2 Draft v0.1",Comment:,265
"QSC302573, 05c - Period 3 Parts 1 and 2 Draft v0.1",Staff Initials:,265
"QSC302573, 05c - Period 3 Parts 1 and 2 Draft v0.1",Clinical Assessment of Vital Signs (Medic or Nurse to assess vital signs),265
"QSC302573, 05c - Period 3 Parts 1 and 2 Draft v0.1",Vital Sign Findings,265
"QSC302573, 05c - Period 3 Parts 1 and 2 Draft v0.1",Staff Initials:,266
"QSC302573, 05c - Period 3 Parts 1 and 2 Draft v0.1",Comment:,266
"QSC302573, 05c - Period 3 Parts 1 and 2 Draft v0.1",Vital Signs Standing BP and HR (Standing for at least 3 minutes),266
"QSC302573, 05c - Period 3 Parts 1 and 2 Draft v0.1",Is there a drop in SYSTOLIC BP from supine to standing?,266
"QSC302573, 05c - Period 3 Parts 1 and 2 Draft v0.1",Is there a drop in DIASTOLIC BP from supine to standing?,266
"QSC302573, 05c - Period 3 Parts 1 and 2 Draft v0.1",Vital Signs Difference for SYSTOLIC Drop,266
"QSC302573, 05c - Period 3 Parts 1 and 2 Draft v0.1",Staff Initials:,267
"QSC302573, 05c - Period 3 Parts 1 and 2 Draft v0.1",Comment:,267
"QSC302573, 05c - Period 3 Parts 1 and 2 Draft v0.1",Vital Signs Difference for DIASTOLIC Drop,267
"QSC302573, 05c - Period 3 Parts 1 and 2 Draft v0.1",Clinical Assessment of Standing Vital Signs (Medic or Nurse to assess vital signs),267
"QSC302573, 05c - Period 3 Parts 1 and 2 Draft v0.1",Vital Sign Findings,267
"QSC302573, 05c - Period 3 Parts 1 and 2 Draft v0.1",Has the participant fasted for 8 hours?,267
"QSC302573, 05c - Period 3 Parts 1 and 2 Draft v0.1",Staff Initials:,268
"QSC302573, 05c - Period 3 Parts 1 and 2 Draft v0.1",Comment:,268
"QSC302573, 05c - Period 3 Parts 1 and 2 Draft v0.1",Haematology – Mix tube gently by inverting 8–10 times (2 mL K3EDTA),268
"QSC302573, 05c - Period 3 Parts 1 and 2 Draft v0.1",Barcode:,268
"QSC302573, 05c - Period 3 Parts 1 and 2 Draft v0.1",Has there been a medic review of the Haematology blood results?,268
"QSC302573, 05c - Period 3 Parts 1 and 2 Draft v0.1",Chemistry – Mix tube gently by inverting 5–6 times (5 mL SST),268
"QSC302573, 05c - Period 3 Parts 1 and 2 Draft v0.1",Has there been a medic review of the Clinical Chemistry blood results?,268
"QSC302573, 05c - Period 3 Parts 1 and 2 Draft v0.1",Staff Initials:,269
"QSC302573, 05c - Period 3 Parts 1 and 2 Draft v0.1",Comment:,269
"QSC302573, 05c - Period 3 Parts 1 and 2 Draft v0.1",Confirm TDL form completed:,269
"QSC302573, 05c - Period 3 Parts 1 and 2 Draft v0.1",- Correct form used - Correct participant label applied - Correct slot number written - Correct sex and fasting status - Correct timepoint checked - Correct sample date and time written - Correct visit - Initials signed to confirm sample collected and form correct,269
"QSC302573, 05c - Period 3 Parts 1 and 2 Draft v0.1",PK Sample for Bioanalysis - Gently invert tube 8-10 times immediately after collection and protect the sample from light (4 mL K2EDTA) Barcode:,269
"QSC302573, 05c - Period 3 Parts 1 and 2 Draft v0.1",Confirm an AE and Conmed check has been performed (Record any AE and Conmeds if applicable),269
"QSC302573, 05c - Period 3 Parts 1 and 2 Draft v0.1",C-SSRS Assessment: Date of Assessment,269
"QSC302573, 05c - Period 3 Parts 1 and 2 Draft v0.1",C-SSRS Questionnaire - Date and Time (Transcribe from C-SSRS paper source workbook),269
"QSC302573, 05c - Period 3 Parts 1 and 2 Draft v0.1",Staff Initials:,270
"QSC302573, 05c - Period 3 Parts 1 and 2 Draft v0.1",Comment:,270
"QSC302573, 05c - Period 3 Parts 1 and 2 Draft v0.1",1. Wish to be dead,270
"QSC302573, 05c - Period 3 Parts 1 and 2 Draft v0.1","Subject endorses thoughts about a wish to be dead or not alive anymore, or a wish to fall asleep and not wake up. (Have you wished you were dead or wished you could go to sleep and not wake up?)",270
"QSC302573, 05c - Period 3 Parts 1 and 2 Draft v0.1",2. Non-specific Active Suicidal Thoughts,270
"QSC302573, 05c - Period 3 Parts 1 and 2 Draft v0.1","General non-specific thoughts of wanting to end one's life / commit suicide (e.g. ""I've thought about killing myself"") without thoughts of ways to kill oneself / associated methods, intent, or plan during the assessment period. (Have you actually had any thoughts of killing yourself?)",270
"QSC302573, 05c - Period 3 Parts 1 and 2 Draft v0.1",Staff Initials:,271
"QSC302573, 05c - Period 3 Parts 1 and 2 Draft v0.1",Comment:,271
"QSC302573, 05c - Period 3 Parts 1 and 2 Draft v0.1",3. Active Suicidal Ideation with Any Methods (Not Plan) Without Intent to Act,271
"QSC302573, 05c - Period 3 Parts 1 and 2 Draft v0.1","Subject endorses thoughts of suicide and has thought of at least one method during the assessment period. This is different from a specific plan with time, place or method details worked out (e.g. thought of method to kill self but not a specific plan). Includes person who would say, ""I thought about taking an overdose but I never made a specific plan as to when, where or how I would actually do it… and I would never go through with it"". (Have you been thinking about how you might do this?)",271
"QSC302573, 05c - Period 3 Parts 1 and 2 Draft v0.1","4. Active Suicidal Ideation with Some Intent to Act, without Specific Plan",271
"QSC302573, 05c - Period 3 Parts 1 and 2 Draft v0.1","Active suicidal thoughts of killing oneself and subject reports having some intent to act on such thoughts, as opposed to ""I have the thoughts but I definitely will not do anything about them"". (Have you had these thoughts and had some intention of acting on them?)",271
"QSC302573, 05c - Period 3 Parts 1 and 2 Draft v0.1",Staff Initials:,272
"QSC302573, 05c - Period 3 Parts 1 and 2 Draft v0.1",Comment:,272
"QSC302573, 05c - Period 3 Parts 1 and 2 Draft v0.1",5. Active Suicidal Ideation with Specific Plan and Intent,272
"QSC302573, 05c - Period 3 Parts 1 and 2 Draft v0.1",Thoughts of killing oneself with details of plan fully or partially worked out and subject has some intent to carry it out. (Have you started to work out or worked out the details of how to kill yourself? Do you intend to carry out this plan?),272
"QSC302573, 05c - Period 3 Parts 1 and 2 Draft v0.1",Most Severe Ideation,272
"QSC302573, 05c - Period 3 Parts 1 and 2 Draft v0.1","The following feature should be rated with respect to the most severe type of ideation (i.e. 1-5 from above, with 1 being the least severe and 5 being the most severe). Ask about time he/she was feeling the most suicidal.",272
"QSC302573, 05c - Period 3 Parts 1 and 2 Draft v0.1",Staff Initials:,273
"QSC302573, 05c - Period 3 Parts 1 and 2 Draft v0.1",Comment:,273
"QSC302573, 05c - Period 3 Parts 1 and 2 Draft v0.1",Frequency,273
"QSC302573, 05c - Period 3 Parts 1 and 2 Draft v0.1",(How many times have you had these thoughts?),273
"QSC302573, 05c - Period 3 Parts 1 and 2 Draft v0.1",Duration,273
"QSC302573, 05c - Period 3 Parts 1 and 2 Draft v0.1","(When you have the thoughts, how long do they last?)",273
"QSC302573, 05c - Period 3 Parts 1 and 2 Draft v0.1",Controllability,273
"QSC302573, 05c - Period 3 Parts 1 and 2 Draft v0.1",(Could/can you stop thinking about killing yourself or wanting to die if you want to?),273
"QSC302573, 05c - Period 3 Parts 1 and 2 Draft v0.1",Comment:,274
"QSC302573, 05c - Period 3 Parts 1 and 2 Draft v0.1",Staff Initials:,274
"QSC302573, 05c - Period 3 Parts 1 and 2 Draft v0.1",Deterrents,274
"QSC302573, 05c - Period 3 Parts 1 and 2 Draft v0.1","(Are there things - anyone or anything (e.g. family, religion, pain of death) - that stopped you from wanting to die or acting on thoughts of committing suicide?)",274
"QSC302573, 05c - Period 3 Parts 1 and 2 Draft v0.1",Staff Initials:,275
"QSC302573, 05c - Period 3 Parts 1 and 2 Draft v0.1",Comment:,275
"QSC302573, 05c - Period 3 Parts 1 and 2 Draft v0.1",Reasons for Ideation,275
"QSC302573, 05c - Period 3 Parts 1 and 2 Draft v0.1","(What sort of reasons did you have for thinking about wanting to die or killing yourself? Was it to end the pain or stop the way you were feeling (in other words you couldn't go on living with this pain or how you were feeling) or was it to get attention, revenge or a reaction from others? Or both?)",275
"QSC302573, 05c - Period 3 Parts 1 and 2 Draft v0.1",Staff Initials:,276
"QSC302573, 05c - Period 3 Parts 1 and 2 Draft v0.1",Comment:,276
"QSC302573, 05c - Period 3 Parts 1 and 2 Draft v0.1",Actual Attempt (Since Last Visit),276
"QSC302573, 05c - Period 3 Parts 1 and 2 Draft v0.1",Total Number of Attempts,276
"QSC302573, 05c - Period 3 Parts 1 and 2 Draft v0.1",Staff Initials:,277
"QSC302573, 05c - Period 3 Parts 1 and 2 Draft v0.1",Comment:,277
"QSC302573, 05c - Period 3 Parts 1 and 2 Draft v0.1",Has subject engaged in Non-Suicidal Self-Injurious Behaviour (Since Last Visit),277
"QSC302573, 05c - Period 3 Parts 1 and 2 Draft v0.1",Interrupted Attempt (Since Last Visit),277
"QSC302573, 05c - Period 3 Parts 1 and 2 Draft v0.1","When the person is interrupted (by an outside circumstance) from starting the potentially self- injurious act (if not for that, actual attempt would have occurred). Overdose: Person has pills in hand but is stopped from ingesting. Once they ingest any pills, this becomes an attempt rather than an interrupted attempt. Shooting: Person has gun pointed towards self, gun is taken away by someone else, or he/she is somehow prevented from pulling trigger. Once they pull the trigger, even if the gun fails to fire, it is an attempt. Jumping: Person is poised to jump, is grabbed and taken down from ledge. Hanging: Person has noose around neck but has not yet started to hang - is stopped from doing so. (Has there been a time when you started to do something to end your life but someone or something stopped you before you actually did anything?)",277
"QSC302573, 05c - Period 3 Parts 1 and 2 Draft v0.1",Total Number of Interrupted,277
"QSC302573, 05c - Period 3 Parts 1 and 2 Draft v0.1",Staff Initials:,278
"QSC302573, 05c - Period 3 Parts 1 and 2 Draft v0.1",Comment:,278
"QSC302573, 05c - Period 3 Parts 1 and 2 Draft v0.1",Aborted Attempt (Since Last Visit),278
"QSC302573, 05c - Period 3 Parts 1 and 2 Draft v0.1","When person begins to take steps towards making a suicide attempt, but stops themselves before they actually have engaged in any self-destructive behaviour. Examples are similar to interrupted attempts, except that the individual stops him/herself instead of being stopped by something else. (Has there been a time when you started to do something to try to end your life but you stopped yourself before you actually did anything?)",278
"QSC302573, 05c - Period 3 Parts 1 and 2 Draft v0.1",Total Number of Aborted,278
"QSC302573, 05c - Period 3 Parts 1 and 2 Draft v0.1","Acts or preparation towards imminently making a suicide attempt. This can include anything beyond a verbalisation or thought, such as assembling a specific method (e.g. buying pills, purchasing a gun) or preparing for one's death by suicide (e.g. giving things away, writing a suicide note). (Have you taken any steps towards making a suicide attempt or preparing to kill yourself (such as collecting pills, getting a gun, giving valuables away or writing a suicide note)?)",278
"QSC302573, 05c - Period 3 Parts 1 and 2 Draft v0.1",Staff Initials:,279
"QSC302573, 05c - Period 3 Parts 1 and 2 Draft v0.1",Comment:,279
"QSC302573, 05c - Period 3 Parts 1 and 2 Draft v0.1",Preparatory Acts or Behaviour (Since Last Visit),279
"QSC302573, 05c - Period 3 Parts 1 and 2 Draft v0.1","Acts or preparation towards imminently making a suicide attempt. This can include anything beyond a verbalisation or thought, such as assembling a specific method (e.g. buying pills, purchasing a gun) or preparing for one's death by suicide (e.g. giving things away, writing a suicide note). (Have you taken any steps towards making a suicide attempt or preparing to kill yourself (such as collecting pills, getting a gun, giving valuables away or writing a suicide note)?)",279
"QSC302573, 05c - Period 3 Parts 1 and 2 Draft v0.1",Suicidal Behaviour (Since Last Visit),279
"QSC302573, 05c - Period 3 Parts 1 and 2 Draft v0.1",Suicidal behaviour was present during the assessment period?,279
"QSC302573, 05c - Period 3 Parts 1 and 2 Draft v0.1",Suicide (Since Last Visit),279
"QSC302573, 05c - Period 3 Parts 1 and 2 Draft v0.1",Staff Initials:,280
"QSC302573, 05c - Period 3 Parts 1 and 2 Draft v0.1",Comment:,280
"QSC302573, 05c - Period 3 Parts 1 and 2 Draft v0.1",Most Lethal Attempt Date,280
"QSC302573, 05c - Period 3 Parts 1 and 2 Draft v0.1",Actual Lethality/Medical Damage - Most Lethal Attempt,280
"QSC302573, 05c - Period 3 Parts 1 and 2 Draft v0.1",Staff Initials:,281
"QSC302573, 05c - Period 3 Parts 1 and 2 Draft v0.1",Comment:,281
"QSC302573, 05c - Period 3 Parts 1 and 2 Draft v0.1",Potential Lethality - Most Lethal Attempt Code (only answer if Actual Lethality = 0),281
"QSC302573, 05c - Period 3 Parts 1 and 2 Draft v0.1",Targeted Physical Examination Findings: Require Targeted PE?,281
"QSC302573, 05c - Period 3 Parts 1 and 2 Draft v0.1","Targeted Physical Examination: Does the participant require a targeted physical examination? (If yes, please specify the reason)",281
"QSC302573, 05c - Period 3 Parts 1 and 2 Draft v0.1","Targeted Physical Examination Findings: Any clinically significant abnormal findings? #2 If yes, were there any clinically significant abnormal findings?",281
"QSC302573, 05c - Period 3 Parts 1 and 2 Draft v0.1",Physical Examination Category,281
"QSC302573, 05c - Period 3 Parts 1 and 2 Draft v0.1",Comment:,282
"QSC302573, 05c - Period 3 Parts 1 and 2 Draft v0.1",Staff Initials:,282
"QSC302573, 05c - Period 3 Parts 1 and 2 Draft v0.1",Detailed findings of Physical Examination,282
"QSC302573, 05c - Period 3 Parts 1 and 2 Draft v0.1",Staff Initials:,283
"QSC302573, 05c - Period 3 Parts 1 and 2 Draft v0.1",Comment:,283
"QSC302573, 05c - Period 3 Parts 1 and 2 Draft v0.1",Neurological Examination: Neurological Examination Performed?,283
"QSC302573, 05c - Period 3 Parts 1 and 2 Draft v0.1",Was a neurological examination performed?,283
"QSC302573, 05c - Period 3 Parts 1 and 2 Draft v0.1",Mental Status,283
"QSC302573, 05c - Period 3 Parts 1 and 2 Draft v0.1",Cranial Nerves,283
"QSC302573, 05c - Period 3 Parts 1 and 2 Draft v0.1",Motor Systems,283
"QSC302573, 05c - Period 3 Parts 1 and 2 Draft v0.1",Staff Initials:,284
"QSC302573, 05c - Period 3 Parts 1 and 2 Draft v0.1",Comment:,284
"QSC302573, 05c - Period 3 Parts 1 and 2 Draft v0.1",Reflexes,284
"QSC302573, 05c - Period 3 Parts 1 and 2 Draft v0.1",Staff Initials:,285
"QSC302573, 05c - Period 3 Parts 1 and 2 Draft v0.1",Comment:,285
"QSC302573, 05c - Period 3 Parts 1 and 2 Draft v0.1",Sensory System,285
"QSC302573, 05c - Period 3 Parts 1 and 2 Draft v0.1",Co-ordination,285
"QSC302573, 05c - Period 3 Parts 1 and 2 Draft v0.1",Staff Initials:,286
"QSC302573, 05c - Period 3 Parts 1 and 2 Draft v0.1",Comment:,286
"QSC302573, 05c - Period 3 Parts 1 and 2 Draft v0.1",Station and Gait,286
"QSC302573, 05c - Period 3 Parts 1 and 2 Draft v0.1",Detailed findings of Neurological Examination,286
"QSC302573, 05c - Period 3 Parts 1 and 2 Draft v0.1",Confirm participant has been provided with a Trial Participation Card,286
"QSC302573, 05c - Period 3 Parts 1 and 2 Draft v0.1","Is the signed copy of the participant's ICF present in their volunteer folder? (If 'No', escalate immediately)",286
"QSC302573, 05c - Period 3 Parts 1 and 2 Draft v0.1",Staff Initials:,287
"QSC302573, 05c - Period 3 Parts 1 and 2 Draft v0.1",Comment:,287
"QSC302573, 05c - Period 3 Parts 1 and 2 Draft v0.1",Bag search performed?,287
"QSC302573, 05c - Period 3 Parts 1 and 2 Draft v0.1","Has volunteer been reminded of the restrictions, below?",287
"QSC302573, 05c - Period 3 Parts 1 and 2 Draft v0.1","Due to the unavailability of phototoxic data, participants will be advised to minimize exposure to sunlight by spending a reduced amount of time outdoors/remaining inside the clinical unit during the residential periods of the study wearing sunglasses and clothing that minimizes exposure to sunlight and using sun cream on exposed areas when going outdoors. They will also be advised not to use sunbeds. This restriction will be advised from first dose until 7 days post- final dose.",287
"QSC302573, 05c - Period 3 Parts 1 and 2 Draft v0.1","Sexually active males will commit to utilizing 2 different approved methods of birth control during the trial and for 90 days plus 5 half-lives (ie, 92 days) after the last dose of IMP, or will remain abstinent for the same period of time.",287
"QSC302573, 05c - Period 3 Parts 1 and 2 Draft v0.1","Males will refrain from sperm donation from the screening visit through 90 days plus 5 half-lives (ie, 92 days) after the last dose of IMP.",287
"QSC302573, 05c - Period 3 Parts 1 and 2 Draft v0.1",Have there been any Adverse Events throughout study duration?,287
"QSC302573, 05c - Period 3 Parts 1 and 2 Draft v0.1",Staff Initials:,288
"QSC302573, 05c - Period 3 Parts 1 and 2 Draft v0.1",Comment:,288
"QSC302573, 05c - Period 3 Parts 1 and 2 Draft v0.1",Confirm that all discharge procedures have been completed and the participant is safe to be discharged.,288
"QSC302573, 05c - Period 3 Parts 1 and 2 Draft v0.1","As participant has had AE(s) on the study, Medic to confirm that all discharge procedures have been completed and the participant is safe to be discharged.",288
"QSC302573, 05c - Period 3 Parts 1 and 2 Draft v0.1",PRE-DOSE Triplicate ECG 1: 12 Lead Standard ECG (Supine for a minimum 3 minutes),288
"QSC302573, 05d - Period 3 Part 3 Draft v0.1",Comment:,289
"QSC302573, 05d - Period 3 Part 3 Draft v0.1",Staff Initials:,289
"QSC302573, 05d - Period 3 Part 3 Draft v0.1",PRE-DOSE Triplicate ECG 1: Was the ECG clinically significant? (Medic to assess),289
"QSC302573, 05d - Period 3 Part 3 Draft v0.1",Staff Initials:,290
"QSC302573, 05d - Period 3 Part 3 Draft v0.1",Comment:,290
"QSC302573, 05d - Period 3 Part 3 Draft v0.1",PRE-DOSE Triplicate ECG 2: 12 Lead Standard ECG (To be performed at least 2 minutes after ECG1),290
"QSC302573, 05d - Period 3 Part 3 Draft v0.1",Staff Initials:,291
"QSC302573, 05d - Period 3 Part 3 Draft v0.1",Comment:,291
"QSC302573, 05d - Period 3 Part 3 Draft v0.1",PRE-DOSE Triplicate ECG 2: Was the ECG clinically significant? (Medic to assess),291
"QSC302573, 05d - Period 3 Part 3 Draft v0.1",Staff Initials:,292
"QSC302573, 05d - Period 3 Part 3 Draft v0.1",Comment:,292
"QSC302573, 05d - Period 3 Part 3 Draft v0.1",PRE-DOSE Triplicate ECG 3: 12 Lead Standard ECG (To be performed at least 2 minutes after ECG2),292
"QSC302573, 05d - Period 3 Part 3 Draft v0.1",PRE-DOSE Triplicate ECG 3: Was the ECG clinically significant? (Medic to assess),292
"QSC302573, 05d - Period 3 Part 3 Draft v0.1",Comment:,293
"QSC302573, 05d - Period 3 Part 3 Draft v0.1",Staff Initials:,293
"QSC302573, 05d - Period 3 Part 3 Draft v0.1",PRE-DOSE - Mean values,293
"QSC302573, 05d - Period 3 Part 3 Draft v0.1","Withdraw if - QT interval corrected for heart rate using Fridericia’s formula (QTcF) >450 msec for male participants or >470 msec for female participants, QRS interval >120 msec, or PR interval >200 msec",293
"QSC302573, 05d - Period 3 Part 3 Draft v0.1",Staff Initials:,294
"QSC302573, 05d - Period 3 Part 3 Draft v0.1",Comment:,294
"QSC302573, 05d - Period 3 Part 3 Draft v0.1",Please transcribe the baseline value for QTcF for withdrawal purposes for Period 2 post dose from the mean QTcF above,294
"QSC302573, 05d - Period 3 Part 3 Draft v0.1",PRE-DOSE - Vital Signs (Supine for at least 3 minutes),294
"QSC302573, 05d - Period 3 Part 3 Draft v0.1",PRE-DOSE - Clinical Assessment of Vital Signs (Medic or Nurse to assess vital signs),294
"QSC302573, 05d - Period 3 Part 3 Draft v0.1",PRE-DOSE - Vital Sign Findings,294
"QSC302573, 05d - Period 3 Part 3 Draft v0.1",Staff Initials:,295
"QSC302573, 05d - Period 3 Part 3 Draft v0.1",Comment:,295
"QSC302573, 05d - Period 3 Part 3 Draft v0.1",PRE-DOSE - Vital Signs (Standing),295
"QSC302573, 05d - Period 3 Part 3 Draft v0.1",PRE-DOSE - Is there a drop in SYSTOLIC BP from supine to standing?,295
"QSC302573, 05d - Period 3 Part 3 Draft v0.1",PRE-DOSE - Is there a drop in DIASTOLIC BP from supine to standing?,295
"QSC302573, 05d - Period 3 Part 3 Draft v0.1",PRE-DOSE - Vital Signs Difference for SYSTOLIC Drop,295
"QSC302573, 05d - Period 3 Part 3 Draft v0.1",Staff Initials:,296
"QSC302573, 05d - Period 3 Part 3 Draft v0.1",Comment:,296
"QSC302573, 05d - Period 3 Part 3 Draft v0.1",PRE-DOSE - Vital Signs Difference for DIASTOLIC Drop (Supine),296
"QSC302573, 05d - Period 3 Part 3 Draft v0.1",PRE-DOSE - Clinical Assessment of Vital Signs (Medic or Nurse to assess vital signs),296
"QSC302573, 05d - Period 3 Part 3 Draft v0.1",PRE-DOSE - Vital Sign Findings,296
"QSC302573, 05d - Period 3 Part 3 Draft v0.1",PK Sample for Bioanalysis - Gently invert tube 8-10 times immediately after collection and protect the sample from light (4 mL K2EDTA) Barcode:,296
"QSC302573, 05d - Period 3 Part 3 Draft v0.1",Staff Initials:,297
"QSC302573, 05d - Period 3 Part 3 Draft v0.1",Comment:,297
"QSC302573, 05d - Period 3 Part 3 Draft v0.1",Confirm an AE and Conmed check has been performed (Record any AE and Conmeds if applicable),297
"QSC302573, 05d - Period 3 Part 3 Draft v0.1",I confirm that the participant continues to be eligible to participate in this clinical study.,297
"QSC302573, 05d - Period 3 Part 3 Draft v0.1",Prandial state,297
"QSC302573, 05d - Period 3 Part 3 Draft v0.1",Has the participant fasted for 10 hours prior to breakfast?,297
"QSC302573, 05d - Period 3 Part 3 Draft v0.1",Participant should begin eating breakfast.,297
"QSC302573, 05d - Period 3 Part 3 Draft v0.1",Staff Initials:,298
"QSC302573, 05d - Period 3 Part 3 Draft v0.1",Comment:,298
"QSC302573, 05d - Period 3 Part 3 Draft v0.1",Participant should stop eating breakfast.,298
"QSC302573, 05d - Period 3 Part 3 Draft v0.1",Meals: Amount Consumed (Breakfast),298
"QSC302573, 05d - Period 3 Part 3 Draft v0.1",Total amount of breakfast consumed,298
"QSC302573, 05d - Period 3 Part 3 Draft v0.1",Please describe what was not eaten,298
"QSC302573, 05d - Period 3 Part 3 Draft v0.1",PI to authorise. Full meal must be consumed to proceed with dosing.,298
"QSC302573, 05d - Period 3 Part 3 Draft v0.1","Check the Volunteer ID in eSource matches the volunteer (Initials, DOB and Photographic ID)",298
"QSC302573, 05d - Period 3 Part 3 Draft v0.1",Staff Initials:,299
"QSC302573, 05d - Period 3 Part 3 Draft v0.1",Comment:,299
"QSC302573, 05d - Period 3 Part 3 Draft v0.1",Check the volunteer panel number on the wristband matches eSource,299
"QSC302573, 05d - Period 3 Part 3 Draft v0.1",Check the participant number in eSource matches the Instruction to Dispense and Dose,299
"QSC302573, 05d - Period 3 Part 3 Draft v0.1",Has the participant refrained from drinking water for at least 1 hour prior to dosing?,299
"QSC302573, 05d - Period 3 Part 3 Draft v0.1",Has the participant fasted for 10 hours prior to dosing?,299
"QSC302573, 05d - Period 3 Part 3 Draft v0.1","Has the participant consumed breakfast per the protocol requirements, over 20 minutes and the full meal?",299
"QSC302573, 05d - Period 3 Part 3 Draft v0.1",Staff Initials:,300
"QSC302573, 05d - Period 3 Part 3 Draft v0.1",Comment:,300
"QSC302573, 05d - Period 3 Part 3 Draft v0.1",Pre dose blood draws for PK sample taken?,300
"QSC302573, 05d - Period 3 Part 3 Draft v0.1",Have all required pre dose procedures been completed?,300
"QSC302573, 05d - Period 3 Part 3 Draft v0.1",Is the participant eligible to dose?,300
"QSC302573, 05d - Period 3 Part 3 Draft v0.1",Staff Initials:,301
"QSC302573, 05d - Period 3 Part 3 Draft v0.1",Comment:,301
"QSC302573, 05d - Period 3 Part 3 Draft v0.1",Enter the product details,301
"QSC302573, 05d - Period 3 Part 3 Draft v0.1",Does the Product label match the Instruction to Dispense and Dose?,301
"QSC302573, 05d - Period 3 Part 3 Draft v0.1","Final check performed (5 R’s of dosing, Jones 2009 – right participant, right drug, right dose, right route, right time)",301
"QSC302573, 05d - Period 3 Part 3 Draft v0.1",Time of administration of study treatment,301
"QSC302573, 05d - Period 3 Part 3 Draft v0.1",Staff Initials:,302
"QSC302573, 05d - Period 3 Part 3 Draft v0.1",Comment:,302
"QSC302573, 05d - Period 3 Part 3 Draft v0.1",Has the participant been provided with 240 mL of water?,302
"QSC302573, 05d - Period 3 Part 3 Draft v0.1",Has a hand and mouth check been performed?,302
"QSC302573, 05d - Period 3 Part 3 Draft v0.1",Has the participant been reminded to refrain from water for 2 hours post-dose?,302
"QSC302573, 05d - Period 3 Part 3 Draft v0.1",Has the participant been advised to minimise exposure to sunlight from dosing for at least 7 days post final dose?,302
"QSC302573, 05d - Period 3 Part 3 Draft v0.1","Due to the unavailability of phototoxic data, participants will be advised to minimize exposure to sunlight by spending a reduced amount of time outdoors/remaining inside the clinical unit during the residential periods of the study wearing sunglasses and clothing that minimizes exposure to sunlight and using sun cream on exposed areas when going outdoors. They will also be advised not to use sunbeds.",302
"QSC302573, 05d - Period 3 Part 3 Draft v0.1",Staff Initials:,303
"QSC302573, 05d - Period 3 Part 3 Draft v0.1",Comment:,303
"QSC302573, 05d - Period 3 Part 3 Draft v0.1",Confirm dosing is complete (Operator to complete (switch user)),303
"QSC302573, 05d - Period 3 Part 3 Draft v0.1",What is the status of the subject?,303
"QSC302573, 05d - Period 3 Part 3 Draft v0.1",PK Sample for Bioanalysis - Gently invert tube 8-10 times immediately after collection and protect the sample from light (4 mL K2EDTA) Barcode:,303
"QSC302573, 05d - Period 3 Part 3 Draft v0.1",Confirm an AE and Conmed check has been performed (Record any AE and Conmeds if applicable),303
"QSC302573, 05d - Period 3 Part 3 Draft v0.1",Staff Initials:,304
"QSC302573, 05d - Period 3 Part 3 Draft v0.1",Comment:,304
"QSC302573, 05d - Period 3 Part 3 Draft v0.1",Stanford Sleepiness Scale: Stanford Sleepiness Scale Date,304
"QSC302573, 05d - Period 3 Part 3 Draft v0.1",Stanford Sleepiness Scale Questionnaire - Date and Time (Transcribe from paper source workbook),304
"QSC302573, 05d - Period 3 Part 3 Draft v0.1",Degree of Sleepiness,304
"QSC302573, 05d - Period 3 Part 3 Draft v0.1",12 Lead Standard ECG,304
"QSC302573, 05d - Period 3 Part 3 Draft v0.1","Exclude if - QT interval corrected for heart rate using Fridericia’s formula (QTcF) >450 msec for male participants or >470 msec for female participants, QRS interval >120 msec, or PR interval >200 msec. (Supine for a minimum 3 minutes)",304
"QSC302573, 05d - Period 3 Part 3 Draft v0.1",Comment:,305
"QSC302573, 05d - Period 3 Part 3 Draft v0.1",Staff Initials:,305
"QSC302573, 05d - Period 3 Part 3 Draft v0.1",ECG Rhythm assessment and interpretation,305
"QSC302573, 05d - Period 3 Part 3 Draft v0.1",Staff Initials:,306
"QSC302573, 05d - Period 3 Part 3 Draft v0.1",Comment:,306
"QSC302573, 05d - Period 3 Part 3 Draft v0.1",Was the ECG clinically significant? (Medic to assess),306
"QSC302573, 05d - Period 3 Part 3 Draft v0.1",ECG Findings,306
"QSC302573, 05d - Period 3 Part 3 Draft v0.1","ECG Findings, including rhythm assessment",306
"QSC302573, 05d - Period 3 Part 3 Draft v0.1",ECG Difference Calculation - a participant will be withdrawn where there is an increase in QTcF interval of >60 msec from baseline (confirmed following a repeat ECG),306
"QSC302573, 05d - Period 3 Part 3 Draft v0.1",PK Sample for Bioanalysis - Gently invert tube 8-10 times immediately after collection and protect the sample from light (4 mL K2EDTA) Barcode:,306
"QSC302573, 05d - Period 3 Part 3 Draft v0.1",Staff Initials:,307
"QSC302573, 05d - Period 3 Part 3 Draft v0.1",Comment:,307
"QSC302573, 05d - Period 3 Part 3 Draft v0.1",Confirm an AE and Conmed check has been performed (Record any AE and Conmeds if applicable),307
"QSC302573, 05d - Period 3 Part 3 Draft v0.1",Has the participant been provided with water 2 hrs post-dose?,307
"QSC302573, 05d - Period 3 Part 3 Draft v0.1",Stanford Sleepiness Scale: Stanford Sleepiness Scale Date,307
"QSC302573, 05d - Period 3 Part 3 Draft v0.1",Stanford Sleepiness Scale Questionnaire - Date and Time (Transcribe from paper source workbook),307
"QSC302573, 05d - Period 3 Part 3 Draft v0.1",Degree of Sleepiness,307
"QSC302573, 05d - Period 3 Part 3 Draft v0.1",Comment:,308
"QSC302573, 05d - Period 3 Part 3 Draft v0.1",Staff Initials:,308
"QSC302573, 05d - Period 3 Part 3 Draft v0.1",Targeted Physical Examination Findings: Require Targeted PE?,308
"QSC302573, 05d - Period 3 Part 3 Draft v0.1","Targeted Physical Examination: Does the participant require a targeted physical examination? (If yes, please specify the reason)",308
"QSC302573, 05d - Period 3 Part 3 Draft v0.1","Targeted Physical Examination Findings: Any clinically significant abnormal findings? #1 If yes, were there any clinically significant abnormal findings?",308
"QSC302573, 05d - Period 3 Part 3 Draft v0.1",Physical Examination Category,308
"QSC302573, 05d - Period 3 Part 3 Draft v0.1",Comment:,309
"QSC302573, 05d - Period 3 Part 3 Draft v0.1",Staff Initials:,309
"QSC302573, 05d - Period 3 Part 3 Draft v0.1",Detailed findings of Physical Examination,309
"QSC302573, 05d - Period 3 Part 3 Draft v0.1",Staff Initials:,310
"QSC302573, 05d - Period 3 Part 3 Draft v0.1",Comment:,310
"QSC302573, 05d - Period 3 Part 3 Draft v0.1",Targeted Neurological Examination: Require Targeted NE?,310
"QSC302573, 05d - Period 3 Part 3 Draft v0.1","Targeted Neurological Examination: Does the participant require a targeted neurological examination? (If yes, please specify the reason)",310
"QSC302573, 05d - Period 3 Part 3 Draft v0.1","Targeted Neurological Examination: Any clinically significant abnormal findings? #1 If yes, were there any clinically significant abnormal findings?",310
"QSC302573, 05d - Period 3 Part 3 Draft v0.1",Targeted Neurological Examination Category,310
"QSC302573, 05d - Period 3 Part 3 Draft v0.1",Comment:,311
"QSC302573, 05d - Period 3 Part 3 Draft v0.1",Staff Initials:,311
"QSC302573, 05d - Period 3 Part 3 Draft v0.1",Detailed findings of Targeted Neurological Examination,311
"QSC302573, 05d - Period 3 Part 3 Draft v0.1",Vital Signs (Supine for at least 3 minutes),311
"QSC302573, 05d - Period 3 Part 3 Draft v0.1",Staff Initials:,312
"QSC302573, 05d - Period 3 Part 3 Draft v0.1",Comment:,312
"QSC302573, 05d - Period 3 Part 3 Draft v0.1",Clinical Assessment of Vital Signs (Medic or Nurse to assess vital signs),312
"QSC302573, 05d - Period 3 Part 3 Draft v0.1",Vital Sign Findings,312
"QSC302573, 05d - Period 3 Part 3 Draft v0.1",Vital Signs Standing BP and HR (Standing for at least 3 minutes),312
"QSC302573, 05d - Period 3 Part 3 Draft v0.1",Staff Initials:,313
"QSC302573, 05d - Period 3 Part 3 Draft v0.1",Comment:,313
"QSC302573, 05d - Period 3 Part 3 Draft v0.1",Is there a drop in SYSTOLIC BP from supine to standing?,313
"QSC302573, 05d - Period 3 Part 3 Draft v0.1",Is there a drop in DIASTOLIC BP from supine to standing?,313
"QSC302573, 05d - Period 3 Part 3 Draft v0.1",Vital Signs Difference for SYSTOLIC Drop,313
"QSC302573, 05d - Period 3 Part 3 Draft v0.1",Vital Signs Difference for DIASTOLIC Drop,313
"QSC302573, 05d - Period 3 Part 3 Draft v0.1",Clinical Assessment of Standing Vital Signs (Medic or Nurse to assess vital signs),313
"QSC302573, 05d - Period 3 Part 3 Draft v0.1",Comment:,314
"QSC302573, 05d - Period 3 Part 3 Draft v0.1",Staff Initials:,314
"QSC302573, 05d - Period 3 Part 3 Draft v0.1",Vital Sign Findings,314
"QSC302573, 05d - Period 3 Part 3 Draft v0.1",PK Sample for Bioanalysis - Gently invert tube 8-10 times immediately after collection and protect the sample from light (4 mL K2EDTA) Barcode:,314
"QSC302573, 05d - Period 3 Part 3 Draft v0.1",Confirm an AE and Conmed check has been performed (Record any AE and Conmeds if applicable),314
"QSC302573, 05d - Period 3 Part 3 Draft v0.1",Confirm Lunch Provided,314
"QSC302573, 05d - Period 3 Part 3 Draft v0.1",Staff Initials:,315
"QSC302573, 05d - Period 3 Part 3 Draft v0.1",Comment:,315
"QSC302573, 05d - Period 3 Part 3 Draft v0.1",PK Sample for Bioanalysis - Gently invert tube 8-10 times immediately after collection and protect the sample from light (4 mL K2EDTA) Barcode:,315
"QSC302573, 05d - Period 3 Part 3 Draft v0.1",Confirm an AE and Conmed check has been performed (Record any AE and Conmeds if applicable),315
"QSC302573, 05d - Period 3 Part 3 Draft v0.1",Vital Signs (Supine for at least 3 minutes),315
"QSC302573, 05d - Period 3 Part 3 Draft v0.1",Staff Initials:,316
"QSC302573, 05d - Period 3 Part 3 Draft v0.1",Comment:,316
"QSC302573, 05d - Period 3 Part 3 Draft v0.1",Clinical Assessment of Vital Signs (Medic or Nurse to assess vital signs),316
"QSC302573, 05d - Period 3 Part 3 Draft v0.1",Vital Sign Findings,316
"QSC302573, 05d - Period 3 Part 3 Draft v0.1",Vital Signs Standing BP and HR (Standing for at least 3 minutes),316
"QSC302573, 05d - Period 3 Part 3 Draft v0.1",Comment:,317
"QSC302573, 05d - Period 3 Part 3 Draft v0.1",Staff Initials:,317
"QSC302573, 05d - Period 3 Part 3 Draft v0.1",Is there a drop in SYSTOLIC BP from supine to standing?,317
"QSC302573, 05d - Period 3 Part 3 Draft v0.1",Is there a drop in DIASTOLIC BP from supine to standing?,317
"QSC302573, 05d - Period 3 Part 3 Draft v0.1",Vital Signs Difference for SYSTOLIC Drop,317
"QSC302573, 05d - Period 3 Part 3 Draft v0.1",Staff Initials:,318
"QSC302573, 05d - Period 3 Part 3 Draft v0.1",Comment:,318
"QSC302573, 05d - Period 3 Part 3 Draft v0.1",Vital Signs Difference for DIASTOLIC Drop,318
"QSC302573, 05d - Period 3 Part 3 Draft v0.1",Clinical Assessment of Standing Vital Signs (Medic or Nurse to assess vital signs),318
"QSC302573, 05d - Period 3 Part 3 Draft v0.1",Vital Sign Findings,318
"QSC302573, 05d - Period 3 Part 3 Draft v0.1",PK Sample for Bioanalysis - Gently invert tube 8-10 times immediately after collection and protect the sample from light (4 mL K2EDTA) Barcode:,318
"QSC302573, 05d - Period 3 Part 3 Draft v0.1",Confirm an AE and Conmed check has been performed (Record any AE and Conmeds if applicable),318
"QSC302573, 05d - Period 3 Part 3 Draft v0.1",Staff Initials:,319
"QSC302573, 05d - Period 3 Part 3 Draft v0.1",Comment:,319
"QSC302573, 05d - Period 3 Part 3 Draft v0.1",Stanford Sleepiness Scale: Stanford Sleepiness Scale Date,319
"QSC302573, 05d - Period 3 Part 3 Draft v0.1",Stanford Sleepiness Scale Questionnaire - Date and Time (Transcribe from paper source workbook),319
"QSC302573, 05d - Period 3 Part 3 Draft v0.1",Degree of Sleepiness,319
"QSC302573, 05d - Period 3 Part 3 Draft v0.1",PK Sample for Bioanalysis - Gently invert tube 8-10 times immediately after collection and protect the sample from light (4 mL K2EDTA) Barcode:,319
"QSC302573, 05d - Period 3 Part 3 Draft v0.1",Staff Initials:,320
"QSC302573, 05d - Period 3 Part 3 Draft v0.1",Comment:,320
"QSC302573, 05d - Period 3 Part 3 Draft v0.1",Confirm an AE and Conmed check has been performed (Record any AE and Conmeds if applicable),320
"QSC302573, 05d - Period 3 Part 3 Draft v0.1",Vital Signs (Supine for at least 3 minutes),320
"QSC302573, 05d - Period 3 Part 3 Draft v0.1",Clinical Assessment of Vital Signs (Medic or Nurse to assess vital signs),320
"QSC302573, 05d - Period 3 Part 3 Draft v0.1",Staff Initials:,321
"QSC302573, 05d - Period 3 Part 3 Draft v0.1",Comment:,321
"QSC302573, 05d - Period 3 Part 3 Draft v0.1",Vital Sign Findings,321
"QSC302573, 05d - Period 3 Part 3 Draft v0.1",Vital Signs Standing BP and HR (Standing for at least 3 minutes),321
"QSC302573, 05d - Period 3 Part 3 Draft v0.1",Is there a drop in SYSTOLIC BP from supine to standing?,321
"QSC302573, 05d - Period 3 Part 3 Draft v0.1",Is there a drop in DIASTOLIC BP from supine to standing?,321
"QSC302573, 05d - Period 3 Part 3 Draft v0.1",Staff Initials:,322
"QSC302573, 05d - Period 3 Part 3 Draft v0.1",Comment:,322
"QSC302573, 05d - Period 3 Part 3 Draft v0.1",Vital Signs Difference for SYSTOLIC Drop,322
"QSC302573, 05d - Period 3 Part 3 Draft v0.1",Vital Signs Difference for DIASTOLIC Drop,322
"QSC302573, 05d - Period 3 Part 3 Draft v0.1",Clinical Assessment of Standing Vital Signs (Medic or Nurse to assess vital signs),322
"QSC302573, 05d - Period 3 Part 3 Draft v0.1",Vital Sign Findings,322
"QSC302573, 05d - Period 3 Part 3 Draft v0.1",Staff Initials:,323
"QSC302573, 05d - Period 3 Part 3 Draft v0.1",Comment:,323
"QSC302573, 05d - Period 3 Part 3 Draft v0.1",PK Sample for Bioanalysis - Gently invert tube 8-10 times immediately after collection and protect the sample from light (4 mL K2EDTA) Barcode:,323
"QSC302573, 05d - Period 3 Part 3 Draft v0.1",Confirm an AE and Conmed check has been performed (Record any AE and Conmeds if applicable),323
"QSC302573, 05d - Period 3 Part 3 Draft v0.1",Confirm Dinner Provided,323
"QSC302573, 05d - Period 3 Part 3 Draft v0.1",12 Lead Standard ECG,323
"QSC302573, 05d - Period 3 Part 3 Draft v0.1","Exclude if - QT interval corrected for heart rate using Fridericia’s formula (QTcF) >450 msec for male participants or >470 msec for female participants, QRS interval >120 msec, or PR interval >200 msec. (Supine for a minimum 3 minutes)",323
"QSC302573, 05d - Period 3 Part 3 Draft v0.1",Comment:,324
"QSC302573, 05d - Period 3 Part 3 Draft v0.1",Staff Initials:,324
"QSC302573, 05d - Period 3 Part 3 Draft v0.1",ECG Rhythm assessment and interpretation,324
"QSC302573, 05d - Period 3 Part 3 Draft v0.1",Was the ECG clinically significant? (Medic to assess),324
"QSC302573, 05d - Period 3 Part 3 Draft v0.1",ECG Findings,324
"QSC302573, 05d - Period 3 Part 3 Draft v0.1",Staff Initials:,325
"QSC302573, 05d - Period 3 Part 3 Draft v0.1",Comment:,325
"QSC302573, 05d - Period 3 Part 3 Draft v0.1","ECG Findings, including rhythm assessment",325
"QSC302573, 05d - Period 3 Part 3 Draft v0.1",ECG Difference Calculation - a participant will be withdrawn where there is an increase in QTcF interval of >60 msec from baseline (confirmed following a repeat ECG),325
"QSC302573, 05d - Period 3 Part 3 Draft v0.1",Vital Signs (Supine for at least 3 minutes),325
"QSC302573, 05d - Period 3 Part 3 Draft v0.1",Staff Initials:,326
"QSC302573, 05d - Period 3 Part 3 Draft v0.1",Comment:,326
"QSC302573, 05d - Period 3 Part 3 Draft v0.1",Clinical Assessment of Vital Signs (Medic or Nurse to assess vital signs),326
"QSC302573, 05d - Period 3 Part 3 Draft v0.1",Vital Sign Findings,326
"QSC302573, 05d - Period 3 Part 3 Draft v0.1",Vital Signs Standing BP and HR (Standing for at least 3 minutes),326
"QSC302573, 05d - Period 3 Part 3 Draft v0.1",Staff Initials:,327
"QSC302573, 05d - Period 3 Part 3 Draft v0.1",Comment:,327
"QSC302573, 05d - Period 3 Part 3 Draft v0.1",Is there a drop in SYSTOLIC BP from supine to standing?,327
"QSC302573, 05d - Period 3 Part 3 Draft v0.1",Is there a drop in DIASTOLIC BP from supine to standing?,327
"QSC302573, 05d - Period 3 Part 3 Draft v0.1",Vital Signs Difference for SYSTOLIC Drop,327
"QSC302573, 05d - Period 3 Part 3 Draft v0.1",Vital Signs Difference for DIASTOLIC Drop,327
"QSC302573, 05d - Period 3 Part 3 Draft v0.1",Clinical Assessment of Standing Vital Signs (Medic or Nurse to assess vital signs),327
"QSC302573, 05d - Period 3 Part 3 Draft v0.1",Comment:,328
"QSC302573, 05d - Period 3 Part 3 Draft v0.1",Staff Initials:,328
"QSC302573, 05d - Period 3 Part 3 Draft v0.1",Vital Sign Findings,328
"QSC302573, 05d - Period 3 Part 3 Draft v0.1",PK Sample for Bioanalysis - Gently invert tube 8-10 times immediately after collection and protect the sample from light (4 mL K2EDTA) Barcode:,328
"QSC302573, 05d - Period 3 Part 3 Draft v0.1",Confirm an AE and Conmed check has been performed (Record any AE and Conmeds if applicable),328
"QSC302573, 05d - Period 3 Part 3 Draft v0.1",Stanford Sleepiness Scale: Stanford Sleepiness Scale Date,328
"QSC302573, 05d - Period 3 Part 3 Draft v0.1",Stanford Sleepiness Scale Questionnaire - Date and Time (Transcribe from paper source workbook),328
"QSC302573, 05d - Period 3 Part 3 Draft v0.1",Staff Initials:,329
"QSC302573, 05d - Period 3 Part 3 Draft v0.1",Comment:,329
"QSC302573, 05d - Period 3 Part 3 Draft v0.1",Degree of Sleepiness,329
"QSC302573, 05d - Period 3 Part 3 Draft v0.1",Confirm Evening Snack Provided,329
"QSC302573, 05d - Period 3 Part 3 Draft v0.1",PK Sample for Bioanalysis - Gently invert tube 8-10 times immediately after collection and protect the sample from light (4 mL K2EDTA) Barcode:,329
"QSC302573, 05d - Period 3 Part 3 Draft v0.1",Staff Initials:,330
"QSC302573, 05d - Period 3 Part 3 Draft v0.1",Comment:,330
"QSC302573, 05d - Period 3 Part 3 Draft v0.1",Confirm an AE and Conmed check has been performed (Record any AE and Conmeds if applicable),330
"QSC302573, 05d - Period 3 Part 3 Draft v0.1",Urinalysis: Collection Time,330
"QSC302573, 05d - Period 3 Part 3 Draft v0.1",Record time of urine sample (Collect Urine Sample),330
"QSC302573, 05d - Period 3 Part 3 Draft v0.1","What was the bilirubin result? If any positive result, inform medic/PI. (Perform urinalysis and read results)",330
"QSC302573, 05d - Period 3 Part 3 Draft v0.1",Staff Initials:,331
"QSC302573, 05d - Period 3 Part 3 Draft v0.1",Comment:,331
"QSC302573, 05d - Period 3 Part 3 Draft v0.1","What was the urobilinogen result? If any positive result, inform medic/PI. (Perform urinalysis and read results)",331
"QSC302573, 05d - Period 3 Part 3 Draft v0.1","What was the ketone result? If any positive result, inform medic/PI. (Perform urinalysis and read results)",331
"QSC302573, 05d - Period 3 Part 3 Draft v0.1","What was the glucose result? If any positive result, inform medic/PI. (Perform urinalysis and read results)",331
"QSC302573, 05d - Period 3 Part 3 Draft v0.1",Comment:,332
"QSC302573, 05d - Period 3 Part 3 Draft v0.1",Staff Initials:,332
"QSC302573, 05d - Period 3 Part 3 Draft v0.1",What was the protein result?,332
"QSC302573, 05d - Period 3 Part 3 Draft v0.1","IF PROTEIN ≥ 30mg/dl: Repeat urinalysis as soon as possible, ensuring a clean catch specimen. If protein remains ≥ 30mg/dl on repeat, then inform PI/medic. (Perform urinalysis and read results)",332
"QSC302573, 05d - Period 3 Part 3 Draft v0.1",What was the blood result? (Perform urinalysis and read results),332
"QSC302573, 05d - Period 3 Part 3 Draft v0.1",Comment:,333
"QSC302573, 05d - Period 3 Part 3 Draft v0.1",Staff Initials:,333
"QSC302573, 05d - Period 3 Part 3 Draft v0.1",What was the nitrite result? (Perform urinalysis and read results),333
"QSC302573, 05d - Period 3 Part 3 Draft v0.1",Record pH value (Perform urinalysis and read results),333
"QSC302573, 05d - Period 3 Part 3 Draft v0.1",Comment:,334
"QSC302573, 05d - Period 3 Part 3 Draft v0.1",Staff Initials:,334
"QSC302573, 05d - Period 3 Part 3 Draft v0.1",Record specific gravity of sample (Perform urinalysis and read results),334
"QSC302573, 05d - Period 3 Part 3 Draft v0.1",Staff Initials:,335
"QSC302573, 05d - Period 3 Part 3 Draft v0.1",Comment:,335
"QSC302573, 05d - Period 3 Part 3 Draft v0.1",What was the leukocyte result? (Perform urinalysis and read results),335
"QSC302573, 05d - Period 3 Part 3 Draft v0.1","Is participant female and menstruating? (If 'Yes', DO NOT send sample for Microscopy. If 'No', send sample for Microscopy)",335
"QSC302573, 05d - Period 3 Part 3 Draft v0.1",Confirm sample sent for microscopy (Complete associated paperwork),335
"QSC302573, 05d - Period 3 Part 3 Draft v0.1",Staff Initials:,336
"QSC302573, 05d - Period 3 Part 3 Draft v0.1",Comment:,336
"QSC302573, 05d - Period 3 Part 3 Draft v0.1",Has urinalysis been repeated as soon as possible with a clean catch specimen? Ensure events are repeated to capture this data.,336
"QSC302573, 05d - Period 3 Part 3 Draft v0.1",Urinalysis Microscopy Sample (20 mL Sterilin screw cap),336
"QSC302573, 05d - Period 3 Part 3 Draft v0.1",Barcode:,336
"QSC302573, 05d - Period 3 Part 3 Draft v0.1",Confirm TDL form completed:,336
"QSC302573, 05d - Period 3 Part 3 Draft v0.1",- Correct form used - Correct participant label applied - Correct slot number written - Correct sex and fasting status - Correct timepoint checked - Correct sample date and time written - Correct visit - Initials signed to confirm sample collected and form correct,336
"QSC302573, 05d - Period 3 Part 3 Draft v0.1",Has there been a medic review of the Microscopy results?,336
"QSC302573, 05d - Period 3 Part 3 Draft v0.1",Staff Initials:,337
"QSC302573, 05d - Period 3 Part 3 Draft v0.1",Comment:,337
"QSC302573, 05d - Period 3 Part 3 Draft v0.1",12 Lead Standard ECG,337
"QSC302573, 05d - Period 3 Part 3 Draft v0.1","Exclude if - QT interval corrected for heart rate using Fridericia’s formula (QTcF) >450 msec for male participants or >470 msec for female participants, QRS interval >120 msec, or PR interval >200 msec. (Supine for a minimum 3 minutes)",337
"QSC302573, 05d - Period 3 Part 3 Draft v0.1",ECG Rhythm assessment and interpretation,337
"QSC302573, 05d - Period 3 Part 3 Draft v0.1",Was the ECG clinically significant? (Medic to assess),337
"QSC302573, 05d - Period 3 Part 3 Draft v0.1",Staff Initials:,338
"QSC302573, 05d - Period 3 Part 3 Draft v0.1",Comment:,338
"QSC302573, 05d - Period 3 Part 3 Draft v0.1",ECG Findings,338
"QSC302573, 05d - Period 3 Part 3 Draft v0.1","ECG Findings, including rhythm assessment",338
"QSC302573, 05d - Period 3 Part 3 Draft v0.1",ECG Difference Calculation - a participant will be withdrawn where there is an increase in QTcF interval of >60 msec from baseline (confirmed following a repeat ECG),338
"QSC302573, 05d - Period 3 Part 3 Draft v0.1",Vital Signs (Supine for at least 3 minutes),338
"QSC302573, 05d - Period 3 Part 3 Draft v0.1",Comment:,339
"QSC302573, 05d - Period 3 Part 3 Draft v0.1",Staff Initials:,339
"QSC302573, 05d - Period 3 Part 3 Draft v0.1",Clinical Assessment of Vital Signs (Medic or Nurse to assess vital signs),339
"QSC302573, 05d - Period 3 Part 3 Draft v0.1",Vital Sign Findings,339
"QSC302573, 05d - Period 3 Part 3 Draft v0.1",Staff Initials:,340
"QSC302573, 05d - Period 3 Part 3 Draft v0.1",Comment:,340
"QSC302573, 05d - Period 3 Part 3 Draft v0.1",Vital Signs Standing BP and HR (Standing for at least 3 minutes),340
"QSC302573, 05d - Period 3 Part 3 Draft v0.1",Is there a drop in SYSTOLIC BP from supine to standing?,340
"QSC302573, 05d - Period 3 Part 3 Draft v0.1",Is there a drop in DIASTOLIC BP from supine to standing?,340
"QSC302573, 05d - Period 3 Part 3 Draft v0.1",Vital Signs Difference for SYSTOLIC Drop,340
"QSC302573, 05d - Period 3 Part 3 Draft v0.1",Staff Initials:,341
"QSC302573, 05d - Period 3 Part 3 Draft v0.1",Comment:,341
"QSC302573, 05d - Period 3 Part 3 Draft v0.1",Vital Signs Difference for DIASTOLIC Drop,341
"QSC302573, 05d - Period 3 Part 3 Draft v0.1",Clinical Assessment of Standing Vital Signs (Medic or Nurse to assess vital signs),341
"QSC302573, 05d - Period 3 Part 3 Draft v0.1",Vital Sign Findings,341
"QSC302573, 05d - Period 3 Part 3 Draft v0.1",Has the participant fasted for 8 hours?,341
"QSC302573, 05d - Period 3 Part 3 Draft v0.1",Staff Initials:,342
"QSC302573, 05d - Period 3 Part 3 Draft v0.1",Comment:,342
"QSC302573, 05d - Period 3 Part 3 Draft v0.1",Haematology – Mix tube gently by inverting 8–10 times (2 mL K3EDTA),342
"QSC302573, 05d - Period 3 Part 3 Draft v0.1",Barcode:,342
"QSC302573, 05d - Period 3 Part 3 Draft v0.1",Has there been a medic review of the Haematology blood results?,342
"QSC302573, 05d - Period 3 Part 3 Draft v0.1",Chemistry – Mix tube gently by inverting 5–6 times (5 mL SST),342
"QSC302573, 05d - Period 3 Part 3 Draft v0.1",Has there been a medic review of the Clinical Chemistry blood results?,342
"QSC302573, 05d - Period 3 Part 3 Draft v0.1",Staff Initials:,343
"QSC302573, 05d - Period 3 Part 3 Draft v0.1",Comment:,343
"QSC302573, 05d - Period 3 Part 3 Draft v0.1",Confirm TDL form completed:,343
"QSC302573, 05d - Period 3 Part 3 Draft v0.1",- Correct form used - Correct participant label applied - Correct slot number written - Correct sex and fasting status - Correct timepoint checked - Correct sample date and time written - Correct visit - Initials signed to confirm sample collected and form correct,343
"QSC302573, 05d - Period 3 Part 3 Draft v0.1",PK Sample for Bioanalysis - Gently invert tube 8-10 times immediately after collection and protect the sample from light (4 mL K2EDTA) Barcode:,343
"QSC302573, 05d - Period 3 Part 3 Draft v0.1",Confirm an AE and Conmed check has been performed (Record any AE and Conmeds if applicable),343
"QSC302573, 05d - Period 3 Part 3 Draft v0.1",Stanford Sleepiness Scale: Stanford Sleepiness Scale Date,343
"QSC302573, 05d - Period 3 Part 3 Draft v0.1",Stanford Sleepiness Scale Questionnaire - Date and Time (Transcribe from paper source workbook),343
"QSC302573, 05d - Period 3 Part 3 Draft v0.1",Degree of Sleepiness,343
"QSC302573, 05d - Period 3 Part 3 Draft v0.1",Staff Initials:,344
"QSC302573, 05d - Period 3 Part 3 Draft v0.1",Comment:,344
"QSC302573, 05d - Period 3 Part 3 Draft v0.1",PK Sample for Bioanalysis - Gently invert tube 8-10 times immediately after collection and protect the sample from light (4 mL K2EDTA) Barcode:,344
"QSC302573, 05d - Period 3 Part 3 Draft v0.1",Confirm an AE and Conmed check has been performed (Record any AE and Conmeds if applicable),344
"QSC302573, 05d - Period 3 Part 3 Draft v0.1",Staff Initials:,345
"QSC302573, 05d - Period 3 Part 3 Draft v0.1",Comment:,345
"QSC302573, 05d - Period 3 Part 3 Draft v0.1",Confirm an AE and Conmed check has been performed (Record any AE and Conmeds if applicable),345
"QSC302573, 05d - Period 3 Part 3 Draft v0.1",Vital Signs (Supine for at least 3 minutes),345
"QSC302573, 05d - Period 3 Part 3 Draft v0.1",Clinical Assessment of Vital Signs (Medic or Nurse to assess vital signs),345
"QSC302573, 05d - Period 3 Part 3 Draft v0.1",Staff Initials:,346
"QSC302573, 05d - Period 3 Part 3 Draft v0.1",Comment:,346
"QSC302573, 05d - Period 3 Part 3 Draft v0.1",Vital Sign Findings,346
"QSC302573, 05d - Period 3 Part 3 Draft v0.1",Vital Signs Standing BP and HR (Standing for at least 3 minutes),346
"QSC302573, 05d - Period 3 Part 3 Draft v0.1",Is there a drop in SYSTOLIC BP from supine to standing?,346
"QSC302573, 05d - Period 3 Part 3 Draft v0.1",Is there a drop in DIASTOLIC BP from supine to standing?,346
"QSC302573, 05d - Period 3 Part 3 Draft v0.1",Staff Initials:,347
"QSC302573, 05d - Period 3 Part 3 Draft v0.1",Comment:,347
"QSC302573, 05d - Period 3 Part 3 Draft v0.1",Vital Signs Difference for SYSTOLIC Drop,347
"QSC302573, 05d - Period 3 Part 3 Draft v0.1",Vital Signs Difference for DIASTOLIC Drop,347
"QSC302573, 05d - Period 3 Part 3 Draft v0.1",Clinical Assessment of Standing Vital Signs (Medic or Nurse to assess vital signs),347
"QSC302573, 05d - Period 3 Part 3 Draft v0.1",Vital Sign Findings,347
"QSC302573, 05d - Period 3 Part 3 Draft v0.1",Staff Initials:,348
"QSC302573, 05d - Period 3 Part 3 Draft v0.1",Comment:,348
"QSC302573, 05d - Period 3 Part 3 Draft v0.1",PK Sample for Bioanalysis - Gently invert tube 8-10 times immediately after collection and protect the sample from light (4 mL K2EDTA) Barcode:,348
"QSC302573, 05d - Period 3 Part 3 Draft v0.1",Confirm an AE and Conmed check has been performed (Record any AE and Conmeds if applicable),348
"QSC302573, 05d - Period 3 Part 3 Draft v0.1",C-SSRS Assessment: Date of Assessment,348
"QSC302573, 05d - Period 3 Part 3 Draft v0.1",C-SSRS Questionnaire - Date and Time (Transcribe from C-SSRS paper source workbook),348
"QSC302573, 05d - Period 3 Part 3 Draft v0.1",1. Wish to be dead,348
"QSC302573, 05d - Period 3 Part 3 Draft v0.1","Subject endorses thoughts about a wish to be dead or not alive anymore, or a wish to fall asleep and not wake up. (Have you wished you were dead or wished you could go to sleep and not wake up?)",348
"QSC302573, 05d - Period 3 Part 3 Draft v0.1",Staff Initials:,349
"QSC302573, 05d - Period 3 Part 3 Draft v0.1",Comment:,349
"QSC302573, 05d - Period 3 Part 3 Draft v0.1",2. Non-specific Active Suicidal Thoughts,349
"QSC302573, 05d - Period 3 Part 3 Draft v0.1","General non-specific thoughts of wanting to end one's life / commit suicide (e.g. ""I've thought about killing myself"") without thoughts of ways to kill oneself / associated methods, intent, or plan during the assessment period. (Have you actually had any thoughts of killing yourself?)",349
"QSC302573, 05d - Period 3 Part 3 Draft v0.1",3. Active Suicidal Ideation with Any Methods (Not Plan) Without Intent to Act,349
"QSC302573, 05d - Period 3 Part 3 Draft v0.1","Subject endorses thoughts of suicide and has thought of at least one method during the assessment period. This is different from a specific plan with time, place or method details worked out (e.g. thought of method to kill self but not a specific plan). Includes person who would say, ""I thought about taking an overdose but I never made a specific plan as to when, where or how I would actually do it… and I would never go through with it"". (Have you been thinking about how you might do this?)",349
"QSC302573, 05d - Period 3 Part 3 Draft v0.1","4. Active Suicidal Ideation with Some Intent to Act, without Specific Plan",349
"QSC302573, 05d - Period 3 Part 3 Draft v0.1","Active suicidal thoughts of killing oneself and subject reports having some intent to act on such thoughts, as opposed to ""I have the thoughts but I definitely will not do anything about them"". (Have you had these thoughts and had some intention of acting on them?)",349
"QSC302573, 05d - Period 3 Part 3 Draft v0.1",Staff Initials:,350
"QSC302573, 05d - Period 3 Part 3 Draft v0.1",Comment:,350
"QSC302573, 05d - Period 3 Part 3 Draft v0.1",5. Active Suicidal Ideation with Specific Plan and Intent,350
"QSC302573, 05d - Period 3 Part 3 Draft v0.1",Thoughts of killing oneself with details of plan fully or partially worked out and subject has some intent to carry it out. (Have you started to work out or worked out the details of how to kill yourself? Do you intend to carry out this plan?),350
"QSC302573, 05d - Period 3 Part 3 Draft v0.1",Most Severe Ideation,350
"QSC302573, 05d - Period 3 Part 3 Draft v0.1","The following feature should be rated with respect to the most severe type of ideation (i.e. 1-5 from above, with 1 being the least severe and 5 being the most severe). Ask about time he/she was feeling the most suicidal.",350
"QSC302573, 05d - Period 3 Part 3 Draft v0.1",Staff Initials:,351
"QSC302573, 05d - Period 3 Part 3 Draft v0.1",Comment:,351
"QSC302573, 05d - Period 3 Part 3 Draft v0.1",Frequency,351
"QSC302573, 05d - Period 3 Part 3 Draft v0.1",(How many times have you had these thoughts?),351
"QSC302573, 05d - Period 3 Part 3 Draft v0.1",Duration,351
"QSC302573, 05d - Period 3 Part 3 Draft v0.1","(When you have the thoughts, how long do they last?)",351
"QSC302573, 05d - Period 3 Part 3 Draft v0.1",Controllability,351
"QSC302573, 05d - Period 3 Part 3 Draft v0.1",(Could/can you stop thinking about killing yourself or wanting to die if you want to?),351
"QSC302573, 05d - Period 3 Part 3 Draft v0.1",Comment:,352
"QSC302573, 05d - Period 3 Part 3 Draft v0.1",Staff Initials:,352
"QSC302573, 05d - Period 3 Part 3 Draft v0.1",Deterrents,352
"QSC302573, 05d - Period 3 Part 3 Draft v0.1","(Are there things - anyone or anything (e.g. family, religion, pain of death) - that stopped you from wanting to die or acting on thoughts of committing suicide?)",352
"QSC302573, 05d - Period 3 Part 3 Draft v0.1",Staff Initials:,353
"QSC302573, 05d - Period 3 Part 3 Draft v0.1",Comment:,353
"QSC302573, 05d - Period 3 Part 3 Draft v0.1",Reasons for Ideation,353
"QSC302573, 05d - Period 3 Part 3 Draft v0.1","(What sort of reasons did you have for thinking about wanting to die or killing yourself? Was it to end the pain or stop the way you were feeling (in other words you couldn't go on living with this pain or how you were feeling) or was it to get attention, revenge or a reaction from others? Or both?)",353
"QSC302573, 05d - Period 3 Part 3 Draft v0.1",Staff Initials:,354
"QSC302573, 05d - Period 3 Part 3 Draft v0.1",Comment:,354
"QSC302573, 05d - Period 3 Part 3 Draft v0.1",Actual Attempt (Since Last Visit),354
"QSC302573, 05d - Period 3 Part 3 Draft v0.1",Total Number of Attempts,354
"QSC302573, 05d - Period 3 Part 3 Draft v0.1",Staff Initials:,355
"QSC302573, 05d - Period 3 Part 3 Draft v0.1",Comment:,355
"QSC302573, 05d - Period 3 Part 3 Draft v0.1",Has subject engaged in Non-Suicidal Self-Injurious Behaviour (Since Last Visit),355
"QSC302573, 05d - Period 3 Part 3 Draft v0.1",Interrupted Attempt (Since Last Visit),355
"QSC302573, 05d - Period 3 Part 3 Draft v0.1","When the person is interrupted (by an outside circumstance) from starting the potentially self- injurious act (if not for that, actual attempt would have occurred). Overdose: Person has pills in hand but is stopped from ingesting. Once they ingest any pills, this becomes an attempt rather than an interrupted attempt. Shooting: Person has gun pointed towards self, gun is taken away by someone else, or he/she is somehow prevented from pulling trigger. Once they pull the trigger, even if the gun fails to fire, it is an attempt. Jumping: Person is poised to jump, is grabbed and taken down from ledge. Hanging: Person has noose around neck but has not yet started to hang - is stopped from doing so. (Has there been a time when you started to do something to end your life but someone or something stopped you before you actually did anything?)",355
"QSC302573, 05d - Period 3 Part 3 Draft v0.1",Total Number of Interrupted,355
"QSC302573, 05d - Period 3 Part 3 Draft v0.1",Staff Initials:,356
"QSC302573, 05d - Period 3 Part 3 Draft v0.1",Comment:,356
"QSC302573, 05d - Period 3 Part 3 Draft v0.1",Aborted Attempt (Since Last Visit),356
"QSC302573, 05d - Period 3 Part 3 Draft v0.1","When person begins to take steps towards making a suicide attempt, but stops themselves before they actually have engaged in any self-destructive behaviour. Examples are similar to interrupted attempts, except that the individual stops him/herself instead of being stopped by something else. (Has there been a time when you started to do something to try to end your life but you stopped yourself before you actually did anything?)",356
"QSC302573, 05d - Period 3 Part 3 Draft v0.1",Total Number of Aborted,356
"QSC302573, 05d - Period 3 Part 3 Draft v0.1","Acts or preparation towards imminently making a suicide attempt. This can include anything beyond a verbalisation or thought, such as assembling a specific method (e.g. buying pills, purchasing a gun) or preparing for one's death by suicide (e.g. giving things away, writing a suicide note). (Have you taken any steps towards making a suicide attempt or preparing to kill yourself (such as collecting pills, getting a gun, giving valuables away or writing a suicide note)?)",356
"QSC302573, 05d - Period 3 Part 3 Draft v0.1",Staff Initials:,357
"QSC302573, 05d - Period 3 Part 3 Draft v0.1",Comment:,357
"QSC302573, 05d - Period 3 Part 3 Draft v0.1",Preparatory Acts or Behaviour (Since Last Visit),357
"QSC302573, 05d - Period 3 Part 3 Draft v0.1","Acts or preparation towards imminently making a suicide attempt. This can include anything beyond a verbalisation or thought, such as assembling a specific method (e.g. buying pills, purchasing a gun) or preparing for one's death by suicide (e.g. giving things away, writing a suicide note). (Have you taken any steps towards making a suicide attempt or preparing to kill yourself (such as collecting pills, getting a gun, giving valuables away or writing a suicide note)?)",357
"QSC302573, 05d - Period 3 Part 3 Draft v0.1",Suicidal Behaviour (Since Last Visit),357
"QSC302573, 05d - Period 3 Part 3 Draft v0.1",Suicidal behaviour was present during the assessment period?,357
"QSC302573, 05d - Period 3 Part 3 Draft v0.1",Suicide (Since Last Visit),357
"QSC302573, 05d - Period 3 Part 3 Draft v0.1",Staff Initials:,358
"QSC302573, 05d - Period 3 Part 3 Draft v0.1",Comment:,358
"QSC302573, 05d - Period 3 Part 3 Draft v0.1",Most Lethal Attempt Date,358
"QSC302573, 05d - Period 3 Part 3 Draft v0.1",Actual Lethality/Medical Damage - Most Lethal Attempt,358
"QSC302573, 05d - Period 3 Part 3 Draft v0.1",Staff Initials:,359
"QSC302573, 05d - Period 3 Part 3 Draft v0.1",Comment:,359
"QSC302573, 05d - Period 3 Part 3 Draft v0.1",Potential Lethality - Most Lethal Attempt Code (only answer if Actual Lethality = 0),359
"QSC302573, 05d - Period 3 Part 3 Draft v0.1",Confirm Evening Snack Provided,359
"QSC302573, 05d - Period 3 Part 3 Draft v0.1",Start time of fast (Includes all food and drink except water),359
"QSC302573, 05d - Period 3 Part 3 Draft v0.1",(Fast for at least 10 hours before breakfast or dosing depending on Part & Cohort),359
"QSC302573, 05d - Period 3 Part 3 Draft v0.1",PRE-DOSE Triplicate ECG 1: 12 Lead Standard ECG (Supine for a minimum 3 minutes),359
"QSC302573, 05e - Period 4 Part 3 Draft v0.1",Comment:,360
"QSC302573, 05e - Period 4 Part 3 Draft v0.1",Staff Initials:,360
"QSC302573, 05e - Period 4 Part 3 Draft v0.1",PRE-DOSE Triplicate ECG 1: Was the ECG clinically significant? (Medic to assess),360
"QSC302573, 05e - Period 4 Part 3 Draft v0.1",Staff Initials:,361
"QSC302573, 05e - Period 4 Part 3 Draft v0.1",Comment:,361
"QSC302573, 05e - Period 4 Part 3 Draft v0.1",PRE-DOSE Triplicate ECG 2: 12 Lead Standard ECG (To be performed at least 2 minutes after ECG1),361
"QSC302573, 05e - Period 4 Part 3 Draft v0.1",Staff Initials:,362
"QSC302573, 05e - Period 4 Part 3 Draft v0.1",Comment:,362
"QSC302573, 05e - Period 4 Part 3 Draft v0.1",PRE-DOSE Triplicate ECG 2: Was the ECG clinically significant? (Medic to assess),362
"QSC302573, 05e - Period 4 Part 3 Draft v0.1",PRE-DOSE Triplicate ECG 3: 12 Lead Standard ECG (To be performed at least 2 minutes after ECG2),362
"QSC302573, 05e - Period 4 Part 3 Draft v0.1",Staff Initials:,363
"QSC302573, 05e - Period 4 Part 3 Draft v0.1",Comment:,363
"QSC302573, 05e - Period 4 Part 3 Draft v0.1",Staff Initials:,364
"QSC302573, 05e - Period 4 Part 3 Draft v0.1",Comment:,364
"QSC302573, 05e - Period 4 Part 3 Draft v0.1",PRE-DOSE Triplicate ECG 3: Was the ECG clinically significant? (Medic to assess),364
"QSC302573, 05e - Period 4 Part 3 Draft v0.1",Staff Initials:,365
"QSC302573, 05e - Period 4 Part 3 Draft v0.1",Comment:,365
"QSC302573, 05e - Period 4 Part 3 Draft v0.1",PRE-DOSE - Mean values,365
"QSC302573, 05e - Period 4 Part 3 Draft v0.1","Withdraw if - QT interval corrected for heart rate using Fridericia’s formula (QTcF) >450 msec for male participants or >470 msec for female participants, QRS interval >120 msec, or PR interval >200 msec",365
"QSC302573, 05e - Period 4 Part 3 Draft v0.1",Please transcribe the baseline value for QTcF for withdrawal purposes for Period 4 post dose from the mean QTcF above,365
"QSC302573, 05e - Period 4 Part 3 Draft v0.1",PRE-DOSE - Vital Signs (Supine for at least 3 minutes),365
"QSC302573, 05e - Period 4 Part 3 Draft v0.1",Staff Initials:,366
"QSC302573, 05e - Period 4 Part 3 Draft v0.1",Comment:,366
"QSC302573, 05e - Period 4 Part 3 Draft v0.1",PRE-DOSE - Clinical Assessment of Vital Signs (Medic or Nurse to assess vital signs),366
"QSC302573, 05e - Period 4 Part 3 Draft v0.1",PRE-DOSE - Vital Sign Findings,366
"QSC302573, 05e - Period 4 Part 3 Draft v0.1",PRE-DOSE - Vital Signs (Standing),366
"QSC302573, 05e - Period 4 Part 3 Draft v0.1",Staff Initials:,367
"QSC302573, 05e - Period 4 Part 3 Draft v0.1",Comment:,367
"QSC302573, 05e - Period 4 Part 3 Draft v0.1",PRE-DOSE - Is there a drop in SYSTOLIC BP from supine to standing?,367
"QSC302573, 05e - Period 4 Part 3 Draft v0.1",PRE-DOSE - Is there a drop in DIASTOLIC BP from supine to standing?,367
"QSC302573, 05e - Period 4 Part 3 Draft v0.1",PRE-DOSE - Vital Signs Difference for SYSTOLIC Drop,367
"QSC302573, 05e - Period 4 Part 3 Draft v0.1",PRE-DOSE - Vital Signs Difference for DIASTOLIC Drop (Supine),367
"QSC302573, 05e - Period 4 Part 3 Draft v0.1",PRE-DOSE - Clinical Assessment of Vital Signs (Medic or Nurse to assess vital signs),367
"QSC302573, 05e - Period 4 Part 3 Draft v0.1",Comment:,368
"QSC302573, 05e - Period 4 Part 3 Draft v0.1",Staff Initials:,368
"QSC302573, 05e - Period 4 Part 3 Draft v0.1",PRE-DOSE - Vital Sign Findings,368
"QSC302573, 05e - Period 4 Part 3 Draft v0.1",PK Sample for Bioanalysis - Gently invert tube 8-10 times immediately after collection and protect the sample from light (4 mL K2EDTA) Barcode:,368
"QSC302573, 05e - Period 4 Part 3 Draft v0.1",Confirm an AE and Conmed check has been performed (Record any AE and Conmeds if applicable),368
"QSC302573, 05e - Period 4 Part 3 Draft v0.1",I confirm that the participant continues to be eligible to participate in this clinical study.,368
"QSC302573, 05e - Period 4 Part 3 Draft v0.1",Prandial state,368
"QSC302573, 05e - Period 4 Part 3 Draft v0.1",Comment:,369
"QSC302573, 05e - Period 4 Part 3 Draft v0.1",Staff Initials:,369
"QSC302573, 05e - Period 4 Part 3 Draft v0.1",Has the participant fasted for 10 hours prior to breakfast?,369
"QSC302573, 05e - Period 4 Part 3 Draft v0.1",Participant should begin eating breakfast.,369
"QSC302573, 05e - Period 4 Part 3 Draft v0.1",Participant should stop eating breakfast.,369
"QSC302573, 05e - Period 4 Part 3 Draft v0.1",Meals: Amount Consumed (Breakfast),369
"QSC302573, 05e - Period 4 Part 3 Draft v0.1",Total amount of breakfast consumed,369
"QSC302573, 05e - Period 4 Part 3 Draft v0.1",Staff Initials:,370
"QSC302573, 05e - Period 4 Part 3 Draft v0.1",Comment:,370
"QSC302573, 05e - Period 4 Part 3 Draft v0.1",Please describe what was not eaten,370
"QSC302573, 05e - Period 4 Part 3 Draft v0.1",PI to authorise. Full meal must be consumed to proceed with dosing.,370
"QSC302573, 05e - Period 4 Part 3 Draft v0.1","Check the Volunteer ID in eSource matches the volunteer (Initials, DOB and Photographic ID)",370
"QSC302573, 05e - Period 4 Part 3 Draft v0.1",Check the volunteer panel number on the wristband matches eSource,370
"QSC302573, 05e - Period 4 Part 3 Draft v0.1",Check the participant number in eSource matches the Instruction to Dispense and Dose,370
"QSC302573, 05e - Period 4 Part 3 Draft v0.1",Staff Initials:,371
"QSC302573, 05e - Period 4 Part 3 Draft v0.1",Comment:,371
"QSC302573, 05e - Period 4 Part 3 Draft v0.1",Has the participant refrained from drinking water for at least 1 hour prior to dosing?,371
"QSC302573, 05e - Period 4 Part 3 Draft v0.1",Has the participant fasted for 10 hours prior to dosing?,371
"QSC302573, 05e - Period 4 Part 3 Draft v0.1","Has the participant consumed breakfast per the protocol requirements, over 20 minutes and the full meal?",371
"QSC302573, 05e - Period 4 Part 3 Draft v0.1",Pre dose blood draws for PK sample taken?,371
"QSC302573, 05e - Period 4 Part 3 Draft v0.1",Staff Initials:,372
"QSC302573, 05e - Period 4 Part 3 Draft v0.1",Comment:,372
"QSC302573, 05e - Period 4 Part 3 Draft v0.1",Have all required pre dose procedures been completed?,372
"QSC302573, 05e - Period 4 Part 3 Draft v0.1",Is the participant eligible to dose?,372
"QSC302573, 05e - Period 4 Part 3 Draft v0.1",Enter the product details,372
"QSC302573, 05e - Period 4 Part 3 Draft v0.1",Staff Initials:,373
"QSC302573, 05e - Period 4 Part 3 Draft v0.1",Comment:,373
"QSC302573, 05e - Period 4 Part 3 Draft v0.1",Does the Product label match the Instruction to Dispense and Dose?,373
"QSC302573, 05e - Period 4 Part 3 Draft v0.1","Final check performed (5 R’s of dosing, Jones 2009 – right participant, right drug, right dose, right route, right time)",373
"QSC302573, 05e - Period 4 Part 3 Draft v0.1",Time of administration of study treatment,373
"QSC302573, 05e - Period 4 Part 3 Draft v0.1",Has the participant been provided with 240 mL of water?,373
"QSC302573, 05e - Period 4 Part 3 Draft v0.1",Has a hand and mouth check been performed?,373
"QSC302573, 05e - Period 4 Part 3 Draft v0.1",Staff Initials:,374
"QSC302573, 05e - Period 4 Part 3 Draft v0.1",Comment:,374
"QSC302573, 05e - Period 4 Part 3 Draft v0.1",Has the participant been reminded to refrain from water for 2 hours post-dose?,374
"QSC302573, 05e - Period 4 Part 3 Draft v0.1",Has the participant been advised to minimise exposure to sunlight from dosing for at least 7 days post final dose?,374
"QSC302573, 05e - Period 4 Part 3 Draft v0.1","Due to the unavailability of phototoxic data, participants will be advised to minimize exposure to sunlight by spending a reduced amount of time outdoors/remaining inside the clinical unit during the residential periods of the study wearing sunglasses and clothing that minimizes exposure to sunlight and using sun cream on exposed areas when going outdoors. They will also be advised not to use sunbeds.",374
"QSC302573, 05e - Period 4 Part 3 Draft v0.1",Confirm dosing is complete (Operator to complete (switch user)),374
"QSC302573, 05e - Period 4 Part 3 Draft v0.1",What is the status of the subject?,374
"QSC302573, 05e - Period 4 Part 3 Draft v0.1",Staff Initials:,375
"QSC302573, 05e - Period 4 Part 3 Draft v0.1",Comment:,375
"QSC302573, 05e - Period 4 Part 3 Draft v0.1",PK Sample for Bioanalysis - Gently invert tube 8-10 times immediately after collection and protect the sample from light (4 mL K2EDTA) Barcode:,375
"QSC302573, 05e - Period 4 Part 3 Draft v0.1",Confirm an AE and Conmed check has been performed (Record any AE and Conmeds if applicable),375
"QSC302573, 05e - Period 4 Part 3 Draft v0.1",Stanford Sleepiness Scale: Stanford Sleepiness Scale Date,375
"QSC302573, 05e - Period 4 Part 3 Draft v0.1",Stanford Sleepiness Scale Questionnaire - Date and Time (Transcribe from paper source workbook),375
"QSC302573, 05e - Period 4 Part 3 Draft v0.1",Degree of Sleepiness,375
"QSC302573, 05e - Period 4 Part 3 Draft v0.1",Comment:,376
"QSC302573, 05e - Period 4 Part 3 Draft v0.1",Staff Initials:,377
"QSC302573, 05e - Period 4 Part 3 Draft v0.1",Comment:,377
"QSC302573, 05e - Period 4 Part 3 Draft v0.1",12 Lead Standard ECG,377
"QSC302573, 05e - Period 4 Part 3 Draft v0.1","Exclude if - QT interval corrected for heart rate using Fridericia’s formula (QTcF) >450 msec for male participants or >470 msec for female participants, QRS interval >120 msec, or PR interval >200 msec. (Supine for a minimum 3 minutes)",377
"QSC302573, 05e - Period 4 Part 3 Draft v0.1",ECG Rhythm assessment and interpretation,377
"QSC302573, 05e - Period 4 Part 3 Draft v0.1",Staff Initials:,378
"QSC302573, 05e - Period 4 Part 3 Draft v0.1",Comment:,378
"QSC302573, 05e - Period 4 Part 3 Draft v0.1",Was the ECG clinically significant? (Medic to assess),378
"QSC302573, 05e - Period 4 Part 3 Draft v0.1",ECG Findings,378
"QSC302573, 05e - Period 4 Part 3 Draft v0.1","ECG Findings, including rhythm assessment",378
"QSC302573, 05e - Period 4 Part 3 Draft v0.1",ECG Difference Calculation - a participant will be withdrawn where there is an increase in QTcF interval of >60 msec from baseline (confirmed following a repeat ECG),378
"QSC302573, 05e - Period 4 Part 3 Draft v0.1",PK Sample for Bioanalysis - Gently invert tube 8-10 times immediately after collection and protect the sample from light (4 mL K2EDTA) Barcode:,378
"QSC302573, 05e - Period 4 Part 3 Draft v0.1",Staff Initials:,379
"QSC302573, 05e - Period 4 Part 3 Draft v0.1",Comment:,379
"QSC302573, 05e - Period 4 Part 3 Draft v0.1",Confirm an AE and Conmed check has been performed (Record any AE and Conmeds if applicable),379
"QSC302573, 05e - Period 4 Part 3 Draft v0.1",Has the volunteer been provided with water 2 hrs post-dose?,379
"QSC302573, 05e - Period 4 Part 3 Draft v0.1",Stanford Sleepiness Scale: Stanford Sleepiness Scale Date,379
"QSC302573, 05e - Period 4 Part 3 Draft v0.1",Stanford Sleepiness Scale Questionnaire - Date and Time (Transcribe from paper source workbook),379
"QSC302573, 05e - Period 4 Part 3 Draft v0.1",Degree of Sleepiness,379
"QSC302573, 05e - Period 4 Part 3 Draft v0.1",Comment:,380
"QSC302573, 05e - Period 4 Part 3 Draft v0.1",Staff Initials:,380
"QSC302573, 05e - Period 4 Part 3 Draft v0.1",Targeted Physical Examination Findings: Require Targeted PE?,380
"QSC302573, 05e - Period 4 Part 3 Draft v0.1","Targeted Physical Examination: Does the participant require a targeted physical examination? (If yes, please specify the reason)",380
"QSC302573, 05e - Period 4 Part 3 Draft v0.1","Targeted Physical Examination Findings: Any clinically significant abnormal findings? #1 If yes, were there any clinically significant abnormal findings?",380
"QSC302573, 05e - Period 4 Part 3 Draft v0.1",Physical Examination Category,380
"QSC302573, 05e - Period 4 Part 3 Draft v0.1",Comment:,381
"QSC302573, 05e - Period 4 Part 3 Draft v0.1",Staff Initials:,381
"QSC302573, 05e - Period 4 Part 3 Draft v0.1",Detailed findings of Physical Examination,381
"QSC302573, 05e - Period 4 Part 3 Draft v0.1",Staff Initials:,382
"QSC302573, 05e - Period 4 Part 3 Draft v0.1",Comment:,382
"QSC302573, 05e - Period 4 Part 3 Draft v0.1",Targeted Neurological Examination: Require Targeted NE?,382
"QSC302573, 05e - Period 4 Part 3 Draft v0.1","Targeted Neurological Examination: Does the participant require a targeted neurological examination? (If yes, please specify the reason)",382
"QSC302573, 05e - Period 4 Part 3 Draft v0.1","Targeted Neurological Examination: Any clinically significant abnormal findings? #1 If yes, were there any clinically significant abnormal findings?",382
"QSC302573, 05e - Period 4 Part 3 Draft v0.1",Targeted Neurological Examination Category,382
"QSC302573, 05e - Period 4 Part 3 Draft v0.1",Comment:,383
"QSC302573, 05e - Period 4 Part 3 Draft v0.1",Staff Initials:,383
"QSC302573, 05e - Period 4 Part 3 Draft v0.1",Detailed findings of Targeted Neurological Examination,383
"QSC302573, 05e - Period 4 Part 3 Draft v0.1",Vital Signs (Supine for at least 3 minutes),383
"QSC302573, 05e - Period 4 Part 3 Draft v0.1",Staff Initials:,384
"QSC302573, 05e - Period 4 Part 3 Draft v0.1",Comment:,384
"QSC302573, 05e - Period 4 Part 3 Draft v0.1",Clinical Assessment of Vital Signs (Medic or Nurse to assess vital signs),384
"QSC302573, 05e - Period 4 Part 3 Draft v0.1",Vital Sign Findings,384
"QSC302573, 05e - Period 4 Part 3 Draft v0.1",Vital Signs Standing BP and HR (Standing for at least 3 minutes),384
"QSC302573, 05e - Period 4 Part 3 Draft v0.1",Staff Initials:,385
"QSC302573, 05e - Period 4 Part 3 Draft v0.1",Comment:,385
"QSC302573, 05e - Period 4 Part 3 Draft v0.1",Is there a drop in SYSTOLIC BP from supine to standing?,385
"QSC302573, 05e - Period 4 Part 3 Draft v0.1",Is there a drop in DIASTOLIC BP from supine to standing?,385
"QSC302573, 05e - Period 4 Part 3 Draft v0.1",Vital Signs Difference for SYSTOLIC Drop,385
"QSC302573, 05e - Period 4 Part 3 Draft v0.1",Vital Signs Difference for DIASTOLIC Drop,385
"QSC302573, 05e - Period 4 Part 3 Draft v0.1",Clinical Assessment of Standing Vital Signs (Medic or Nurse to assess vital signs),385
"QSC302573, 05e - Period 4 Part 3 Draft v0.1",Comment:,386
"QSC302573, 05e - Period 4 Part 3 Draft v0.1",Staff Initials:,386
"QSC302573, 05e - Period 4 Part 3 Draft v0.1",Vital Sign Findings,386
"QSC302573, 05e - Period 4 Part 3 Draft v0.1",PK Sample for Bioanalysis - Gently invert tube 8-10 times immediately after collection and protect the sample from light (4 mL K2EDTA) Barcode:,386
"QSC302573, 05e - Period 4 Part 3 Draft v0.1",Confirm an AE and Conmed check has been performed (Record any AE and Conmeds if applicable),386
"QSC302573, 05e - Period 4 Part 3 Draft v0.1",Confirm Lunch Provided,386
"QSC302573, 05e - Period 4 Part 3 Draft v0.1",Staff Initials:,387
"QSC302573, 05e - Period 4 Part 3 Draft v0.1",Comment:,387
"QSC302573, 05e - Period 4 Part 3 Draft v0.1",PK Sample for Bioanalysis - Gently invert tube 8-10 times immediately after collection and protect the sample from light (4 mL K2EDTA) Barcode:,387
"QSC302573, 05e - Period 4 Part 3 Draft v0.1",Confirm an AE and Conmed check has been performed (Record any AE and Conmeds if applicable),387
"QSC302573, 05e - Period 4 Part 3 Draft v0.1",Vital Signs (Supine for at least 3 minutes),387
"QSC302573, 05e - Period 4 Part 3 Draft v0.1",Staff Initials:,388
"QSC302573, 05e - Period 4 Part 3 Draft v0.1",Comment:,388
"QSC302573, 05e - Period 4 Part 3 Draft v0.1",Clinical Assessment of Vital Signs (Medic or Nurse to assess vital signs),388
"QSC302573, 05e - Period 4 Part 3 Draft v0.1",Vital Sign Findings,388
"QSC302573, 05e - Period 4 Part 3 Draft v0.1",Vital Signs Standing BP and HR (Standing for at least 3 minutes),388
"QSC302573, 05e - Period 4 Part 3 Draft v0.1",Comment:,389
"QSC302573, 05e - Period 4 Part 3 Draft v0.1",Staff Initials:,389
"QSC302573, 05e - Period 4 Part 3 Draft v0.1",Is there a drop in SYSTOLIC BP from supine to standing?,389
"QSC302573, 05e - Period 4 Part 3 Draft v0.1",Is there a drop in DIASTOLIC BP from supine to standing?,389
"QSC302573, 05e - Period 4 Part 3 Draft v0.1",Vital Signs Difference for SYSTOLIC Drop,389
"QSC302573, 05e - Period 4 Part 3 Draft v0.1",Staff Initials:,390
"QSC302573, 05e - Period 4 Part 3 Draft v0.1",Comment:,390
"QSC302573, 05e - Period 4 Part 3 Draft v0.1",Vital Signs Difference for DIASTOLIC Drop,390
"QSC302573, 05e - Period 4 Part 3 Draft v0.1",Clinical Assessment of Standing Vital Signs (Medic or Nurse to assess vital signs),390
"QSC302573, 05e - Period 4 Part 3 Draft v0.1",Vital Sign Findings,390
"QSC302573, 05e - Period 4 Part 3 Draft v0.1",PK Sample for Bioanalysis - Gently invert tube 8-10 times immediately after collection and protect the sample from light (4 mL K2EDTA) Barcode:,390
"QSC302573, 05e - Period 4 Part 3 Draft v0.1",Confirm an AE and Conmed check has been performed (Record any AE and Conmeds if applicable),390
"QSC302573, 05e - Period 4 Part 3 Draft v0.1",Staff Initials:,391
"QSC302573, 05e - Period 4 Part 3 Draft v0.1",Comment:,391
"QSC302573, 05e - Period 4 Part 3 Draft v0.1",Stanford Sleepiness Scale: Stanford Sleepiness Scale Date,391
"QSC302573, 05e - Period 4 Part 3 Draft v0.1",Stanford Sleepiness Scale Questionnaire - Date and Time (Transcribe from paper source workbook),391
"QSC302573, 05e - Period 4 Part 3 Draft v0.1",Degree of Sleepiness,391
"QSC302573, 05e - Period 4 Part 3 Draft v0.1",PK Sample for Bioanalysis - Gently invert tube 8-10 times immediately after collection and protect the sample from light (4 mL K2EDTA) Barcode:,391
"QSC302573, 05e - Period 4 Part 3 Draft v0.1",Staff Initials:,392
"QSC302573, 05e - Period 4 Part 3 Draft v0.1",Comment:,392
"QSC302573, 05e - Period 4 Part 3 Draft v0.1",Confirm an AE and Conmed check has been performed (Record any AE and Conmeds if applicable),392
"QSC302573, 05e - Period 4 Part 3 Draft v0.1",Vital Signs (Supine for at least 3 minutes),392
"QSC302573, 05e - Period 4 Part 3 Draft v0.1",Clinical Assessment of Vital Signs (Medic or Nurse to assess vital signs),392
"QSC302573, 05e - Period 4 Part 3 Draft v0.1",Staff Initials:,393
"QSC302573, 05e - Period 4 Part 3 Draft v0.1",Comment:,393
"QSC302573, 05e - Period 4 Part 3 Draft v0.1",Vital Sign Findings,393
"QSC302573, 05e - Period 4 Part 3 Draft v0.1",Vital Signs Standing BP and HR (Standing for at least 3 minutes),393
"QSC302573, 05e - Period 4 Part 3 Draft v0.1",Is there a drop in SYSTOLIC BP from supine to standing?,393
"QSC302573, 05e - Period 4 Part 3 Draft v0.1",Is there a drop in DIASTOLIC BP from supine to standing?,393
"QSC302573, 05e - Period 4 Part 3 Draft v0.1",Staff Initials:,394
"QSC302573, 05e - Period 4 Part 3 Draft v0.1",Comment:,394
"QSC302573, 05e - Period 4 Part 3 Draft v0.1",Vital Signs Difference for SYSTOLIC Drop,394
"QSC302573, 05e - Period 4 Part 3 Draft v0.1",Vital Signs Difference for DIASTOLIC Drop,394
"QSC302573, 05e - Period 4 Part 3 Draft v0.1",Clinical Assessment of Standing Vital Signs (Medic or Nurse to assess vital signs),394
"QSC302573, 05e - Period 4 Part 3 Draft v0.1",Vital Sign Findings,394
"QSC302573, 05e - Period 4 Part 3 Draft v0.1",Staff Initials:,395
"QSC302573, 05e - Period 4 Part 3 Draft v0.1",Comment:,395
"QSC302573, 05e - Period 4 Part 3 Draft v0.1",PK Sample for Bioanalysis - Gently invert tube 8-10 times immediately after collection and protect the sample from light (4 mL K2EDTA) Barcode:,395
"QSC302573, 05e - Period 4 Part 3 Draft v0.1",Confirm an AE and Conmed check has been performed (Record any AE and Conmeds if applicable),395
"QSC302573, 05e - Period 4 Part 3 Draft v0.1",Confirm Dinner Provided,395
"QSC302573, 05e - Period 4 Part 3 Draft v0.1",12 Lead Standard ECG,395
"QSC302573, 05e - Period 4 Part 3 Draft v0.1","Exclude if - QT interval corrected for heart rate using Fridericia’s formula (QTcF) >450 msec for male participants or >470 msec for female participants, QRS interval >120 msec, or PR interval >200 msec. (Supine for a minimum 3 minutes)",395
"QSC302573, 05e - Period 4 Part 3 Draft v0.1",Comment:,396
"QSC302573, 05e - Period 4 Part 3 Draft v0.1",Staff Initials:,396
"QSC302573, 05e - Period 4 Part 3 Draft v0.1",ECG Rhythm assessment and interpretation,396
"QSC302573, 05e - Period 4 Part 3 Draft v0.1",Was the ECG clinically significant? (Medic to assess),396
"QSC302573, 05e - Period 4 Part 3 Draft v0.1",ECG Findings,396
"QSC302573, 05e - Period 4 Part 3 Draft v0.1",Staff Initials:,397
"QSC302573, 05e - Period 4 Part 3 Draft v0.1",Comment:,397
"QSC302573, 05e - Period 4 Part 3 Draft v0.1","ECG Findings, including rhythm assessment",397
"QSC302573, 05e - Period 4 Part 3 Draft v0.1",ECG Difference Calculation - a participant will be withdrawn where there is an increase in QTcF interval of >60 msec from baseline (confirmed following a repeat ECG),397
"QSC302573, 05e - Period 4 Part 3 Draft v0.1",Vital Signs (Supine for at least 3 minutes),397
"QSC302573, 05e - Period 4 Part 3 Draft v0.1",Staff Initials:,398
"QSC302573, 05e - Period 4 Part 3 Draft v0.1",Comment:,398
"QSC302573, 05e - Period 4 Part 3 Draft v0.1",Clinical Assessment of Vital Signs (Medic or Nurse to assess vital signs),398
"QSC302573, 05e - Period 4 Part 3 Draft v0.1",Vital Sign Findings,398
"QSC302573, 05e - Period 4 Part 3 Draft v0.1",Vital Signs Standing BP and HR (Standing for at least 3 minutes),398
"QSC302573, 05e - Period 4 Part 3 Draft v0.1",Staff Initials:,399
"QSC302573, 05e - Period 4 Part 3 Draft v0.1",Comment:,399
"QSC302573, 05e - Period 4 Part 3 Draft v0.1",Is there a drop in SYSTOLIC BP from supine to standing?,399
"QSC302573, 05e - Period 4 Part 3 Draft v0.1",Is there a drop in DIASTOLIC BP from supine to standing?,399
"QSC302573, 05e - Period 4 Part 3 Draft v0.1",Vital Signs Difference for SYSTOLIC Drop,399
"QSC302573, 05e - Period 4 Part 3 Draft v0.1",Vital Signs Difference for DIASTOLIC Drop,399
"QSC302573, 05e - Period 4 Part 3 Draft v0.1",Clinical Assessment of Standing Vital Signs (Medic or Nurse to assess vital signs),399
"QSC302573, 05e - Period 4 Part 3 Draft v0.1",Comment:,400
"QSC302573, 05e - Period 4 Part 3 Draft v0.1",Staff Initials:,400
"QSC302573, 05e - Period 4 Part 3 Draft v0.1",Vital Sign Findings,400
"QSC302573, 05e - Period 4 Part 3 Draft v0.1",PK Sample for Bioanalysis - Gently invert tube 8-10 times immediately after collection and protect the sample from light (4 mL K2EDTA) Barcode:,400
"QSC302573, 05e - Period 4 Part 3 Draft v0.1",Confirm an AE and Conmed check has been performed (Record any AE and Conmeds if applicable),400
"QSC302573, 05e - Period 4 Part 3 Draft v0.1",Stanford Sleepiness Scale: Stanford Sleepiness Scale Date,400
"QSC302573, 05e - Period 4 Part 3 Draft v0.1",Stanford Sleepiness Scale Questionnaire - Date and Time (Transcribe from paper source workbook),400
"QSC302573, 05e - Period 4 Part 3 Draft v0.1",Staff Initials:,401
"QSC302573, 05e - Period 4 Part 3 Draft v0.1",Comment:,401
"QSC302573, 05e - Period 4 Part 3 Draft v0.1",Degree of Sleepiness,401
"QSC302573, 05e - Period 4 Part 3 Draft v0.1",Confirm Evening Snack Provided,401
"QSC302573, 05e - Period 4 Part 3 Draft v0.1",PK Sample for Bioanalysis - Gently invert tube 8-10 times immediately after collection and protect the sample from light (4 mL K2EDTA) Barcode:,401
"QSC302573, 05e - Period 4 Part 3 Draft v0.1",Staff Initials:,402
"QSC302573, 05e - Period 4 Part 3 Draft v0.1",Comment:,402
"QSC302573, 05e - Period 4 Part 3 Draft v0.1",Confirm an AE and Conmed check has been performed (Record any AE and Conmeds if applicable),402
"QSC302573, 05e - Period 4 Part 3 Draft v0.1",Urinalysis: Collection Time,402
"QSC302573, 05e - Period 4 Part 3 Draft v0.1",Record time of urine sample (Collect Urine Sample),402
"QSC302573, 05e - Period 4 Part 3 Draft v0.1","What was the bilirubin result? If any positive result, inform medic/PI. (Perform urinalysis and read results)",402
"QSC302573, 05e - Period 4 Part 3 Draft v0.1",Staff Initials:,403
"QSC302573, 05e - Period 4 Part 3 Draft v0.1",Comment:,403
"QSC302573, 05e - Period 4 Part 3 Draft v0.1","What was the urobilinogen result? If any positive result, inform medic/PI. (Perform urinalysis and read results)",403
"QSC302573, 05e - Period 4 Part 3 Draft v0.1","What was the ketone result? If any positive result, inform medic/PI. (Perform urinalysis and read results)",403
"QSC302573, 05e - Period 4 Part 3 Draft v0.1","What was the glucose result? If any positive result, inform medic/PI. (Perform urinalysis and read results)",403
"QSC302573, 05e - Period 4 Part 3 Draft v0.1",Comment:,404
"QSC302573, 05e - Period 4 Part 3 Draft v0.1",Staff Initials:,404
"QSC302573, 05e - Period 4 Part 3 Draft v0.1",What was the protein result?,404
"QSC302573, 05e - Period 4 Part 3 Draft v0.1","IF PROTEIN ≥ 30mg/dl: Repeat urinalysis as soon as possible, ensuring a clean catch specimen. If protein remains ≥ 30mg/dl on repeat, then inform PI/medic. (Perform urinalysis and read results)",404
"QSC302573, 05e - Period 4 Part 3 Draft v0.1",What was the blood result? (Perform urinalysis and read results),404
"QSC302573, 05e - Period 4 Part 3 Draft v0.1",Comment:,405
"QSC302573, 05e - Period 4 Part 3 Draft v0.1",Staff Initials:,405
"QSC302573, 05e - Period 4 Part 3 Draft v0.1",What was the nitrite result? (Perform urinalysis and read results),405
"QSC302573, 05e - Period 4 Part 3 Draft v0.1",Record pH value (Perform urinalysis and read results),405
"QSC302573, 05e - Period 4 Part 3 Draft v0.1",Comment:,406
"QSC302573, 05e - Period 4 Part 3 Draft v0.1",Staff Initials:,406
"QSC302573, 05e - Period 4 Part 3 Draft v0.1",Record specific gravity of sample (Perform urinalysis and read results),406
"QSC302573, 05e - Period 4 Part 3 Draft v0.1",Staff Initials:,407
"QSC302573, 05e - Period 4 Part 3 Draft v0.1",Comment:,407
"QSC302573, 05e - Period 4 Part 3 Draft v0.1",What was the leukocyte result? (Perform urinalysis and read results),407
"QSC302573, 05e - Period 4 Part 3 Draft v0.1","Is participant female and menstruating? (If 'Yes', DO NOT send sample for Microscopy. If 'No', send sample for Microscopy)",407
"QSC302573, 05e - Period 4 Part 3 Draft v0.1",Confirm sample sent for microscopy (Complete associated paperwork),407
"QSC302573, 05e - Period 4 Part 3 Draft v0.1",Staff Initials:,408
"QSC302573, 05e - Period 4 Part 3 Draft v0.1",Comment:,408
"QSC302573, 05e - Period 4 Part 3 Draft v0.1",Has urinalysis been repeated as soon as possible with a clean catch specimen? Ensure events are repeated to capture this data.,408
"QSC302573, 05e - Period 4 Part 3 Draft v0.1",Urinalysis Microscopy Sample (20 mL Sterilin screw cap),408
"QSC302573, 05e - Period 4 Part 3 Draft v0.1",Barcode:,408
"QSC302573, 05e - Period 4 Part 3 Draft v0.1",Confirm TDL form completed:,408
"QSC302573, 05e - Period 4 Part 3 Draft v0.1",- Correct form used - Correct participant label applied - Correct slot number written - Correct sex and fasting status - Correct timepoint checked - Correct sample date and time written - Correct visit - Initials signed to confirm sample collected and form correct,408
"QSC302573, 05e - Period 4 Part 3 Draft v0.1",Has there been a medic review of the Microscopy results?,408
"QSC302573, 05e - Period 4 Part 3 Draft v0.1",Urine Pregnancy test (N/A if male),408
"QSC302573, 05e - Period 4 Part 3 Draft v0.1",Comment:,409
"QSC302573, 05e - Period 4 Part 3 Draft v0.1",Staff Initials:,409
"QSC302573, 05e - Period 4 Part 3 Draft v0.1",Positive result for Urine Pregnancy (Medic to exclude subject),409
"QSC302573, 05e - Period 4 Part 3 Draft v0.1",12 Lead Standard ECG,409
"QSC302573, 05e - Period 4 Part 3 Draft v0.1","Exclude if - QT interval corrected for heart rate using Fridericia’s formula (QTcF) >450 msec for male participants or >470 msec for female participants, QRS interval >120 msec, or PR interval >200 msec. (Supine for a minimum 3 minutes)",409
"QSC302573, 05e - Period 4 Part 3 Draft v0.1",Staff Initials:,410
"QSC302573, 05e - Period 4 Part 3 Draft v0.1",Comment:,410
"QSC302573, 05e - Period 4 Part 3 Draft v0.1",ECG Rhythm assessment and interpretation,410
"QSC302573, 05e - Period 4 Part 3 Draft v0.1",Was the ECG clinically significant? (Medic to assess),410
"QSC302573, 05e - Period 4 Part 3 Draft v0.1",ECG Findings,410
"QSC302573, 05e - Period 4 Part 3 Draft v0.1","ECG Findings, including rhythm assessment",410
"QSC302573, 05e - Period 4 Part 3 Draft v0.1",Staff Initials:,411
"QSC302573, 05e - Period 4 Part 3 Draft v0.1",Comment:,411
"QSC302573, 05e - Period 4 Part 3 Draft v0.1",ECG Difference Calculation - a participant will be withdrawn where there is an increase in QTcF interval of >60 msec from baseline (confirmed following a repeat ECG),411
"QSC302573, 05e - Period 4 Part 3 Draft v0.1",Vital Signs (Supine for at least 3 minutes),411
"QSC302573, 05e - Period 4 Part 3 Draft v0.1",Clinical Assessment of Vital Signs (Medic or Nurse to assess vital signs),411
"QSC302573, 05e - Period 4 Part 3 Draft v0.1",Staff Initials:,412
"QSC302573, 05e - Period 4 Part 3 Draft v0.1",Comment:,412
"QSC302573, 05e - Period 4 Part 3 Draft v0.1",Vital Sign Findings,412
"QSC302573, 05e - Period 4 Part 3 Draft v0.1",Vital Signs Standing BP and HR (Standing for at least 3 minutes),412
"QSC302573, 05e - Period 4 Part 3 Draft v0.1",Is there a drop in SYSTOLIC BP from supine to standing?,412
"QSC302573, 05e - Period 4 Part 3 Draft v0.1",Is there a drop in DIASTOLIC BP from supine to standing?,412
"QSC302573, 05e - Period 4 Part 3 Draft v0.1",Staff Initials:,413
"QSC302573, 05e - Period 4 Part 3 Draft v0.1",Comment:,413
"QSC302573, 05e - Period 4 Part 3 Draft v0.1",Vital Signs Difference for SYSTOLIC Drop,413
"QSC302573, 05e - Period 4 Part 3 Draft v0.1",Vital Signs Difference for DIASTOLIC Drop,413
"QSC302573, 05e - Period 4 Part 3 Draft v0.1",Clinical Assessment of Standing Vital Signs (Medic or Nurse to assess vital signs),413
"QSC302573, 05e - Period 4 Part 3 Draft v0.1",Vital Sign Findings,413
"QSC302573, 05e - Period 4 Part 3 Draft v0.1",Has the participant fasted for 8 hours?,413
"QSC302573, 05e - Period 4 Part 3 Draft v0.1",Comment:,414
"QSC302573, 05e - Period 4 Part 3 Draft v0.1",Staff Initials:,414
"QSC302573, 05e - Period 4 Part 3 Draft v0.1",Haematology – Mix tube gently by inverting 8–10 times (2 mL K3EDTA),414
"QSC302573, 05e - Period 4 Part 3 Draft v0.1",Barcode:,414
"QSC302573, 05e - Period 4 Part 3 Draft v0.1",Has there been a medic review of the Haematology blood results?,414
"QSC302573, 05e - Period 4 Part 3 Draft v0.1",Chemistry – Mix tube gently by inverting 5–6 times (5 mL SST),414
"QSC302573, 05e - Period 4 Part 3 Draft v0.1",Has there been a medic review of the Clinical Chemistry blood results?,414
"QSC302573, 05e - Period 4 Part 3 Draft v0.1",Staff Initials:,415
"QSC302573, 05e - Period 4 Part 3 Draft v0.1",Comment:,415
"QSC302573, 05e - Period 4 Part 3 Draft v0.1",Confirm TDL form completed:,415
"QSC302573, 05e - Period 4 Part 3 Draft v0.1",- Correct form used - Correct participant label applied - Correct slot number written - Correct sex and fasting status - Correct timepoint checked - Correct sample date and time written - Correct visit - Initials signed to confirm sample collected and form correct,415
"QSC302573, 05e - Period 4 Part 3 Draft v0.1",PK Sample for Bioanalysis - Gently invert tube 8-10 times immediately after collection and protect the sample from light (4 mL K2EDTA) Barcode:,415
"QSC302573, 05e - Period 4 Part 3 Draft v0.1",Confirm an AE and Conmed check has been performed (Record any AE and Conmeds if applicable),415
"QSC302573, 05e - Period 4 Part 3 Draft v0.1",Stanford Sleepiness Scale: Stanford Sleepiness Scale Date,415
"QSC302573, 05e - Period 4 Part 3 Draft v0.1",Stanford Sleepiness Scale Questionnaire - Date and Time (Transcribe from paper source workbook),415
"QSC302573, 05e - Period 4 Part 3 Draft v0.1",Degree of Sleepiness,415
"QSC302573, 05e - Period 4 Part 3 Draft v0.1",Comment:,416
"QSC302573, 05e - Period 4 Part 3 Draft v0.1",Staff Initials:,416
"QSC302573, 05e - Period 4 Part 3 Draft v0.1",PK Sample for Bioanalysis - Gently invert tube 8-10 times immediately after collection and protect the sample from light (4 mL K2EDTA) Barcode:,416
"QSC302573, 05e - Period 4 Part 3 Draft v0.1",Confirm an AE and Conmed check has been performed (Record any AE and Conmeds if applicable),416
"QSC302573, 05e - Period 4 Part 3 Draft v0.1",Staff Initials:,417
"QSC302573, 05e - Period 4 Part 3 Draft v0.1",Comment:,417
"QSC302573, 05e - Period 4 Part 3 Draft v0.1",Confirm an AE and Conmed check has been performed (Record any AE and Conmeds if applicable),417
"QSC302573, 05e - Period 4 Part 3 Draft v0.1",Vital Signs (Supine for at least 3 minutes),417
"QSC302573, 05e - Period 4 Part 3 Draft v0.1",Clinical Assessment of Vital Signs (Medic or Nurse to assess vital signs),417
"QSC302573, 05e - Period 4 Part 3 Draft v0.1",Staff Initials:,418
"QSC302573, 05e - Period 4 Part 3 Draft v0.1",Comment:,418
"QSC302573, 05e - Period 4 Part 3 Draft v0.1",Vital Sign Findings,418
"QSC302573, 05e - Period 4 Part 3 Draft v0.1",Vital Signs Standing BP and HR (Standing for at least 3 minutes),418
"QSC302573, 05e - Period 4 Part 3 Draft v0.1",Is there a drop in SYSTOLIC BP from supine to standing?,418
"QSC302573, 05e - Period 4 Part 3 Draft v0.1",Is there a drop in DIASTOLIC BP from supine to standing?,418
"QSC302573, 05e - Period 4 Part 3 Draft v0.1",Staff Initials:,419
"QSC302573, 05e - Period 4 Part 3 Draft v0.1",Comment:,419
"QSC302573, 05e - Period 4 Part 3 Draft v0.1",Vital Signs Difference for SYSTOLIC Drop,419
"QSC302573, 05e - Period 4 Part 3 Draft v0.1",Vital Signs Difference for DIASTOLIC Drop,419
"QSC302573, 05e - Period 4 Part 3 Draft v0.1",Clinical Assessment of Standing Vital Signs (Medic or Nurse to assess vital signs),419
"QSC302573, 05e - Period 4 Part 3 Draft v0.1",Vital Sign Findings,419
"QSC302573, 05e - Period 4 Part 3 Draft v0.1",Staff Initials:,420
"QSC302573, 05e - Period 4 Part 3 Draft v0.1",Comment:,420
"QSC302573, 05e - Period 4 Part 3 Draft v0.1",PK Sample for Bioanalysis - Gently invert tube 8-10 times immediately after collection and protect the sample from light (4 mL K2EDTA) Barcode:,420
"QSC302573, 05e - Period 4 Part 3 Draft v0.1",Confirm an AE and Conmed check has been performed (Record any AE and Conmeds if applicable),420
"QSC302573, 05e - Period 4 Part 3 Draft v0.1",Urinalysis: Collection Time,420
"QSC302573, 05e - Period 4 Part 3 Draft v0.1",Record time of urine sample (Collect Urine Sample),420
"QSC302573, 05e - Period 4 Part 3 Draft v0.1","What was the bilirubin result? If any positive result, inform medic/PI. (Perform urinalysis and read results)",420
"QSC302573, 05e - Period 4 Part 3 Draft v0.1","What was the urobilinogen result? If any positive result, inform medic/PI. (Perform urinalysis and read results)",420
"QSC302573, 05e - Period 4 Part 3 Draft v0.1",Comment:,421
"QSC302573, 05e - Period 4 Part 3 Draft v0.1",Staff Initials:,421
"QSC302573, 05e - Period 4 Part 3 Draft v0.1","What was the ketone result? If any positive result, inform medic/PI. (Perform urinalysis and read results)",421
"QSC302573, 05e - Period 4 Part 3 Draft v0.1","What was the glucose result? If any positive result, inform medic/PI. (Perform urinalysis and read results)",421
"QSC302573, 05e - Period 4 Part 3 Draft v0.1",Comment:,422
"QSC302573, 05e - Period 4 Part 3 Draft v0.1",Staff Initials:,422
"QSC302573, 05e - Period 4 Part 3 Draft v0.1",What was the protein result?,422
"QSC302573, 05e - Period 4 Part 3 Draft v0.1","IF PROTEIN ≥ 30mg/dl: Repeat urinalysis as soon as possible, ensuring a clean catch specimen. If protein remains ≥ 30mg/dl on repeat, then inform PI/medic. (Perform urinalysis and read results)",422
"QSC302573, 05e - Period 4 Part 3 Draft v0.1",What was the blood result? (Perform urinalysis and read results),422
"QSC302573, 05e - Period 4 Part 3 Draft v0.1",Comment:,423
"QSC302573, 05e - Period 4 Part 3 Draft v0.1",Staff Initials:,423
"QSC302573, 05e - Period 4 Part 3 Draft v0.1",What was the nitrite result? (Perform urinalysis and read results),423
"QSC302573, 05e - Period 4 Part 3 Draft v0.1",Staff Initials:,424
"QSC302573, 05e - Period 4 Part 3 Draft v0.1",Comment:,424
"QSC302573, 05e - Period 4 Part 3 Draft v0.1",Record pH value (Perform urinalysis and read results),424
"QSC302573, 05e - Period 4 Part 3 Draft v0.1",Record specific gravity of sample (Perform urinalysis and read results),424
"QSC302573, 05e - Period 4 Part 3 Draft v0.1",Staff Initials:,425
"QSC302573, 05e - Period 4 Part 3 Draft v0.1",Comment:,425
"QSC302573, 05e - Period 4 Part 3 Draft v0.1",What was the leukocyte result? (Perform urinalysis and read results),425
"QSC302573, 05e - Period 4 Part 3 Draft v0.1","Is participant female and menstruating? (If 'Yes', DO NOT send sample for Microscopy. If 'No', send sample for Microscopy)",425
"QSC302573, 05e - Period 4 Part 3 Draft v0.1",Confirm sample sent for microscopy (Complete associated paperwork),425
"QSC302573, 05e - Period 4 Part 3 Draft v0.1",Staff Initials:,426
"QSC302573, 05e - Period 4 Part 3 Draft v0.1",Comment:,426
"QSC302573, 05e - Period 4 Part 3 Draft v0.1",Has urinalysis been repeated as soon as possible with a clean catch specimen? Ensure events are repeated to capture this data.,426
"QSC302573, 05e - Period 4 Part 3 Draft v0.1",Urinalysis Microscopy Sample (20 mL Sterilin screw cap),426
"QSC302573, 05e - Period 4 Part 3 Draft v0.1",Barcode:,426
"QSC302573, 05e - Period 4 Part 3 Draft v0.1",Confirm TDL form completed:,426
"QSC302573, 05e - Period 4 Part 3 Draft v0.1",- Correct form used - Correct participant label applied - Correct slot number written - Correct sex and fasting status - Correct timepoint checked - Correct sample date and time written - Correct visit - Initials signed to confirm sample collected and form correct,426
"QSC302573, 05e - Period 4 Part 3 Draft v0.1",Has there been a medic review of the Microscopy results?,426
"QSC302573, 05e - Period 4 Part 3 Draft v0.1",Staff Initials:,427
"QSC302573, 05e - Period 4 Part 3 Draft v0.1",Comment:,427
"QSC302573, 05e - Period 4 Part 3 Draft v0.1",12 Lead Standard ECG,427
"QSC302573, 05e - Period 4 Part 3 Draft v0.1","Exclude if - QT interval corrected for heart rate using Fridericia’s formula (QTcF) >450 msec for male participants or >470 msec for female participants, QRS interval >120 msec, or PR interval >200 msec. (Supine for a minimum 3 minutes)",427
"QSC302573, 05e - Period 4 Part 3 Draft v0.1",ECG Rhythm assessment and interpretation,427
"QSC302573, 05e - Period 4 Part 3 Draft v0.1",Was the ECG clinically significant? (Medic to assess),427
"QSC302573, 05e - Period 4 Part 3 Draft v0.1",Staff Initials:,428
"QSC302573, 05e - Period 4 Part 3 Draft v0.1",Comment:,428
"QSC302573, 05e - Period 4 Part 3 Draft v0.1",ECG Findings,428
"QSC302573, 05e - Period 4 Part 3 Draft v0.1","ECG Findings, including rhythm assessment",428
"QSC302573, 05e - Period 4 Part 3 Draft v0.1",ECG Difference Calculation - a participant will be withdrawn where there is an increase in QTcF interval of >60 msec from baseline (confirmed following a repeat ECG),428
"QSC302573, 05e - Period 4 Part 3 Draft v0.1",Vital Signs (Supine for at least 3 minutes),428
"QSC302573, 05e - Period 4 Part 3 Draft v0.1",Comment:,429
"QSC302573, 05e - Period 4 Part 3 Draft v0.1",Staff Initials:,429
"QSC302573, 05e - Period 4 Part 3 Draft v0.1",Clinical Assessment of Vital Signs (Medic or Nurse to assess vital signs),429
"QSC302573, 05e - Period 4 Part 3 Draft v0.1",Vital Sign Findings,429
"QSC302573, 05e - Period 4 Part 3 Draft v0.1",Staff Initials:,430
"QSC302573, 05e - Period 4 Part 3 Draft v0.1",Comment:,430
"QSC302573, 05e - Period 4 Part 3 Draft v0.1",Vital Signs Standing BP and HR (Standing for at least 3 minutes),430
"QSC302573, 05e - Period 4 Part 3 Draft v0.1",Is there a drop in SYSTOLIC BP from supine to standing?,430
"QSC302573, 05e - Period 4 Part 3 Draft v0.1",Is there a drop in DIASTOLIC BP from supine to standing?,430
"QSC302573, 05e - Period 4 Part 3 Draft v0.1",Vital Signs Difference for SYSTOLIC Drop,430
"QSC302573, 05e - Period 4 Part 3 Draft v0.1",Staff Initials:,431
"QSC302573, 05e - Period 4 Part 3 Draft v0.1",Comment:,431
"QSC302573, 05e - Period 4 Part 3 Draft v0.1",Vital Signs Difference for DIASTOLIC Drop,431
"QSC302573, 05e - Period 4 Part 3 Draft v0.1",Clinical Assessment of Standing Vital Signs (Medic or Nurse to assess vital signs),431
"QSC302573, 05e - Period 4 Part 3 Draft v0.1",Vital Sign Findings,431
"QSC302573, 05e - Period 4 Part 3 Draft v0.1",Has the participant fasted for 8 hours?,431
"QSC302573, 05e - Period 4 Part 3 Draft v0.1",Staff Initials:,432
"QSC302573, 05e - Period 4 Part 3 Draft v0.1",Comment:,432
"QSC302573, 05e - Period 4 Part 3 Draft v0.1",Haematology – Mix tube gently by inverting 8–10 times (2 mL K3EDTA),432
"QSC302573, 05e - Period 4 Part 3 Draft v0.1",Barcode:,432
"QSC302573, 05e - Period 4 Part 3 Draft v0.1",Has there been a medic review of the Haematology blood results?,432
"QSC302573, 05e - Period 4 Part 3 Draft v0.1",Chemistry – Mix tube gently by inverting 5–6 times (5 mL SST),432
"QSC302573, 05e - Period 4 Part 3 Draft v0.1",Has there been a medic review of the Clinical Chemistry blood results?,432
"QSC302573, 05e - Period 4 Part 3 Draft v0.1",Staff Initials:,433
"QSC302573, 05e - Period 4 Part 3 Draft v0.1",Comment:,433
"QSC302573, 05e - Period 4 Part 3 Draft v0.1",Confirm TDL form completed:,433
"QSC302573, 05e - Period 4 Part 3 Draft v0.1",- Correct form used - Correct participant label applied - Correct slot number written - Correct sex and fasting status - Correct timepoint checked - Correct sample date and time written - Correct visit - Initials signed to confirm sample collected and form correct,433
"QSC302573, 05e - Period 4 Part 3 Draft v0.1",PK Sample for Bioanalysis - Gently invert tube 8-10 times immediately after collection and protect the sample from light (4 mL K2EDTA) Barcode:,433
"QSC302573, 05e - Period 4 Part 3 Draft v0.1",Confirm an AE and Conmed check has been performed (Record any AE and Conmeds if applicable),433
"QSC302573, 05e - Period 4 Part 3 Draft v0.1",C-SSRS Assessment: Date of Assessment,433
"QSC302573, 05e - Period 4 Part 3 Draft v0.1",C-SSRS Questionnaire - Date and Time (Transcribe from C-SSRS paper source workbook),433
"QSC302573, 05e - Period 4 Part 3 Draft v0.1",Staff Initials:,434
"QSC302573, 05e - Period 4 Part 3 Draft v0.1",Comment:,434
"QSC302573, 05e - Period 4 Part 3 Draft v0.1",1. Wish to be dead,434
"QSC302573, 05e - Period 4 Part 3 Draft v0.1","Subject endorses thoughts about a wish to be dead or not alive anymore, or a wish to fall asleep and not wake up. (Have you wished you were dead or wished you could go to sleep and not wake up?)",434
"QSC302573, 05e - Period 4 Part 3 Draft v0.1",2. Non-specific Active Suicidal Thoughts,434
"QSC302573, 05e - Period 4 Part 3 Draft v0.1","General non-specific thoughts of wanting to end one's life / commit suicide (e.g. ""I've thought about killing myself"") without thoughts of ways to kill oneself / associated methods, intent, or plan during the assessment period. (Have you actually had any thoughts of killing yourself?)",434
"QSC302573, 05e - Period 4 Part 3 Draft v0.1",Staff Initials:,435
"QSC302573, 05e - Period 4 Part 3 Draft v0.1",Comment:,435
"QSC302573, 05e - Period 4 Part 3 Draft v0.1",3. Active Suicidal Ideation with Any Methods (Not Plan) Without Intent to Act,435
"QSC302573, 05e - Period 4 Part 3 Draft v0.1","Subject endorses thoughts of suicide and has thought of at least one method during the assessment period. This is different from a specific plan with time, place or method details worked out (e.g. thought of method to kill self but not a specific plan). Includes person who would say, ""I thought about taking an overdose but I never made a specific plan as to when, where or how I would actually do it… and I would never go through with it"". (Have you been thinking about how you might do this?)",435
"QSC302573, 05e - Period 4 Part 3 Draft v0.1","4. Active Suicidal Ideation with Some Intent to Act, without Specific Plan",435
"QSC302573, 05e - Period 4 Part 3 Draft v0.1","Active suicidal thoughts of killing oneself and subject reports having some intent to act on such thoughts, as opposed to ""I have the thoughts but I definitely will not do anything about them"". (Have you had these thoughts and had some intention of acting on them?)",435
"QSC302573, 05e - Period 4 Part 3 Draft v0.1",Staff Initials:,436
"QSC302573, 05e - Period 4 Part 3 Draft v0.1",Comment:,436
"QSC302573, 05e - Period 4 Part 3 Draft v0.1",5. Active Suicidal Ideation with Specific Plan and Intent,436
"QSC302573, 05e - Period 4 Part 3 Draft v0.1",Thoughts of killing oneself with details of plan fully or partially worked out and subject has some intent to carry it out. (Have you started to work out or worked out the details of how to kill yourself? Do you intend to carry out this plan?),436
"QSC302573, 05e - Period 4 Part 3 Draft v0.1",Most Severe Ideation,436
"QSC302573, 05e - Period 4 Part 3 Draft v0.1","The following feature should be rated with respect to the most severe type of ideation (i.e. 1-5 from above, with 1 being the least severe and 5 being the most severe). Ask about time he/she was feeling the most suicidal.",436
"QSC302573, 05e - Period 4 Part 3 Draft v0.1",Staff Initials:,437
"QSC302573, 05e - Period 4 Part 3 Draft v0.1",Comment:,437
"QSC302573, 05e - Period 4 Part 3 Draft v0.1",Frequency,437
"QSC302573, 05e - Period 4 Part 3 Draft v0.1",(How many times have you had these thoughts?),437
"QSC302573, 05e - Period 4 Part 3 Draft v0.1",Duration,437
"QSC302573, 05e - Period 4 Part 3 Draft v0.1","(When you have the thoughts, how long do they last?)",437
"QSC302573, 05e - Period 4 Part 3 Draft v0.1",Controllability,437
"QSC302573, 05e - Period 4 Part 3 Draft v0.1",(Could/can you stop thinking about killing yourself or wanting to die if you want to?),437
"QSC302573, 05e - Period 4 Part 3 Draft v0.1",Comment:,438
"QSC302573, 05e - Period 4 Part 3 Draft v0.1",Staff Initials:,438
"QSC302573, 05e - Period 4 Part 3 Draft v0.1",Deterrents,438
"QSC302573, 05e - Period 4 Part 3 Draft v0.1","(Are there things - anyone or anything (e.g. family, religion, pain of death) - that stopped you from wanting to die or acting on thoughts of committing suicide?)",438
"QSC302573, 05e - Period 4 Part 3 Draft v0.1",Staff Initials:,439
"QSC302573, 05e - Period 4 Part 3 Draft v0.1",Comment:,439
"QSC302573, 05e - Period 4 Part 3 Draft v0.1",Reasons for Ideation,439
"QSC302573, 05e - Period 4 Part 3 Draft v0.1","(What sort of reasons did you have for thinking about wanting to die or killing yourself? Was it to end the pain or stop the way you were feeling (in other words you couldn't go on living with this pain or how you were feeling) or was it to get attention, revenge or a reaction from others? Or both?)",439
"QSC302573, 05e - Period 4 Part 3 Draft v0.1",Staff Initials:,440
"QSC302573, 05e - Period 4 Part 3 Draft v0.1",Comment:,440
"QSC302573, 05e - Period 4 Part 3 Draft v0.1",Actual Attempt (Since Last Visit),440
"QSC302573, 05e - Period 4 Part 3 Draft v0.1",Total Number of Attempts,440
"QSC302573, 05e - Period 4 Part 3 Draft v0.1",Staff Initials:,441
"QSC302573, 05e - Period 4 Part 3 Draft v0.1",Comment:,441
"QSC302573, 05e - Period 4 Part 3 Draft v0.1",Has subject engaged in Non-Suicidal Self-Injurious Behaviour (Since Last Visit),441
"QSC302573, 05e - Period 4 Part 3 Draft v0.1",Interrupted Attempt (Since Last Visit),441
"QSC302573, 05e - Period 4 Part 3 Draft v0.1","When the person is interrupted (by an outside circumstance) from starting the potentially self- injurious act (if not for that, actual attempt would have occurred). Overdose: Person has pills in hand but is stopped from ingesting. Once they ingest any pills, this becomes an attempt rather than an interrupted attempt. Shooting: Person has gun pointed towards self, gun is taken away by someone else, or he/she is somehow prevented from pulling trigger. Once they pull the trigger, even if the gun fails to fire, it is an attempt. Jumping: Person is poised to jump, is grabbed and taken down from ledge. Hanging: Person has noose around neck but has not yet started to hang - is stopped from doing so. (Has there been a time when you started to do something to end your life but someone or something stopped you before you actually did anything?)",441
"QSC302573, 05e - Period 4 Part 3 Draft v0.1",Total Number of Interrupted,441
"QSC302573, 05e - Period 4 Part 3 Draft v0.1",Staff Initials:,442
"QSC302573, 05e - Period 4 Part 3 Draft v0.1",Comment:,442
"QSC302573, 05e - Period 4 Part 3 Draft v0.1",Aborted Attempt (Since Last Visit),442
"QSC302573, 05e - Period 4 Part 3 Draft v0.1","When person begins to take steps towards making a suicide attempt, but stops themselves before they actually have engaged in any self-destructive behaviour. Examples are similar to interrupted attempts, except that the individual stops him/herself instead of being stopped by something else. (Has there been a time when you started to do something to try to end your life but you stopped yourself before you actually did anything?)",442
"QSC302573, 05e - Period 4 Part 3 Draft v0.1",Total Number of Aborted,442
"QSC302573, 05e - Period 4 Part 3 Draft v0.1","Acts or preparation towards imminently making a suicide attempt. This can include anything beyond a verbalisation or thought, such as assembling a specific method (e.g. buying pills, purchasing a gun) or preparing for one's death by suicide (e.g. giving things away, writing a suicide note). (Have you taken any steps towards making a suicide attempt or preparing to kill yourself (such as collecting pills, getting a gun, giving valuables away or writing a suicide note)?)",442
"QSC302573, 05e - Period 4 Part 3 Draft v0.1",Staff Initials:,443
"QSC302573, 05e - Period 4 Part 3 Draft v0.1",Comment:,443
"QSC302573, 05e - Period 4 Part 3 Draft v0.1",Preparatory Acts or Behaviour (Since Last Visit),443
"QSC302573, 05e - Period 4 Part 3 Draft v0.1","Acts or preparation towards imminently making a suicide attempt. This can include anything beyond a verbalisation or thought, such as assembling a specific method (e.g. buying pills, purchasing a gun) or preparing for one's death by suicide (e.g. giving things away, writing a suicide note). (Have you taken any steps towards making a suicide attempt or preparing to kill yourself (such as collecting pills, getting a gun, giving valuables away or writing a suicide note)?)",443
"QSC302573, 05e - Period 4 Part 3 Draft v0.1",Suicidal Behaviour (Since Last Visit),443
"QSC302573, 05e - Period 4 Part 3 Draft v0.1",Suicidal behaviour was present during the assessment period?,443
"QSC302573, 05e - Period 4 Part 3 Draft v0.1",Suicide (Since Last Visit),443
"QSC302573, 05e - Period 4 Part 3 Draft v0.1",Staff Initials:,444
"QSC302573, 05e - Period 4 Part 3 Draft v0.1",Comment:,444
"QSC302573, 05e - Period 4 Part 3 Draft v0.1",Most Lethal Attempt Date,444
"QSC302573, 05e - Period 4 Part 3 Draft v0.1",Actual Lethality/Medical Damage - Most Lethal Attempt,444
"QSC302573, 05e - Period 4 Part 3 Draft v0.1",Staff Initials:,445
"QSC302573, 05e - Period 4 Part 3 Draft v0.1",Comment:,445
"QSC302573, 05e - Period 4 Part 3 Draft v0.1",Potential Lethality - Most Lethal Attempt Code (only answer if Actual Lethality = 0),445
"QSC302573, 05e - Period 4 Part 3 Draft v0.1",Targeted Physical Examination Findings: Require Targeted PE?,445
"QSC302573, 05e - Period 4 Part 3 Draft v0.1","Targeted Physical Examination: Does the participant require a targeted physical examination? (If yes, please specify the reason)",445
"QSC302573, 05e - Period 4 Part 3 Draft v0.1","Targeted Physical Examination Findings: Any clinically significant abnormal findings? #2 If yes, were there any clinically significant abnormal findings?",445
"QSC302573, 05e - Period 4 Part 3 Draft v0.1",Physical Examination Category,445
"QSC302573, 05e - Period 4 Part 3 Draft v0.1",Comment:,446
"QSC302573, 05e - Period 4 Part 3 Draft v0.1",Staff Initials:,446
"QSC302573, 05e - Period 4 Part 3 Draft v0.1",Detailed findings of Physical Examination,446
"QSC302573, 05e - Period 4 Part 3 Draft v0.1",Staff Initials:,447
"QSC302573, 05e - Period 4 Part 3 Draft v0.1",Comment:,447
"QSC302573, 05e - Period 4 Part 3 Draft v0.1",Neurological Examination: Neurological Examination Performed?,447
"QSC302573, 05e - Period 4 Part 3 Draft v0.1",Was a neurological examination performed?,447
"QSC302573, 05e - Period 4 Part 3 Draft v0.1",Mental Status,447
"QSC302573, 05e - Period 4 Part 3 Draft v0.1",Cranial Nerves,447
"QSC302573, 05e - Period 4 Part 3 Draft v0.1",Motor Systems,447
"QSC302573, 05e - Period 4 Part 3 Draft v0.1",Staff Initials:,448
"QSC302573, 05e - Period 4 Part 3 Draft v0.1",Comment:,448
"QSC302573, 05e - Period 4 Part 3 Draft v0.1",Reflexes,448
"QSC302573, 05e - Period 4 Part 3 Draft v0.1",Staff Initials:,449
"QSC302573, 05e - Period 4 Part 3 Draft v0.1",Comment:,449
"QSC302573, 05e - Period 4 Part 3 Draft v0.1",Sensory System,449
"QSC302573, 05e - Period 4 Part 3 Draft v0.1",Co-ordination,449
"QSC302573, 05e - Period 4 Part 3 Draft v0.1",Staff Initials:,450
"QSC302573, 05e - Period 4 Part 3 Draft v0.1",Comment:,450
"QSC302573, 05e - Period 4 Part 3 Draft v0.1",Station and Gait,450
"QSC302573, 05e - Period 4 Part 3 Draft v0.1",Detailed findings of Neurological Examination,450
"QSC302573, 05e - Period 4 Part 3 Draft v0.1",Confirm participant has been provided with a Trial Participation Card,450
"QSC302573, 05e - Period 4 Part 3 Draft v0.1","Is the signed copy of the participant's ICF present in their volunteer folder? (If 'No', escalate immediately)",450
"QSC302573, 05e - Period 4 Part 3 Draft v0.1",Staff Initials:,451
"QSC302573, 05e - Period 4 Part 3 Draft v0.1",Comment:,451
"QSC302573, 05e - Period 4 Part 3 Draft v0.1",Bag search performed?,451
"QSC302573, 05e - Period 4 Part 3 Draft v0.1","Has volunteer been reminded of the restrictions, below?",451
"QSC302573, 05e - Period 4 Part 3 Draft v0.1","Due to the unavailability of phototoxic data, participants will be advised to minimize exposure to sunlight by spending a reduced amount of time outdoors/remaining inside the clinical unit during the residential periods of the study wearing sunglasses and clothing that minimizes exposure to sunlight and using sun cream on exposed areas when going outdoors. They will also be advised not to use sunbeds. This restriction will be advised from first dose until 7 days post- final dose.",451
"QSC302573, 05e - Period 4 Part 3 Draft v0.1","Sexually active males will commit to utilizing 2 different approved methods of birth control during the trial and for 90 days plus 5 half-lives (ie, 92 days) after the last dose of IMP, or will remain abstinent for the same period of time.",451
"QSC302573, 05e - Period 4 Part 3 Draft v0.1","Males will refrain from sperm donation from the screening visit through 90 days plus 5 half-lives (ie, 92 days) after the last dose of IMP.",451
"QSC302573, 05e - Period 4 Part 3 Draft v0.1",Have there been any Adverse Events throughout study duration?,451
"QSC302573, 05e - Period 4 Part 3 Draft v0.1",Staff Initials:,452
"QSC302573, 05e - Period 4 Part 3 Draft v0.1",Comment:,452
"QSC302573, 05e - Period 4 Part 3 Draft v0.1",Confirm that all discharge procedures have been completed and the participant is safe to be discharged.,452
"QSC302573, 05e - Period 4 Part 3 Draft v0.1","As participant has had AE(s) on the study, Medic to confirm that all discharge procedures have been completed and the participant is safe to be discharged.",452
"QSC302573, 05e - Period 4 Part 3 Draft v0.1",Has it been 30 to 32 days since participant's last dose?,452
"QSC302573, 06 - Follow Up Call Draft",Staff Initials:,453
"QSC302573, 06 - Follow Up Call Draft",Comment:,453
"QSC302573, 06 - Follow Up Call Draft","Has participant adhered to the restrictions, below?",453
"QSC302573, 06 - Follow Up Call Draft","Sexually active males will commit to utilizing 2 different approved methods of birth control during the trial and for 90 days plus 5 half-lives (ie, 92 days) after the last dose of IMP, or will remain abstinent for the same period of time.",453
"QSC302573, 06 - Follow Up Call Draft","Males will refrain from sperm donation from the screening visit through 90 days plus 5 half-lives (ie, 92 days) after the last dose of IMP.",453
"QSC302573, 06 - Follow Up Call Draft",Please ensure that a Protocol Deviation is completed,453
"QSC302573, 06 - Follow Up Call Draft",Has the participant been unwell since their last visit?,453
"QSC302573, 06 - Follow Up Call Draft",Please ensure that an Adverse Event is completed,453
"QSC302573, 06 - Follow Up Call Draft",Has the participant taken any medication since their last visit?,453
"QSC302573, 06 - Follow Up Call Draft",Staff Initials:,454
"QSC302573, 06 - Follow Up Call Draft",Comment:,454
"QSC302573, 06 - Follow Up Call Draft",Please ensure that a Concomitant Medication is completed,454
"QSC302573, 06 - Follow Up Call Draft",What is the status of the subject?,454
"QSC302573, 06 - Follow Up Call Draft",Urinalysis: Collection Time,454
"QSC302573, 06 - Follow Up Call Draft",Record time of urine sample (Collect Urine Sample),454
"QSC302573, 07 - Early Termination Draft v0.1",Staff Initials:,455
"QSC302573, 07 - Early Termination Draft v0.1",Comment:,455
"QSC302573, 07 - Early Termination Draft v0.1","What was the bilirubin result? If any positive result, inform medic/PI. (Perform urinalysis and read results)",455
"QSC302573, 07 - Early Termination Draft v0.1","What was the urobilinogen result? If any positive result, inform medic/PI. (Perform urinalysis and read results)",455
"QSC302573, 07 - Early Termination Draft v0.1","What was the ketone result? If any positive result, inform medic/PI. (Perform urinalysis and read results)",455
"QSC302573, 07 - Early Termination Draft v0.1",Comment:,456
"QSC302573, 07 - Early Termination Draft v0.1",Staff Initials:,456
"QSC302573, 07 - Early Termination Draft v0.1","What was the glucose result? If any positive result, inform medic/PI. (Perform urinalysis and read results)",456
"QSC302573, 07 - Early Termination Draft v0.1",What was the protein result?,456
"QSC302573, 07 - Early Termination Draft v0.1","IF PROTEIN ≥ 30mg/dl: Repeat urinalysis as soon as possible, ensuring a clean catch specimen. If protein remains ≥ 30mg/dl on repeat, then inform PI/medic. (Perform urinalysis and read results)",456
"QSC302573, 07 - Early Termination Draft v0.1",Comment:,457
"QSC302573, 07 - Early Termination Draft v0.1",Staff Initials:,457
"QSC302573, 07 - Early Termination Draft v0.1",What was the blood result? (Perform urinalysis and read results),457
"QSC302573, 07 - Early Termination Draft v0.1",Staff Initials:,458
"QSC302573, 07 - Early Termination Draft v0.1",Comment:,458
"QSC302573, 07 - Early Termination Draft v0.1",What was the nitrite result? (Perform urinalysis and read results),458
"QSC302573, 07 - Early Termination Draft v0.1",Record pH value (Perform urinalysis and read results),458
"QSC302573, 07 - Early Termination Draft v0.1",Record specific gravity of sample (Perform urinalysis and read results),458
"QSC302573, 07 - Early Termination Draft v0.1",Comment:,459
"QSC302573, 07 - Early Termination Draft v0.1",Staff Initials:,459
"QSC302573, 07 - Early Termination Draft v0.1",What was the leukocyte result? (Perform urinalysis and read results),459
"QSC302573, 07 - Early Termination Draft v0.1","Is participant female and menstruating? (If 'Yes', DO NOT send sample for Microscopy. If 'No', send sample for Microscopy)",459
"QSC302573, 07 - Early Termination Draft v0.1",Staff Initials:,460
"QSC302573, 07 - Early Termination Draft v0.1",Comment:,460
"QSC302573, 07 - Early Termination Draft v0.1",Confirm sample sent for microscopy (Complete associated paperwork),460
"QSC302573, 07 - Early Termination Draft v0.1",Has urinalysis been repeated as soon as possible with a clean catch specimen? Ensure events are repeated to capture this data.,460
"QSC302573, 07 - Early Termination Draft v0.1",Urinalysis Microscopy Sample (20 mL Sterilin screw cap),460
"QSC302573, 07 - Early Termination Draft v0.1",Barcode:,460
"QSC302573, 07 - Early Termination Draft v0.1",Confirm TDL form completed:,460
"QSC302573, 07 - Early Termination Draft v0.1",- Correct form used - Correct participant label applied - Correct slot number written - Correct sex and fasting status - Correct timepoint checked - Correct sample date and time written - Correct visit - Initials signed to confirm sample collected and form correct,460
"QSC302573, 07 - Early Termination Draft v0.1",Staff Initials:,461
"QSC302573, 07 - Early Termination Draft v0.1",Comment:,461
"QSC302573, 07 - Early Termination Draft v0.1",Has there been a medic review of the Microscopy results?,461
"QSC302573, 07 - Early Termination Draft v0.1",12 Lead Standard ECG,461
"QSC302573, 07 - Early Termination Draft v0.1",Normal QTCF upper range 450 msec for male participants or 470 msec for female participants (Supine for a minimum 3 minutes),461
"QSC302573, 07 - Early Termination Draft v0.1",ECG Rhythm assessment and interpretation,461
"QSC302573, 07 - Early Termination Draft v0.1",Comment:,462
"QSC302573, 07 - Early Termination Draft v0.1",Staff Initials:,462
"QSC302573, 07 - Early Termination Draft v0.1",Was the ECG clinically significant? (Medic to assess),462
"QSC302573, 07 - Early Termination Draft v0.1",ECG Findings,462
"QSC302573, 07 - Early Termination Draft v0.1","ECG Findings, including rhythm assessment",462
"QSC302573, 07 - Early Termination Draft v0.1",Vital Signs (Supine for at least 3 minutes),462
"QSC302573, 07 - Early Termination Draft v0.1",Comment:,463
"QSC302573, 07 - Early Termination Draft v0.1",Staff Initials:,463
"QSC302573, 07 - Early Termination Draft v0.1",Clinical Assessment of Vital Signs (Medic or Nurse to assess vital signs),463
"QSC302573, 07 - Early Termination Draft v0.1",Vital Sign Findings,463
"QSC302573, 07 - Early Termination Draft v0.1",Staff Initials:,464
"QSC302573, 07 - Early Termination Draft v0.1",Comment:,464
"QSC302573, 07 - Early Termination Draft v0.1",Vital Signs Standing BP and HR (Standing for at least 3 minutes),464
"QSC302573, 07 - Early Termination Draft v0.1",Is there a drop in SYSTOLIC BP from supine to standing?,464
"QSC302573, 07 - Early Termination Draft v0.1",Is there a drop in DIASTOLIC BP from supine to standing?,464
"QSC302573, 07 - Early Termination Draft v0.1",Vital Signs Difference for SYSTOLIC Drop,464
"QSC302573, 07 - Early Termination Draft v0.1",Staff Initials:,465
"QSC302573, 07 - Early Termination Draft v0.1",Comment:,465
"QSC302573, 07 - Early Termination Draft v0.1",Vital Signs Difference for DIASTOLIC Drop,465
"QSC302573, 07 - Early Termination Draft v0.1",Clinical Assessment of Standing Vital Signs (Medic or Nurse to assess vital signs),465
"QSC302573, 07 - Early Termination Draft v0.1",Vital Sign Findings,465
"QSC302573, 07 - Early Termination Draft v0.1",Has the participant fasted for 8 hours?,465
"QSC302573, 07 - Early Termination Draft v0.1",Staff Initials:,466
"QSC302573, 07 - Early Termination Draft v0.1",Comment:,466
"QSC302573, 07 - Early Termination Draft v0.1",Haematology – Mix tube gently by inverting 8–10 times (2 mL K3EDTA),466
"QSC302573, 07 - Early Termination Draft v0.1",Barcode:,466
"QSC302573, 07 - Early Termination Draft v0.1",Has there been a medic review of the Haematology blood results?,466
"QSC302573, 07 - Early Termination Draft v0.1",Chemistry – Mix tube gently by inverting 5–6 times (5 mL SST),466
"QSC302573, 07 - Early Termination Draft v0.1",Has there been a medic review of the Clinical Chemistry blood results?,466
"QSC302573, 07 - Early Termination Draft v0.1",Staff Initials:,467
"QSC302573, 07 - Early Termination Draft v0.1",Comment:,467
"QSC302573, 07 - Early Termination Draft v0.1",Confirm TDL form completed:,467
"QSC302573, 07 - Early Termination Draft v0.1",- Correct form used - Correct participant label applied - Correct slot number written - Correct sex and fasting status - Correct timepoint checked - Correct sample date and time written - Correct visit - Initials signed to confirm sample collected and form correct,467
"QSC302573, 07 - Early Termination Draft v0.1",PK Sample for Bioanalysis - Gently invert tube 8-10 times immediately after collection and protect the sample from light (4 mL K2EDTA) Barcode:,467
"QSC302573, 07 - Early Termination Draft v0.1",Confirm an AE and Conmed check has been performed (Record any AE and Conmeds if applicable),467
"QSC302573, 07 - Early Termination Draft v0.1",Targeted Physical Examination Findings: Require Targeted PE?,467
"QSC302573, 07 - Early Termination Draft v0.1","Targeted Physical Examination: Does the participant require a targeted physical examination? (If yes, please specify the reason)",467
"QSC302573, 07 - Early Termination Draft v0.1",Targeted Physical Examination Findings: Any clinically significant abnormal findings?,467
"QSC302573, 07 - Early Termination Draft v0.1",Staff Initials:,468
"QSC302573, 07 - Early Termination Draft v0.1",Comment:,468
"QSC302573, 07 - Early Termination Draft v0.1","If yes, were there any clinically significant abnormal findings?",468
"QSC302573, 07 - Early Termination Draft v0.1",Staff Initials:,469
"QSC302573, 07 - Early Termination Draft v0.1",Comment:,469
"QSC302573, 07 - Early Termination Draft v0.1",Physical Examination Category,469
"QSC302573, 07 - Early Termination Draft v0.1",Detailed findings of Physical Examination,469
"QSC302573, 07 - Early Termination Draft v0.1",Staff Initials:,470
"QSC302573, 07 - Early Termination Draft v0.1",Comment:,470
"QSC302573, 07 - Early Termination Draft v0.1",Neurological Examination: Neurological Examination Performed?,470
"QSC302573, 07 - Early Termination Draft v0.1",Was a neurological examination performed?,470
"QSC302573, 07 - Early Termination Draft v0.1",Mental Status,470
"QSC302573, 07 - Early Termination Draft v0.1",Cranial Nerves,470
"QSC302573, 07 - Early Termination Draft v0.1",Motor Systems,470
"QSC302573, 07 - Early Termination Draft v0.1",Staff Initials:,471
"QSC302573, 07 - Early Termination Draft v0.1",Comment:,471
"QSC302573, 07 - Early Termination Draft v0.1",Reflexes,471
"QSC302573, 07 - Early Termination Draft v0.1",Staff Initials:,472
"QSC302573, 07 - Early Termination Draft v0.1",Comment:,472
"QSC302573, 07 - Early Termination Draft v0.1",Sensory System,472
"QSC302573, 07 - Early Termination Draft v0.1",Co-ordination,472
"QSC302573, 07 - Early Termination Draft v0.1",Staff Initials:,473
"QSC302573, 07 - Early Termination Draft v0.1",Comment:,473
"QSC302573, 07 - Early Termination Draft v0.1",Station and Gait,473
"QSC302573, 07 - Early Termination Draft v0.1",Detailed findings of Neurological Examination,473
"QSC302573, 07 - Early Termination Draft v0.1",Please use the paper source C-SSRS to enter the following C-SSRS events,473
"QSC302573, 07 - Early Termination Draft v0.1",C-SSRS Assessment: Date of Assessment,473
"QSC302573, 07 - Early Termination Draft v0.1",Was the C-SSRS completed?,473
"QSC302573, 07 - Early Termination Draft v0.1",Staff Initials:,474
"QSC302573, 07 - Early Termination Draft v0.1",Comment:,474
"QSC302573, 07 - Early Termination Draft v0.1",1. Wish to be dead,474
"QSC302573, 07 - Early Termination Draft v0.1","Subject endorses thoughts about a wish to be dead or not alive anymore, or a wish to fall asleep and not wake up. (Have you wished you were dead or wished you could go to sleep and not wake up?)",474
"QSC302573, 07 - Early Termination Draft v0.1",2. Non-specific Active Suicidal Thoughts,474
"QSC302573, 07 - Early Termination Draft v0.1","General non-specific thoughts of wanting to end one's life / commit suicide (e.g. ""I've thought about killing myself"") without thoughts of ways to kill oneself / associated methods, intent, or plan during the assessment period. (Have you actually had any thoughts of killing yourself?)",474
"QSC302573, 07 - Early Termination Draft v0.1",Staff Initials:,475
"QSC302573, 07 - Early Termination Draft v0.1",Comment:,475
"QSC302573, 07 - Early Termination Draft v0.1",3. Active Suicidal Ideation with Any Methods (Not Plan) Without Intent to Act,475
"QSC302573, 07 - Early Termination Draft v0.1","Subject endorses thoughts of suicide and has thought of at least one method during the assessment period. This is different from a specific plan with time, place or method details worked out (e.g. thought of method to kill self but not a specific plan). Includes person who would say, ""I thought about taking an overdose but I never made a specific plan as to when, where or how I would actually do it… and I would never go through with it"". (Have you been thinking about how you might do this?)",475
"QSC302573, 07 - Early Termination Draft v0.1","4. Active Suicidal Ideation with Some Intent to Act, without Specific Plan",475
"QSC302573, 07 - Early Termination Draft v0.1","Active suicidal thoughts of killing oneself and subject reports having some intent to act on such thoughts, as opposed to ""I have the thoughts but I definitely will not do anything about them"". (Have you had these thoughts and had some intention of acting on them?)",475
"QSC302573, 07 - Early Termination Draft v0.1",Staff Initials:,476
"QSC302573, 07 - Early Termination Draft v0.1",Comment:,476
"QSC302573, 07 - Early Termination Draft v0.1",5. Active Suicidal Ideation with Specific Plan and Intent,476
"QSC302573, 07 - Early Termination Draft v0.1",Thoughts of killing oneself with details of plan fully or partially worked out and subject has some intent to carry it out. (Have you started to work out or worked out the details of how to kill yourself? Do you intend to carry out this plan?),476
"QSC302573, 07 - Early Termination Draft v0.1",Most Severe Ideation,476
"QSC302573, 07 - Early Termination Draft v0.1","The following feature should be rated with respect to the most severe type of ideation (i.e. 1-5 from above, with 1 being the least severe and 5 being the most severe). Ask about time he/she was feeling the most suicidal.",476
"QSC302573, 07 - Early Termination Draft v0.1",Description of Ideation,476
"QSC302573, 07 - Early Termination Draft v0.1",Frequency,476
"QSC302573, 07 - Early Termination Draft v0.1",(How many times have you had these thoughts?),476
"QSC302573, 07 - Early Termination Draft v0.1",Comment:,477
"QSC302573, 07 - Early Termination Draft v0.1",Staff Initials:,477
"QSC302573, 07 - Early Termination Draft v0.1",Duration,477
"QSC302573, 07 - Early Termination Draft v0.1","(When you have the thoughts, how long do they last?)",477
"QSC302573, 07 - Early Termination Draft v0.1",Controllability,477
"QSC302573, 07 - Early Termination Draft v0.1",(Could/can you stop thinking about killing yourself or wanting to die if you want to?),477
"QSC302573, 07 - Early Termination Draft v0.1",Comment:,478
"QSC302573, 07 - Early Termination Draft v0.1",Staff Initials:,478
"QSC302573, 07 - Early Termination Draft v0.1",Deterrents,478
"QSC302573, 07 - Early Termination Draft v0.1","(Are there things - anyone or anything (e.g. family, religion, pain of death) - that stopped you from wanting to die or acting on thoughts of committing suicide?)",478
"QSC302573, 07 - Early Termination Draft v0.1",Reasons for Ideation,478
"QSC302573, 07 - Early Termination Draft v0.1","(What sort of reasons did you have for thinking about wanting to die or killing yourself? Was it to end the pain or stop the way you were feeling (in other words you couldn't go on living with this pain or how you were feeling) or was it to get attention, revenge or a reaction from others? Or both?)",478
"QSC302573, 07 - Early Termination Draft v0.1",Comment:,479
"QSC302573, 07 - Early Termination Draft v0.1",Staff Initials:,480
"QSC302573, 07 - Early Termination Draft v0.1",Comment:,480
"QSC302573, 07 - Early Termination Draft v0.1",Actual Attempt (Since Last Visit),480
"QSC302573, 07 - Early Termination Draft v0.1",Total Number of Attempts,480
"QSC302573, 07 - Early Termination Draft v0.1",Has subject engaged in Non-Suicidal Self-Injurious Behaviour (Since Last Visit),480
"QSC302573, 07 - Early Termination Draft v0.1",Comment:,481
"QSC302573, 07 - Early Termination Draft v0.1",Staff Initials:,481
"QSC302573, 07 - Early Termination Draft v0.1",Interrupted Attempt (Since Last Visit),481
"QSC302573, 07 - Early Termination Draft v0.1","When the person is interrupted (by an outside circumstance) from starting the potentially self- injurious act (if not for that, actual attempt would have occurred). Overdose: Person has pills in hand but is stopped from ingesting. Once they ingest any pills, this becomes an attempt rather than an interrupted attempt. Shooting: Person has gun pointed towards self, gun is taken away by someone else, or he/she is somehow prevented from pulling trigger. Once they pull the trigger, even if the gun fails to fire, it is an attempt. Jumping: Person is poised to jump, is grabbed and taken down from ledge. Hanging: Person has noose around neck but has not yet started to hang - is stopped from doing so. (Has there been a time when you started to do something to end your life but someone or something stopped you before you actually did anything?)",481
"QSC302573, 07 - Early Termination Draft v0.1",Total Number of Interrupted,481
"QSC302573, 07 - Early Termination Draft v0.1",Aborted Attempt (Since Last Visit),481
"QSC302573, 07 - Early Termination Draft v0.1","When person begins to take steps towards making a suicide attempt, but stops themselves before they actually have engaged in any self-destructive behaviour. Examples are similar to interrupted attempts, except that the individual stops him/herself instead of being stopped by something else. (Has there been a time when you started to do something to try to end your life but you stopped yourself before you actually did anything?)",481
"QSC302573, 07 - Early Termination Draft v0.1",Staff Initials:,482
"QSC302573, 07 - Early Termination Draft v0.1",Comment:,482
"QSC302573, 07 - Early Termination Draft v0.1",Total Number of Aborted,482
"QSC302573, 07 - Early Termination Draft v0.1","Acts or preparation towards imminently making a suicide attempt. This can include anything beyond a verbalisation or thought, such as assembling a specific method (e.g. buying pills, purchasing a gun) or preparing for one's death by suicide (e.g. giving things away, writing a suicide note). (Have you taken any steps towards making a suicide attempt or preparing to kill yourself (such as collecting pills, getting a gun, giving valuables away or writing a suicide note)?)",482
"QSC302573, 07 - Early Termination Draft v0.1",Preparatory Acts or Behaviour (Since Last Visit),482
"QSC302573, 07 - Early Termination Draft v0.1",Suicidal Behaviour (Since Last Visit),482
"QSC302573, 07 - Early Termination Draft v0.1",Suicidal behaviour was present during the assessment period?,482
"QSC302573, 07 - Early Termination Draft v0.1",Comment:,483
"QSC302573, 07 - Early Termination Draft v0.1",Staff Initials:,483
"QSC302573, 07 - Early Termination Draft v0.1",Suicide (Since Last Visit),483
"QSC302573, 07 - Early Termination Draft v0.1",Most Lethal Attempt Date,483
"QSC302573, 07 - Early Termination Draft v0.1",Actual Lethality/Medical Damage - Most Lethal Attempt,483
"QSC302573, 07 - Early Termination Draft v0.1",Comment:,484
"QSC302573, 07 - Early Termination Draft v0.1",Staff Initials:,484
"QSC302573, 07 - Early Termination Draft v0.1",Potential Lethality - Most Lethal Attempt Code (only answer if Actual Lethality = 0),484
"QSC302573, 07 - Early Termination Draft v0.1",Confirm participant has been provided with a Trial Participation Card,484
"QSC302573, 07 - Early Termination Draft v0.1","Is the signed copy of the participant's ICF present in their volunteer folder? (If 'No', escalate immediately)",484
"QSC302573, 07 - Early Termination Draft v0.1",Staff Initials:,485
"QSC302573, 07 - Early Termination Draft v0.1",Comment:,485
"QSC302573, 07 - Early Termination Draft v0.1",Bag search performed?,485
"QSC302573, 07 - Early Termination Draft v0.1","Has volunteer been reminded of the restrictions, below?",485
"QSC302573, 07 - Early Termination Draft v0.1","Due to the unavailability of phototoxic data, participants will be advised to minimize exposure to sunlight by spending a reduced amount of time outdoors/remaining inside the clinical unit during the residential periods of the study wearing sunglasses and clothing that minimizes exposure to sunlight and using sun cream on exposed areas when going outdoors. They will also be advised not to use sunbeds. This restriction will be advised from first dose until 7 days post- final dose.",485
"QSC302573, 07 - Early Termination Draft v0.1","Sexually active males will commit to utilizing 2 different approved methods of birth control during the trial and for 90 days plus 5 half-lives (ie, 92 days) after the last dose of IMP, or will remain abstinent for the same period of time.",485
"QSC302573, 07 - Early Termination Draft v0.1","Males will refrain from sperm donation from the screening visit through 90 days plus 5 half-lives (ie, 92 days) after the last dose of IMP.",485
"QSC302573, 07 - Early Termination Draft v0.1",Have there been any Adverse Events throughout study duration?,485
"QSC302573, 07 - Early Termination Draft v0.1",Staff Initials:,486
"QSC302573, 07 - Early Termination Draft v0.1",Comment:,486
"QSC302573, 07 - Early Termination Draft v0.1",Confirm that all discharge procedures have been completed and the participant is safe to be discharged.,486
"QSC302573, 07 - Early Termination Draft v0.1","As participant has had AE(s) on the study, Medic to confirm that all discharge procedures have been completed and the participant is safe to be discharged.",486
"QSC302573, 07 - Early Termination Draft v0.1",What is the status of the subject?,486
"QSC302573, 07 - Early Termination Draft v0.1",Did the participant complete the study?,486
"QSC302573, 08 - Completion Draft",Staff Initials:,487
"QSC302573, 08 - Completion Draft",Comment:,487
"QSC302573, 08 - Completion Draft",Completion: Date of Completion,487
"QSC302573, 08 - Completion Draft",Date participant completed,487
"QSC302573, 08 - Completion Draft",Completion: Date of Discontinuation,487
"QSC302573, 08 - Completion Draft",Date of discontinuation / withdrawal,487
"QSC302573, 08 - Completion Draft",Completion: Date of Last Dose,487
"QSC302573, 08 - Completion Draft",Date of Last Dose,487
"QSC302573, 08 - Completion Draft",Completion: Date of Last Procedure/Last Contact,487
"QSC302573, 08 - Completion Draft",Date of last study procedure/last contact with participant,487
"QSC302573, 08 - Completion Draft",What was the reason for participant discontinuation?,487
"QSC302573, 08 - Completion Draft",Comment:,488
"QSC302573, 08 - Completion Draft",Staff Initials:,489
"QSC302573, 08 - Completion Draft",Comment:,489
"QSC302573, 08 - Completion Draft",Completion: Specify Reason for Discontinuation,489
"QSC302573, 08 - Completion Draft","If ""Protocol specific withdrawal criteria"" or “Other” is selected from the Status list, provide the criteria met or verbatim reason.",489
"QSC302573, 08 - Completion Draft",Completion: Date and Time of Death,489
"QSC302573, 08 - Completion Draft",Date and time of death,489
