form_name,field_name,page
Change History,Version,12
Change History,Date 15-Jul-2021,12
Change History,Changed By Andreea Hardut / Alexan dru Giucal,12
Change History,Details updates according to feedback sheet,12
Change History,Version,13
Change History,Date,13
Change History,Changed By,13
Change History,"Details n End Prompt page in Day-15, Day-1 and Day 18",13
Change History,Version,14
Change History,Date,14
Change History,Changed By,14
Change History,Details able. Added new field with variable DSRSN4 on ds_s cr.,14
Visit Date,Visit Date,31
Informed Consent,ICF Version Date,33
Informed Consent,Protocol Version for Consent,33
Informed Consent,Consent Obtained?,33
Informed Consent,Time of Consent,34
Informed Consent,Was a signed copy of the Informed Consent given to the subject for his/her records?,34
Informed Consent,Was Informed Consent signed prior to any study procedures being performed?,34
Informed Consent,ICF was reviewed and verified and the original ICF has been filed in with subject's source documents,34
Informed Consent,Clinician Consent Sign Date,34
Informed Consent,Clinician Consent Sign Time,35
FBR Consent,Protocol Version for Consent,36
FBR Consent,Consent Obtained?,36
FBR Consent,Time of Consent,37
FBR Consent,Was a signed copy of the FBR consent given to the subject for his/her records?,37
Demography,Date of Birth,38
Demography,Address,38
Demography,What is the sex of the subject at the time of birth?,38
Demography,"If None of the above, Specify",39
Demography,Race,39
Demography,Specify other race,39
Demography,Ethnicity,39
Demography,Specify other ethnicity,40
Demography,Was the subject re-screened?,40
Demography,Prior screened number,40
Reproductive Status - Female,Date of Last Menstrual Cycle (All Females),41
Reproductive Status - Female,Years Since Last Cycle,41
Reproductive Status - Female,"Is this subject of childbearing potential? Note: Women of non-childbearing potential are defined as women who are documented as sterile (eg, have had a bilateral oophorectomy, or hysterectomy, or who have been postmenopausal for at least 12 months confirmed by FSH).",41
Reproductive Status - Female,Post Menopausal? (for at least 12 months (1 year) prior to screening),41
Reproductive Status - Female,Of Childbearing Potential,42
Reproductive Status - Female,Sexually Active?,42
Reproductive Status - Female,If sexually active does the subject commit to utilizing 2 different approved methods of birth control during the trial and for 30 days after the last dose of IMP?- mark the selected methods below,42
Reproductive Status - Female,Nonhormonal intrauterine device,43
Reproductive Status - Female,Condom with spermicide,43
Reproductive Status - Female,Sponge with spermicide,43
Reproductive Status - Female,Occlusive cap (vaginal diaphragm or cervical/vault cap) with spermicide,43
Reproductive Status - Female,Has any applicable reproductive status and/or medications been transcribed to the Medical History Page and/or Con Med Page?,43
Reproductive Status - Female,"If no, reason not transcribed to medical history",43
Reproductive Status - Male,Surgically Sterile(bilateral orchidectomy)? (please add to Surgeries and Medical Procedures log),44
Reproductive Status - Male,Abstinence (must remain abstinent from the time of screening until at least 180 days after the last dose of study drug),44
Reproductive Status - Male,Sexually Active?,44
Reproductive Status - Male,If sexually active does the subject commit to utilizing 2 different approved methods of birth control during the trial and for 90 days after the last dose of IMP?- mark the selected methods below,44
Reproductive Status - Male,Tubal ligation,45
Reproductive Status - Male,Intrauterine device,45
Reproductive Status - Male,Birth control pills,45
Reproductive Status - Male,Birth control implant,45
Reproductive Status - Male,Birth control depot injection,45
Reproductive Status - Male,Condom with spermicide,45
Reproductive Status - Male,Occlusive cap (vaginal diaphragm or cervical/vault cap) with spermicide,46
Reproductive Status - Male,Does the subject agree to refrain from sperm donation from the screening visit through 30 days after the last dose of IMP?,46
Reproductive Status - Male,Has any applicable reproductive status and/or medications been transcribed to the Medical History Page and/or Con Med Page?,46
Reproductive Status - Male,"If no, reason not transcribed to medical history",46
Medical/Psychiatric History,Has the subject experienced any past and/or concomitant diseases?,47
Medical/Psychiatric History,Record,48
Medical/Psychiatric History,Term,48
Medical/Psychiatric History,Start Date,48
Medical/Psychiatric History,Ongoing?,48
Medical/Psychiatric History,End Date,48
Medical/Psychiatric History,Medical or Psychiatric History Term,49
Medical/Psychiatric History,Category of Medical or Psychiatric History Term,49
Medical/Psychiatric History,Start Date,49
Medical/Psychiatric History,Is the Medical or Psychiatric History Disease/Condition or Event Still Ongoing?,49
Medical/Psychiatric History,End Date,49
Medical/Psychiatric History,Medication Taken?,49
Body Temperature and Respiratory Rate,Were Vital Signs Collected?,50
Body Temperature and Respiratory Rate,"If not collected, reason:",50
Body Temperature and Respiratory Rate,Collection Date,50
Body Temperature and Respiratory Rate,Planned Timepoint,50
Body Temperature and Respiratory Rate,Respiratory Rate (breaths/min),51
Body Temperature and Respiratory Rate,Body Temperature (celsius),51
Triplicate Orthostatic BP and HR - Central,Were Vital Signs Collected?,52
Triplicate Orthostatic BP and HR - Central,"If not collected, reason:",52
Triplicate Orthostatic BP and HR - Central,Collection Date,52
Triplicate Orthostatic BP and HR - Central,Planned Timepoint,52
Triplicate Orthostatic BP and HR - Central,Time Placed in Position,53
Triplicate Orthostatic BP and HR - Central,Time of Vitals Measurement #1,53
Triplicate Orthostatic BP and HR - Central,Time of Vitals Measurement #2,53
Triplicate Orthostatic BP and HR - Central,Time of Vitals Measurement #3,53
Triplicate Orthostatic BP and HR - Central,Time of Vitals Measurement #1,54
Triplicate Orthostatic BP and HR - Central,Time of Vitals Measurement #2,54
Triplicate Orthostatic BP and HR - Central,Time of Vitals Measurement #3,54
Height and Weight,Were Body Measurements Collected?,55
Height and Weight,"If not collected, reason:",55
Height and Weight,Collection Date,55
Height and Weight,Weight,55
Height and Weight,Height,55
Physical Exam,Was the physical examination performed?,57
Physical Exam,Examination Date,57
Physical Exam,Examination Time,57
Physical Exam,Region/Body System,58
Physical Exam,Region/Body System,59
Physical Exam,Yes,59
Physical Exam,Urogenital,59
Physical Exam,Region/Body System,60
Triplicate ECG Assessments,Were ECG measurements performed?,61
Triplicate ECG Assessments,"If no, Reason not done",61
Triplicate ECG Assessments,Date of ECG,61
Triplicate ECG Assessments,Time subject became supine:,61
Triplicate ECG Assessments,Time of ECG assessment # 1:,61
Triplicate ECG Assessments,Time of ECG assessment # 2:,62
Triplicate ECG Assessments,Time of ECG assessment # 3:,62
Triplicate ECG Assessments,Overall ECG interpretation,62
Triplicate ECG Assessments,Abnormal Findings,62
Triplicate ECG Assessments,Was the ECG abnormality clinically significant?,62
Triplicate ECG Assessments,Are additional ECG assessments required?,62
Serology,Comments,63
Serology,Sample,64
Serology,Sample,65
Glycated Hemoglobin,Was Blood sample Collected for Glycated Hemoglobin?,66
Glycated Hemoglobin,Reason not done,66
Glycated Hemoglobin,Sample,67
Clinical Laboratory Assessments,Comments,68
Clinical Laboratory Assessments,Was subject in fasting state?,68
Clinical Laboratory Assessments,Sample,69
Clinical Laboratory Assessments,Sample,70
Laboratory results review,Laboratory collection date,71
Laboratory results review,Laboratory results review date,71
Laboratory results review,Has the investigator reviewed all laboratory results from this visit and assessed abnormal results clinical significance?,71
Laboratory results review,Were there any clinically significant abnormal results?,71
Laboratory results review,Were there any clinically significant abnormal chemistry results?,71
Laboratory results review,Chemistry abnormal assay # 1 Investigator comment,73
Laboratory results review,Chemistry abnormal assay # 2 Investigator comment,74
Laboratory results review,Chemistry abnormal assay # 3 Investigator comment,75
Laboratory results review,Chemistry clinically significant abnormal assay # 4,76
Laboratory results review,Chemistry abnormal assay # 4 Investigator comment,77
Laboratory results review,Chemistry abnormal assay # 5 Investigator comment,78
Laboratory results review,Are there any additional clinically significant abnormal chemistry results to be entered?,78
Laboratory results review,Were there any clinically significant abnormal hematology results?,79
Laboratory results review,Hematology clinically significant abnormal assay # 1,79
Laboratory results review,Hematology abnormal assay # 1 Investigator comment,79
Laboratory results review,Hematology abnormal assay # 2 Investigator comment,80
Laboratory results review,Hematology clinically significant abnormal assay # 3,80
Laboratory results review,Hematology abnormal assay # 3 Investigator comment,80
Laboratory results review,Hematology clinically significant abnormal assay # 4,81
Laboratory results review,Hematology abnormal assay # 4 Investigator comment,81
Laboratory results review,Hematology abnormal assay # 5 Investigator comment,82
Laboratory results review,Are there any additional clinically significant abnormal hematology results to be entered?,82
Laboratory results review,Were there any clinically significant abnormal urinalysis results?,82
Laboratory results review,Urinalysis abnormal assay # 1 Investigator comment,83
Laboratory results review,Urinalysis abnormal assay # 2 Investigator comment,84
Laboratory results review,Urinalysis clinically significant abnormal assay # 3,84
Laboratory results review,Urinalysis abnormal assay # 3 Investigator comment,85
Laboratory results review,Urinalysis clinically significant abnormal assay # 4,85
Laboratory results review,Urinalysis abnormal assay # 4 Investigator comment,85
Laboratory results review,Urinalysis clinically significant abnormal assay # 5,86
Laboratory results review,Urinalysis abnormal assay # 5 Investigator comment,86
Laboratory results review,Are there additional urinalysis clinically significant abnormal results to be entered?,86
Laboratory results review,Investigator`s signature for Local Laboratory Results Review,87
FSH Blood Sample,Comments,88
FSH Blood Sample,Sample,89
Pregnancy test,Was a Pregnancy Test Performed?,90
Pregnancy test,If not done reason,90
Pregnancy test,Type of pregnancy test,90
Pregnancy test,Barcode Number,90
Pregnancy test,Kit Expiration Date,90
Pregnancy test,Kit Batch Number,90
Pregnancy test,Date of Sample,90
Pregnancy test,Result,91
Tobacco Use,Substance Type,93
Tobacco Use,Substance Type,94
Tobacco Use,Substance Type,95
Alcohol Use,Substance Type,97
Alcohol Use,Substance Type,98
Alcohol Screen - Urine or Breath,Was Test Performed?,99
Alcohol Screen - Urine or Breath,Sample Type,99
Alcohol Screen - Urine or Breath,"If no, Reason Not Done",99
Alcohol Screen - Urine or Breath,Date of Test,99
Alcohol Screen - Urine or Breath,Time of Test,99
Alcohol Screen - Urine or Breath,Result,99
Repeat Test,Was a Repeat test performed?,100
Repeat Test,Time of Repeat Test,100
Repeat Test,Result of Repeat Test,100
Urine Drug Screen,Was Urine Drug Screen Performed?,101
Urine Drug Screen,If not done reason,101
Urine Drug Screen,Manufacturer,101
Urine Drug Screen,Item #,101
Urine Drug Screen,Lot,101
Urine Drug Screen,Expiration Date,101
Urine Drug Screen,Date of Sample,101
Urine Drug Screen,Time of Sample,102
Urine Drug Screen,Test,103
Urine Drug Screen,Test,104
Urine Drug Screen,Test,105
Urine Drug Screen,Result,105
Cotinine Screen,Was Cotinine Screen Performed?,106
Cotinine Screen,If not done reason,106
Cotinine Screen,Sample Type,106
Cotinine Screen,Manufacturer,106
Cotinine Screen,Item #,106
Cotinine Screen,Lot,106
Cotinine Screen,Expiration Date,106
Cotinine Screen,Date of Sample,107
Cotinine Screen,Time of Sample,107
Cotinine Screen,Test,108
C-SSRS - Screening/Baseline - Page 1,Was the Questionnaire Administered?,111
C-SSRS - Screening/Baseline - Page 1,Date of completion,111
C-SSRS - Screening/Baseline - Page 1,Rater's initials,111
C-SSRS - Screening/Baseline - Page 1,Have you wished you were dead or wished you could go to sleep and not wake up? - Lifetime,112
C-SSRS - Screening/Baseline - Page 1,Have you wished you were dead or wished you could go to sleep and not wake up? - Past 3 Month,112
C-SSRS - Screening/Baseline - Page 1,Row 3,112
C-SSRS - Screening/Baseline - Page 1,Have you actually had any thoughts of killing yourself? - Lifetime,113
C-SSRS - Screening/Baseline - Page 1,Have you actually had any thoughts of killing yourself? - Past 3 Month,113
C-SSRS - Screening/Baseline - Page 1,Row 6,113
C-SSRS - Screening/Baseline - Page 1,"a specific plan). Includes person who would say: ""I thought about taking an overdose but I never made a specific plan as to when, where or how I would actually do it. . . and I would never go through with it"" - Lifetime",113
C-SSRS - Screening/Baseline - Page 1,"a specific plan). Includes person who would say: ""I thought about taking an overdose but I never made a specific plan as to when, where or how I would actually do it. . . and I would never go through with it"" - Past 3 Month",113
C-SSRS - Screening/Baseline - Page 1,Row 9,114
C-SSRS - Screening/Baseline - Page 1,Have you had these thoughts and had some intention of acting on them? - Lifetime,114
C-SSRS - Screening/Baseline - Page 1,Have you had these thoughts and had some intention of acting on them? - Past 3 Month,114
C-SSRS - Screening/Baseline - Page 1,Row 12,115
C-SSRS - Screening/Baseline - Page 1,Have you started to work out or worked out the details of how to kill yourself? Do you intend to carry out this plan?,115
C-SSRS - Screening/Baseline - Page 1,Row 15,115
C-SSRS - Screening/Baseline - Page 1,Suicidal Ideation,116
C-SSRS - Screening/Baseline - Page 1,Lifetime,116
C-SSRS - Screening/Baseline - Page 1,Past 3 Month,116
C-SSRS - Screening/Baseline - Page 2,Intensity of Ideation Row 1,118
C-SSRS - Screening/Baseline - Page 2,Lifetime,118
C-SSRS - Screening/Baseline - Page 2,Past 3 Month,118
C-SSRS - Screening/Baseline - Page 2,Description of Ideation,119
C-SSRS - Screening/Baseline - Page 2,Frequency How many times have you had these thoughts?,119
C-SSRS - Screening/Baseline - Page 2,Intensity of Ideation,120
C-SSRS - Screening/Baseline - Page 2,Lifetime,120
C-SSRS - Screening/Baseline - Page 2,Past 3 Month,120
C-SSRS - Screening/Baseline - Page 2,Intensity of Ideation,121
C-SSRS - Screening/Baseline - Page 2,Lifetime,121
C-SSRS - Screening/Baseline - Page 2,Past 3 Month,121
C-SSRS - Screening/Baseline - Page 2,Intensity of Ideation,122
C-SSRS - Screening/Baseline - Page 2,Lifetime,122
C-SSRS - Screening/Baseline - Page 2,Past 3 Month,122
C-SSRS - Screening/Baseline - Page 2,Intensity of Ideation,123
C-SSRS - Screening/Baseline - Page 2,Intensity of Ideation,124
C-SSRS - Screening/Baseline - Page 2,Lifetime,124
C-SSRS - Screening/Baseline - Page 2,(3) Equally to get attention/ revenge or,124
C-SSRS - Screening/Baseline - Page 2,Past 3 Month,124
C-SSRS - Screening/Baseline - Page 3,Actual attempt: - Lifetime,127
C-SSRS - Screening/Baseline - Page 3,Actual attempt: - Past 6 Month,127
C-SSRS - Screening/Baseline - Page 3,"If Yes, Total number of attempts - Lifetime",128
C-SSRS - Screening/Baseline - Page 3,"If Yes, Total number of attempts - Past 6 Month",128
C-SSRS - Screening/Baseline - Page 3,Row 5,128
C-SSRS - Screening/Baseline - Page 3,Has subject engaged in Non-Suicidal self-injurious behavior? - Lifetime,129
C-SSRS - Screening/Baseline - Page 3,Has subject engaged in Non-Suicidal self-injurious behavior? - Past 6 Month,129
C-SSRS - Screening/Baseline - Page 3,Interrupted attempt: - Lifetime,129
C-SSRS - Screening/Baseline - Page 3,Interrupted attempt: - Past 6 Month,129
C-SSRS - Screening/Baseline - Page 3,"If Yes, Total number of interrupted attempts - Lifetime",130
C-SSRS - Screening/Baseline - Page 3,"If Yes, Total number of interrupted attempts - Past 6 Month",130
C-SSRS - Screening/Baseline - Page 3,Row 10,130
C-SSRS - Screening/Baseline - Page 3,Aborted attempt: - Lifetime,130
C-SSRS - Screening/Baseline - Page 3,Aborted attempt: - Past 6 Month,130
C-SSRS - Screening/Baseline - Page 3,"If Yes, Total number of aborted attempts - Lifetime",131
C-SSRS - Screening/Baseline - Page 3,"If Yes, Total number of aborted attempts - Past 6 Month",131
C-SSRS - Screening/Baseline - Page 3,Row 14,131
C-SSRS - Screening/Baseline - Page 3,Preparatory acts or behavior: - Lifetime,131
C-SSRS - Screening/Baseline - Page 3,Preparatory acts or behavior: - Past 6 Month,131
C-SSRS - Screening/Baseline - Page 3,Row 17,132
C-SSRS - Screening/Baseline - Page 3,Suicidal behavior: Suicidal behaviour was present during the assessment period? - Lifetime,132
C-SSRS - Screening/Baseline - Page 3,Suicidal behavior: Suicidal behaviour was present during the assessment period? - Past 6 Month,132
C-SSRS - Screening/Baseline - Page 4,Date of Attempt,134
C-SSRS - Screening/Baseline - Page 4,"sleepy; somewhat responsive, second-degree burns; bleeding of major vessel",134
C-SSRS - Screening/Baseline - Page 4,so no medical damage; laying on train tracks with oncoming train but pulled away before run over).,135
AE and CM prompt,Has the subject had any changes to their health since previous visit?,136
AE and CM prompt,Are there any changes in concomitant medications including dose changes to be reported?,136
Inclusion criteria,"\ Diagnosis of any of the below disorders, as determined by the Diagnostic and Statistical Manual of Mental Disorders, Fifth Edition (DSM-5) criteria, and are considered clinically stable per investigator’s judgment while currently receiving sertraline for at least 90 days and maintained on - Met/Not Met",139
Inclusion criteria,\ Male or female subjects between 18 and 65 years of age (inclusive). - Met/Not Met,139
Inclusion criteria,\ Body mass index (BMI) between 19.0 to 35.0 kg/m2 (inclusive). - Met/Not Met,140
Inclusion criteria,\ In good health as determined by: a) Medical history b) Physical examination - Met/Not Met,140
Inclusion criteria,"\ Ability to provide written, informed consent prior to initiation of any trial-related procedures, and ability, in the opinion of the investigator, to comply with all the requirements of the trial. - Met/Not Met",140
Exclusion criteria,\Females who are breast-feeding and/or who have a positive pregnancy test result prior to receiving IMP. - Met/Not Met,142
Exclusion criteria,"\ Heterosexually active males or females of childbearing potential (FOCBP), or their partners, who do not agree to practice 2 different approved methods of birth control or remain fully abstinent (periodic abstinence or withdrawal are not acceptable methods of contraception) during the trial - Met/Not Met",142
Exclusion criteria,\ Male subjects who do not agree to not donate sperm from trial screening through 30 days after the last dose of IMP. - Met/Not Met,142
Exclusion criteria,"\ Clinically significant abnormality in past medical history, or at the screening physical examination, that in the investigator’s or sponsor’s opinion may place the subject at risk or interfere with outcome variables including absorption, distribution, metabolism, and excretion of the IMP. This - Met/Not Met",143
Exclusion criteria,"\ Subjects with abnormal clinical laboratory assessment results, vital signs results, or ECG findings, unless, based on the investigator’s judgment, the findings are not medically significant and would not impact the safety of the subject or the interpretation of the trial results. The medical monitor - Met/Not Met",143
Exclusion criteria,"\ Subjects with a current diagnosis of hypertension (including treated or untreated hypertension), or orthostatic hypotension which is defined as a decrease of ≥ 20 mmHg decrease in SBP and a ≥ 25 bpm increase in HR from supine to standing, OR development of symptoms. Subjects with a - Met/Not Met",144
Exclusion criteria,"\ Supine HR, after resting for at least 5 minutes, outside the range of 40 to 90 beats per minute (bpm). The sponsor may allow exceptions if the results are not considered to be clinically significant. - Met/Not Met",144
Exclusion criteria,"\ Subjects with epilepsy or a history of seizures, except for a single seizure episode; for instance childhood febrile seizure, a post-traumatic seizure episode, or an alcohol withdrawal seizure. - Met/Not Met",144
Exclusion criteria,\ Subjects with a history of neuroleptic malignant syndrome or serotonin syndrome. - Met/Not Met,144
Exclusion criteria,\ Subjects with a primary DSM-5 diagnosis of: - Schizophrenia spectrum and other psychotic disorders - Met/Not Met,145
Exclusion criteria,"\ Subjects who have a significant risk of committing suicide based on history, routine psychiatric status examination, investigator’s judgment, or who have an answer of “yes” on suicidal ideation questions 4 or 5 (current or over the last 3 months) on the Baseline/Screening Version of the - Met/Not Met",145
Exclusion criteria,"\ History of serious mental disorders that, in the opinion of the investigator, renders the subject a poor fit for the trial.. - Met/Not Met",145
Exclusion criteria,\ History of diabetes mellitus (type 1 or type 2) OR subjects without a history of diabetes mellitus but screening glycated hemoglobin ≥ 6.5% and glucose > 125 mg/dL (fasting) or > 200 mg/dL (nonfasting). Nonfasting screening glucose may be repeated once in the fasted state and the - Met/Not Met,145
Exclusion criteria,"\ History of or current hepatitis or acquired immunodeficiency syndrome or carriers of hepatitis B surface antigen (HBsAg), hepatitis C antibodies (anti-HCV), and/or human immunodeficiency virus (HIV) antibodies. Exceptions are permitted for subjects with a prior history of - Met/Not Met",146
Exclusion criteria,\ Any history of difficulty in donating blood. - Met/Not Met,146
Exclusion criteria,\ History of drug and/or alcohol abuse within 2 years prior to the screening visit based on investigator judgment. - Met/Not Met,146
Exclusion criteria,"\ Subjects who have a positive urine alcohol or drug screen that, in the judgment of the investigator with concurrence of the medical monitor, indicates substance abuse that could compromise the subject’s safety or ability to comply with the trial procedures that could interfere with the - Met/Not Met",147
Exclusion criteria,"\ Use of tobacco products within 2 months prior to the screening visit, or urine cotinine concentrations > 200 ng/mL or serum cotinine concentrations > 20 ng/mL at the screening visit or at check-in to the trial site. - Met/Not Met",147
Exclusion criteria,\ Subjects having taken an investigational drug within 30 days prior to the screening visit. - Met/Not Met,147
Exclusion criteria,\ Subjects who would be likely to require prohibited concomitant therapy during the trial. The sponsor may allow exceptions only if the medication’s administration is deemed unlikely to impact the results of the trial. - Met/Not Met,147
Exclusion criteria,"\ Consumption of food and beverages containing caffeine and methylxanthines (eg, coffee, chocolate, tea) within 48 hours prior to Day -1 or grapefruit, grapefruit juice, Seville oranges, or Seville orange juice within 7 days prior to Day -14. - Met/Not Met",148
Exclusion criteria,"\ History of any medically significant drug allergy or known or suspected hypersensitivity to antipsychotics or adrenergic antagonists, in particular brexpiprazole, prazosin, or propranolol. - Met/Not Met",148
Exclusion criteria,"\ Exposure to any substances known to stimulate hepatic microsomal enzymes within 30 days prior to the screening visit (eg, occupational exposure to pesticides, organic solvents). - Met/Not Met",148
Exclusion criteria,"\ Subjects with any previous exposure to brexpiprazole, or subjects with chronic use of prazosin or propranolol in the 90 days prior to the screening visit or any use in the 21 days (3 weeks) prior to the screening visit. - Met/Not Met",148
Exclusion criteria,\ Subjects who fail to capture daily dosing of sertraline during the sertraline steady-state assurance period on Days -14 to -2. - Met/Not Met,149
Exclusion criteria,\ Subjects without a permanent physical residence. - Met/Not Met,149
Exclusion criteria,"\ Any subject who, in the opinion of the investigator, should not participate in the trial. - Met/Not Met",149
Exclusion criteria,\ Subjects taking multiple medications deemed necessary to maintain psychiatric stability or those taking medication regimens where wash out is impractical should not be enrolled - Met/Not Met,149
Inclusion criteria,"\ Diagnosis of any of the below disorders, as determined by the Diagnostic and Statistical Manual of Mental Disorders, Fifth Edition (DSM-5) criteria, and are considered clinically stable to participate per investigator’s judgment: - Met/Not Met",151
Inclusion criteria,\ Male or female subjects between 18 and 65 years of age (inclusive). - Met/Not Met,151
Inclusion criteria,\ Body mass index (BMI) between 19.0 to 35.0 kg/m2 (inclusive). - Met/Not Met,152
Inclusion criteria,\ In good health as determined by: a) Medical history b) Physical examination - Met/Not Met,152
Inclusion criteria,"\ Ability to provide written, informed consent prior to initiation of any trial-related procedures, and ability, in the opinion of the investigator, to comply with all the requirements of the trial. - Met/Not Met",152
Inclusion criteria,\ Subjects must be able to receive a sertraline dose of 150 mg/day by the second screening visit (Day −15). - Met/Not Met,152
Exclusion criteria,\Females who are breast-feeding and/or who have a positive pregnancy test result prior to receiving IMP. - Met/Not Met,154
Exclusion criteria,"\ Heterosexually active males or females of childbearing potential (FOCBP), or their partners, who do not agree to practice 2 different approved methods of birth control or remain fully abstinent (periodic abstinence or withdrawal are not acceptable methods of contraception) during the trial - Met/Not Met",154
Exclusion criteria,\ Male subjects who do not agree to not donate sperm from trial screening through 30 days after the last dose of IMP. - Met/Not Met,154
Exclusion criteria,"\ Clinically significant abnormality in past medical history, or at the screening physical examination, that in the investigator’s or sponsor’s opinion may place the subject at risk or interfere with outcome variables including absorption, distribution, metabolism, and excretion of the IMP. This - Met/Not Met",155
Exclusion criteria,"\ Subjects with abnormal clinical laboratory assessment results, vital signs results, or ECG findings, unless, based on the investigator’s judgment, the findings are not medically significant and would not impact the safety of the subject or the interpretation of the trial results. The medical monitor - Met/Not Met",155
Exclusion criteria,"\ Subjects with a current diagnosis of hypertension (including treated or untreated hypertension), or orthostatic hypotension which is defined as a decrease of ≥ 20 mmHg decrease in SBP and a ≥ 25 bpm increase in HR from supine to standing, OR development of symptoms. Subjects with a - Met/Not Met",156
Exclusion criteria,"\ Supine HR, after resting for at least 5 minutes, outside the range of 40 to 90 beats per minute (bpm). The sponsor may allow exceptions if the results are not considered to be clinically significant. - Met/Not Met",156
Exclusion criteria,"\ Subjects with epilepsy or a history of seizures, except for a single seizure episode; for instance childhood febrile seizure, a post-traumatic seizure episode, or an alcohol withdrawal seizure. - Met/Not Met",156
Exclusion criteria,\ Subjects with a history of neuroleptic malignant syndrome or serotonin syndrome. - Met/Not Met,156
Exclusion criteria,\ Subjects with a primary DSM-5 diagnosis of: - Schizophrenia spectrum and other psychotic disorders - Met/Not Met,157
Exclusion criteria,"\ Subjects who have a significant risk of committing suicide based on history, routine psychiatric status examination, investigator’s judgment, or who have an answer of “yes” on suicidal ideation questions 4 or 5 (current or over the last 3 months) on the Baseline/Screening Version of the - Met/Not Met",157
Exclusion criteria,"\ History of serious mental disorders that, in the opinion of the investigator, renders the subject a poor fit for the trial.. - Met/Not Met",157
Exclusion criteria,\ History of diabetes mellitus (type 1 or type 2) OR subjects without a history of diabetes mellitus but screening glycated hemoglobin ≥ 6.5% and glucose > 125 mg/dL (fasting) or > 200 mg/dL (nonfasting). Nonfasting screening glucose may be repeated once in the fasted state and the - Met/Not Met,157
Exclusion criteria,"\ History of or current hepatitis or acquired immunodeficiency syndrome or carriers of hepatitis B surface antigen (HBsAg), hepatitis C antibodies (anti-HCV), and/or human immunodeficiency virus (HIV) antibodies. Exceptions are permitted for subjects with a prior history of - Met/Not Met",158
Exclusion criteria,\ Any history of difficulty in donating blood. - Met/Not Met,158
Exclusion criteria,\ History of drug and/or alcohol abuse within 2 years prior to the screening visit based on investigator judgment. - Met/Not Met,158
Exclusion criteria,"\ Subjects who have a positive urine alcohol or drug screen that, in the judgment of the investigator with concurrence of the medical monitor, indicates substance abuse that could compromise the subject’s safety or ability to comply with the trial procedures that could interfere with the - Met/Not Met",159
Exclusion criteria,\ Urine cotinine concentrations > 200 ng/mL or serum cotinine concentrations > 20 ng/mL at the screening visit or at check-in to the trial site. - Met/Not Met,159
Exclusion criteria,\ Subjects having taken an investigational drug within 30 days prior to the screening visit. - Met/Not Met,159
Exclusion criteria,\ Subjects who would be likely to require prohibited concomitant therapy during the trial. The investigator with concurrence of the medical monitor may allow exceptions if the medication’s administration is deemed unlikely to impact the results of the trial. - Met/Not Met,159
Exclusion criteria,"\ Consumption of food and beverages containing caffeine and methylxanthines (eg, coffee, chocolate, tea) within 48 hours prior to Day -1 or grapefruit, grapefruit juice, Seville oranges, or Seville orange juice within 7 days prior to Day -14. - Met/Not Met",160
Exclusion criteria,"\ History of any medically significant drug allergy or known or suspected hypersensitivity to antipsychotics or adrenergic antagonists, in particular brexpiprazole, prazosin, or propranolol. - Met/Not Met",160
Exclusion criteria,"\ Exposure to any substances known to stimulate hepatic microsomal enzymes within 30 days prior to the screening visit (eg, occupational exposure to pesticides, organic solvents). - Met/Not Met",160
Exclusion criteria,"\ Subjects with any previous exposure to brexpiprazole, or subjects with chronic use of prazosin or propranolol in the 90 days prior to the screening visit or any use in the 21 days (3 weeks) prior to the screening visit. - Met/Not Met",160
Exclusion criteria,\ Subjects who fail to capture daily dosing of sertraline during the sertraline steady-state assurance period on Days -14 to -2. - Met/Not Met,161
Exclusion criteria,\ Subjects without a permanent physical residence. - Met/Not Met,161
Exclusion criteria,"\ Any subject who, in the opinion of the investigator, should not participate in the trial. - Met/Not Met",161
Exclusion criteria,\ Subjects taking multiple medications deemed necessary to maintain psychiatric stability or those taking medication regimens where washout is impractical should not be enrolled. The investigator with concurrence of the medical monitor may allow exceptions if the medication’s - Met/Not Met,161
Exclusion criteria,\ Subjects determined by the investigator to not be appropriate for the trial with regards to the protocol-specified washout periods including the washout of fluoxetine for at least 28 days.,162
Sertraline Titration,Is the Subject required to be Titrated ?,163
Washout and Sertraline Titration,Is the Subject required to be Titrated ?,165
Washout and Sertraline Titration,Is Washout ADT required?,165
End of Screening,Does the Subject Remain Eligible to Continue participation in the Study?,167
End of Screening,Date of Screen Failure,167
End of Screening,Reason for Screen Failure,167
End of Screening,"If the subject did not meet eligibility criteria, please specify criterion number below.",168
End of Screening,"Specify if: Adverse Event, Physician Decision, Protocol Deviation, Other",169
Visit Date,Visit Date,170
Visit Date,Skip to next visit,170
Drug dispensation- Titration period,Was sertraline dispensed for Titration period?,172
Drug dispensation- Titration period,"If no, Reason",172
Drug dispensation- Titration period,Date of dispensation,172
Visit Date,Visit Date,174
Visit Date,Skip to next visit,174
Drug dispensation- Titration period,Was sertraline dispensed for Titration period?,176
Drug dispensation- Titration period,"If no, Reason",176
Drug dispensation- Titration period,Date of dispensation,176
Visit Date,Visit Date,178
Triplicate Orthostatic BP and HR - Central,Were Vital Signs Collected?,180
Triplicate Orthostatic BP and HR - Central,"If not collected, reason:",180
Triplicate Orthostatic BP and HR - Central,Collection Date,180
Triplicate Orthostatic BP and HR - Central,Planned Timepoint,180
Triplicate Orthostatic BP and HR - Central,Time Placed in Position,181
Triplicate Orthostatic BP and HR - Central,Time of Vitals Measurement #1,181
Triplicate Orthostatic BP and HR - Central,Time of Vitals Measurement #2,181
Triplicate Orthostatic BP and HR - Central,Time of Vitals Measurement #3,181
Triplicate Orthostatic BP and HR - Central,Time of Vitals Measurement #1,182
Triplicate Orthostatic BP and HR - Central,Time of Vitals Measurement #2,182
Triplicate Orthostatic BP and HR - Central,Time of Vitals Measurement #3,182
PK Blood Draw - Sertraline,Was PK Collection Performed?,183
PK Blood Draw - Sertraline,"If not performed, Reason:",183
PK Blood Draw - Sertraline,Date of Collection,183
PK Blood Draw - Sertraline,Row 1,184
PK Blood Draw - Sertraline,Prazosin PK,184
Aicure Device - Distribution,Has the Aicure device been distributed?,185
Aicure Device - Distribution,Date of distribution,185
Water Restriction Start Prompt,Date subject started water restriction,187
Water Restriction Start Prompt,Time subject started water restriction,187
Drug administration- Titration Period,"Confirm, if the drug was taken as specified in last five days",189
Drug administration- Titration Period,"If No, Reason",189
ADT Washout,Did the subject complete the washout per protocol?,191
IMP Administration - Sertraline,Has subject been fasting (no food) for a minimum of 10 hours prior to the scheduled dosing?,193
IMP Administration - Sertraline,Was water restricted for 1 hour prior to dosing?,193
IMP Administration - Sertraline,Was Sertraline administered?,193
IMP Administration - Sertraline,"If no, reason",193
Dose,Date of Administration,194
Dose,Time of Administration,194
Dose,Dose amount administered,194
Dose,Dose Strength,194
Dose,Number of Tablets,194
Dose,Dosing Comments (optional),195
Water Restriction End Prompt,Date subject ended water restriction,196
Water Restriction End Prompt,Time subject ended water restriction,196
AE and CM prompt,Has the subject had any changes to their health since previous visit?,198
AE and CM prompt,Are there any changes in concomitant medications including dose changes to be reported?,198
End of Screening,Does the Subject Remain Eligible to Continue participation in the Study?,200
End of Screening,Date of Screen Failure,200
End of Screening,Reason for Screen Failure,200
End of Screening,"If the subject did not meet eligibility criteria, please specify criterion number below.",201
End of Screening,"Specify if: Adverse Event, Physician Decision, Protocol Deviation, Other",202
Visit Date,Visit Date,203
Triplicate Orthostatic BP and HR - Central,Were Vital Signs Collected?,205
Triplicate Orthostatic BP and HR - Central,"If not collected, reason:",205
Triplicate Orthostatic BP and HR - Central,Collection Date,205
Triplicate Orthostatic BP and HR - Central,Planned Timepoint,205
Triplicate Orthostatic BP and HR - Central,Time Placed in Position,206
Triplicate Orthostatic BP and HR - Central,Time of Vitals Measurement #1,206
Triplicate Orthostatic BP and HR - Central,Time of Vitals Measurement #2,206
Triplicate Orthostatic BP and HR - Central,Time of Vitals Measurement #3,206
Triplicate Orthostatic BP and HR - Central,Time of Vitals Measurement #1,207
Triplicate Orthostatic BP and HR - Central,Time of Vitals Measurement #2,207
Triplicate Orthostatic BP and HR - Central,Time of Vitals Measurement #3,207
Physical Exam,Was the physical examination performed?,208
Physical Exam,Examination Date,208
Physical Exam,Examination Time,208
Physical Exam,Region/Body System,209
Physical Exam,Region/Body System,210
Physical Exam,Yes,210
Physical Exam,Urogenital,210
Physical Exam,Region/Body System,211
Clinical Laboratory Assessments,Comments,212
Clinical Laboratory Assessments,Was subject in fasting state?,212
Clinical Laboratory Assessments,Sample,213
Clinical Laboratory Assessments,Sample,214
Laboratory results review,Laboratory collection date,215
Laboratory results review,Laboratory results review date,215
Laboratory results review,Has the investigator reviewed all laboratory results from this visit and assessed abnormal results clinical significance?,215
Laboratory results review,Were there any clinically significant abnormal results?,215
Laboratory results review,Were there any clinically significant abnormal chemistry results?,215
Laboratory results review,Chemistry abnormal assay # 1 Investigator comment,217
Laboratory results review,Chemistry abnormal assay # 2 Investigator comment,218
Laboratory results review,Chemistry abnormal assay # 3 Investigator comment,219
Laboratory results review,Chemistry clinically significant abnormal assay # 4,220
Laboratory results review,Chemistry abnormal assay # 4 Investigator comment,221
Laboratory results review,Chemistry abnormal assay # 5 Investigator comment,222
Laboratory results review,Are there any additional clinically significant abnormal chemistry results to be entered?,222
Laboratory results review,Were there any clinically significant abnormal hematology results?,223
Laboratory results review,Hematology clinically significant abnormal assay # 1,223
Laboratory results review,Hematology abnormal assay # 1 Investigator comment,223
Laboratory results review,Hematology abnormal assay # 2 Investigator comment,224
Laboratory results review,Hematology clinically significant abnormal assay # 3,224
Laboratory results review,Hematology abnormal assay # 3 Investigator comment,224
Laboratory results review,Hematology clinically significant abnormal assay # 4,225
Laboratory results review,Hematology abnormal assay # 4 Investigator comment,225
Laboratory results review,Hematology abnormal assay # 5 Investigator comment,226
Laboratory results review,Are there any additional clinically significant abnormal hematology results to be entered?,226
Laboratory results review,Were there any clinically significant abnormal urinalysis results?,226
Laboratory results review,Urinalysis abnormal assay # 1 Investigator comment,227
Laboratory results review,Urinalysis abnormal assay # 2 Investigator comment,228
Laboratory results review,Urinalysis clinically significant abnormal assay # 3,228
Laboratory results review,Urinalysis abnormal assay # 3 Investigator comment,229
Laboratory results review,Urinalysis clinically significant abnormal assay # 4,229
Laboratory results review,Urinalysis abnormal assay # 4 Investigator comment,229
Laboratory results review,Urinalysis clinically significant abnormal assay # 5,230
Laboratory results review,Urinalysis abnormal assay # 5 Investigator comment,230
Laboratory results review,Are there additional urinalysis clinically significant abnormal results to be entered?,230
Laboratory results review,Investigator`s signature for Local Laboratory Results Review,231
Pregnancy test,Was a Pregnancy Test Performed?,232
Pregnancy test,If not done reason,232
Pregnancy test,Type of pregnancy test,232
Pregnancy test,Barcode Number,232
Pregnancy test,Kit Expiration Date,232
Pregnancy test,Kit Batch Number,232
Pregnancy test,Date of Sample,232
Pregnancy test,Result,233
Alcohol Screen - Urine or Breath,Was Test Performed?,234
Alcohol Screen - Urine or Breath,Sample Type,234
Alcohol Screen - Urine or Breath,"If no, Reason Not Done",234
Alcohol Screen - Urine or Breath,Date of Test,234
Alcohol Screen - Urine or Breath,Time of Test,234
Alcohol Screen - Urine or Breath,Result,234
Repeat Test,Was a Repeat test performed?,235
Repeat Test,Time of Repeat Test,235
Repeat Test,Result of Repeat Test,235
Urine Drug Screen,Was Urine Drug Screen Performed?,236
Urine Drug Screen,If not done reason,236
Urine Drug Screen,Manufacturer,236
Urine Drug Screen,Item #,236
Urine Drug Screen,Lot,236
Urine Drug Screen,Expiration Date,236
Urine Drug Screen,Date of Sample,236
Urine Drug Screen,Time of Sample,237
Urine Drug Screen,Test,238
Urine Drug Screen,Test,239
Urine Drug Screen,Test,240
Urine Drug Screen,Result,240
Cotinine Screen,Was Cotinine Screen Performed?,241
Cotinine Screen,If not done reason,241
Cotinine Screen,Sample Type,241
Cotinine Screen,Manufacturer,241
Cotinine Screen,Item #,241
Cotinine Screen,Lot,241
Cotinine Screen,Expiration Date,241
Cotinine Screen,Date of Sample,242
Cotinine Screen,Time of Sample,242
Cotinine Screen,Test,243
PK Blood Draw - Sertraline,Was PK Collection Performed?,244
PK Blood Draw - Sertraline,"If not performed, Reason:",244
PK Blood Draw - Sertraline,Date of Collection,244
PK Blood Draw - Sertraline,Row 1,245
PK Blood Draw - Sertraline,Prazosin PK,245
PGx Blood Sample,Was PGx Blood Collection Performed?,246
PGx Blood Sample,"If not performed, Reason:",246
PGx Blood Sample,Date of Collection,246
PGx Blood Sample,Sample,247
FBR Blood Sample,Was FBR Blood Collection Performed?,248
FBR Blood Sample,"If not performed, Reason:",248
FBR Blood Sample,Date of Collection,248
FBR Blood Sample,Sample,249
C-SSRS since last visit - Page 1,Was the questionnaire administered?,252
C-SSRS since last visit - Page 1,Date of completion,252
C-SSRS since last visit - Page 1,Rater's initials,252
C-SSRS since last visit - Page 1,"Subject endorses thoughts about a wish to be dead or not alive anymore, or wish to fall asleep and not wake up. - Since Last Visit",253
C-SSRS since last visit - Page 1,"If Yes, describe - Since Last Visit",253
C-SSRS since last visit - Page 1,"General non-specific thoughts of wanting to end one's life/commit suicide (e.g. ""I've thought about killing myself"") - Since Last Visit",253
C-SSRS since last visit - Page 1,"If Yes, describe - Since Last Visit",254
C-SSRS since last visit - Page 1,Subject endorses thoughts of suicide and has thought of at least one method during the assessment period. This is - Since Last Visit,254
C-SSRS since last visit - Page 1,Suicidal Ideation,255
C-SSRS since last visit - Page 1,"If Yes, describe - Since Last Visit",255
C-SSRS since last visit - Page 1,Thoughts of killing oneself with detail of plan fully or partially worked out and subject has some intent to carry it out. - Since Last Visit,255
C-SSRS since last visit - Page 2,Most severe ideation,257
C-SSRS since last visit - Page 2,Description of Ideation,257
C-SSRS since last visit - Page 2,Frequency How many times have you had these thoughts?,258
C-SSRS since last visit - Page 2,"Duration When you have the thoughts, how long do they last?",258
C-SSRS since last visit - Page 2,Intensity of Ideation Could/can you stop thinking about killing yourself or wanting to die if you want to?,259
C-SSRS since last visit - Page 2,Since Last Visit,259
C-SSRS since last visit - Page 2,(1) Easily able to control thoughts (2) Can control thoughts with little difficulty,259
C-SSRS since last visit - Page 2,"was it to get attention, revenge or a reaction from others? or both?",260
C-SSRS since last visit - Page 2,Intensity of Ideation,261
C-SSRS since last visit - Page 2,Since Last Visit,261
C-SSRS since last visit - Page 3,Actual attempt: - Since Last Visit,263
C-SSRS since last visit - Page 3,"If Yes, Total number of attempts - Since Last Visit",264
C-SSRS since last visit - Page 3,"If Yes, describe - Since Last Visit",264
C-SSRS since last visit - Page 3,Has subject engaged in Non-Suicidal self-injurious behavior? - Since Last Visit,264
C-SSRS since last visit - Page 3,Interrupted attempt: - Since Last Visit,265
C-SSRS since last visit - Page 3,"If Yes, Total number of interrupted attempts - Since Last Visit",265
C-SSRS since last visit - Page 3,"If Yes, describe - Since Last Visit",265
C-SSRS since last visit - Page 3,Aborted attempt: - Since Last Visit,266
C-SSRS since last visit - Page 3,"If Yes, Total number of aborted attempts - Since Last Visit",266
C-SSRS since last visit - Page 3,"If Yes, describe - Since Last Visit",266
C-SSRS since last visit - Page 3,Preparatory acts or behavior: - Since Last Visit,267
C-SSRS since last visit - Page 3,"If Yes, describe - Since Last Visit",267
C-SSRS since last visit - Page 3,Suicidal behavior: - Since Last Visit,267
C-SSRS since last visit - Page 3,Suicide: - Since Last Visit,267
C-SSRS since last visit - Page 3,Suicidal Behaviour,268
C-SSRS since last visit - Page 3,Since Last Visit,268
C-SSRS since last visit - Page 4,Date of Attempt - Most Lethal Attempt,270
C-SSRS since last visit - Page 4,\ No physical damage or very minor physical damage (e.g. surface scratches) \1.\ Minor physical damage (e.g. - Most Lethal Attempt,270
C-SSRS since last visit - Page 4,"Likely lethality of actual attempt if no medical damage (the following examples, while having no actual medical - Most Lethal Attempt",270
Water Restriction Start Prompt,Date subject started water restriction,272
Water Restriction Start Prompt,Time subject started water restriction,272
IMP Administration - Sertraline,Has subject been fasting (no food) for a minimum of 10 hours prior to the scheduled dosing?,274
IMP Administration - Sertraline,Was water restricted for 1 hour prior to dosing?,274
IMP Administration - Sertraline,Was Sertraline administered?,274
IMP Administration - Sertraline,"If no, reason",274
Dose,Date of Administration,275
Dose,Time of Administration,275
Dose,Reason,275
Dose,Was water restricted for 2 hours following dosing?,275
Water Restriction End Prompt,Date subject ended water restriction,277
Water Restriction End Prompt,Time subject ended water restriction,277
AE and CM prompt,Has the subject had any changes to their health since previous visit?,279
AE and CM prompt,Are there any changes in concomitant medications including dose changes to be reported?,279
Inclusion criteria,"\ Diagnosis of any of the below disorders, as determined by the Diagnostic and Statistical Manual of Mental Disorders, Fifth Edition (DSM-5) criteria, and are considered clinically stable per investigator’s judgment while currently receiving sertraline for at least 90 days and maintained on - Met/Not Met",282
Inclusion criteria,\ Male or female subjects between 18 and 65 years of age (inclusive). - Met/Not Met,282
Inclusion criteria,\ Body mass index (BMI) between 19.0 to 35.0 kg/m2 (inclusive). - Met/Not Met,283
Inclusion criteria,\ In good health as determined by: a) Medical history b) Physical examination - Met/Not Met,283
Inclusion criteria,"\ Ability to provide written, informed consent prior to initiation of any trial-related procedures, and ability, in the opinion of the investigator, to comply with all the requirements of the trial. - Met/Not Met",283
Exclusion criteria,\Females who are breast-feeding and/or who have a positive pregnancy test result prior to receiving IMP. - Met/Not Met,285
Exclusion criteria,"\ Heterosexually active males or females of childbearing potential (FOCBP), or their partners, who do not agree to practice 2 different approved methods of birth control or remain fully abstinent (periodic abstinence or withdrawal are not acceptable methods of contraception) during the trial - Met/Not Met",285
Exclusion criteria,\ Male subjects who do not agree to not donate sperm from trial screening through 30 days after the last dose of IMP. - Met/Not Met,285
Exclusion criteria,"\ Clinically significant abnormality in past medical history, or at the screening physical examination, that in the investigator’s or sponsor’s opinion may place the subject at risk or interfere with outcome variables including absorption, distribution, metabolism, and excretion of the IMP. This - Met/Not Met",286
Exclusion criteria,"\ Subjects with abnormal clinical laboratory assessment results, vital signs results, or ECG findings, unless, based on the investigator’s judgment, the findings are not medically significant and would not impact the safety of the subject or the interpretation of the trial results. The medical monitor - Met/Not Met",286
Exclusion criteria,"\ Subjects with a current diagnosis of hypertension (including treated or untreated hypertension), or orthostatic hypotension which is defined as a decrease of ≥ 20 mmHg decrease in SBP and a ≥ 25 bpm increase in HR from supine to standing, OR development of symptoms. Subjects with a - Met/Not Met",287
Exclusion criteria,"\ Supine HR, after resting for at least 5 minutes, outside the range of 40 to 90 beats per minute (bpm). The sponsor may allow exceptions if the results are not considered to be clinically significant. - Met/Not Met",287
Exclusion criteria,"\ Subjects with epilepsy or a history of seizures, except for a single seizure episode; for instance childhood febrile seizure, a post-traumatic seizure episode, or an alcohol withdrawal seizure. - Met/Not Met",287
Exclusion criteria,\ Subjects with a history of neuroleptic malignant syndrome or serotonin syndrome. - Met/Not Met,287
Exclusion criteria,\ Subjects with a primary DSM-5 diagnosis of: - Schizophrenia spectrum and other psychotic disorders - Met/Not Met,288
Exclusion criteria,"\ Subjects who have a significant risk of committing suicide based on history, routine psychiatric status examination, investigator’s judgment, or who have an answer of “yes” on suicidal ideation questions 4 or 5 (current or over the last 3 months) on the Baseline/Screening Version of the - Met/Not Met",288
Exclusion criteria,"\ History of serious mental disorders that, in the opinion of the investigator, renders the subject a poor fit for the trial.. - Met/Not Met",288
Exclusion criteria,\ History of diabetes mellitus (type 1 or type 2) OR subjects without a history of diabetes mellitus but screening glycated hemoglobin ≥ 6.5% and glucose > 125 mg/dL (fasting) or > 200 mg/dL (nonfasting). Nonfasting screening glucose may be repeated once in the fasted state and the - Met/Not Met,288
Exclusion criteria,"\ History of or current hepatitis or acquired immunodeficiency syndrome or carriers of hepatitis B surface antigen (HBsAg), hepatitis C antibodies (anti-HCV), and/or human immunodeficiency virus (HIV) antibodies. Exceptions are permitted for subjects with a prior history of - Met/Not Met",289
Exclusion criteria,\ Any history of difficulty in donating blood. - Met/Not Met,289
Exclusion criteria,\ History of drug and/or alcohol abuse within 2 years prior to the screening visit based on investigator judgment. - Met/Not Met,289
Exclusion criteria,"\ Subjects who have a positive urine alcohol or drug screen that, in the judgment of the investigator with concurrence of the medical monitor, indicates substance abuse that could compromise the subject’s safety or ability to comply with the trial procedures that could interfere with the - Met/Not Met",290
Exclusion criteria,"\ Use of tobacco products within 2 months prior to the screening visit, or urine cotinine concentrations > 200 ng/mL or serum cotinine concentrations > 20 ng/mL at the screening visit or at check-in to the trial site. - Met/Not Met",290
Exclusion criteria,\ Subjects having taken an investigational drug within 30 days prior to the screening visit. - Met/Not Met,290
Exclusion criteria,\ Subjects who would be likely to require prohibited concomitant therapy during the trial. The sponsor may allow exceptions only if the medication’s administration is deemed unlikely to impact the results of the trial. - Met/Not Met,290
Exclusion criteria,"\ Consumption of food and beverages containing caffeine and methylxanthines (eg, coffee, chocolate, tea) within 48 hours prior to Day -1 or grapefruit, grapefruit juice, Seville oranges, or Seville orange juice within 7 days prior to Day -14. - Met/Not Met",291
Exclusion criteria,"\ History of any medically significant drug allergy or known or suspected hypersensitivity to antipsychotics or adrenergic antagonists, in particular brexpiprazole, prazosin, or propranolol. - Met/Not Met",291
Exclusion criteria,"\ Exposure to any substances known to stimulate hepatic microsomal enzymes within 30 days prior to the screening visit (eg, occupational exposure to pesticides, organic solvents). - Met/Not Met",291
Exclusion criteria,"\ Subjects with any previous exposure to brexpiprazole, or subjects with chronic use of prazosin or propranolol in the 90 days prior to the screening visit or any use in the 21 days (3 weeks) prior to the screening visit. - Met/Not Met",291
Exclusion criteria,\ Subjects who fail to capture daily dosing of sertraline during the sertraline steady-state assurance period on Days -14 to -2. - Met/Not Met,292
Exclusion criteria,\ Subjects without a permanent physical residence. - Met/Not Met,292
Exclusion criteria,"\ Any subject who, in the opinion of the investigator, should not participate in the trial. - Met/Not Met",292
Exclusion criteria,\ Subjects taking multiple medications deemed necessary to maintain psychiatric stability or those taking medication regimens where wash out is impractical should not be enrolled - Met/Not Met,292
Inclusion criteria,"\ Diagnosis of any of the below disorders, as determined by the Diagnostic and Statistical Manual of Mental Disorders, Fifth Edition (DSM-5) criteria, and are considered clinically stable to participate per investigator’s judgment: - Met/Not Met",294
Inclusion criteria,\ Male or female subjects between 18 and 65 years of age (inclusive). - Met/Not Met,294
Inclusion criteria,\ Body mass index (BMI) between 19.0 to 35.0 kg/m2 (inclusive). - Met/Not Met,295
Inclusion criteria,\ In good health as determined by: a) Medical history b) Physical examination - Met/Not Met,295
Inclusion criteria,"\ Ability to provide written, informed consent prior to initiation of any trial-related procedures, and ability, in the opinion of the investigator, to comply with all the requirements of the trial. - Met/Not Met",295
Inclusion criteria,\ Subjects must be able to receive a sertraline dose of 150 mg/day by the second screening visit (Day −15). - Met/Not Met,295
Exclusion criteria,\Females who are breast-feeding and/or who have a positive pregnancy test result prior to receiving IMP. - Met/Not Met,297
Exclusion criteria,"\ Heterosexually active males or females of childbearing potential (FOCBP), or their partners, who do not agree to practice 2 different approved methods of birth control or remain fully abstinent (periodic abstinence or withdrawal are not acceptable methods of contraception) during the trial - Met/Not Met",297
Exclusion criteria,\ Male subjects who do not agree to not donate sperm from trial screening through 30 days after the last dose of IMP. - Met/Not Met,297
Exclusion criteria,"\ Clinically significant abnormality in past medical history, or at the screening physical examination, that in the investigator’s or sponsor’s opinion may place the subject at risk or interfere with outcome variables including absorption, distribution, metabolism, and excretion of the IMP. This - Met/Not Met",298
Exclusion criteria,"\ Subjects with abnormal clinical laboratory assessment results, vital signs results, or ECG findings, unless, based on the investigator’s judgment, the findings are not medically significant and would not impact the safety of the subject or the interpretation of the trial results. The medical monitor - Met/Not Met",298
Exclusion criteria,"\ Subjects with a current diagnosis of hypertension (including treated or untreated hypertension), or orthostatic hypotension which is defined as a decrease of ≥ 20 mmHg decrease in SBP and a ≥ 25 bpm increase in HR from supine to standing, OR development of symptoms. Subjects with a - Met/Not Met",299
Exclusion criteria,"\ Supine HR, after resting for at least 5 minutes, outside the range of 40 to 90 beats per minute (bpm). The sponsor may allow exceptions if the results are not considered to be clinically significant. - Met/Not Met",299
Exclusion criteria,"\ Subjects with epilepsy or a history of seizures, except for a single seizure episode; for instance childhood febrile seizure, a post-traumatic seizure episode, or an alcohol withdrawal seizure. - Met/Not Met",299
Exclusion criteria,\ Subjects with a history of neuroleptic malignant syndrome or serotonin syndrome. - Met/Not Met,299
Exclusion criteria,\ Subjects with a primary DSM-5 diagnosis of: - Schizophrenia spectrum and other psychotic disorders - Met/Not Met,300
Exclusion criteria,"\ Subjects who have a significant risk of committing suicide based on history, routine psychiatric status examination, investigator’s judgment, or who have an answer of “yes” on suicidal ideation questions 4 or 5 (current or over the last 3 months) on the Baseline/Screening Version of the - Met/Not Met",300
Exclusion criteria,"\ History of serious mental disorders that, in the opinion of the investigator, renders the subject a poor fit for the trial.. - Met/Not Met",300
Exclusion criteria,\ History of diabetes mellitus (type 1 or type 2) OR subjects without a history of diabetes mellitus but screening glycated hemoglobin ≥ 6.5% and glucose > 125 mg/dL (fasting) or > 200 mg/dL (nonfasting). Nonfasting screening glucose may be repeated once in the fasted state and the - Met/Not Met,300
Exclusion criteria,"\ History of or current hepatitis or acquired immunodeficiency syndrome or carriers of hepatitis B surface antigen (HBsAg), hepatitis C antibodies (anti-HCV), and/or human immunodeficiency virus (HIV) antibodies. Exceptions are permitted for subjects with a prior history of - Met/Not Met",301
Exclusion criteria,\ Any history of difficulty in donating blood. - Met/Not Met,301
Exclusion criteria,\ History of drug and/or alcohol abuse within 2 years prior to the screening visit based on investigator judgment. - Met/Not Met,301
Exclusion criteria,"\ Subjects who have a positive urine alcohol or drug screen that, in the judgment of the investigator with concurrence of the medical monitor, indicates substance abuse that could compromise the subject’s safety or ability to comply with the trial procedures that could interfere with the - Met/Not Met",302
Exclusion criteria,\ Urine cotinine concentrations > 200 ng/mL or serum cotinine concentrations > 20 ng/mL at the screening visit or at check-in to the trial site. - Met/Not Met,302
Exclusion criteria,\ Subjects having taken an investigational drug within 30 days prior to the screening visit. - Met/Not Met,302
Exclusion criteria,\ Subjects who would be likely to require prohibited concomitant therapy during the trial. The investigator with concurrence of the medical monitor may allow exceptions if the medication’s administration is deemed unlikely to impact the results of the trial. - Met/Not Met,302
Exclusion criteria,"\ Consumption of food and beverages containing caffeine and methylxanthines (eg, coffee, chocolate, tea) within 48 hours prior to Day -1 or grapefruit, grapefruit juice, Seville oranges, or Seville orange juice within 7 days prior to Day -14. - Met/Not Met",303
Exclusion criteria,"\ History of any medically significant drug allergy or known or suspected hypersensitivity to antipsychotics or adrenergic antagonists, in particular brexpiprazole, prazosin, or propranolol. - Met/Not Met",303
Exclusion criteria,"\ Exposure to any substances known to stimulate hepatic microsomal enzymes within 30 days prior to the screening visit (eg, occupational exposure to pesticides, organic solvents). - Met/Not Met",303
Exclusion criteria,"\ Subjects with any previous exposure to brexpiprazole, or subjects with chronic use of prazosin or propranolol in the 90 days prior to the screening visit or any use in the 21 days (3 weeks) prior to the screening visit. - Met/Not Met",303
Exclusion criteria,\ Subjects who fail to capture daily dosing of sertraline during the sertraline steady-state assurance period on Days -14 to -2. - Met/Not Met,304
Exclusion criteria,\ Subjects without a permanent physical residence. - Met/Not Met,304
Exclusion criteria,"\ Any subject who, in the opinion of the investigator, should not participate in the trial. - Met/Not Met",304
Exclusion criteria,\ Subjects taking multiple medications deemed necessary to maintain psychiatric stability or those taking medication regimens where washout is impractical should not be enrolled. The investigator with concurrence of the medical monitor may allow exceptions if the medication’s - Met/Not Met,304
Exclusion criteria,\ Subjects determined by the investigator to not be appropriate for the trial with regards to the protocol-specified washout periods including the washout of fluoxetine for at least 28 days.,305
End of Screening,Does the Subject Remain Eligible to Continue participation in the Study?,306
End of Screening,Date of Screen Failure,306
End of Screening,Reason for Screen Failure,306
End of Screening,"If the subject did not meet eligibility criteria, please specify criterion number below.",307
End of Screening,"Specify if: Adverse Event, Physician Decision, Protocol Deviation, Other",308
Visit Date,Visit Date,309
AE and CM prompt,Has the subject had any changes to their health since previous visit?,311
AE and CM prompt,Are there any changes in concomitant medications including dose changes to be reported?,311
Body Temperature and Respiratory Rate - Predose,Were Vital Signs Collected?,313
Body Temperature and Respiratory Rate - Predose,"If not collected, reason:",313
Body Temperature and Respiratory Rate - Predose,Collection Date,313
Body Temperature and Respiratory Rate - Predose,Planned Timepoint,313
Body Temperature and Respiratory Rate - Predose,Respiratory Rate (breaths/min),314
Body Temperature and Respiratory Rate - Predose,Body Temperature (celsius),314
Triplicate Orthostatic BP and HR - Predose,Were Vital Signs Collected?,315
Triplicate Orthostatic BP and HR - Predose,"If not collected, reason:",315
Triplicate Orthostatic BP and HR - Predose,Collection Date,315
Triplicate Orthostatic BP and HR - Predose,Planned Timepoint,315
Triplicate Orthostatic BP and HR - Predose,Time Placed in Position,316
Triplicate Orthostatic BP and HR - Predose,Time of Vitals Measurement #1,316
Triplicate Orthostatic BP and HR - Predose,Time of Vitals Measurement #2,316
Triplicate Orthostatic BP and HR - Predose,Time of Vitals Measurement #3,316
Triplicate Orthostatic BP and HR - Predose,Time of Vitals Measurement #1,317
Triplicate Orthostatic BP and HR - Predose,Time of Vitals Measurement #2,317
Triplicate Orthostatic BP and HR - Predose,Time of Vitals Measurement #3,317
Triplicate ECG Assessments - Predose,Were ECG measurements performed?,318
Triplicate ECG Assessments - Predose,"If no, Reason not done",318
Triplicate ECG Assessments - Predose,Date of ECG,318
Triplicate ECG Assessments - Predose,Time subject became supine:,318
Triplicate ECG Assessments - Predose,Time of ECG assessment # 1:,318
Triplicate ECG Assessments - Predose,Time of ECG assessment # 2:,319
Triplicate ECG Assessments - Predose,Time of ECG assessment # 3:,319
Triplicate ECG Assessments - Predose,Overall ECG interpretation,319
Triplicate ECG Assessments - Predose,Abnormal Findings,319
Triplicate ECG Assessments - Predose,Was the ECG abnormality clinically significant?,319
Triplicate ECG Assessments - Predose,Are additional ECG assessments required?,319
C-SSRS since last visit - Page 1,Was the questionnaire administered?,322
C-SSRS since last visit - Page 1,Date of completion,322
C-SSRS since last visit - Page 1,Rater's initials,322
C-SSRS since last visit - Page 1,"Subject endorses thoughts about a wish to be dead or not alive anymore, or wish to fall asleep and not wake up. - Since Last Visit",323
C-SSRS since last visit - Page 1,"If Yes, describe - Since Last Visit",323
C-SSRS since last visit - Page 1,"General non-specific thoughts of wanting to end one's life/commit suicide (e.g. ""I've thought about killing myself"") - Since Last Visit",323
C-SSRS since last visit - Page 1,"If Yes, describe - Since Last Visit",324
C-SSRS since last visit - Page 1,Subject endorses thoughts of suicide and has thought of at least one method during the assessment period. This is - Since Last Visit,324
C-SSRS since last visit - Page 1,Suicidal Ideation,325
C-SSRS since last visit - Page 1,"If Yes, describe - Since Last Visit",325
C-SSRS since last visit - Page 1,Thoughts of killing oneself with detail of plan fully or partially worked out and subject has some intent to carry it out. - Since Last Visit,325
C-SSRS since last visit - Page 2,Most severe ideation,327
C-SSRS since last visit - Page 2,Description of Ideation,327
C-SSRS since last visit - Page 2,Frequency How many times have you had these thoughts?,328
C-SSRS since last visit - Page 2,"Duration When you have the thoughts, how long do they last?",328
C-SSRS since last visit - Page 2,Intensity of Ideation Could/can you stop thinking about killing yourself or wanting to die if you want to?,329
C-SSRS since last visit - Page 2,Since Last Visit,329
C-SSRS since last visit - Page 2,(1) Easily able to control thoughts (2) Can control thoughts with little difficulty,329
C-SSRS since last visit - Page 2,"was it to get attention, revenge or a reaction from others? or both?",330
C-SSRS since last visit - Page 2,Intensity of Ideation,331
C-SSRS since last visit - Page 2,Since Last Visit,331
C-SSRS since last visit - Page 3,Actual attempt: - Since Last Visit,333
C-SSRS since last visit - Page 3,"If Yes, Total number of attempts - Since Last Visit",334
C-SSRS since last visit - Page 3,"If Yes, describe - Since Last Visit",334
C-SSRS since last visit - Page 3,Has subject engaged in Non-Suicidal self-injurious behavior? - Since Last Visit,334
C-SSRS since last visit - Page 3,Interrupted attempt: - Since Last Visit,335
C-SSRS since last visit - Page 3,"If Yes, Total number of interrupted attempts - Since Last Visit",335
C-SSRS since last visit - Page 3,"If Yes, describe - Since Last Visit",335
C-SSRS since last visit - Page 3,Aborted attempt: - Since Last Visit,336
C-SSRS since last visit - Page 3,"If Yes, Total number of aborted attempts - Since Last Visit",336
C-SSRS since last visit - Page 3,"If Yes, describe - Since Last Visit",336
C-SSRS since last visit - Page 3,Preparatory acts or behavior: - Since Last Visit,337
C-SSRS since last visit - Page 3,"If Yes, describe - Since Last Visit",337
C-SSRS since last visit - Page 3,Suicidal behavior: - Since Last Visit,337
C-SSRS since last visit - Page 3,Suicide: - Since Last Visit,337
C-SSRS since last visit - Page 3,Suicidal Behaviour,338
C-SSRS since last visit - Page 3,Since Last Visit,338
C-SSRS since last visit - Page 4,Date of Attempt - Most Lethal Attempt,340
C-SSRS since last visit - Page 4,\ No physical damage or very minor physical damage (e.g. surface scratches) \1.\ Minor physical damage (e.g. - Most Lethal Attempt,340
C-SSRS since last visit - Page 4,"Likely lethality of actual attempt if no medical damage (the following examples, while having no actual medical - Most Lethal Attempt",340
Water Restriction Start Prompt,Date subject started water restriction,342
Water Restriction Start Prompt,Time subject started water restriction,342
IMP Administration - Sertraline,Has subject been fasting (no food) for a minimum of 10 hours prior to the scheduled dosing?,344
IMP Administration - Sertraline,Was water restricted for 1 hour prior to dosing?,344
IMP Administration - Sertraline,Was Sertraline administered?,344
IMP Administration - Sertraline,"If no, reason",344
Dose,Date of Administration,345
Dose,Time of Administration,345
Dose,Reason,345
Dose,Was water restricted for 2 hours following dosing?,345
Water Restriction End Prompt,Date subject ended water restriction,347
Water Restriction End Prompt,Time subject ended water restriction,347
PK Blood Draw - Sertraline,Was PK Collection Performed?,349
PK Blood Draw - Sertraline,"If not performed, Reason:",349
PK Blood Draw - Sertraline,Date of Collection,349
PK Blood Draw - Sertraline,Row 1,350
PK Blood Draw - Sertraline,Prazosin PK,350
PK Blood Draw - Sertraline,Row 2,350
PK Blood Draw - Sertraline,Row 3,351
PK Blood Draw - Sertraline,Prazosin PK,351
PK Blood Draw - Sertraline,Row 4,351
PK Blood Draw - Sertraline,Prazosin PK,352
PK Blood Draw - Sertraline,Row 5,352
Triplicate Orthostatic BP and HR - 1h Postdose,Were Vital Signs Collected?,353
Triplicate Orthostatic BP and HR - 1h Postdose,"If not collected, reason:",353
Triplicate Orthostatic BP and HR - 1h Postdose,Collection Date,353
Triplicate Orthostatic BP and HR - 1h Postdose,Planned Timepoint,353
Triplicate Orthostatic BP and HR - 1h Postdose,Time Placed in Position,354
Triplicate Orthostatic BP and HR - 1h Postdose,Time of Vitals Measurement #1,354
Triplicate Orthostatic BP and HR - 1h Postdose,Time of Vitals Measurement #2,354
Triplicate Orthostatic BP and HR - 1h Postdose,Time of Vitals Measurement #3,354
Triplicate Orthostatic BP and HR - 1h Postdose,Time of Vitals Measurement #1,355
Triplicate Orthostatic BP and HR - 1h Postdose,Time of Vitals Measurement #2,355
Triplicate Orthostatic BP and HR - 1h Postdose,Time of Vitals Measurement #3,355
Triplicate Orthostatic BP and HR - 1.5h Postdose,Were Vital Signs Collected?,356
Triplicate Orthostatic BP and HR - 1.5h Postdose,"If not collected, reason:",356
Triplicate Orthostatic BP and HR - 1.5h Postdose,Collection Date,356
Triplicate Orthostatic BP and HR - 1.5h Postdose,Planned Timepoint,356
Triplicate Orthostatic BP and HR - 1.5h Postdose,Time Placed in Position,357
Triplicate Orthostatic BP and HR - 1.5h Postdose,Time of Vitals Measurement #1,357
Triplicate Orthostatic BP and HR - 1.5h Postdose,Time of Vitals Measurement #2,357
Triplicate Orthostatic BP and HR - 1.5h Postdose,Time of Vitals Measurement #3,357
Triplicate Orthostatic BP and HR - 1.5h Postdose,Time of Vitals Measurement #1,358
Triplicate Orthostatic BP and HR - 1.5h Postdose,Time of Vitals Measurement #2,358
Triplicate Orthostatic BP and HR - 1.5h Postdose,Time of Vitals Measurement #3,358
Triplicate Orthostatic BP and HR - 2h Postdose,Were Vital Signs Collected?,359
Triplicate Orthostatic BP and HR - 2h Postdose,"If not collected, reason:",359
Triplicate Orthostatic BP and HR - 2h Postdose,Collection Date,359
Triplicate Orthostatic BP and HR - 2h Postdose,Planned Timepoint,359
Triplicate Orthostatic BP and HR - 2h Postdose,Time Placed in Position,360
Triplicate Orthostatic BP and HR - 2h Postdose,Time of Vitals Measurement #1,360
Triplicate Orthostatic BP and HR - 2h Postdose,Time of Vitals Measurement #2,360
Triplicate Orthostatic BP and HR - 2h Postdose,Time of Vitals Measurement #3,360
Triplicate Orthostatic BP and HR - 2h Postdose,Time of Vitals Measurement #1,361
Triplicate Orthostatic BP and HR - 2h Postdose,Time of Vitals Measurement #2,361
Triplicate Orthostatic BP and HR - 2h Postdose,Time of Vitals Measurement #3,361
Triplicate Orthostatic BP and HR - 2.5h Postdose,Were Vital Signs Collected?,362
Triplicate Orthostatic BP and HR - 2.5h Postdose,"If not collected, reason:",362
Triplicate Orthostatic BP and HR - 2.5h Postdose,Collection Date,362
Triplicate Orthostatic BP and HR - 2.5h Postdose,Planned Timepoint,362
Triplicate Orthostatic BP and HR - 2.5h Postdose,Time Placed in Position,363
Triplicate Orthostatic BP and HR - 2.5h Postdose,Time of Vitals Measurement #1,363
Triplicate Orthostatic BP and HR - 2.5h Postdose,Time of Vitals Measurement #2,363
Triplicate Orthostatic BP and HR - 2.5h Postdose,Time of Vitals Measurement #3,363
Triplicate Orthostatic BP and HR - 2.5h Postdose,Time of Vitals Measurement #1,364
Triplicate Orthostatic BP and HR - 2.5h Postdose,Time of Vitals Measurement #2,364
Triplicate Orthostatic BP and HR - 2.5h Postdose,Time of Vitals Measurement #3,364
Triplicate Orthostatic BP and HR - 3h Postdose,Were Vital Signs Collected?,365
Triplicate Orthostatic BP and HR - 3h Postdose,"If not collected, reason:",365
Triplicate Orthostatic BP and HR - 3h Postdose,Collection Date,365
Triplicate Orthostatic BP and HR - 3h Postdose,Planned Timepoint,365
Triplicate Orthostatic BP and HR - 3h Postdose,Time Placed in Position,366
Triplicate Orthostatic BP and HR - 3h Postdose,Time of Vitals Measurement #1,366
Triplicate Orthostatic BP and HR - 3h Postdose,Time of Vitals Measurement #2,366
Triplicate Orthostatic BP and HR - 3h Postdose,Time of Vitals Measurement #3,366
Triplicate Orthostatic BP and HR - 3h Postdose,Time of Vitals Measurement #1,367
Triplicate Orthostatic BP and HR - 3h Postdose,Time of Vitals Measurement #2,367
Triplicate Orthostatic BP and HR - 3h Postdose,Time of Vitals Measurement #3,367
Triplicate Orthostatic BP and HR - 4h Postdose,Were Vital Signs Collected?,368
Triplicate Orthostatic BP and HR - 4h Postdose,"If not collected, reason:",368
Triplicate Orthostatic BP and HR - 4h Postdose,Collection Date,368
Triplicate Orthostatic BP and HR - 4h Postdose,Planned Timepoint,368
Triplicate Orthostatic BP and HR - 4h Postdose,Time Placed in Position,369
Triplicate Orthostatic BP and HR - 4h Postdose,Time of Vitals Measurement #1,369
Triplicate Orthostatic BP and HR - 4h Postdose,Time of Vitals Measurement #2,369
Triplicate Orthostatic BP and HR - 4h Postdose,Time of Vitals Measurement #3,369
Triplicate Orthostatic BP and HR - 4h Postdose,Time of Vitals Measurement #1,370
Triplicate Orthostatic BP and HR - 4h Postdose,Time of Vitals Measurement #2,370
Triplicate Orthostatic BP and HR - 4h Postdose,Time of Vitals Measurement #3,370
Triplicate Orthostatic BP and HR - 6h Postdose,Were Vital Signs Collected?,371
Triplicate Orthostatic BP and HR - 6h Postdose,"If not collected, reason:",371
Triplicate Orthostatic BP and HR - 6h Postdose,Collection Date,371
Triplicate Orthostatic BP and HR - 6h Postdose,Planned Timepoint,371
Triplicate Orthostatic BP and HR - 6h Postdose,Time Placed in Position,372
Triplicate Orthostatic BP and HR - 6h Postdose,Time of Vitals Measurement #1,372
Triplicate Orthostatic BP and HR - 6h Postdose,Time of Vitals Measurement #2,372
Triplicate Orthostatic BP and HR - 6h Postdose,Time of Vitals Measurement #3,372
Triplicate Orthostatic BP and HR - 6h Postdose,Time of Vitals Measurement #1,373
Triplicate Orthostatic BP and HR - 6h Postdose,Time of Vitals Measurement #2,373
Triplicate Orthostatic BP and HR - 6h Postdose,Time of Vitals Measurement #3,373
Triplicate Orthostatic BP and HR - 8h Postdose,Were Vital Signs Collected?,374
Triplicate Orthostatic BP and HR - 8h Postdose,"If not collected, reason:",374
Triplicate Orthostatic BP and HR - 8h Postdose,Collection Date,374
Triplicate Orthostatic BP and HR - 8h Postdose,Planned Timepoint,374
Triplicate Orthostatic BP and HR - 8h Postdose,Time Placed in Position,375
Triplicate Orthostatic BP and HR - 8h Postdose,Time of Vitals Measurement #1,375
Triplicate Orthostatic BP and HR - 8h Postdose,Time of Vitals Measurement #2,375
Triplicate Orthostatic BP and HR - 8h Postdose,Time of Vitals Measurement #3,375
Triplicate Orthostatic BP and HR - 8h Postdose,Time of Vitals Measurement #1,376
Triplicate Orthostatic BP and HR - 8h Postdose,Time of Vitals Measurement #2,376
Triplicate Orthostatic BP and HR - 8h Postdose,Time of Vitals Measurement #3,376
Visit Date,Visit Date,377
Visit Date,Skip to next visit,377
Visit Date,Skip to Early Termination visit,377
AE and CM prompt,Has the subject had any changes to their health since previous visit?,379
AE and CM prompt,Are there any changes in concomitant medications including dose changes to be reported?,379
Body Temperature and Respiratory Rate,Were Vital Signs Collected?,381
Body Temperature and Respiratory Rate,"If not collected, reason:",381
Body Temperature and Respiratory Rate,Collection Date,381
Body Temperature and Respiratory Rate,Planned Timepoint,381
Body Temperature and Respiratory Rate,Respiratory Rate (breaths/min),382
Body Temperature and Respiratory Rate,Body Temperature (celsius),382
Triplicate Orthostatic BP and HR - Predose,Were Vital Signs Collected?,383
Triplicate Orthostatic BP and HR - Predose,"If not collected, reason:",383
Triplicate Orthostatic BP and HR - Predose,Collection Date,383
Triplicate Orthostatic BP and HR - Predose,Planned Timepoint,383
Triplicate Orthostatic BP and HR - Predose,Time Placed in Position,384
Triplicate Orthostatic BP and HR - Predose,Time of Vitals Measurement #1,384
Triplicate Orthostatic BP and HR - Predose,Time of Vitals Measurement #2,384
Triplicate Orthostatic BP and HR - Predose,Time of Vitals Measurement #3,384
Triplicate Orthostatic BP and HR - Predose,Time of Vitals Measurement #1,385
Triplicate Orthostatic BP and HR - Predose,Time of Vitals Measurement #2,385
Triplicate Orthostatic BP and HR - Predose,Time of Vitals Measurement #3,385
C-SSRS since last visit - Page 1,Was the questionnaire administered?,388
C-SSRS since last visit - Page 1,Date of completion,388
C-SSRS since last visit - Page 1,Rater's initials,388
C-SSRS since last visit - Page 1,"Subject endorses thoughts about a wish to be dead or not alive anymore, or wish to fall asleep and not wake up. - Since Last Visit",389
C-SSRS since last visit - Page 1,"If Yes, describe - Since Last Visit",389
C-SSRS since last visit - Page 1,"General non-specific thoughts of wanting to end one's life/commit suicide (e.g. ""I've thought about killing myself"") - Since Last Visit",389
C-SSRS since last visit - Page 1,"If Yes, describe - Since Last Visit",390
C-SSRS since last visit - Page 1,Subject endorses thoughts of suicide and has thought of at least one method during the assessment period. This is - Since Last Visit,390
C-SSRS since last visit - Page 1,Suicidal Ideation,391
C-SSRS since last visit - Page 1,"If Yes, describe - Since Last Visit",391
C-SSRS since last visit - Page 1,Thoughts of killing oneself with detail of plan fully or partially worked out and subject has some intent to carry it out. - Since Last Visit,391
C-SSRS since last visit - Page 2,Most severe ideation,393
C-SSRS since last visit - Page 2,Description of Ideation,393
C-SSRS since last visit - Page 2,Frequency How many times have you had these thoughts?,394
C-SSRS since last visit - Page 2,"Duration When you have the thoughts, how long do they last?",394
C-SSRS since last visit - Page 2,Intensity of Ideation Could/can you stop thinking about killing yourself or wanting to die if you want to?,395
C-SSRS since last visit - Page 2,Since Last Visit,395
C-SSRS since last visit - Page 2,(1) Easily able to control thoughts (2) Can control thoughts with little difficulty,395
C-SSRS since last visit - Page 2,"was it to get attention, revenge or a reaction from others? or both?",396
C-SSRS since last visit - Page 2,Intensity of Ideation,397
C-SSRS since last visit - Page 2,Since Last Visit,397
C-SSRS since last visit - Page 3,Actual attempt: - Since Last Visit,399
C-SSRS since last visit - Page 3,"If Yes, Total number of attempts - Since Last Visit",400
C-SSRS since last visit - Page 3,"If Yes, describe - Since Last Visit",400
C-SSRS since last visit - Page 3,Has subject engaged in Non-Suicidal self-injurious behavior? - Since Last Visit,400
C-SSRS since last visit - Page 3,Interrupted attempt: - Since Last Visit,401
C-SSRS since last visit - Page 3,"If Yes, Total number of interrupted attempts - Since Last Visit",401
C-SSRS since last visit - Page 3,"If Yes, describe - Since Last Visit",401
C-SSRS since last visit - Page 3,Aborted attempt: - Since Last Visit,402
C-SSRS since last visit - Page 3,"If Yes, Total number of aborted attempts - Since Last Visit",402
C-SSRS since last visit - Page 3,"If Yes, describe - Since Last Visit",402
C-SSRS since last visit - Page 3,Preparatory acts or behavior: - Since Last Visit,403
C-SSRS since last visit - Page 3,"If Yes, describe - Since Last Visit",403
C-SSRS since last visit - Page 3,Suicidal behavior: - Since Last Visit,403
C-SSRS since last visit - Page 3,Suicide: - Since Last Visit,403
C-SSRS since last visit - Page 3,Suicidal Behaviour,404
C-SSRS since last visit - Page 3,Since Last Visit,404
C-SSRS since last visit - Page 4,Date of Attempt - Most Lethal Attempt,406
C-SSRS since last visit - Page 4,\ No physical damage or very minor physical damage (e.g. surface scratches) \1.\ Minor physical damage (e.g. - Most Lethal Attempt,406
C-SSRS since last visit - Page 4,"Likely lethality of actual attempt if no medical damage (the following examples, while having no actual medical - Most Lethal Attempt",406
Water Restriction Start Prompt,Date subject started water restriction,408
Water Restriction Start Prompt,Time subject started water restriction,408
IMP Administration - Sertraline and Prazosin,Has subject been fasting (no food) for a minimum of 10 hours prior to the scheduled dosing?,410
IMP Administration - Sertraline and Prazosin,Was water restricted for 1 hour prior to dosing?,410
IMP Administration - Sertraline and Prazosin,Was Sertraline administered?,410
IMP Administration - Sertraline and Prazosin,"If no, reason",410
IMP Administration - Sertraline and Prazosin,Date of Administration,411
IMP Administration - Sertraline and Prazosin,Time of Administration,411
IMP Administration - Sertraline and Prazosin,Reason,411
IMP Administration - Sertraline and Prazosin,Dosing Comments (optional),411
Prazosin Dose,Was Prazosin administered?,412
Prazosin Dose,"If no, reason",412
Prazosin Dose,Date of Administration,412
Prazosin Dose,Time of Administration,412
Prazosin Dose,Reason,413
Prazosin Dose,Was water restricted for 2 hours following dosing?,413
Prazosin Dose,Dosing Comments (optional),413
Water Restriction End Prompt,Date subject ended water restriction,414
Water Restriction End Prompt,Time subject ended water restriction,414
PK Blood Draw - Sertraline,Was PK Collection Performed?,416
PK Blood Draw - Sertraline,"If not performed, Reason:",416
PK Blood Draw - Sertraline,Date of Collection,416
PK Blood Draw - Sertraline,Row 1,417
PK Blood Draw - Sertraline,Prazosin PK,417
PK Blood Draw - Sertraline,Row 2,417
PK Blood Draw - Sertraline,Row 3,418
PK Blood Draw - Sertraline,Prazosin PK,418
PK Blood Draw - Sertraline,Row 4,418
PK Blood Draw - Sertraline,Prazosin PK,419
PK Blood Draw - Sertraline,Row 5,419
PK Blood Draw - Prazosin,Was PK Collection Performed?,420
PK Blood Draw - Prazosin,"If not performed, Reason:",420
PK Blood Draw - Prazosin,Date of Collection,420
PK Blood Draw - Prazosin,Row 1,421
PK Blood Draw - Prazosin,Prazosin PK,421
PK Blood Draw - Prazosin,Row 2,421
PK Blood Draw - Prazosin,Row 3,422
PK Blood Draw - Prazosin,Prazosin PK,422
PK Blood Draw - Prazosin,Row 4,422
PK Blood Draw - Prazosin,Prazosin PK,423
PK Blood Draw - Prazosin,Row 5,423
Triplicate Orthostatic BP and HR - 1h Postdose,Were Vital Signs Collected?,424
Triplicate Orthostatic BP and HR - 1h Postdose,"If not collected, reason:",424
Triplicate Orthostatic BP and HR - 1h Postdose,Collection Date,424
Triplicate Orthostatic BP and HR - 1h Postdose,Planned Timepoint,424
Triplicate Orthostatic BP and HR - 1h Postdose,Time Placed in Position,425
Triplicate Orthostatic BP and HR - 1h Postdose,Time of Vitals Measurement #1,425
Triplicate Orthostatic BP and HR - 1h Postdose,Time of Vitals Measurement #2,425
Triplicate Orthostatic BP and HR - 1h Postdose,Time of Vitals Measurement #3,425
Triplicate Orthostatic BP and HR - 1h Postdose,Time of Vitals Measurement #1,426
Triplicate Orthostatic BP and HR - 1h Postdose,Time of Vitals Measurement #2,426
Triplicate Orthostatic BP and HR - 1h Postdose,Time of Vitals Measurement #3,426
Triplicate Orthostatic BP and HR - 1.5h Postdose,Were Vital Signs Collected?,427
Triplicate Orthostatic BP and HR - 1.5h Postdose,"If not collected, reason:",427
Triplicate Orthostatic BP and HR - 1.5h Postdose,Collection Date,427
Triplicate Orthostatic BP and HR - 1.5h Postdose,Planned Timepoint,427
Triplicate Orthostatic BP and HR - 1.5h Postdose,Time Placed in Position,428
Triplicate Orthostatic BP and HR - 1.5h Postdose,Time of Vitals Measurement #1,428
Triplicate Orthostatic BP and HR - 1.5h Postdose,Time of Vitals Measurement #2,428
Triplicate Orthostatic BP and HR - 1.5h Postdose,Time of Vitals Measurement #3,428
Triplicate Orthostatic BP and HR - 1.5h Postdose,Time of Vitals Measurement #1,429
Triplicate Orthostatic BP and HR - 1.5h Postdose,Time of Vitals Measurement #2,429
Triplicate Orthostatic BP and HR - 1.5h Postdose,Time of Vitals Measurement #3,429
Triplicate Orthostatic BP and HR - 2h Postdose,Were Vital Signs Collected?,430
Triplicate Orthostatic BP and HR - 2h Postdose,"If not collected, reason:",430
Triplicate Orthostatic BP and HR - 2h Postdose,Collection Date,430
Triplicate Orthostatic BP and HR - 2h Postdose,Planned Timepoint,430
Triplicate Orthostatic BP and HR - 2h Postdose,Time Placed in Position,431
Triplicate Orthostatic BP and HR - 2h Postdose,Time of Vitals Measurement #1,431
Triplicate Orthostatic BP and HR - 2h Postdose,Time of Vitals Measurement #2,431
Triplicate Orthostatic BP and HR - 2h Postdose,Time of Vitals Measurement #3,431
Triplicate Orthostatic BP and HR - 2h Postdose,Time of Vitals Measurement #1,432
Triplicate Orthostatic BP and HR - 2h Postdose,Time of Vitals Measurement #2,432
Triplicate Orthostatic BP and HR - 2h Postdose,Time of Vitals Measurement #3,432
Triplicate Orthostatic BP and HR - 2.5h Postdose,Were Vital Signs Collected?,433
Triplicate Orthostatic BP and HR - 2.5h Postdose,"If not collected, reason:",433
Triplicate Orthostatic BP and HR - 2.5h Postdose,Collection Date,433
Triplicate Orthostatic BP and HR - 2.5h Postdose,Planned Timepoint,433
Triplicate Orthostatic BP and HR - 2.5h Postdose,Time Placed in Position,434
Triplicate Orthostatic BP and HR - 2.5h Postdose,Time of Vitals Measurement #1,434
Triplicate Orthostatic BP and HR - 2.5h Postdose,Time of Vitals Measurement #2,434
Triplicate Orthostatic BP and HR - 2.5h Postdose,Time of Vitals Measurement #3,434
Triplicate Orthostatic BP and HR - 2.5h Postdose,Time of Vitals Measurement #1,435
Triplicate Orthostatic BP and HR - 2.5h Postdose,Time of Vitals Measurement #2,435
Triplicate Orthostatic BP and HR - 2.5h Postdose,Time of Vitals Measurement #3,435
Triplicate Orthostatic BP and HR - 3h Postdose,Were Vital Signs Collected?,436
Triplicate Orthostatic BP and HR - 3h Postdose,"If not collected, reason:",436
Triplicate Orthostatic BP and HR - 3h Postdose,Collection Date,436
Triplicate Orthostatic BP and HR - 3h Postdose,Planned Timepoint,436
Triplicate Orthostatic BP and HR - 3h Postdose,Time Placed in Position,437
Triplicate Orthostatic BP and HR - 3h Postdose,Time of Vitals Measurement #1,437
Triplicate Orthostatic BP and HR - 3h Postdose,Time of Vitals Measurement #2,437
Triplicate Orthostatic BP and HR - 3h Postdose,Time of Vitals Measurement #3,437
Triplicate Orthostatic BP and HR - 3h Postdose,Time of Vitals Measurement #1,438
Triplicate Orthostatic BP and HR - 3h Postdose,Time of Vitals Measurement #2,438
Triplicate Orthostatic BP and HR - 3h Postdose,Time of Vitals Measurement #3,438
Triplicate Orthostatic BP and HR - 4h Postdose,Were Vital Signs Collected?,439
Triplicate Orthostatic BP and HR - 4h Postdose,"If not collected, reason:",439
Triplicate Orthostatic BP and HR - 4h Postdose,Collection Date,439
Triplicate Orthostatic BP and HR - 4h Postdose,Planned Timepoint,439
Triplicate Orthostatic BP and HR - 4h Postdose,Time Placed in Position,440
Triplicate Orthostatic BP and HR - 4h Postdose,Time of Vitals Measurement #1,440
Triplicate Orthostatic BP and HR - 4h Postdose,Time of Vitals Measurement #2,440
Triplicate Orthostatic BP and HR - 4h Postdose,Time of Vitals Measurement #3,440
Triplicate Orthostatic BP and HR - 4h Postdose,Time of Vitals Measurement #1,441
Triplicate Orthostatic BP and HR - 4h Postdose,Time of Vitals Measurement #2,441
Triplicate Orthostatic BP and HR - 4h Postdose,Time of Vitals Measurement #3,441
Triplicate Orthostatic BP and HR - 6h Postdose,Were Vital Signs Collected?,442
Triplicate Orthostatic BP and HR - 6h Postdose,"If not collected, reason:",442
Triplicate Orthostatic BP and HR - 6h Postdose,Collection Date,442
Triplicate Orthostatic BP and HR - 6h Postdose,Planned Timepoint,442
Triplicate Orthostatic BP and HR - 6h Postdose,Time Placed in Position,443
Triplicate Orthostatic BP and HR - 6h Postdose,Time of Vitals Measurement #1,443
Triplicate Orthostatic BP and HR - 6h Postdose,Time of Vitals Measurement #2,443
Triplicate Orthostatic BP and HR - 6h Postdose,Time of Vitals Measurement #3,443
Triplicate Orthostatic BP and HR - 6h Postdose,Time of Vitals Measurement #1,444
Triplicate Orthostatic BP and HR - 6h Postdose,Time of Vitals Measurement #2,444
Triplicate Orthostatic BP and HR - 6h Postdose,Time of Vitals Measurement #3,444
Triplicate Orthostatic BP and HR - 8h Postdose,Were Vital Signs Collected?,445
Triplicate Orthostatic BP and HR - 8h Postdose,"If not collected, reason:",445
Triplicate Orthostatic BP and HR - 8h Postdose,Collection Date,445
Triplicate Orthostatic BP and HR - 8h Postdose,Planned Timepoint,445
Triplicate Orthostatic BP and HR - 8h Postdose,Time Placed in Position,446
Triplicate Orthostatic BP and HR - 8h Postdose,Time of Vitals Measurement #1,446
Triplicate Orthostatic BP and HR - 8h Postdose,Time of Vitals Measurement #2,446
Triplicate Orthostatic BP and HR - 8h Postdose,Time of Vitals Measurement #3,446
Triplicate Orthostatic BP and HR - 8h Postdose,Time of Vitals Measurement #1,447
Triplicate Orthostatic BP and HR - 8h Postdose,Time of Vitals Measurement #2,447
Triplicate Orthostatic BP and HR - 8h Postdose,Time of Vitals Measurement #3,447
Visit Date,Visit Date,448
Visit Date,Skip to next visit,448
Visit Date,Skip to Early Termination visit,448
AE and CM prompt,Has the subject had any changes to their health since previous visit?,450
AE and CM prompt,Are there any changes in concomitant medications including dose changes to be reported?,450
Body Temperature and Respiratory Rate - Predose,Were Vital Signs Collected?,452
Body Temperature and Respiratory Rate - Predose,"If not collected, reason:",452
Body Temperature and Respiratory Rate - Predose,Collection Date,452
Body Temperature and Respiratory Rate - Predose,Planned Timepoint,452
Body Temperature and Respiratory Rate - Predose,Respiratory Rate (breaths/min),453
Body Temperature and Respiratory Rate - Predose,Body Temperature (celsius),453
Triplicate Orthostatic BP and HR - Predose,Were Vital Signs Collected?,454
Triplicate Orthostatic BP and HR - Predose,"If not collected, reason:",454
Triplicate Orthostatic BP and HR - Predose,Collection Date,454
Triplicate Orthostatic BP and HR - Predose,Planned Timepoint,454
Triplicate Orthostatic BP and HR - Predose,Time Placed in Position,455
Triplicate Orthostatic BP and HR - Predose,Time of Vitals Measurement #1,455
Triplicate Orthostatic BP and HR - Predose,Time of Vitals Measurement #2,455
Triplicate Orthostatic BP and HR - Predose,Time of Vitals Measurement #3,455
Triplicate Orthostatic BP and HR - Predose,Time of Vitals Measurement #1,456
Triplicate Orthostatic BP and HR - Predose,Time of Vitals Measurement #2,456
Triplicate Orthostatic BP and HR - Predose,Time of Vitals Measurement #3,456
12-lead ECG - Discharge,Was 12 Lead ECG Performed?,457
12-lead ECG - Discharge,"If no, Reason not done",457
12-lead ECG - Discharge,Date of ECG,457
12-lead ECG - Discharge,Time subject became supine:,457
12-lead ECG - Discharge,Time of ECG assessment,457
12-lead ECG - Discharge,Abnormal Findings,458
12-lead ECG - Discharge,Was the ECG abnormality clinically significant?,458
12-lead ECG - Discharge,Are additional ECG assessments required?,458
Clinical Laboratory Assessments,Comments,459
Clinical Laboratory Assessments,Was subject in fasting state?,459
Clinical Laboratory Assessments,Sample,460
Clinical Laboratory Assessments,Sample,461
Laboratory results review,Laboratory collection date,462
Laboratory results review,Laboratory results review date,462
Laboratory results review,Has the investigator reviewed all laboratory results from this visit and assessed abnormal results clinical significance?,462
Laboratory results review,Were there any clinically significant abnormal results?,462
Laboratory results review,Were there any clinically significant abnormal chemistry results?,462
Laboratory results review,Chemistry abnormal assay # 1 Investigator comment,464
Laboratory results review,Chemistry abnormal assay # 2 Investigator comment,465
Laboratory results review,Chemistry abnormal assay # 3 Investigator comment,466
Laboratory results review,Chemistry clinically significant abnormal assay # 4,467
Laboratory results review,Chemistry abnormal assay # 4 Investigator comment,468
Laboratory results review,Chemistry abnormal assay # 5 Investigator comment,469
Laboratory results review,Are there any additional clinically significant abnormal chemistry results to be entered?,469
Laboratory results review,Were there any clinically significant abnormal hematology results?,470
Laboratory results review,Hematology clinically significant abnormal assay # 1,470
Laboratory results review,Hematology abnormal assay # 1 Investigator comment,470
Laboratory results review,Hematology abnormal assay # 2 Investigator comment,471
Laboratory results review,Hematology clinically significant abnormal assay # 3,471
Laboratory results review,Hematology abnormal assay # 3 Investigator comment,471
Laboratory results review,Hematology clinically significant abnormal assay # 4,472
Laboratory results review,Hematology abnormal assay # 4 Investigator comment,472
Laboratory results review,Hematology abnormal assay # 5 Investigator comment,473
Laboratory results review,Are there any additional clinically significant abnormal hematology results to be entered?,473
Laboratory results review,Were there any clinically significant abnormal urinalysis results?,473
Laboratory results review,Urinalysis abnormal assay # 1 Investigator comment,474
Laboratory results review,Urinalysis abnormal assay # 2 Investigator comment,475
Laboratory results review,Urinalysis clinically significant abnormal assay # 3,475
Laboratory results review,Urinalysis abnormal assay # 3 Investigator comment,476
Laboratory results review,Urinalysis clinically significant abnormal assay # 4,476
Laboratory results review,Urinalysis abnormal assay # 4 Investigator comment,476
Laboratory results review,Urinalysis clinically significant abnormal assay # 5,477
Laboratory results review,Urinalysis abnormal assay # 5 Investigator comment,477
Laboratory results review,Are there additional urinalysis clinically significant abnormal results to be entered?,477
Laboratory results review,Investigator`s signature for Local Laboratory Results Review,478
C-SSRS since last visit - Page 1,Was the questionnaire administered?,481
C-SSRS since last visit - Page 1,Date of completion,481
C-SSRS since last visit - Page 1,Rater's initials,481
C-SSRS since last visit - Page 1,"Subject endorses thoughts about a wish to be dead or not alive anymore, or wish to fall asleep and not wake up. - Since Last Visit",482
C-SSRS since last visit - Page 1,"If Yes, describe - Since Last Visit",482
C-SSRS since last visit - Page 1,"General non-specific thoughts of wanting to end one's life/commit suicide (e.g. ""I've thought about killing myself"") - Since Last Visit",482
C-SSRS since last visit - Page 1,"If Yes, describe - Since Last Visit",483
C-SSRS since last visit - Page 1,Subject endorses thoughts of suicide and has thought of at least one method during the assessment period. This is - Since Last Visit,483
C-SSRS since last visit - Page 1,Suicidal Ideation,484
C-SSRS since last visit - Page 1,"If Yes, describe - Since Last Visit",484
C-SSRS since last visit - Page 1,Thoughts of killing oneself with detail of plan fully or partially worked out and subject has some intent to carry it out. - Since Last Visit,484
C-SSRS since last visit - Page 2,Most severe ideation,486
C-SSRS since last visit - Page 2,Description of Ideation,486
C-SSRS since last visit - Page 2,Frequency How many times have you had these thoughts?,487
C-SSRS since last visit - Page 2,"Duration When you have the thoughts, how long do they last?",487
C-SSRS since last visit - Page 2,Intensity of Ideation Could/can you stop thinking about killing yourself or wanting to die if you want to?,488
C-SSRS since last visit - Page 2,Since Last Visit,488
C-SSRS since last visit - Page 2,(1) Easily able to control thoughts (2) Can control thoughts with little difficulty,488
C-SSRS since last visit - Page 2,"was it to get attention, revenge or a reaction from others? or both?",489
C-SSRS since last visit - Page 2,Intensity of Ideation,490
C-SSRS since last visit - Page 2,Since Last Visit,490
C-SSRS since last visit - Page 3,Actual attempt: - Since Last Visit,492
C-SSRS since last visit - Page 3,"If Yes, Total number of attempts - Since Last Visit",493
C-SSRS since last visit - Page 3,"If Yes, describe - Since Last Visit",493
C-SSRS since last visit - Page 3,Has subject engaged in Non-Suicidal self-injurious behavior? - Since Last Visit,493
C-SSRS since last visit - Page 3,Interrupted attempt: - Since Last Visit,494
C-SSRS since last visit - Page 3,"If Yes, Total number of interrupted attempts - Since Last Visit",494
C-SSRS since last visit - Page 3,"If Yes, describe - Since Last Visit",494
C-SSRS since last visit - Page 3,Aborted attempt: - Since Last Visit,495
C-SSRS since last visit - Page 3,"If Yes, Total number of aborted attempts - Since Last Visit",495
C-SSRS since last visit - Page 3,"If Yes, describe - Since Last Visit",495
C-SSRS since last visit - Page 3,Preparatory acts or behavior: - Since Last Visit,496
C-SSRS since last visit - Page 3,"If Yes, describe - Since Last Visit",496
C-SSRS since last visit - Page 3,Suicidal behavior: - Since Last Visit,496
C-SSRS since last visit - Page 3,Suicide: - Since Last Visit,496
C-SSRS since last visit - Page 3,Suicidal Behaviour,497
C-SSRS since last visit - Page 3,Since Last Visit,497
C-SSRS since last visit - Page 4,Date of Attempt - Most Lethal Attempt,499
C-SSRS since last visit - Page 4,\ No physical damage or very minor physical damage (e.g. surface scratches) \1.\ Minor physical damage (e.g. - Most Lethal Attempt,499
C-SSRS since last visit - Page 4,"Likely lethality of actual attempt if no medical damage (the following examples, while having no actual medical - Most Lethal Attempt",499
Water Restriction Start Prompt,Date subject started water restriction,501
Water Restriction Start Prompt,Time subject started water restriction,501
IMP Administration - Sertraline and Propranolol,Has subject been fasting (no food) for a minimum of 10 hours prior to the scheduled dosing?,503
IMP Administration - Sertraline and Propranolol,Was water restricted for 1 hour prior to dosing?,503
IMP Administration - Sertraline and Propranolol,Was Sertraline administered?,503
IMP Administration - Sertraline and Propranolol,"If no, reason",503
IMP Administration - Sertraline and Propranolol,Date of Administration,504
IMP Administration - Sertraline and Propranolol,Time of Administration,504
IMP Administration - Sertraline and Propranolol,Reason,504
IMP Administration - Sertraline and Propranolol,Dosing Comments (optional),504
Propranol Dose,Was Propranol administered?,505
Propranol Dose,"If no, reason",505
Propranol Dose,Date of Administration,505
Propranol Dose,Time of Administration,505
Propranol Dose,Reason,506
Propranol Dose,Was water restricted for 2 hours following dosing?,506
Propranol Dose,Dosing Comments (optional),506
Water Restriction End Prompt,Date subject ended water restriction,507
Water Restriction End Prompt,Time subject ended water restriction,507
PK Blood Draw - Sertraline,Was PK Collection Performed?,509
PK Blood Draw - Sertraline,"If not performed, Reason:",509
PK Blood Draw - Sertraline,Date of Collection,509
PK Blood Draw - Sertraline,Row 1,510
PK Blood Draw - Sertraline,Prazosin PK,510
PK Blood Draw - Sertraline,Row 2,510
PK Blood Draw - Sertraline,Row 3,511
PK Blood Draw - Sertraline,Prazosin PK,511
PK Blood Draw - Sertraline,Row 4,511
PK Blood Draw - Sertraline,Prazosin PK,512
PK Blood Draw - Sertraline,Row 5,512
PK Blood Draw - Propranolol,Was PK Collection Performed?,513
PK Blood Draw - Propranolol,"If not performed, Reason:",513
PK Blood Draw - Propranolol,Date of Collection,513
PK Blood Draw - Propranolol,Row 1,514
PK Blood Draw - Propranolol,Prazosin PK,514
PK Blood Draw - Propranolol,Row 2,514
PK Blood Draw - Propranolol,Row 3,515
PK Blood Draw - Propranolol,Prazosin PK,515
PK Blood Draw - Propranolol,Row 4,515
PK Blood Draw - Propranolol,Prazosin PK,516
PK Blood Draw - Propranolol,Row 5,516
Triplicate Orthostatic BP and HR - 1h Postdose,Were Vital Signs Collected?,517
Triplicate Orthostatic BP and HR - 1h Postdose,"If not collected, reason:",517
Triplicate Orthostatic BP and HR - 1h Postdose,Collection Date,517
Triplicate Orthostatic BP and HR - 1h Postdose,Planned Timepoint,517
Triplicate Orthostatic BP and HR - 1h Postdose,Time Placed in Position,518
Triplicate Orthostatic BP and HR - 1h Postdose,Time of Vitals Measurement #1,518
Triplicate Orthostatic BP and HR - 1h Postdose,Time of Vitals Measurement #2,518
Triplicate Orthostatic BP and HR - 1h Postdose,Time of Vitals Measurement #3,518
Triplicate Orthostatic BP and HR - 1h Postdose,Time of Vitals Measurement #1,519
Triplicate Orthostatic BP and HR - 1h Postdose,Time of Vitals Measurement #2,519
Triplicate Orthostatic BP and HR - 1h Postdose,Time of Vitals Measurement #3,519
Triplicate Orthostatic BP and HR - 1.5h Postdose,Were Vital Signs Collected?,520
Triplicate Orthostatic BP and HR - 1.5h Postdose,"If not collected, reason:",520
Triplicate Orthostatic BP and HR - 1.5h Postdose,Collection Date,520
Triplicate Orthostatic BP and HR - 1.5h Postdose,Planned Timepoint,520
Triplicate Orthostatic BP and HR - 1.5h Postdose,Time Placed in Position,521
Triplicate Orthostatic BP and HR - 1.5h Postdose,Time of Vitals Measurement #1,521
Triplicate Orthostatic BP and HR - 1.5h Postdose,Time of Vitals Measurement #2,521
Triplicate Orthostatic BP and HR - 1.5h Postdose,Time of Vitals Measurement #3,521
Triplicate Orthostatic BP and HR - 1.5h Postdose,Time of Vitals Measurement #1,522
Triplicate Orthostatic BP and HR - 1.5h Postdose,Time of Vitals Measurement #2,522
Triplicate Orthostatic BP and HR - 1.5h Postdose,Time of Vitals Measurement #3,522
Triplicate Orthostatic BP and HR - 2h Postdose,Were Vital Signs Collected?,523
Triplicate Orthostatic BP and HR - 2h Postdose,"If not collected, reason:",523
Triplicate Orthostatic BP and HR - 2h Postdose,Collection Date,523
Triplicate Orthostatic BP and HR - 2h Postdose,Planned Timepoint,523
Triplicate Orthostatic BP and HR - 2h Postdose,Time Placed in Position,524
Triplicate Orthostatic BP and HR - 2h Postdose,Time of Vitals Measurement #1,524
Triplicate Orthostatic BP and HR - 2h Postdose,Time of Vitals Measurement #2,524
Triplicate Orthostatic BP and HR - 2h Postdose,Time of Vitals Measurement #3,524
Triplicate Orthostatic BP and HR - 2h Postdose,Time of Vitals Measurement #1,525
Triplicate Orthostatic BP and HR - 2h Postdose,Time of Vitals Measurement #2,525
Triplicate Orthostatic BP and HR - 2h Postdose,Time of Vitals Measurement #3,525
Triplicate Orthostatic BP and HR - 2.5h Postdose,Were Vital Signs Collected?,526
Triplicate Orthostatic BP and HR - 2.5h Postdose,"If not collected, reason:",526
Triplicate Orthostatic BP and HR - 2.5h Postdose,Collection Date,526
Triplicate Orthostatic BP and HR - 2.5h Postdose,Planned Timepoint,526
Triplicate Orthostatic BP and HR - 2.5h Postdose,Time Placed in Position,527
Triplicate Orthostatic BP and HR - 2.5h Postdose,Time of Vitals Measurement #1,527
Triplicate Orthostatic BP and HR - 2.5h Postdose,Time of Vitals Measurement #2,527
Triplicate Orthostatic BP and HR - 2.5h Postdose,Time of Vitals Measurement #3,527
Triplicate Orthostatic BP and HR - 2.5h Postdose,Time of Vitals Measurement #1,528
Triplicate Orthostatic BP and HR - 2.5h Postdose,Time of Vitals Measurement #2,528
Triplicate Orthostatic BP and HR - 2.5h Postdose,Time of Vitals Measurement #3,528
Triplicate Orthostatic BP and HR - 3h Postdose,Were Vital Signs Collected?,529
Triplicate Orthostatic BP and HR - 3h Postdose,"If not collected, reason:",529
Triplicate Orthostatic BP and HR - 3h Postdose,Collection Date,529
Triplicate Orthostatic BP and HR - 3h Postdose,Planned Timepoint,529
Triplicate Orthostatic BP and HR - 3h Postdose,Time Placed in Position,530
Triplicate Orthostatic BP and HR - 3h Postdose,Time of Vitals Measurement #1,530
Triplicate Orthostatic BP and HR - 3h Postdose,Time of Vitals Measurement #2,530
Triplicate Orthostatic BP and HR - 3h Postdose,Time of Vitals Measurement #3,530
Triplicate Orthostatic BP and HR - 3h Postdose,Time of Vitals Measurement #1,531
Triplicate Orthostatic BP and HR - 3h Postdose,Time of Vitals Measurement #2,531
Triplicate Orthostatic BP and HR - 3h Postdose,Time of Vitals Measurement #3,531
Triplicate Orthostatic BP and HR - 4h Postdose,Were Vital Signs Collected?,532
Triplicate Orthostatic BP and HR - 4h Postdose,"If not collected, reason:",532
Triplicate Orthostatic BP and HR - 4h Postdose,Collection Date,532
Triplicate Orthostatic BP and HR - 4h Postdose,Planned Timepoint,532
Triplicate Orthostatic BP and HR - 4h Postdose,Time Placed in Position,533
Triplicate Orthostatic BP and HR - 4h Postdose,Time of Vitals Measurement #1,533
Triplicate Orthostatic BP and HR - 4h Postdose,Time of Vitals Measurement #2,533
Triplicate Orthostatic BP and HR - 4h Postdose,Time of Vitals Measurement #3,533
Triplicate Orthostatic BP and HR - 4h Postdose,Time of Vitals Measurement #1,534
Triplicate Orthostatic BP and HR - 4h Postdose,Time of Vitals Measurement #2,534
Triplicate Orthostatic BP and HR - 4h Postdose,Time of Vitals Measurement #3,534
Triplicate Orthostatic BP and HR - 6h Postdose,Were Vital Signs Collected?,535
Triplicate Orthostatic BP and HR - 6h Postdose,"If not collected, reason:",535
Triplicate Orthostatic BP and HR - 6h Postdose,Collection Date,535
Triplicate Orthostatic BP and HR - 6h Postdose,Planned Timepoint,535
Triplicate Orthostatic BP and HR - 6h Postdose,Time Placed in Position,536
Triplicate Orthostatic BP and HR - 6h Postdose,Time of Vitals Measurement #1,536
Triplicate Orthostatic BP and HR - 6h Postdose,Time of Vitals Measurement #2,536
Triplicate Orthostatic BP and HR - 6h Postdose,Time of Vitals Measurement #3,536
Triplicate Orthostatic BP and HR - 6h Postdose,Time of Vitals Measurement #1,537
Triplicate Orthostatic BP and HR - 6h Postdose,Time of Vitals Measurement #2,537
Triplicate Orthostatic BP and HR - 6h Postdose,Time of Vitals Measurement #3,537
Triplicate Orthostatic BP and HR - 8h Postdose,Were Vital Signs Collected?,538
Triplicate Orthostatic BP and HR - 8h Postdose,"If not collected, reason:",538
Triplicate Orthostatic BP and HR - 8h Postdose,Collection Date,538
Triplicate Orthostatic BP and HR - 8h Postdose,Planned Timepoint,538
Triplicate Orthostatic BP and HR - 8h Postdose,Time Placed in Position,539
Triplicate Orthostatic BP and HR - 8h Postdose,Time of Vitals Measurement #1,539
Triplicate Orthostatic BP and HR - 8h Postdose,Time of Vitals Measurement #2,539
Triplicate Orthostatic BP and HR - 8h Postdose,Time of Vitals Measurement #3,539
Triplicate Orthostatic BP and HR - 8h Postdose,Time of Vitals Measurement #1,540
Triplicate Orthostatic BP and HR - 8h Postdose,Time of Vitals Measurement #2,540
Triplicate Orthostatic BP and HR - 8h Postdose,Time of Vitals Measurement #3,540
Visit Date,Visit Date,541
Visit Date,Skip to next visit,541
Visit Date,Skip to Early Termination visit,541
AE and CM prompt,Has the subject had any changes to their health since previous visit?,543
AE and CM prompt,Are there any changes in concomitant medications including dose changes to be reported?,543
Triplicate Orthostatic BP and HR - Predose,Were Vital Signs Collected?,545
Triplicate Orthostatic BP and HR - Predose,"If not collected, reason:",545
Triplicate Orthostatic BP and HR - Predose,Collection Date,545
Triplicate Orthostatic BP and HR - Predose,Planned Timepoint,545
Triplicate Orthostatic BP and HR - Predose,Time Placed in Position,546
Triplicate Orthostatic BP and HR - Predose,Time of Vitals Measurement #1,546
Triplicate Orthostatic BP and HR - Predose,Time of Vitals Measurement #2,546
Triplicate Orthostatic BP and HR - Predose,Time of Vitals Measurement #3,546
Triplicate Orthostatic BP and HR - Predose,Time of Vitals Measurement #1,547
Triplicate Orthostatic BP and HR - Predose,Time of Vitals Measurement #2,547
Triplicate Orthostatic BP and HR - Predose,Time of Vitals Measurement #3,547
Physical Exam,Was the physical examination performed?,548
Physical Exam,Examination Date,548
Physical Exam,Examination Time,548
Physical Exam,Region/Body System,549
Physical Exam,Region/Body System,550
Physical Exam,Yes,550
Physical Exam,Urogenital,550
Physical Exam,Region/Body System,551
Clinical Laboratory Assessments,Comments,552
Clinical Laboratory Assessments,Was subject in fasting state?,552
Clinical Laboratory Assessments,Sample,553
Clinical Laboratory Assessments,Sample,554
Laboratory results review,Laboratory collection date,555
Laboratory results review,Laboratory results review date,555
Laboratory results review,Has the investigator reviewed all laboratory results from this visit and assessed abnormal results clinical significance?,555
Laboratory results review,Were there any clinically significant abnormal results?,555
Laboratory results review,Were there any clinically significant abnormal chemistry results?,555
Laboratory results review,Chemistry abnormal assay # 1 Investigator comment,557
Laboratory results review,Chemistry abnormal assay # 2 Investigator comment,558
Laboratory results review,Chemistry abnormal assay # 3 Investigator comment,559
Laboratory results review,Chemistry clinically significant abnormal assay # 4,560
Laboratory results review,Chemistry abnormal assay # 4 Investigator comment,561
Laboratory results review,Chemistry abnormal assay # 5 Investigator comment,562
Laboratory results review,Are there any additional clinically significant abnormal chemistry results to be entered?,562
Laboratory results review,Were there any clinically significant abnormal hematology results?,563
Laboratory results review,Hematology clinically significant abnormal assay # 1,563
Laboratory results review,Hematology abnormal assay # 1 Investigator comment,563
Laboratory results review,Hematology abnormal assay # 2 Investigator comment,564
Laboratory results review,Hematology clinically significant abnormal assay # 3,564
Laboratory results review,Hematology abnormal assay # 3 Investigator comment,564
Laboratory results review,Hematology clinically significant abnormal assay # 4,565
Laboratory results review,Hematology abnormal assay # 4 Investigator comment,565
Laboratory results review,Hematology abnormal assay # 5 Investigator comment,566
Laboratory results review,Are there any additional clinically significant abnormal hematology results to be entered?,566
Laboratory results review,Were there any clinically significant abnormal urinalysis results?,566
Laboratory results review,Urinalysis abnormal assay # 1 Investigator comment,567
Laboratory results review,Urinalysis abnormal assay # 2 Investigator comment,568
Laboratory results review,Urinalysis clinically significant abnormal assay # 3,568
Laboratory results review,Urinalysis abnormal assay # 3 Investigator comment,569
Laboratory results review,Urinalysis clinically significant abnormal assay # 4,569
Laboratory results review,Urinalysis abnormal assay # 4 Investigator comment,569
Laboratory results review,Urinalysis clinically significant abnormal assay # 5,570
Laboratory results review,Urinalysis abnormal assay # 5 Investigator comment,570
Laboratory results review,Are there additional urinalysis clinically significant abnormal results to be entered?,570
Laboratory results review,Investigator`s signature for Local Laboratory Results Review,571
Pregnancy test,Was a Pregnancy Test Performed?,572
Pregnancy test,If not done reason,572
Pregnancy test,Type of pregnancy test,572
Pregnancy test,Barcode Number,572
Pregnancy test,Kit Expiration Date,572
Pregnancy test,Kit Batch Number,572
Pregnancy test,Date of Sample,572
Pregnancy test,Result,573
Alcohol Screen - Urine or Breath,Was Test Performed?,574
Alcohol Screen - Urine or Breath,Sample Type,574
Alcohol Screen - Urine or Breath,"If no, Reason Not Done",574
Alcohol Screen - Urine or Breath,Date of Test,574
Alcohol Screen - Urine or Breath,Time of Test,574
Alcohol Screen - Urine or Breath,Result,574
Repeat Test,Was a Repeat test performed?,575
Repeat Test,Time of Repeat Test,575
Repeat Test,Result of Repeat Test,575
Urine Drug Screen,Was Urine Drug Screen Performed?,576
Urine Drug Screen,If not done reason,576
Urine Drug Screen,Manufacturer,576
Urine Drug Screen,Item #,576
Urine Drug Screen,Lot,576
Urine Drug Screen,Expiration Date,576
Urine Drug Screen,Date of Sample,576
Urine Drug Screen,Time of Sample,577
Urine Drug Screen,Test,578
Urine Drug Screen,Test,579
Urine Drug Screen,Test,580
Urine Drug Screen,Result,580
Cotinine Screen,Was Cotinine Screen Performed?,581
Cotinine Screen,If not done reason,581
Cotinine Screen,Sample Type,581
Cotinine Screen,Manufacturer,581
Cotinine Screen,Item #,581
Cotinine Screen,Lot,581
Cotinine Screen,Expiration Date,581
Cotinine Screen,Date of Sample,582
Cotinine Screen,Time of Sample,582
Cotinine Screen,Test,583
Water Restriction Start Prompt,Date subject started water restriction,584
Water Restriction Start Prompt,Time subject started water restriction,584
IMP Administration - Sertraline and Brexpiprazole,Has subject been fasting (no food) for a minimum of 10 hours prior to the scheduled dosing?,586
IMP Administration - Sertraline and Brexpiprazole,Was water restricted for 1 hour prior to dosing?,586
IMP Administration - Sertraline and Brexpiprazole,Was Sertraline administered?,586
IMP Administration - Sertraline and Brexpiprazole,"If no, reason",586
IMP Administration - Sertraline and Brexpiprazole,Date of Administration,587
IMP Administration - Sertraline and Brexpiprazole,Time of Administration,587
IMP Administration - Sertraline and Brexpiprazole,Reason,587
IMP Administration - Sertraline and Brexpiprazole,Dosing Comments (optional),587
Brexpiprazole Dose,Was Brexpiprazole administered?,588
Brexpiprazole Dose,"If no, reason",588
Brexpiprazole Dose,Date of Administration,588
Brexpiprazole Dose,Time of Administration,588
Brexpiprazole Dose,Reason,589
Brexpiprazole Dose,Was water restricted for 2 hours following dosing?,589
Brexpiprazole Dose,Dosing Comments (optional),589
Water Restriction End Prompt,Date subject ended water restriction,590
Water Restriction End Prompt,Time subject ended water restriction,590
PK Blood Draw - Brexpiprazole/Sertraline,Was PK Collection Performed?,592
PK Blood Draw - Brexpiprazole/Sertraline,"If not performed, Reason:",592
PK Blood Draw - Brexpiprazole/Sertraline,Date of Collection,592
PK Blood Draw - Brexpiprazole/Sertraline,Row 1,593
PK Blood Draw - Brexpiprazole/Sertraline,Prazosin PK,593
Visit Date,Visit Date,594
Visit Date,Skip to next visit,594
Visit Date,Skip to Early Termination visit,594
AE and CM prompt,Has the subject had any changes to their health since previous visit?,596
AE and CM prompt,Are there any changes in concomitant medications including dose changes to be reported?,596
Body Temperature and Respiratory Rate - Predose,Were Vital Signs Collected?,598
Body Temperature and Respiratory Rate - Predose,"If not collected, reason:",598
Body Temperature and Respiratory Rate - Predose,Collection Date,598
Body Temperature and Respiratory Rate - Predose,Planned Timepoint,598
Body Temperature and Respiratory Rate - Predose,Respiratory Rate (breaths/min),599
Body Temperature and Respiratory Rate - Predose,Body Temperature (celsius),599
Triplicate Orthostatic BP and HR - Predose,Were Vital Signs Collected?,600
Triplicate Orthostatic BP and HR - Predose,"If not collected, reason:",600
Triplicate Orthostatic BP and HR - Predose,Collection Date,600
Triplicate Orthostatic BP and HR - Predose,Planned Timepoint,600
Triplicate Orthostatic BP and HR - Predose,Time Placed in Position,601
Triplicate Orthostatic BP and HR - Predose,Time of Vitals Measurement #1,601
Triplicate Orthostatic BP and HR - Predose,Time of Vitals Measurement #2,601
Triplicate Orthostatic BP and HR - Predose,Time of Vitals Measurement #3,601
Triplicate Orthostatic BP and HR - Predose,Time of Vitals Measurement #1,602
Triplicate Orthostatic BP and HR - Predose,Time of Vitals Measurement #2,602
Triplicate Orthostatic BP and HR - Predose,Time of Vitals Measurement #3,602
C-SSRS since last visit - Page 1,Was the questionnaire administered?,605
C-SSRS since last visit - Page 1,Date of completion,605
C-SSRS since last visit - Page 1,Rater's initials,605
C-SSRS since last visit - Page 1,"Subject endorses thoughts about a wish to be dead or not alive anymore, or wish to fall asleep and not wake up. - Since Last Visit",606
C-SSRS since last visit - Page 1,"If Yes, describe - Since Last Visit",606
C-SSRS since last visit - Page 1,"General non-specific thoughts of wanting to end one's life/commit suicide (e.g. ""I've thought about killing myself"") - Since Last Visit",606
C-SSRS since last visit - Page 1,"If Yes, describe - Since Last Visit",607
C-SSRS since last visit - Page 1,Subject endorses thoughts of suicide and has thought of at least one method during the assessment period. This is - Since Last Visit,607
C-SSRS since last visit - Page 1,Suicidal Ideation,608
C-SSRS since last visit - Page 1,"If Yes, describe - Since Last Visit",608
C-SSRS since last visit - Page 1,Thoughts of killing oneself with detail of plan fully or partially worked out and subject has some intent to carry it out. - Since Last Visit,608
C-SSRS since last visit - Page 2,Most severe ideation,610
C-SSRS since last visit - Page 2,Description of Ideation,610
C-SSRS since last visit - Page 2,Frequency How many times have you had these thoughts?,611
C-SSRS since last visit - Page 2,"Duration When you have the thoughts, how long do they last?",611
C-SSRS since last visit - Page 2,Intensity of Ideation Could/can you stop thinking about killing yourself or wanting to die if you want to?,612
C-SSRS since last visit - Page 2,Since Last Visit,612
C-SSRS since last visit - Page 2,(1) Easily able to control thoughts (2) Can control thoughts with little difficulty,612
C-SSRS since last visit - Page 2,"was it to get attention, revenge or a reaction from others? or both?",613
C-SSRS since last visit - Page 2,Intensity of Ideation,614
C-SSRS since last visit - Page 2,Since Last Visit,614
C-SSRS since last visit - Page 3,Actual attempt: - Since Last Visit,616
C-SSRS since last visit - Page 3,"If Yes, Total number of attempts - Since Last Visit",617
C-SSRS since last visit - Page 3,"If Yes, describe - Since Last Visit",617
C-SSRS since last visit - Page 3,Has subject engaged in Non-Suicidal self-injurious behavior? - Since Last Visit,617
C-SSRS since last visit - Page 3,Interrupted attempt: - Since Last Visit,618
C-SSRS since last visit - Page 3,"If Yes, Total number of interrupted attempts - Since Last Visit",618
C-SSRS since last visit - Page 3,"If Yes, describe - Since Last Visit",618
C-SSRS since last visit - Page 3,Aborted attempt: - Since Last Visit,619
C-SSRS since last visit - Page 3,"If Yes, Total number of aborted attempts - Since Last Visit",619
C-SSRS since last visit - Page 3,"If Yes, describe - Since Last Visit",619
C-SSRS since last visit - Page 3,Preparatory acts or behavior: - Since Last Visit,620
C-SSRS since last visit - Page 3,"If Yes, describe - Since Last Visit",620
C-SSRS since last visit - Page 3,Suicidal behavior: - Since Last Visit,620
C-SSRS since last visit - Page 3,Suicide: - Since Last Visit,620
C-SSRS since last visit - Page 3,Suicidal Behaviour,621
C-SSRS since last visit - Page 3,Since Last Visit,621
C-SSRS since last visit - Page 4,Date of Attempt - Most Lethal Attempt,623
C-SSRS since last visit - Page 4,\ No physical damage or very minor physical damage (e.g. surface scratches) \1.\ Minor physical damage (e.g. - Most Lethal Attempt,623
C-SSRS since last visit - Page 4,"Likely lethality of actual attempt if no medical damage (the following examples, while having no actual medical - Most Lethal Attempt",623
Water Restriction Start Prompt,Date subject started water restriction,625
Water Restriction Start Prompt,Time subject started water restriction,625
IMP Administration - Sertraline and Brexpiprazole,Has subject been fasting (no food) for a minimum of 10 hours prior to the scheduled dosing?,627
IMP Administration - Sertraline and Brexpiprazole,Was water restricted for 1 hour prior to dosing?,627
IMP Administration - Sertraline and Brexpiprazole,Was Sertraline administered?,627
IMP Administration - Sertraline and Brexpiprazole,"If no, reason",627
IMP Administration - Sertraline and Brexpiprazole,Date of Administration,628
IMP Administration - Sertraline and Brexpiprazole,Time of Administration,628
IMP Administration - Sertraline and Brexpiprazole,Reason,628
IMP Administration - Sertraline and Brexpiprazole,Dosing Comments (optional),628
Brexpiprazole Dose,Was Brexpiprazole administered?,629
Brexpiprazole Dose,"If no, reason",629
Brexpiprazole Dose,Date of Administration,629
Brexpiprazole Dose,Time of Administration,629
Brexpiprazole Dose,Reason,630
Brexpiprazole Dose,Was water restricted for 2 hours following dosing?,630
Brexpiprazole Dose,Dosing Comments (optional),630
Water Restriction End Prompt,Date subject ended water restriction,631
Water Restriction End Prompt,Time subject ended water restriction,631
PK Blood Draw - Brexpiprazole/Sertraline,Was PK Collection Performed?,633
PK Blood Draw - Brexpiprazole/Sertraline,"If not performed, Reason:",633
PK Blood Draw - Brexpiprazole/Sertraline,Date of Collection,633
PK Blood Draw - Brexpiprazole/Sertraline,Row 1,634
PK Blood Draw - Brexpiprazole/Sertraline,Prazosin PK,634
PK Blood Draw - Brexpiprazole/Sertraline,Row 2,634
PK Blood Draw - Brexpiprazole/Sertraline,Row 3,635
PK Blood Draw - Brexpiprazole/Sertraline,Prazosin PK,635
PK Blood Draw - Brexpiprazole/Sertraline,Row 4,635
PK Blood Draw - Brexpiprazole/Sertraline,Prazosin PK,636
PK Blood Draw - Brexpiprazole/Sertraline,Row 5,636
Triplicate Orthostatic BP and HR - 1h Postdose,Were Vital Signs Collected?,637
Triplicate Orthostatic BP and HR - 1h Postdose,"If not collected, reason:",637
Triplicate Orthostatic BP and HR - 1h Postdose,Collection Date,637
Triplicate Orthostatic BP and HR - 1h Postdose,Planned Timepoint,637
Triplicate Orthostatic BP and HR - 1h Postdose,Time Placed in Position,638
Triplicate Orthostatic BP and HR - 1h Postdose,Time of Vitals Measurement #1,638
Triplicate Orthostatic BP and HR - 1h Postdose,Time of Vitals Measurement #2,638
Triplicate Orthostatic BP and HR - 1h Postdose,Time of Vitals Measurement #3,638
Triplicate Orthostatic BP and HR - 1h Postdose,Time of Vitals Measurement #1,639
Triplicate Orthostatic BP and HR - 1h Postdose,Time of Vitals Measurement #2,639
Triplicate Orthostatic BP and HR - 1h Postdose,Time of Vitals Measurement #3,639
Triplicate Orthostatic BP and HR - 1.5h Postdose,Were Vital Signs Collected?,640
Triplicate Orthostatic BP and HR - 1.5h Postdose,"If not collected, reason:",640
Triplicate Orthostatic BP and HR - 1.5h Postdose,Collection Date,640
Triplicate Orthostatic BP and HR - 1.5h Postdose,Planned Timepoint,640
Triplicate Orthostatic BP and HR - 1.5h Postdose,Time Placed in Position,641
Triplicate Orthostatic BP and HR - 1.5h Postdose,Time of Vitals Measurement #1,641
Triplicate Orthostatic BP and HR - 1.5h Postdose,Time of Vitals Measurement #2,641
Triplicate Orthostatic BP and HR - 1.5h Postdose,Time of Vitals Measurement #3,641
Triplicate Orthostatic BP and HR - 1.5h Postdose,Time of Vitals Measurement #1,642
Triplicate Orthostatic BP and HR - 1.5h Postdose,Time of Vitals Measurement #2,642
Triplicate Orthostatic BP and HR - 1.5h Postdose,Time of Vitals Measurement #3,642
Triplicate Orthostatic BP and HR - 2h Postdose,Were Vital Signs Collected?,643
Triplicate Orthostatic BP and HR - 2h Postdose,"If not collected, reason:",643
Triplicate Orthostatic BP and HR - 2h Postdose,Collection Date,643
Triplicate Orthostatic BP and HR - 2h Postdose,Planned Timepoint,643
Triplicate Orthostatic BP and HR - 2h Postdose,Time Placed in Position,644
Triplicate Orthostatic BP and HR - 2h Postdose,Time of Vitals Measurement #1,644
Triplicate Orthostatic BP and HR - 2h Postdose,Time of Vitals Measurement #2,644
Triplicate Orthostatic BP and HR - 2h Postdose,Time of Vitals Measurement #3,644
Triplicate Orthostatic BP and HR - 2h Postdose,Time of Vitals Measurement #1,645
Triplicate Orthostatic BP and HR - 2h Postdose,Time of Vitals Measurement #2,645
Triplicate Orthostatic BP and HR - 2h Postdose,Time of Vitals Measurement #3,645
Triplicate Orthostatic BP and HR - 2.5h Postdose,Were Vital Signs Collected?,646
Triplicate Orthostatic BP and HR - 2.5h Postdose,"If not collected, reason:",646
Triplicate Orthostatic BP and HR - 2.5h Postdose,Collection Date,646
Triplicate Orthostatic BP and HR - 2.5h Postdose,Planned Timepoint,646
Triplicate Orthostatic BP and HR - 2.5h Postdose,Time Placed in Position,647
Triplicate Orthostatic BP and HR - 2.5h Postdose,Time of Vitals Measurement #1,647
Triplicate Orthostatic BP and HR - 2.5h Postdose,Time of Vitals Measurement #2,647
Triplicate Orthostatic BP and HR - 2.5h Postdose,Time of Vitals Measurement #3,647
Triplicate Orthostatic BP and HR - 2.5h Postdose,Time of Vitals Measurement #1,648
Triplicate Orthostatic BP and HR - 2.5h Postdose,Time of Vitals Measurement #2,648
Triplicate Orthostatic BP and HR - 2.5h Postdose,Time of Vitals Measurement #3,648
Triplicate Orthostatic BP and HR - 3h Postdose,Were Vital Signs Collected?,649
Triplicate Orthostatic BP and HR - 3h Postdose,"If not collected, reason:",649
Triplicate Orthostatic BP and HR - 3h Postdose,Collection Date,649
Triplicate Orthostatic BP and HR - 3h Postdose,Planned Timepoint,649
Triplicate Orthostatic BP and HR - 3h Postdose,Time Placed in Position,650
Triplicate Orthostatic BP and HR - 3h Postdose,Time of Vitals Measurement #1,650
Triplicate Orthostatic BP and HR - 3h Postdose,Time of Vitals Measurement #2,650
Triplicate Orthostatic BP and HR - 3h Postdose,Time of Vitals Measurement #3,650
Triplicate Orthostatic BP and HR - 3h Postdose,Time of Vitals Measurement #1,651
Triplicate Orthostatic BP and HR - 3h Postdose,Time of Vitals Measurement #2,651
Triplicate Orthostatic BP and HR - 3h Postdose,Time of Vitals Measurement #3,651
Triplicate Orthostatic BP and HR - 4h Postdose,Were Vital Signs Collected?,652
Triplicate Orthostatic BP and HR - 4h Postdose,"If not collected, reason:",652
Triplicate Orthostatic BP and HR - 4h Postdose,Collection Date,652
Triplicate Orthostatic BP and HR - 4h Postdose,Planned Timepoint,652
Triplicate Orthostatic BP and HR - 4h Postdose,Time Placed in Position,653
Triplicate Orthostatic BP and HR - 4h Postdose,Time of Vitals Measurement #1,653
Triplicate Orthostatic BP and HR - 4h Postdose,Time of Vitals Measurement #2,653
Triplicate Orthostatic BP and HR - 4h Postdose,Time of Vitals Measurement #3,653
Triplicate Orthostatic BP and HR - 4h Postdose,Time of Vitals Measurement #1,654
Triplicate Orthostatic BP and HR - 4h Postdose,Time of Vitals Measurement #2,654
Triplicate Orthostatic BP and HR - 4h Postdose,Time of Vitals Measurement #3,654
12-lead ECG - 4h Postdose,Was 12 Lead ECG Performed?,655
12-lead ECG - 4h Postdose,"If no, Reason not done",655
12-lead ECG - 4h Postdose,Date of ECG,655
12-lead ECG - 4h Postdose,Time subject became supine:,655
12-lead ECG - 4h Postdose,Time of ECG assessment,655
12-lead ECG - 4h Postdose,Abnormal Findings,656
12-lead ECG - 4h Postdose,Was the ECG abnormality clinically significant?,656
12-lead ECG - 4h Postdose,Are additional ECG assessments required?,656
Triplicate Orthostatic BP and HR - 6h Postdose,Were Vital Signs Collected?,657
Triplicate Orthostatic BP and HR - 6h Postdose,"If not collected, reason:",657
Triplicate Orthostatic BP and HR - 6h Postdose,Collection Date,657
Triplicate Orthostatic BP and HR - 6h Postdose,Planned Timepoint,657
Triplicate Orthostatic BP and HR - 6h Postdose,Time Placed in Position,658
Triplicate Orthostatic BP and HR - 6h Postdose,Time of Vitals Measurement #1,658
Triplicate Orthostatic BP and HR - 6h Postdose,Time of Vitals Measurement #2,658
Triplicate Orthostatic BP and HR - 6h Postdose,Time of Vitals Measurement #3,658
Triplicate Orthostatic BP and HR - 6h Postdose,Time of Vitals Measurement #1,659
Triplicate Orthostatic BP and HR - 6h Postdose,Time of Vitals Measurement #2,659
Triplicate Orthostatic BP and HR - 6h Postdose,Time of Vitals Measurement #3,659
Triplicate Orthostatic BP and HR - 8h Postdose,Were Vital Signs Collected?,660
Triplicate Orthostatic BP and HR - 8h Postdose,"If not collected, reason:",660
Triplicate Orthostatic BP and HR - 8h Postdose,Collection Date,660
Triplicate Orthostatic BP and HR - 8h Postdose,Planned Timepoint,660
Triplicate Orthostatic BP and HR - 8h Postdose,Time Placed in Position,661
Triplicate Orthostatic BP and HR - 8h Postdose,Time of Vitals Measurement #1,661
Triplicate Orthostatic BP and HR - 8h Postdose,Time of Vitals Measurement #2,661
Triplicate Orthostatic BP and HR - 8h Postdose,Time of Vitals Measurement #3,661
Triplicate Orthostatic BP and HR - 8h Postdose,Time of Vitals Measurement #1,662
Triplicate Orthostatic BP and HR - 8h Postdose,Time of Vitals Measurement #2,662
Triplicate Orthostatic BP and HR - 8h Postdose,Time of Vitals Measurement #3,662
Visit Date,Visit Date,663
Visit Date,Skip to next visit,663
Visit Date,Skip to Early Termination visit,663
AE and CM prompt,Has the subject had any changes to their health since previous visit?,665
AE and CM prompt,Are there any changes in concomitant medications including dose changes to be reported?,665
Body Temperature and Respiratory Rate - Predose,Were Vital Signs Collected?,667
Body Temperature and Respiratory Rate - Predose,"If not collected, reason:",667
Body Temperature and Respiratory Rate - Predose,Collection Date,667
Body Temperature and Respiratory Rate - Predose,Planned Timepoint,667
Body Temperature and Respiratory Rate - Predose,Respiratory Rate (breaths/min),668
Body Temperature and Respiratory Rate - Predose,Body Temperature (celsius),668
Triplicate Orthostatic BP and HR - Predose,Were Vital Signs Collected?,669
Triplicate Orthostatic BP and HR - Predose,"If not collected, reason:",669
Triplicate Orthostatic BP and HR - Predose,Collection Date,669
Triplicate Orthostatic BP and HR - Predose,Planned Timepoint,669
Triplicate Orthostatic BP and HR - Predose,Time Placed in Position,670
Triplicate Orthostatic BP and HR - Predose,Time of Vitals Measurement #1,670
Triplicate Orthostatic BP and HR - Predose,Time of Vitals Measurement #2,670
Triplicate Orthostatic BP and HR - Predose,Time of Vitals Measurement #3,670
Triplicate Orthostatic BP and HR - Predose,Time of Vitals Measurement #1,671
Triplicate Orthostatic BP and HR - Predose,Time of Vitals Measurement #2,671
Triplicate Orthostatic BP and HR - Predose,Time of Vitals Measurement #3,671
C-SSRS since last visit - Page 1,Was the questionnaire administered?,674
C-SSRS since last visit - Page 1,Date of completion,674
C-SSRS since last visit - Page 1,Rater's initials,674
C-SSRS since last visit - Page 1,"Subject endorses thoughts about a wish to be dead or not alive anymore, or wish to fall asleep and not wake up. - Since Last Visit",675
C-SSRS since last visit - Page 1,"If Yes, describe - Since Last Visit",675
C-SSRS since last visit - Page 1,"General non-specific thoughts of wanting to end one's life/commit suicide (e.g. ""I've thought about killing myself"") - Since Last Visit",675
C-SSRS since last visit - Page 1,"If Yes, describe - Since Last Visit",676
C-SSRS since last visit - Page 1,Subject endorses thoughts of suicide and has thought of at least one method during the assessment period. This is - Since Last Visit,676
C-SSRS since last visit - Page 1,Suicidal Ideation,677
C-SSRS since last visit - Page 1,"If Yes, describe - Since Last Visit",677
C-SSRS since last visit - Page 1,Thoughts of killing oneself with detail of plan fully or partially worked out and subject has some intent to carry it out. - Since Last Visit,677
C-SSRS since last visit - Page 2,Most severe ideation,679
C-SSRS since last visit - Page 2,Description of Ideation,679
C-SSRS since last visit - Page 2,Frequency How many times have you had these thoughts?,680
C-SSRS since last visit - Page 2,"Duration When you have the thoughts, how long do they last?",680
C-SSRS since last visit - Page 2,Intensity of Ideation Could/can you stop thinking about killing yourself or wanting to die if you want to?,681
C-SSRS since last visit - Page 2,Since Last Visit,681
C-SSRS since last visit - Page 2,(1) Easily able to control thoughts (2) Can control thoughts with little difficulty,681
C-SSRS since last visit - Page 2,"was it to get attention, revenge or a reaction from others? or both?",682
C-SSRS since last visit - Page 2,Intensity of Ideation,683
C-SSRS since last visit - Page 2,Since Last Visit,683
C-SSRS since last visit - Page 3,Actual attempt: - Since Last Visit,685
C-SSRS since last visit - Page 3,"If Yes, Total number of attempts - Since Last Visit",686
C-SSRS since last visit - Page 3,"If Yes, describe - Since Last Visit",686
C-SSRS since last visit - Page 3,Has subject engaged in Non-Suicidal self-injurious behavior? - Since Last Visit,686
C-SSRS since last visit - Page 3,Interrupted attempt: - Since Last Visit,687
C-SSRS since last visit - Page 3,"If Yes, Total number of interrupted attempts - Since Last Visit",687
C-SSRS since last visit - Page 3,"If Yes, describe - Since Last Visit",687
C-SSRS since last visit - Page 3,Aborted attempt: - Since Last Visit,688
C-SSRS since last visit - Page 3,"If Yes, Total number of aborted attempts - Since Last Visit",688
C-SSRS since last visit - Page 3,"If Yes, describe - Since Last Visit",688
C-SSRS since last visit - Page 3,Preparatory acts or behavior: - Since Last Visit,689
C-SSRS since last visit - Page 3,"If Yes, describe - Since Last Visit",689
C-SSRS since last visit - Page 3,Suicidal behavior: - Since Last Visit,689
C-SSRS since last visit - Page 3,Suicide: - Since Last Visit,689
C-SSRS since last visit - Page 3,Suicidal Behaviour,690
C-SSRS since last visit - Page 3,Since Last Visit,690
C-SSRS since last visit - Page 4,Date of Attempt - Most Lethal Attempt,692
C-SSRS since last visit - Page 4,\ No physical damage or very minor physical damage (e.g. surface scratches) \1.\ Minor physical damage (e.g. - Most Lethal Attempt,692
C-SSRS since last visit - Page 4,"Likely lethality of actual attempt if no medical damage (the following examples, while having no actual medical - Most Lethal Attempt",692
Water Restriction Start Prompt,Date subject started water restriction,694
Water Restriction Start Prompt,Time subject started water restriction,694
"IMP Administration - Sertraline, Brexpiprazole and Prazosin",Has subject been fasting (no food) for a minimum of 10 hours prior to the scheduled dosing?,696
"IMP Administration - Sertraline, Brexpiprazole and Prazosin",Was water restricted for 1 hour prior to dosing?,696
"IMP Administration - Sertraline, Brexpiprazole and Prazosin",Was Sertraline administered?,696
"IMP Administration - Sertraline, Brexpiprazole and Prazosin","If no, reason",696
"IMP Administration - Sertraline, Brexpiprazole and Prazosin",Date of Administration,697
"IMP Administration - Sertraline, Brexpiprazole and Prazosin",Time of Administration,697
"IMP Administration - Sertraline, Brexpiprazole and Prazosin",Reason,697
"IMP Administration - Sertraline, Brexpiprazole and Prazosin",Dosing Comments (optional),697
Brexpiprazole Dose,Was Brexpiprazole administered?,698
Brexpiprazole Dose,"If no, reason",698
Brexpiprazole Dose,Date of Administration,698
Brexpiprazole Dose,Time of Administration,698
Brexpiprazole Dose,Reason,699
Brexpiprazole Dose,Dosing Comments (optional),699
Brexpiprazole Dose,Was Prazosin administered?,699
Brexpiprazole Dose,"If no, reason",699
Brexpiprazole Dose,Date of Administration,700
Brexpiprazole Dose,Time of Administration,700
Brexpiprazole Dose,Reason,700
Brexpiprazole Dose,Was water restricted for 2 hours following dosing?,701
Brexpiprazole Dose,Dosing Comments (optional),701
Water Restriction End Prompt,Date subject ended water restriction,702
Water Restriction End Prompt,Time subject ended water restriction,702
PK Blood Draw - Brexpiprazole/Sertraline,Was PK Collection Performed?,704
PK Blood Draw - Brexpiprazole/Sertraline,"If not performed, Reason:",704
PK Blood Draw - Brexpiprazole/Sertraline,Date of Collection,704
PK Blood Draw - Brexpiprazole/Sertraline,Row 1,705
PK Blood Draw - Brexpiprazole/Sertraline,Prazosin PK,705
PK Blood Draw - Brexpiprazole/Sertraline,Row 2,705
PK Blood Draw - Brexpiprazole/Sertraline,Row 3,706
PK Blood Draw - Brexpiprazole/Sertraline,Prazosin PK,706
PK Blood Draw - Brexpiprazole/Sertraline,Row 4,706
PK Blood Draw - Brexpiprazole/Sertraline,Prazosin PK,707
PK Blood Draw - Brexpiprazole/Sertraline,Row 5,707
PK Blood Draw - Prazosin,Was PK Collection Performed?,708
PK Blood Draw - Prazosin,"If not performed, Reason:",708
PK Blood Draw - Prazosin,Date of Collection,708
PK Blood Draw - Prazosin,Row 1,709
PK Blood Draw - Prazosin,Prazosin PK,709
PK Blood Draw - Prazosin,Row 2,709
PK Blood Draw - Prazosin,Row 3,710
PK Blood Draw - Prazosin,Prazosin PK,710
PK Blood Draw - Prazosin,Row 4,710
PK Blood Draw - Prazosin,Prazosin PK,711
PK Blood Draw - Prazosin,Row 5,711
Triplicate Orthostatic BP and HR - 1h Postdose,Were Vital Signs Collected?,712
Triplicate Orthostatic BP and HR - 1h Postdose,"If not collected, reason:",712
Triplicate Orthostatic BP and HR - 1h Postdose,Collection Date,712
Triplicate Orthostatic BP and HR - 1h Postdose,Planned Timepoint,712
Triplicate Orthostatic BP and HR - 1h Postdose,Time Placed in Position,713
Triplicate Orthostatic BP and HR - 1h Postdose,Time of Vitals Measurement #1,713
Triplicate Orthostatic BP and HR - 1h Postdose,Time of Vitals Measurement #2,713
Triplicate Orthostatic BP and HR - 1h Postdose,Time of Vitals Measurement #3,713
Triplicate Orthostatic BP and HR - 1h Postdose,Time of Vitals Measurement #1,714
Triplicate Orthostatic BP and HR - 1h Postdose,Time of Vitals Measurement #2,714
Triplicate Orthostatic BP and HR - 1h Postdose,Time of Vitals Measurement #3,714
Triplicate Orthostatic BP and HR - 1.5h Postdose,Were Vital Signs Collected?,715
Triplicate Orthostatic BP and HR - 1.5h Postdose,"If not collected, reason:",715
Triplicate Orthostatic BP and HR - 1.5h Postdose,Collection Date,715
Triplicate Orthostatic BP and HR - 1.5h Postdose,Planned Timepoint,715
Triplicate Orthostatic BP and HR - 1.5h Postdose,Time Placed in Position,716
Triplicate Orthostatic BP and HR - 1.5h Postdose,Time of Vitals Measurement #1,716
Triplicate Orthostatic BP and HR - 1.5h Postdose,Time of Vitals Measurement #2,716
Triplicate Orthostatic BP and HR - 1.5h Postdose,Time of Vitals Measurement #3,716
Triplicate Orthostatic BP and HR - 1.5h Postdose,Time of Vitals Measurement #1,717
Triplicate Orthostatic BP and HR - 1.5h Postdose,Time of Vitals Measurement #2,717
Triplicate Orthostatic BP and HR - 1.5h Postdose,Time of Vitals Measurement #3,717
Triplicate Orthostatic BP and HR - 2h Postdose,Were Vital Signs Collected?,718
Triplicate Orthostatic BP and HR - 2h Postdose,"If not collected, reason:",718
Triplicate Orthostatic BP and HR - 2h Postdose,Collection Date,718
Triplicate Orthostatic BP and HR - 2h Postdose,Planned Timepoint,718
Triplicate Orthostatic BP and HR - 2h Postdose,Time Placed in Position,719
Triplicate Orthostatic BP and HR - 2h Postdose,Time of Vitals Measurement #1,719
Triplicate Orthostatic BP and HR - 2h Postdose,Time of Vitals Measurement #2,719
Triplicate Orthostatic BP and HR - 2h Postdose,Time of Vitals Measurement #3,719
Triplicate Orthostatic BP and HR - 2h Postdose,Time of Vitals Measurement #1,720
Triplicate Orthostatic BP and HR - 2h Postdose,Time of Vitals Measurement #2,720
Triplicate Orthostatic BP and HR - 2h Postdose,Time of Vitals Measurement #3,720
Triplicate Orthostatic BP and HR - 2.5h Postdose,Were Vital Signs Collected?,721
Triplicate Orthostatic BP and HR - 2.5h Postdose,"If not collected, reason:",721
Triplicate Orthostatic BP and HR - 2.5h Postdose,Collection Date,721
Triplicate Orthostatic BP and HR - 2.5h Postdose,Planned Timepoint,721
Triplicate Orthostatic BP and HR - 2.5h Postdose,Time Placed in Position,722
Triplicate Orthostatic BP and HR - 2.5h Postdose,Time of Vitals Measurement #1,722
Triplicate Orthostatic BP and HR - 2.5h Postdose,Time of Vitals Measurement #2,722
Triplicate Orthostatic BP and HR - 2.5h Postdose,Time of Vitals Measurement #3,722
Triplicate Orthostatic BP and HR - 2.5h Postdose,Time of Vitals Measurement #1,723
Triplicate Orthostatic BP and HR - 2.5h Postdose,Time of Vitals Measurement #2,723
Triplicate Orthostatic BP and HR - 2.5h Postdose,Time of Vitals Measurement #3,723
Triplicate Orthostatic BP and HR - 3h Postdose,Were Vital Signs Collected?,724
Triplicate Orthostatic BP and HR - 3h Postdose,"If not collected, reason:",724
Triplicate Orthostatic BP and HR - 3h Postdose,Collection Date,724
Triplicate Orthostatic BP and HR - 3h Postdose,Planned Timepoint,724
Triplicate Orthostatic BP and HR - 3h Postdose,Time Placed in Position,725
Triplicate Orthostatic BP and HR - 3h Postdose,Time of Vitals Measurement #1,725
Triplicate Orthostatic BP and HR - 3h Postdose,Time of Vitals Measurement #2,725
Triplicate Orthostatic BP and HR - 3h Postdose,Time of Vitals Measurement #3,725
Triplicate Orthostatic BP and HR - 3h Postdose,Time of Vitals Measurement #1,726
Triplicate Orthostatic BP and HR - 3h Postdose,Time of Vitals Measurement #2,726
Triplicate Orthostatic BP and HR - 3h Postdose,Time of Vitals Measurement #3,726
Triplicate Orthostatic BP and HR - 4h Postdose,Were Vital Signs Collected?,727
Triplicate Orthostatic BP and HR - 4h Postdose,"If not collected, reason:",727
Triplicate Orthostatic BP and HR - 4h Postdose,Collection Date,727
Triplicate Orthostatic BP and HR - 4h Postdose,Planned Timepoint,727
Triplicate Orthostatic BP and HR - 4h Postdose,Time Placed in Position,728
Triplicate Orthostatic BP and HR - 4h Postdose,Time of Vitals Measurement #1,728
Triplicate Orthostatic BP and HR - 4h Postdose,Time of Vitals Measurement #2,728
Triplicate Orthostatic BP and HR - 4h Postdose,Time of Vitals Measurement #3,728
Triplicate Orthostatic BP and HR - 4h Postdose,Time of Vitals Measurement #1,729
Triplicate Orthostatic BP and HR - 4h Postdose,Time of Vitals Measurement #2,729
Triplicate Orthostatic BP and HR - 4h Postdose,Time of Vitals Measurement #3,729
Triplicate Orthostatic BP and HR - 6h Postdose,Were Vital Signs Collected?,730
Triplicate Orthostatic BP and HR - 6h Postdose,"If not collected, reason:",730
Triplicate Orthostatic BP and HR - 6h Postdose,Collection Date,730
Triplicate Orthostatic BP and HR - 6h Postdose,Planned Timepoint,730
Triplicate Orthostatic BP and HR - 6h Postdose,Time Placed in Position,731
Triplicate Orthostatic BP and HR - 6h Postdose,Time of Vitals Measurement #1,731
Triplicate Orthostatic BP and HR - 6h Postdose,Time of Vitals Measurement #2,731
Triplicate Orthostatic BP and HR - 6h Postdose,Time of Vitals Measurement #3,731
Triplicate Orthostatic BP and HR - 6h Postdose,Time of Vitals Measurement #1,732
Triplicate Orthostatic BP and HR - 6h Postdose,Time of Vitals Measurement #2,732
Triplicate Orthostatic BP and HR - 6h Postdose,Time of Vitals Measurement #3,732
Triplicate Orthostatic BP and HR - 8h Postdose,Were Vital Signs Collected?,733
Triplicate Orthostatic BP and HR - 8h Postdose,"If not collected, reason:",733
Triplicate Orthostatic BP and HR - 8h Postdose,Collection Date,733
Triplicate Orthostatic BP and HR - 8h Postdose,Planned Timepoint,733
Triplicate Orthostatic BP and HR - 8h Postdose,Time Placed in Position,734
Triplicate Orthostatic BP and HR - 8h Postdose,Time of Vitals Measurement #1,734
Triplicate Orthostatic BP and HR - 8h Postdose,Time of Vitals Measurement #2,734
Triplicate Orthostatic BP and HR - 8h Postdose,Time of Vitals Measurement #3,734
Triplicate Orthostatic BP and HR - 8h Postdose,Time of Vitals Measurement #1,735
Triplicate Orthostatic BP and HR - 8h Postdose,Time of Vitals Measurement #2,735
Triplicate Orthostatic BP and HR - 8h Postdose,Time of Vitals Measurement #3,735
Visit Date,Visit Date,736
Visit Date,Skip to next visit,736
Visit Date,Skip to Early Termination visit,736
AE and CM prompt,Has the subject had any changes to their health since previous visit?,738
AE and CM prompt,Are there any changes in concomitant medications including dose changes to be reported?,738
Body Temperature and Respiratory Rate - Predose,Were Vital Signs Collected?,740
Body Temperature and Respiratory Rate - Predose,"If not collected, reason:",740
Body Temperature and Respiratory Rate - Predose,Collection Date,740
Body Temperature and Respiratory Rate - Predose,Planned Timepoint,740
Body Temperature and Respiratory Rate - Predose,Respiratory Rate (breaths/min),741
Body Temperature and Respiratory Rate - Predose,Body Temperature (celsius),741
Triplicate Orthostatic BP and HR - Predose,Were Vital Signs Collected?,742
Triplicate Orthostatic BP and HR - Predose,"If not collected, reason:",742
Triplicate Orthostatic BP and HR - Predose,Collection Date,742
Triplicate Orthostatic BP and HR - Predose,Planned Timepoint,742
Triplicate Orthostatic BP and HR - Predose,Time Placed in Position,743
Triplicate Orthostatic BP and HR - Predose,Time of Vitals Measurement #1,743
Triplicate Orthostatic BP and HR - Predose,Time of Vitals Measurement #2,743
Triplicate Orthostatic BP and HR - Predose,Time of Vitals Measurement #3,743
Triplicate Orthostatic BP and HR - Predose,Time of Vitals Measurement #1,744
Triplicate Orthostatic BP and HR - Predose,Time of Vitals Measurement #2,744
Triplicate Orthostatic BP and HR - Predose,Time of Vitals Measurement #3,744
Physical Exam,Was the physical examination performed?,745
Physical Exam,Examination Date,745
Physical Exam,Examination Time,745
Physical Exam,Region/Body System,746
Physical Exam,Region/Body System,747
Physical Exam,Yes,747
Physical Exam,Urogenital,747
Physical Exam,Region/Body System,748
12-lead ECG - Discharge,Was 12 Lead ECG Performed?,749
12-lead ECG - Discharge,"If no, Reason not done",749
12-lead ECG - Discharge,Date of ECG,749
12-lead ECG - Discharge,Time subject became supine:,749
12-lead ECG - Discharge,Time of ECG assessment,749
12-lead ECG - Discharge,Abnormal Findings,750
12-lead ECG - Discharge,Was the ECG abnormality clinically significant?,750
12-lead ECG - Discharge,Are additional ECG assessments required?,750
Glycated Hemoglobin,Was Blood sample Collected for Glycated Hemoglobin?,751
Glycated Hemoglobin,Reason not done,751
Glycated Hemoglobin,Sample,752
Clinical Laboratory Assessments,Comments,753
Clinical Laboratory Assessments,Was subject in fasting state?,753
Clinical Laboratory Assessments,Sample,754
Clinical Laboratory Assessments,Sample,755
Laboratory results review,Laboratory collection date,756
Laboratory results review,Laboratory results review date,756
Laboratory results review,Has the investigator reviewed all laboratory results from this visit and assessed abnormal results clinical significance?,756
Laboratory results review,Were there any clinically significant abnormal results?,756
Laboratory results review,Were there any clinically significant abnormal chemistry results?,756
Laboratory results review,Chemistry abnormal assay # 1 Investigator comment,758
Laboratory results review,Chemistry abnormal assay # 2 Investigator comment,759
Laboratory results review,Chemistry abnormal assay # 3 Investigator comment,760
Laboratory results review,Chemistry clinically significant abnormal assay # 4,761
Laboratory results review,Chemistry abnormal assay # 4 Investigator comment,762
Laboratory results review,Chemistry abnormal assay # 5 Investigator comment,763
Laboratory results review,Are there any additional clinically significant abnormal chemistry results to be entered?,763
Laboratory results review,Were there any clinically significant abnormal hematology results?,764
Laboratory results review,Hematology clinically significant abnormal assay # 1,764
Laboratory results review,Hematology abnormal assay # 1 Investigator comment,764
Laboratory results review,Hematology abnormal assay # 2 Investigator comment,765
Laboratory results review,Hematology clinically significant abnormal assay # 3,765
Laboratory results review,Hematology abnormal assay # 3 Investigator comment,765
Laboratory results review,Hematology clinically significant abnormal assay # 4,766
Laboratory results review,Hematology abnormal assay # 4 Investigator comment,766
Laboratory results review,Hematology abnormal assay # 5 Investigator comment,767
Laboratory results review,Are there any additional clinically significant abnormal hematology results to be entered?,767
Laboratory results review,Were there any clinically significant abnormal urinalysis results?,767
Laboratory results review,Urinalysis abnormal assay # 1 Investigator comment,768
Laboratory results review,Urinalysis abnormal assay # 2 Investigator comment,769
Laboratory results review,Urinalysis clinically significant abnormal assay # 3,769
Laboratory results review,Urinalysis abnormal assay # 3 Investigator comment,770
Laboratory results review,Urinalysis clinically significant abnormal assay # 4,770
Laboratory results review,Urinalysis abnormal assay # 4 Investigator comment,770
Laboratory results review,Urinalysis clinically significant abnormal assay # 5,771
Laboratory results review,Urinalysis abnormal assay # 5 Investigator comment,771
Laboratory results review,Are there additional urinalysis clinically significant abnormal results to be entered?,771
Laboratory results review,Investigator`s signature for Local Laboratory Results Review,772
Aicure Device - Return,Has the Aicure device been returned?,773
Aicure Device - Return,Date of return,773
C-SSRS since last visit - Page 1,Was the questionnaire administered?,777
C-SSRS since last visit - Page 1,Date of completion,777
C-SSRS since last visit - Page 1,Rater's initials,777
C-SSRS since last visit - Page 1,"Subject endorses thoughts about a wish to be dead or not alive anymore, or wish to fall asleep and not wake up. - Since Last Visit",778
C-SSRS since last visit - Page 1,"If Yes, describe - Since Last Visit",778
C-SSRS since last visit - Page 1,"General non-specific thoughts of wanting to end one's life/commit suicide (e.g. ""I've thought about killing myself"") - Since Last Visit",778
C-SSRS since last visit - Page 1,"If Yes, describe - Since Last Visit",779
C-SSRS since last visit - Page 1,Subject endorses thoughts of suicide and has thought of at least one method during the assessment period. This is - Since Last Visit,779
C-SSRS since last visit - Page 1,Suicidal Ideation,780
C-SSRS since last visit - Page 1,"If Yes, describe - Since Last Visit",780
C-SSRS since last visit - Page 1,Thoughts of killing oneself with detail of plan fully or partially worked out and subject has some intent to carry it out. - Since Last Visit,780
C-SSRS since last visit - Page 2,Most severe ideation,782
C-SSRS since last visit - Page 2,Description of Ideation,782
C-SSRS since last visit - Page 2,Frequency How many times have you had these thoughts?,783
C-SSRS since last visit - Page 2,"Duration When you have the thoughts, how long do they last?",783
C-SSRS since last visit - Page 2,Intensity of Ideation Could/can you stop thinking about killing yourself or wanting to die if you want to?,784
C-SSRS since last visit - Page 2,Since Last Visit,784
C-SSRS since last visit - Page 2,(1) Easily able to control thoughts (2) Can control thoughts with little difficulty,784
C-SSRS since last visit - Page 2,"was it to get attention, revenge or a reaction from others? or both?",785
C-SSRS since last visit - Page 2,Intensity of Ideation,786
C-SSRS since last visit - Page 2,Since Last Visit,786
C-SSRS since last visit - Page 3,Actual attempt: - Since Last Visit,788
C-SSRS since last visit - Page 3,"If Yes, Total number of attempts - Since Last Visit",789
C-SSRS since last visit - Page 3,"If Yes, describe - Since Last Visit",789
C-SSRS since last visit - Page 3,Has subject engaged in Non-Suicidal self-injurious behavior? - Since Last Visit,789
C-SSRS since last visit - Page 3,Interrupted attempt: - Since Last Visit,790
C-SSRS since last visit - Page 3,"If Yes, Total number of interrupted attempts - Since Last Visit",790
C-SSRS since last visit - Page 3,"If Yes, describe - Since Last Visit",790
C-SSRS since last visit - Page 3,Aborted attempt: - Since Last Visit,791
C-SSRS since last visit - Page 3,"If Yes, Total number of aborted attempts - Since Last Visit",791
C-SSRS since last visit - Page 3,"If Yes, describe - Since Last Visit",791
C-SSRS since last visit - Page 3,Preparatory acts or behavior: - Since Last Visit,792
C-SSRS since last visit - Page 3,"If Yes, describe - Since Last Visit",792
C-SSRS since last visit - Page 3,Suicidal behavior: - Since Last Visit,792
C-SSRS since last visit - Page 3,Suicide: - Since Last Visit,792
C-SSRS since last visit - Page 3,Suicidal Behaviour,793
C-SSRS since last visit - Page 3,Since Last Visit,793
C-SSRS since last visit - Page 4,Date of Attempt - Most Lethal Attempt,795
C-SSRS since last visit - Page 4,\ No physical damage or very minor physical damage (e.g. surface scratches) \1.\ Minor physical damage (e.g. - Most Lethal Attempt,795
C-SSRS since last visit - Page 4,"Likely lethality of actual attempt if no medical damage (the following examples, while having no actual medical - Most Lethal Attempt",795
Water Restriction Start Prompt,Date subject started water restriction,797
Water Restriction Start Prompt,Time subject started water restriction,797
"IMP Administration - Sertraline, Brexpiprazole and Propranolol",Has subject been fasting (no food) for a minimum of 10 hours prior to the scheduled dosing?,799
"IMP Administration - Sertraline, Brexpiprazole and Propranolol",Was water restricted for 1 hour prior to dosing?,799
"IMP Administration - Sertraline, Brexpiprazole and Propranolol",Was Sertraline administered?,799
"IMP Administration - Sertraline, Brexpiprazole and Propranolol","If no, reason",799
"IMP Administration - Sertraline, Brexpiprazole and Propranolol",Date of Administration,800
"IMP Administration - Sertraline, Brexpiprazole and Propranolol",Time of Administration,800
"IMP Administration - Sertraline, Brexpiprazole and Propranolol",Reason,800
"IMP Administration - Sertraline, Brexpiprazole and Propranolol",Dosing Comments (optional),800
Brexpiprazole Dose,Was Brexpiprazole administered?,801
Brexpiprazole Dose,"If no, reason",801
Brexpiprazole Dose,Date of Administration,801
Brexpiprazole Dose,Time of Administration,801
Brexpiprazole Dose,Reason,802
Brexpiprazole Dose,Dosing Comments (optional),802
Brexpiprazole Dose,Was Propranolol administered?,802
Brexpiprazole Dose,"If no, reason",802
Brexpiprazole Dose,Date of Administration,803
Brexpiprazole Dose,Time of Administration,803
Brexpiprazole Dose,Reason,803
Brexpiprazole Dose,Was water restricted for 2 hours following dosing?,804
Brexpiprazole Dose,Dosing Comments (optional),804
Water Restriction End Prompt,Date subject ended water restriction,805
Water Restriction End Prompt,Time subject ended water restriction,805
PK Blood Draw - Brexpiprazole/Sertraline,Was PK Collection Performed?,807
PK Blood Draw - Brexpiprazole/Sertraline,"If not performed, Reason:",807
PK Blood Draw - Brexpiprazole/Sertraline,Date of Collection,807
PK Blood Draw - Brexpiprazole/Sertraline,Row 1,808
PK Blood Draw - Brexpiprazole/Sertraline,Prazosin PK,808
PK Blood Draw - Brexpiprazole/Sertraline,Row 2,808
PK Blood Draw - Brexpiprazole/Sertraline,Row 3,809
PK Blood Draw - Brexpiprazole/Sertraline,Prazosin PK,809
PK Blood Draw - Brexpiprazole/Sertraline,Row 4,809
PK Blood Draw - Brexpiprazole/Sertraline,Prazosin PK,810
PK Blood Draw - Brexpiprazole/Sertraline,Row 5,810
PK Blood Draw - Propranolol,Was PK Collection Performed?,811
PK Blood Draw - Propranolol,"If not performed, Reason:",811
PK Blood Draw - Propranolol,Date of Collection,811
PK Blood Draw - Propranolol,Row 1,812
PK Blood Draw - Propranolol,Prazosin PK,812
PK Blood Draw - Propranolol,Row 2,812
PK Blood Draw - Propranolol,Row 3,813
PK Blood Draw - Propranolol,Prazosin PK,813
PK Blood Draw - Propranolol,Row 4,813
PK Blood Draw - Propranolol,Prazosin PK,814
PK Blood Draw - Propranolol,Row 5,814
Triplicate Orthostatic BP and HR - 1h Postdose,Were Vital Signs Collected?,815
Triplicate Orthostatic BP and HR - 1h Postdose,"If not collected, reason:",815
Triplicate Orthostatic BP and HR - 1h Postdose,Collection Date,815
Triplicate Orthostatic BP and HR - 1h Postdose,Planned Timepoint,815
Triplicate Orthostatic BP and HR - 1h Postdose,Time Placed in Position,816
Triplicate Orthostatic BP and HR - 1h Postdose,Time of Vitals Measurement #1,816
Triplicate Orthostatic BP and HR - 1h Postdose,Time of Vitals Measurement #2,816
Triplicate Orthostatic BP and HR - 1h Postdose,Time of Vitals Measurement #3,816
Triplicate Orthostatic BP and HR - 1h Postdose,Time of Vitals Measurement #1,817
Triplicate Orthostatic BP and HR - 1h Postdose,Time of Vitals Measurement #2,817
Triplicate Orthostatic BP and HR - 1h Postdose,Time of Vitals Measurement #3,817
Triplicate Orthostatic BP and HR - 1.5h Postdose,Were Vital Signs Collected?,818
Triplicate Orthostatic BP and HR - 1.5h Postdose,"If not collected, reason:",818
Triplicate Orthostatic BP and HR - 1.5h Postdose,Collection Date,818
Triplicate Orthostatic BP and HR - 1.5h Postdose,Planned Timepoint,818
Triplicate Orthostatic BP and HR - 1.5h Postdose,Time Placed in Position,819
Triplicate Orthostatic BP and HR - 1.5h Postdose,Time of Vitals Measurement #1,819
Triplicate Orthostatic BP and HR - 1.5h Postdose,Time of Vitals Measurement #2,819
Triplicate Orthostatic BP and HR - 1.5h Postdose,Time of Vitals Measurement #3,819
Triplicate Orthostatic BP and HR - 1.5h Postdose,Time of Vitals Measurement #1,820
Triplicate Orthostatic BP and HR - 1.5h Postdose,Time of Vitals Measurement #2,820
Triplicate Orthostatic BP and HR - 1.5h Postdose,Time of Vitals Measurement #3,820
Triplicate Orthostatic BP and HR - 2h Postdose,Were Vital Signs Collected?,821
Triplicate Orthostatic BP and HR - 2h Postdose,"If not collected, reason:",821
Triplicate Orthostatic BP and HR - 2h Postdose,Collection Date,821
Triplicate Orthostatic BP and HR - 2h Postdose,Planned Timepoint,821
Triplicate Orthostatic BP and HR - 2h Postdose,Time Placed in Position,822
Triplicate Orthostatic BP and HR - 2h Postdose,Time of Vitals Measurement #1,822
Triplicate Orthostatic BP and HR - 2h Postdose,Time of Vitals Measurement #2,822
Triplicate Orthostatic BP and HR - 2h Postdose,Time of Vitals Measurement #3,822
Triplicate Orthostatic BP and HR - 2h Postdose,Time of Vitals Measurement #1,823
Triplicate Orthostatic BP and HR - 2h Postdose,Time of Vitals Measurement #2,823
Triplicate Orthostatic BP and HR - 2h Postdose,Time of Vitals Measurement #3,823
Triplicate Orthostatic BP and HR - 2.5h Postdose,Were Vital Signs Collected?,824
Triplicate Orthostatic BP and HR - 2.5h Postdose,"If not collected, reason:",824
Triplicate Orthostatic BP and HR - 2.5h Postdose,Collection Date,824
Triplicate Orthostatic BP and HR - 2.5h Postdose,Planned Timepoint,824
Triplicate Orthostatic BP and HR - 2.5h Postdose,Time Placed in Position,825
Triplicate Orthostatic BP and HR - 2.5h Postdose,Time of Vitals Measurement #1,825
Triplicate Orthostatic BP and HR - 2.5h Postdose,Time of Vitals Measurement #2,825
Triplicate Orthostatic BP and HR - 2.5h Postdose,Time of Vitals Measurement #3,825
Triplicate Orthostatic BP and HR - 2.5h Postdose,Time of Vitals Measurement #1,826
Triplicate Orthostatic BP and HR - 2.5h Postdose,Time of Vitals Measurement #2,826
Triplicate Orthostatic BP and HR - 2.5h Postdose,Time of Vitals Measurement #3,826
Triplicate Orthostatic BP and HR - 3h Postdose,Were Vital Signs Collected?,827
Triplicate Orthostatic BP and HR - 3h Postdose,"If not collected, reason:",827
Triplicate Orthostatic BP and HR - 3h Postdose,Collection Date,827
Triplicate Orthostatic BP and HR - 3h Postdose,Planned Timepoint,827
Triplicate Orthostatic BP and HR - 3h Postdose,Time Placed in Position,828
Triplicate Orthostatic BP and HR - 3h Postdose,Time of Vitals Measurement #1,828
Triplicate Orthostatic BP and HR - 3h Postdose,Time of Vitals Measurement #2,828
Triplicate Orthostatic BP and HR - 3h Postdose,Time of Vitals Measurement #3,828
Triplicate Orthostatic BP and HR - 3h Postdose,Time of Vitals Measurement #1,829
Triplicate Orthostatic BP and HR - 3h Postdose,Time of Vitals Measurement #2,829
Triplicate Orthostatic BP and HR - 3h Postdose,Time of Vitals Measurement #3,829
Triplicate Orthostatic BP and HR - 4h Postdose,Were Vital Signs Collected?,830
Triplicate Orthostatic BP and HR - 4h Postdose,"If not collected, reason:",830
Triplicate Orthostatic BP and HR - 4h Postdose,Collection Date,830
Triplicate Orthostatic BP and HR - 4h Postdose,Planned Timepoint,830
Triplicate Orthostatic BP and HR - 4h Postdose,Time Placed in Position,831
Triplicate Orthostatic BP and HR - 4h Postdose,Time of Vitals Measurement #1,831
Triplicate Orthostatic BP and HR - 4h Postdose,Time of Vitals Measurement #2,831
Triplicate Orthostatic BP and HR - 4h Postdose,Time of Vitals Measurement #3,831
Triplicate Orthostatic BP and HR - 4h Postdose,Time of Vitals Measurement #1,832
Triplicate Orthostatic BP and HR - 4h Postdose,Time of Vitals Measurement #2,832
Triplicate Orthostatic BP and HR - 4h Postdose,Time of Vitals Measurement #3,832
Triplicate Orthostatic BP and HR - 6h Postdose,Were Vital Signs Collected?,833
Triplicate Orthostatic BP and HR - 6h Postdose,"If not collected, reason:",833
Triplicate Orthostatic BP and HR - 6h Postdose,Collection Date,833
Triplicate Orthostatic BP and HR - 6h Postdose,Planned Timepoint,833
Triplicate Orthostatic BP and HR - 6h Postdose,Time Placed in Position,834
Triplicate Orthostatic BP and HR - 6h Postdose,Time of Vitals Measurement #1,834
Triplicate Orthostatic BP and HR - 6h Postdose,Time of Vitals Measurement #2,834
Triplicate Orthostatic BP and HR - 6h Postdose,Time of Vitals Measurement #3,834
Triplicate Orthostatic BP and HR - 6h Postdose,Time of Vitals Measurement #1,835
Triplicate Orthostatic BP and HR - 6h Postdose,Time of Vitals Measurement #2,835
Triplicate Orthostatic BP and HR - 6h Postdose,Time of Vitals Measurement #3,835
Triplicate Orthostatic BP and HR - 8h Postdose,Were Vital Signs Collected?,836
Triplicate Orthostatic BP and HR - 8h Postdose,"If not collected, reason:",836
Triplicate Orthostatic BP and HR - 8h Postdose,Collection Date,836
Triplicate Orthostatic BP and HR - 8h Postdose,Planned Timepoint,836
Triplicate Orthostatic BP and HR - 8h Postdose,Time Placed in Position,837
Triplicate Orthostatic BP and HR - 8h Postdose,Time of Vitals Measurement #1,837
Triplicate Orthostatic BP and HR - 8h Postdose,Time of Vitals Measurement #2,837
Triplicate Orthostatic BP and HR - 8h Postdose,Time of Vitals Measurement #3,837
Triplicate Orthostatic BP and HR - 8h Postdose,Time of Vitals Measurement #1,838
Triplicate Orthostatic BP and HR - 8h Postdose,Time of Vitals Measurement #2,838
Triplicate Orthostatic BP and HR - 8h Postdose,Time of Vitals Measurement #3,838
End of Study,Did the Subject complete the Study?,839
End of Study,Date of Study Completion/Discontinuation,839
End of Study,In Which visit did the subject Early terminate,839
End of Study,"Specify if: Adverse Event, Physician Decision, Protocol Deviation, Other",840
Visit Date,Visit Date,841
Body Temperature and Respiratory Rate,Were Vital Signs Collected?,843
Body Temperature and Respiratory Rate,"If not collected, reason:",843
Body Temperature and Respiratory Rate,Collection Date,843
Body Temperature and Respiratory Rate,Planned Timepoint,843
Body Temperature and Respiratory Rate,Respiratory Rate (breaths/min),844
Body Temperature and Respiratory Rate,Body Temperature (celsius),844
Triplicate Orthostatic BP and HR - Predose,Were Vital Signs Collected?,845
Triplicate Orthostatic BP and HR - Predose,"If not collected, reason:",845
Triplicate Orthostatic BP and HR - Predose,Collection Date,845
Triplicate Orthostatic BP and HR - Predose,Planned Timepoint,845
Triplicate Orthostatic BP and HR - Predose,Time Placed in Position,846
Triplicate Orthostatic BP and HR - Predose,Time of Vitals Measurement #1,846
Triplicate Orthostatic BP and HR - Predose,Time of Vitals Measurement #2,846
Triplicate Orthostatic BP and HR - Predose,Time of Vitals Measurement #3,846
Triplicate Orthostatic BP and HR - Predose,Time of Vitals Measurement #1,847
Triplicate Orthostatic BP and HR - Predose,Time of Vitals Measurement #2,847
Triplicate Orthostatic BP and HR - Predose,Time of Vitals Measurement #3,847
Physical Exam,Was the physical examination performed?,848
Physical Exam,Examination Date,848
Physical Exam,Examination Time,848
Physical Exam,Region/Body System,849
Physical Exam,Region/Body System,850
Physical Exam,Yes,850
Physical Exam,Urogenital,850
Physical Exam,Region/Body System,851
12-lead ECG,Was 12 Lead ECG Performed?,852
12-lead ECG,"If no, Reason not done",852
12-lead ECG,Date of ECG,852
12-lead ECG,Time subject became supine:,852
12-lead ECG,Time of ECG assessment,852
12-lead ECG,Abnormal Findings,853
12-lead ECG,Was the ECG abnormality clinically significant?,853
12-lead ECG,Are additional ECG assessments required?,853
Glycated Hemoglobin,Was Blood sample Collected for Glycated Hemoglobin?,854
Glycated Hemoglobin,Reason not done,854
Glycated Hemoglobin,Sample,855
Clinical Laboratory Assessments,Comments,856
Clinical Laboratory Assessments,Was subject in fasting state?,856
Clinical Laboratory Assessments,Sample,857
Clinical Laboratory Assessments,Sample,858
Laboratory results review,Laboratory collection date,859
Laboratory results review,Laboratory results review date,859
Laboratory results review,Has the investigator reviewed all laboratory results from this visit and assessed abnormal results clinical significance?,859
Laboratory results review,Were there any clinically significant abnormal results?,859
Laboratory results review,Were there any clinically significant abnormal chemistry results?,859
Laboratory results review,Chemistry abnormal assay # 1 Investigator comment,861
Laboratory results review,Chemistry abnormal assay # 2 Investigator comment,862
Laboratory results review,Chemistry abnormal assay # 3 Investigator comment,863
Laboratory results review,Chemistry clinically significant abnormal assay # 4,864
Laboratory results review,Chemistry abnormal assay # 4 Investigator comment,865
Laboratory results review,Chemistry abnormal assay # 5 Investigator comment,866
Laboratory results review,Are there any additional clinically significant abnormal chemistry results to be entered?,866
Laboratory results review,Were there any clinically significant abnormal hematology results?,867
Laboratory results review,Hematology clinically significant abnormal assay # 1,867
Laboratory results review,Hematology abnormal assay # 1 Investigator comment,867
Laboratory results review,Hematology abnormal assay # 2 Investigator comment,868
Laboratory results review,Hematology clinically significant abnormal assay # 3,868
Laboratory results review,Hematology abnormal assay # 3 Investigator comment,868
Laboratory results review,Hematology clinically significant abnormal assay # 4,869
Laboratory results review,Hematology abnormal assay # 4 Investigator comment,869
Laboratory results review,Hematology abnormal assay # 5 Investigator comment,870
Laboratory results review,Are there any additional clinically significant abnormal hematology results to be entered?,870
Laboratory results review,Were there any clinically significant abnormal urinalysis results?,870
Laboratory results review,Urinalysis abnormal assay # 1 Investigator comment,871
Laboratory results review,Urinalysis abnormal assay # 2 Investigator comment,872
Laboratory results review,Urinalysis clinically significant abnormal assay # 3,872
Laboratory results review,Urinalysis abnormal assay # 3 Investigator comment,873
Laboratory results review,Urinalysis clinically significant abnormal assay # 4,873
Laboratory results review,Urinalysis abnormal assay # 4 Investigator comment,873
Laboratory results review,Urinalysis clinically significant abnormal assay # 5,874
Laboratory results review,Urinalysis abnormal assay # 5 Investigator comment,874
Laboratory results review,Are there additional urinalysis clinically significant abnormal results to be entered?,874
Laboratory results review,Investigator`s signature for Local Laboratory Results Review,875
PK Blood Draw - Brexpiprazole/Sertraline,Was PK Collection Performed?,876
PK Blood Draw - Brexpiprazole/Sertraline,"If not performed, Reason:",876
PK Blood Draw - Brexpiprazole/Sertraline,Date of Collection,876
PK Blood Draw - Brexpiprazole/Sertraline,Row 1,877
PK Blood Draw - Brexpiprazole/Sertraline,Prazosin PK,877
PK Blood Draw - Propranolol,Was PK Collection Performed?,878
PK Blood Draw - Propranolol,"If not performed, Reason:",878
PK Blood Draw - Propranolol,Date of Collection,878
PK Blood Draw - Propranolol,Row 1,879
PK Blood Draw - Propranolol,Prazosin PK,879
Aicure Device - Return,Has the Aicure device been returned?,880
Aicure Device - Return,Date of return,880
C-SSRS since last visit - Page 1,Was the questionnaire administered?,884
C-SSRS since last visit - Page 1,Date of completion,884
C-SSRS since last visit - Page 1,Rater's initials,884
C-SSRS since last visit - Page 1,"Subject endorses thoughts about a wish to be dead or not alive anymore, or wish to fall asleep and not wake up. - Since Last Visit",885
C-SSRS since last visit - Page 1,"If Yes, describe - Since Last Visit",885
C-SSRS since last visit - Page 1,"General non-specific thoughts of wanting to end one's life/commit suicide (e.g. ""I've thought about killing myself"") - Since Last Visit",885
C-SSRS since last visit - Page 1,"If Yes, describe - Since Last Visit",886
C-SSRS since last visit - Page 1,Subject endorses thoughts of suicide and has thought of at least one method during the assessment period. This is - Since Last Visit,886
C-SSRS since last visit - Page 1,Suicidal Ideation,887
C-SSRS since last visit - Page 1,"If Yes, describe - Since Last Visit",887
C-SSRS since last visit - Page 1,Thoughts of killing oneself with detail of plan fully or partially worked out and subject has some intent to carry it out. - Since Last Visit,887
C-SSRS since last visit - Page 2,Most severe ideation,889
C-SSRS since last visit - Page 2,Description of Ideation,889
C-SSRS since last visit - Page 2,Frequency How many times have you had these thoughts?,890
C-SSRS since last visit - Page 2,"Duration When you have the thoughts, how long do they last?",890
C-SSRS since last visit - Page 2,Intensity of Ideation Could/can you stop thinking about killing yourself or wanting to die if you want to?,891
C-SSRS since last visit - Page 2,Since Last Visit,891
C-SSRS since last visit - Page 2,(1) Easily able to control thoughts (2) Can control thoughts with little difficulty,891
C-SSRS since last visit - Page 2,"was it to get attention, revenge or a reaction from others? or both?",892
C-SSRS since last visit - Page 2,Intensity of Ideation,893
C-SSRS since last visit - Page 2,Since Last Visit,893
C-SSRS since last visit - Page 3,Actual attempt: - Since Last Visit,895
C-SSRS since last visit - Page 3,"If Yes, Total number of attempts - Since Last Visit",896
C-SSRS since last visit - Page 3,"If Yes, describe - Since Last Visit",896
C-SSRS since last visit - Page 3,Has subject engaged in Non-Suicidal self-injurious behavior? - Since Last Visit,896
C-SSRS since last visit - Page 3,Interrupted attempt: - Since Last Visit,897
C-SSRS since last visit - Page 3,"If Yes, Total number of interrupted attempts - Since Last Visit",897
C-SSRS since last visit - Page 3,"If Yes, describe - Since Last Visit",897
C-SSRS since last visit - Page 3,Aborted attempt: - Since Last Visit,898
C-SSRS since last visit - Page 3,"If Yes, Total number of aborted attempts - Since Last Visit",898
C-SSRS since last visit - Page 3,"If Yes, describe - Since Last Visit",898
C-SSRS since last visit - Page 3,Preparatory acts or behavior: - Since Last Visit,899
C-SSRS since last visit - Page 3,"If Yes, describe - Since Last Visit",899
C-SSRS since last visit - Page 3,Suicidal behavior: - Since Last Visit,899
C-SSRS since last visit - Page 3,Suicide: - Since Last Visit,899
C-SSRS since last visit - Page 3,Suicidal Behaviour,900
C-SSRS since last visit - Page 3,Since Last Visit,900
C-SSRS since last visit - Page 4,Date of Attempt - Most Lethal Attempt,902
C-SSRS since last visit - Page 4,\ No physical damage or very minor physical damage (e.g. surface scratches) \1.\ Minor physical damage (e.g. - Most Lethal Attempt,902
C-SSRS since last visit - Page 4,"Likely lethality of actual attempt if no medical damage (the following examples, while having no actual medical - Most Lethal Attempt",902
Water Restriction Start Prompt,Date subject started water restriction,904
Water Restriction Start Prompt,Time subject started water restriction,904
"IMP Administration - Sertraline,Brexpiprazole and Propranolol",Has subject been fasting (no food) for a minimum of 10 hours prior to the scheduled dosing?,906
"IMP Administration - Sertraline,Brexpiprazole and Propranolol",Was water restricted for 1 hour prior to dosing?,906
"IMP Administration - Sertraline,Brexpiprazole and Propranolol",Was Sertraline administered?,906
"IMP Administration - Sertraline,Brexpiprazole and Propranolol","If no, reason",906
"IMP Administration - Sertraline,Brexpiprazole and Propranolol",Date of Administration,907
"IMP Administration - Sertraline,Brexpiprazole and Propranolol",Time of Administration,907
"IMP Administration - Sertraline,Brexpiprazole and Propranolol",Reason,907
"IMP Administration - Sertraline,Brexpiprazole and Propranolol",Dosing Comments (optional),907
Brexpiprazole Dose,Was Brexpiprazole administered?,908
Brexpiprazole Dose,"If no, reason",908
Brexpiprazole Dose,Date of Administration,908
Brexpiprazole Dose,Time of Administration,908
Brexpiprazole Dose,Reason,909
Brexpiprazole Dose,Dosing Comments (optional),909
Brexpiprazole Dose,Was Propranolol administered?,909
Brexpiprazole Dose,"If no, reason",909
Brexpiprazole Dose,Date of Administration,910
Brexpiprazole Dose,Time of Administration,910
Brexpiprazole Dose,Reason,910
Brexpiprazole Dose,Was water restricted for 2 hours following dosing?,911
Brexpiprazole Dose,Dosing Comments (optional),911
Water Restriction End Prompt,Date subject ended water restriction,912
Water Restriction End Prompt,Time subject ended water restriction,912
Triplicate Orthostatic BP and HR - ET,Were Vital Signs Collected?,914
Triplicate Orthostatic BP and HR - ET,"If not collected, reason:",914
Triplicate Orthostatic BP and HR - ET,Collection Date,914
Triplicate Orthostatic BP and HR - ET,Planned Timepoint,914
Triplicate Orthostatic BP and HR - ET,Time Placed in Position,915
Triplicate Orthostatic BP and HR - ET,Time of Vitals Measurement #1,915
Triplicate Orthostatic BP and HR - ET,Time of Vitals Measurement #2,915
Triplicate Orthostatic BP and HR - ET,Time of Vitals Measurement #3,915
Triplicate Orthostatic BP and HR - ET,Time of Vitals Measurement #1,916
Triplicate Orthostatic BP and HR - ET,Time of Vitals Measurement #2,916
Triplicate Orthostatic BP and HR - ET,Time of Vitals Measurement #3,916
End of Study,Did the Subject complete the Study?,917
End of Study,Date of Study Completion/Discontinuation,917
End of Study,In Which visit did the subject Early terminate,917
End of Study,"Specify if: Adverse Event, Physician Decision, Protocol Deviation, Other",918
Visit Date,Visit Date,919
Follow-Up Phone Call,Were you able to contact the Subject?,922
Follow-Up Phone Call,Date of Contact/Attempt,922
Follow-Up Phone Call,Type of Contact,922
Follow-Up Phone Call,Method of Contact,922
Follow-Up Phone Call,Were you able to contact the Subject?,923
Follow-Up Phone Call,Date of Contact/Attempt,923
Follow-Up Phone Call,Type of Contact,923
Follow-Up Phone Call,Method of Contact,923
Follow-Up Phone Call,Specify Contact if Other,923
Follow-Up Phone Call,Was the subject reminded of the birth control restrictions for 30 days postdose?,923
Follow-Up Phone Call,Has the subject had any adverse events since the last visit?,923
Follow-Up Phone Call,Has subject taken any ConMeds?,924
Follow-Up Phone Call,Comments,924
Adverse Events,Are There any Adverse Events to Report?,925
Adverse Events,Record,926
Adverse Events,Term,926
Adverse Events,Onset Date,926
Adverse Events,Onset Time,926
Adverse Events,Event Term,927
Adverse Events,Event Onset Date,927
Adverse Events,Event Onset Time,927
Adverse Events,Is the event serious?,927
Adverse Events,Date SAE Reported,927
Adverse Events,SAE Given to Regulatory for IRB Submission?,927
Adverse Events,"If no, Specify",927
Adverse Events,Death,928
Adverse Events,Life Threatening,928
Adverse Events,Requires or Prolongs Hospitalization,928
Adverse Events,Significant Disability,928
Adverse Events,Congenital Anomaly or Birth Defect,928
Adverse Events,Other Medically Important Serious Event,928
Adverse Events,Relationship to drugs,929
Adverse Events,Relationship to Brexpiprazole,929
Adverse Events,Relationship to Sertraline,929
Adverse Events,Relationship to Prazosin,929
Adverse Events,Relationship to Propranolol,929
Adverse Events,Is this AE an Event of Special Interest?,929
Adverse Events,Event Stop Date,929
Adverse Events,Event Stop Time,930
Adverse Events,Ongoing,930
Adverse Events,Concomitant or Additional Therapy Given?,930
Adverse Events,Action Taken with Study Treatment,930
Adverse Events,Did the adverse event cause study discontinuation?,931
Adverse Events,Notes,931
Adverse Events,Investigator: By clicking - Confirm,931
Prior and Concomitant Medications,Are There any Prior/Concomitant Medications to Report?,932
Prior and Concomitant Medications,ID,933
Prior and Concomitant Medications,Medication,933
Prior and Concomitant Medications,Indication,933
Prior and Concomitant Medications,Start date,933
Prior and Concomitant Medications,Start time,933
Prior and Concomitant Medications,Drug Name,934
Prior and Concomitant Medications,Dose,934
Prior and Concomitant Medications,"Other Unit, specify",935
Prior and Concomitant Medications,Other Dose Form,937
Prior and Concomitant Medications,"Other Frequency, Specify",938
Prior and Concomitant Medications,"Other Route, Specify",940
Prior and Concomitant Medications,Indication,940
Prior and Concomitant Medications,Start Date,940
Prior and Concomitant Medications,Start Time,940
Prior and Concomitant Medications,Ongoing,940
Prior and Concomitant Medications,Stop Date,940
Prior and Concomitant Medications,Stop Time,940
Prior and Concomitant Medications,"If the medication is to treat adverse event, please provide the AE#",941
Prior and Concomitant Medications,"If the medication is to treat existing medical or psychiatric history, please provide the MH/PH#",941
Surgeries and medical procedures,"Are There any Surgeries, Non-Drug Procedures to Report?",942
Surgeries and medical procedures,Record,943
Surgeries and medical procedures,Procedure/Surgery Name,943
Surgeries and medical procedures,Start Date,943
Surgeries and medical procedures,End Date,943
Surgeries and medical procedures,Procedure/Surgery Name,944
Surgeries and medical procedures,Start Date,944
Surgeries and medical procedures,End Date,944
Withdrawal of Informed Consent,Consent Withdrawn?,945
Withdrawal of Informed Consent,Date Consent Withdrawn,945
Withdrawal of Informed Consent,Time consent Withdrawn,945
Withdrawal of Informed Consent,Standardized Disposition Term,946
IMP Missed Dose,Start date,948
IMP Missed Dose,Stop date,948
IMP Missed Dose,Trial Day,948
IMP Missed Dose,Total Number of Tab taken,948
IMP Missed Dose,Start date,949
IMP Missed Dose,Stop date,949
IMP Missed Dose,Trial Day,949
IMP Missed Dose,Non-Compliance reason,950
IMP Missed Dose,Non-Compliance reason other specify,950
IMP Missed Dose,Number of tablets of Sertraline taken,950
IMP Missed Dose,Number of tablets of Brexpiprazole taken,950
IMP Missed Dose,Number of tablets of Prazosin taken,950
IMP Missed Dose,Number of tablets of Propranolol taken,950
Protocol Deviation,Were there any protocol deviations?,951
Protocol Deviation,Deviation Category,952
Protocol Deviation,Description of Deviation,952
Protocol Deviation,Start Date,952
Protocol Deviation,End Date (if applicable),952
Protocol Deviation,Deviation Category,953
Protocol Deviation,Is this deviation due to COVID-19?,953
Protocol Deviation,Description of Deviation,953
Protocol Deviation,Start Date,953
Protocol Deviation,Start Time (if applicable),953
Protocol Deviation,End Date (if applicable),953
Protocol Deviation,End Time (if applicable),954
Admission to clinic,Date of Admission in clinic,956
Admission to clinic,Time of Admission in clinic,956
Admission to clinic,Date of Admission in clinic,957
Admission to clinic,Time of Admission in clinic,957
Discharge from clinic,Date of Discharge,959
Discharge from clinic,Time of Discharge,959
Discharge from clinic,Date of Discharge,960
Discharge from clinic,Time of Discharge,960
Death,Date of Death,961
Death,Primary Cause of Death,961
Death,Autopsy Performed?,961
Death,Date of Autopsy,961
Death,Death Related to IMP?,961
Drug Accountability,Date Dispensed,964
Drug Accountability,Sertraline - 50 mg Dispensed,964
Drug Accountability,Brexpiprazole - 1 mg Dispensed,964
Drug Accountability,Brexpiprazole - 2 mg Dispensed,964
Drug Accountability,Date Bottles Dispensed,965
Drug Accountability,Bottle Number(s) Sertraline - 50 mg,965
Drug Accountability,Number of Sertraline - 50 mg bottles Dispensed,965
Drug Accountability,Number of Sertraline - 50 mg Capsules Dispensed (total),965
Drug Accountability,Bottle Number(s) Brexpiprazole - 1 mg,965
Drug Accountability,Number of Brexpiprazole - 1 mg bottles Dispensed,965
Drug Accountability,Number of Brexpiprazole - 1 mg Capsules Dispensed (total),965
Drug Accountability,Number of Brexpiprazole - 2 mg bottles Dispensed,966
Drug Accountability,Number of Brexpiprazole - 2 mg Capsules Dispensed (total),966
Drug Accountability,Bottle Number(s) Brexpiprazole - 3 mg,966
Drug Accountability,Number of Brexpiprazole - 3 mg bottles Dispensed,966
Drug Accountability,Number of Brexpiprazole - 3 mg Capsules Dispensed (total),966
Drug Accountability,Date Bottles Returned,966
Drug Accountability,Number of Sertraline - 50 mg Capsules Returned,966
Drug Accountability,Number of Brexpiprazole - 1 mg Capsules Returned,967
Drug Accountability,Number of Brexpiprazole - 2 mg Capsules Returned,967
Drug Accountability,Number of Brexpiprazole - 3 mg Capsules Returned,967
12-lead ECG - Repeat,Timepoint,968
12-lead ECG - Repeat,Date of ECG,968
12-lead ECG - Repeat,Time subject became supine:,968
12-lead ECG - Repeat,Time of ECG assessment,968
12-lead ECG - Repeat,Overall ECG interpretation,968
12-lead ECG - Repeat,Abnormal Findings,969
12-lead ECG - Repeat,Was the ECG abnormality clinically significant?,969
12-lead ECG - Repeat,Are additional ECG assessments required?,969
Urine drug screen - Repeat,Was Urine Drug Screen Performed?,970
Urine drug screen - Repeat,If not done reason,970
Urine drug screen - Repeat,Manufacturer,970
Urine drug screen - Repeat,Item #,970
Urine drug screen - Repeat,Lot,970
Urine drug screen - Repeat,Expiration Date,970
Urine drug screen - Repeat,Date of Sample,970
Urine drug screen - Repeat,Time of Sample,971
Urine drug screen - Repeat,Test,972
Urine drug screen - Repeat,Test,973
Urine drug screen - Repeat,Test,974
Urine drug screen - Repeat,Result,974
Cotinine Screen - Repeat,Was Cotinine Screen Performed?,975
Cotinine Screen - Repeat,If not done reason,975
Cotinine Screen - Repeat,Sample Type,975
Cotinine Screen - Repeat,Manufacturer,975
Cotinine Screen - Repeat,Item #,975
Cotinine Screen - Repeat,Lot,975
Cotinine Screen - Repeat,Expiration Date,975
Cotinine Screen - Repeat,Date of Sample,976
Cotinine Screen - Repeat,Time of Sample,976
Cotinine Screen - Repeat,Test,977
Clinical Laboratory Assessments - Repeat,Comments,978
Clinical Laboratory Assessments - Repeat,Was subject in fasting state?,978
Clinical Laboratory Assessments - Repeat,Sample,979
Clinical Laboratory Assessments - Repeat,Sample,980
Laboratory Results Review - Repeat,Laboratory collection date,981
Laboratory Results Review - Repeat,Laboratory results review date,981
Laboratory Results Review - Repeat,Has the investigator reviewed all laboratory results from this visit and assessed abnormal results clinical significance?,981
Laboratory Results Review - Repeat,Were there any clinically significant abnormal results?,981
Laboratory Results Review - Repeat,Were there any clinically significant abnormal chemistry results?,981
Laboratory Results Review - Repeat,Chemistry abnormal assay # 1 Investigator comment,983
Laboratory Results Review - Repeat,Chemistry abnormal assay # 2 Investigator comment,984
Laboratory Results Review - Repeat,Chemistry abnormal assay # 3 Investigator comment,985
Laboratory Results Review - Repeat,Chemistry clinically significant abnormal assay # 4,986
Laboratory Results Review - Repeat,Chemistry abnormal assay # 4 Investigator comment,987
Laboratory Results Review - Repeat,Chemistry abnormal assay # 5 Investigator comment,988
Laboratory Results Review - Repeat,Are there any additional clinically significant abnormal chemistry results to be entered?,988
Laboratory Results Review - Repeat,Were there any clinically significant abnormal hematology results?,989
Laboratory Results Review - Repeat,Hematology clinically significant abnormal assay # 1,989
Laboratory Results Review - Repeat,Hematology abnormal assay # 1 Investigator comment,989
Laboratory Results Review - Repeat,Hematology abnormal assay # 2 Investigator comment,990
Laboratory Results Review - Repeat,Hematology clinically significant abnormal assay # 3,990
Laboratory Results Review - Repeat,Hematology abnormal assay # 3 Investigator comment,990
Laboratory Results Review - Repeat,Hematology clinically significant abnormal assay # 4,991
Laboratory Results Review - Repeat,Hematology abnormal assay # 4 Investigator comment,991
Laboratory Results Review - Repeat,Hematology abnormal assay # 5 Investigator comment,992
Laboratory Results Review - Repeat,Are there any additional clinically significant abnormal hematology results to be entered?,992
Laboratory Results Review - Repeat,Were there any clinically significant abnormal urinalysis results?,992
Laboratory Results Review - Repeat,Urinalysis abnormal assay # 1 Investigator comment,993
Laboratory Results Review - Repeat,Urinalysis abnormal assay # 2 Investigator comment,994
Laboratory Results Review - Repeat,Urinalysis clinically significant abnormal assay # 3,994
Laboratory Results Review - Repeat,Urinalysis abnormal assay # 3 Investigator comment,995
Laboratory Results Review - Repeat,Urinalysis clinically significant abnormal assay # 4,995
Laboratory Results Review - Repeat,Urinalysis abnormal assay # 4 Investigator comment,995
Laboratory Results Review - Repeat,Urinalysis clinically significant abnormal assay # 5,996
Laboratory Results Review - Repeat,Urinalysis abnormal assay # 5 Investigator comment,996
Laboratory Results Review - Repeat,Are there additional urinalysis clinically significant abnormal results to be entered?,996
Laboratory Results Review - Repeat,Investigator`s signature for Local Laboratory Results Review,997
Triplicate Orthostatic BP and HR - Repeat,Were Vital Signs Collected?,998
Triplicate Orthostatic BP and HR - Repeat,"If not collected, reason:",998
Triplicate Orthostatic BP and HR - Repeat,Collection Date,998
Triplicate Orthostatic BP and HR - Repeat,Planned Timepoint,998
Triplicate Orthostatic BP and HR - Repeat,Time Placed in Position,999
Triplicate Orthostatic BP and HR - Repeat,Time of Vitals Measurement #1,999
Triplicate Orthostatic BP and HR - Repeat,Time of Vitals Measurement #2,999
Triplicate Orthostatic BP and HR - Repeat,Time of Vitals Measurement #3,999
Triplicate Orthostatic BP and HR - Repeat,Time of Vitals Measurement #1,1000
Triplicate Orthostatic BP and HR - Repeat,Time of Vitals Measurement #2,1000
Triplicate Orthostatic BP and HR - Repeat,Time of Vitals Measurement #3,1000
Glycated Hemoglobin - Repeat,Was Blood sample Collected for Glycated Hemoglobin?,1001
Glycated Hemoglobin - Repeat,Reason not done,1001
Glycated Hemoglobin - Repeat,Sample,1002
Alcohol Screen - Urine or Breath - Repeat,Was Test Performed?,1003
Alcohol Screen - Urine or Breath - Repeat,Sample Type,1003
Alcohol Screen - Urine or Breath - Repeat,"If no, Reason Not Done",1003
Alcohol Screen - Urine or Breath - Repeat,Date of Test,1003
Alcohol Screen - Urine or Breath - Repeat,Time of Test,1003
Alcohol Screen - Urine or Breath - Repeat,Result,1003
Repeat Test,Was a Repeat test performed?,1004
Repeat Test,Time of Repeat Test,1004
Repeat Test,Result of Repeat Test,1004
12-lead ECG - Unscheduled,Was 12 Lead ECG Performed?,1005
12-lead ECG - Unscheduled,"If no, Reason not done",1005
12-lead ECG - Unscheduled,Date of ECG,1005
12-lead ECG - Unscheduled,Time subject became supine:,1005
12-lead ECG - Unscheduled,Time of ECG assessment,1005
12-lead ECG - Unscheduled,Abnormal Findings,1006
12-lead ECG - Unscheduled,Was the ECG abnormality clinically significant?,1006
12-lead ECG - Unscheduled,Are additional ECG assessments required?,1006
Pregnancy test - Unscheduled,Was a Pregnancy Test Performed?,1007
Pregnancy test - Unscheduled,If not done reason,1007
Pregnancy test - Unscheduled,Type of pregnancy test,1007
Pregnancy test - Unscheduled,Barcode Number,1007
Pregnancy test - Unscheduled,Kit Expiration Date,1007
Pregnancy test - Unscheduled,Kit Batch Number,1007
Pregnancy test - Unscheduled,Date of Sample,1007
Pregnancy test - Unscheduled,Result,1008
Physical examination - Unscheduled,Was the physical examination performed?,1009
Physical examination - Unscheduled,Examination Date,1009
Physical examination - Unscheduled,Examination Time,1009
Physical examination - Unscheduled,Region/Body System,1010
Physical examination - Unscheduled,Region/Body System,1011
Physical examination - Unscheduled,Yes,1011
Physical examination - Unscheduled,Urogenital,1011
Physical examination - Unscheduled,Region/Body System,1012
Urine drug screen - Unscheduled,Was Urine Drug Screen Performed?,1013
Urine drug screen - Unscheduled,If not done reason,1013
Urine drug screen - Unscheduled,Manufacturer,1013
Urine drug screen - Unscheduled,Item #,1013
Urine drug screen - Unscheduled,Lot,1013
Urine drug screen - Unscheduled,Expiration Date,1013
Urine drug screen - Unscheduled,Date of Sample,1013
Urine drug screen - Unscheduled,Time of Sample,1014
Urine drug screen - Unscheduled,Test,1015
Urine drug screen - Unscheduled,Test,1016
Urine drug screen - Unscheduled,Test,1017
Urine drug screen - Unscheduled,Result,1017
Reconsent - Unscheduled,Protocol Version for Consent,1018
Reconsent - Unscheduled,Consent Obtained?,1018
Reconsent - Unscheduled,Date of Consent,1018
ICF Copies,Time of Consent,1019
ICF Copies,Subject given a copy of the fully executed ICF form(s),1019
ICF Copies,ICF was reviewed and verified and the original ICF has been filed in with subject's source documents,1019
Cotinine Screen - Unscheduled,Was Cotinine Screen Performed?,1020
Cotinine Screen - Unscheduled,If not done reason,1020
Cotinine Screen - Unscheduled,Sample Type,1020
Cotinine Screen - Unscheduled,Manufacturer,1020
Cotinine Screen - Unscheduled,Item #,1020
Cotinine Screen - Unscheduled,Lot,1020
Cotinine Screen - Unscheduled,Expiration Date,1020
Cotinine Screen - Unscheduled,Date of Sample,1021
Cotinine Screen - Unscheduled,Time of Sample,1021
Cotinine Screen - Unscheduled,Test,1022
FSH Blood Sample- Unscheduled,Comments,1023
FSH Blood Sample- Unscheduled,Sample,1024
Clinical Laboratory Assessments - Unscheduled,Comments,1025
Clinical Laboratory Assessments - Unscheduled,Was subject in fasting state?,1025
Clinical Laboratory Assessments - Unscheduled,Sample,1026
Clinical Laboratory Assessments - Unscheduled,Sample,1027
Laboratory Results Review - Unscheduled,Laboratory collection date,1028
Laboratory Results Review - Unscheduled,Laboratory results review date,1028
Laboratory Results Review - Unscheduled,Has the investigator reviewed all laboratory results from this visit and assessed abnormal results clinical significance?,1028
Laboratory Results Review - Unscheduled,Were there any clinically significant abnormal results?,1028
Laboratory Results Review - Unscheduled,Were there any clinically significant abnormal chemistry results?,1028
Laboratory Results Review - Unscheduled,Chemistry abnormal assay # 1 Investigator comment,1030
Laboratory Results Review - Unscheduled,Chemistry abnormal assay # 2 Investigator comment,1031
Laboratory Results Review - Unscheduled,Chemistry abnormal assay # 3 Investigator comment,1032
Laboratory Results Review - Unscheduled,Chemistry clinically significant abnormal assay # 4,1033
Laboratory Results Review - Unscheduled,Chemistry abnormal assay # 4 Investigator comment,1034
Laboratory Results Review - Unscheduled,Chemistry abnormal assay # 5 Investigator comment,1035
Laboratory Results Review - Unscheduled,Are there any additional clinically significant abnormal chemistry results to be entered?,1035
Laboratory Results Review - Unscheduled,Were there any clinically significant abnormal hematology results?,1036
Laboratory Results Review - Unscheduled,Hematology clinically significant abnormal assay # 1,1036
Laboratory Results Review - Unscheduled,Hematology abnormal assay # 1 Investigator comment,1036
Laboratory Results Review - Unscheduled,Hematology abnormal assay # 2 Investigator comment,1037
Laboratory Results Review - Unscheduled,Hematology clinically significant abnormal assay # 3,1037
Laboratory Results Review - Unscheduled,Hematology abnormal assay # 3 Investigator comment,1037
Laboratory Results Review - Unscheduled,Hematology clinically significant abnormal assay # 4,1038
Laboratory Results Review - Unscheduled,Hematology abnormal assay # 4 Investigator comment,1038
Laboratory Results Review - Unscheduled,Hematology abnormal assay # 5 Investigator comment,1039
Laboratory Results Review - Unscheduled,Are there any additional clinically significant abnormal hematology results to be entered?,1039
Laboratory Results Review - Unscheduled,Were there any clinically significant abnormal urinalysis results?,1039
Laboratory Results Review - Unscheduled,Urinalysis abnormal assay # 1 Investigator comment,1040
Laboratory Results Review - Unscheduled,Urinalysis abnormal assay # 2 Investigator comment,1041
Laboratory Results Review - Unscheduled,Urinalysis clinically significant abnormal assay # 3,1041
Laboratory Results Review - Unscheduled,Urinalysis abnormal assay # 3 Investigator comment,1042
Laboratory Results Review - Unscheduled,Urinalysis clinically significant abnormal assay # 4,1042
Laboratory Results Review - Unscheduled,Urinalysis abnormal assay # 4 Investigator comment,1042
Laboratory Results Review - Unscheduled,Urinalysis clinically significant abnormal assay # 5,1043
Laboratory Results Review - Unscheduled,Urinalysis abnormal assay # 5 Investigator comment,1043
Laboratory Results Review - Unscheduled,Are there additional urinalysis clinically significant abnormal results to be entered?,1043
Laboratory Results Review - Unscheduled,Investigator`s signature for Local Laboratory Results Review,1044
CSSRS - Since Last Visit part 1 - Unscheduled,Was the questionnaire administered?,1047
CSSRS - Since Last Visit part 1 - Unscheduled,Date of completion,1047
CSSRS - Since Last Visit part 1 - Unscheduled,Rater's initials,1047
CSSRS - Since Last Visit part 1 - Unscheduled,"Subject endorses thoughts about a wish to be dead or not alive anymore, or wish to fall asleep and not wake up. - Since Last Visit",1048
CSSRS - Since Last Visit part 1 - Unscheduled,"If Yes, describe - Since Last Visit",1048
CSSRS - Since Last Visit part 1 - Unscheduled,"General non-specific thoughts of wanting to end one's life/commit suicide (e.g. ""I've thought about killing myself"") - Since Last Visit",1048
CSSRS - Since Last Visit part 1 - Unscheduled,"If Yes, describe - Since Last Visit",1049
CSSRS - Since Last Visit part 1 - Unscheduled,Subject endorses thoughts of suicide and has thought of at least one method during the assessment period. This is - Since Last Visit,1049
CSSRS - Since Last Visit part 1 - Unscheduled,Suicidal Ideation,1050
CSSRS - Since Last Visit part 1 - Unscheduled,"If Yes, describe - Since Last Visit",1050
CSSRS - Since Last Visit part 1 - Unscheduled,Thoughts of killing oneself with detail of plan fully or partially worked out and subject has some intent to carry it out. - Since Last Visit,1050
CSSRS - Since Last Visit part 2 - Unscheduled,Most severe ideation,1052
CSSRS - Since Last Visit part 2 - Unscheduled,Description of Ideation,1052
CSSRS - Since Last Visit part 2 - Unscheduled,Frequency How many times have you had these thoughts?,1053
CSSRS - Since Last Visit part 2 - Unscheduled,"Duration When you have the thoughts, how long do they last?",1053
CSSRS - Since Last Visit part 2 - Unscheduled,Intensity of Ideation Could/can you stop thinking about killing yourself or wanting to die if you want to?,1054
CSSRS - Since Last Visit part 2 - Unscheduled,Since Last Visit,1054
CSSRS - Since Last Visit part 2 - Unscheduled,(1) Easily able to control thoughts (2) Can control thoughts with little difficulty,1054
CSSRS - Since Last Visit part 2 - Unscheduled,"was it to get attention, revenge or a reaction from others? or both?",1055
CSSRS - Since Last Visit part 2 - Unscheduled,Intensity of Ideation,1056
CSSRS - Since Last Visit part 2 - Unscheduled,Since Last Visit,1056
CSSRS - Since Last Visit part 3 - Unscheduled,Actual attempt: - Since Last Visit,1058
CSSRS - Since Last Visit part 3 - Unscheduled,"If Yes, Total number of attempts - Since Last Visit",1059
CSSRS - Since Last Visit part 3 - Unscheduled,"If Yes, describe - Since Last Visit",1059
CSSRS - Since Last Visit part 3 - Unscheduled,Has subject engaged in Non-Suicidal self-injurious behavior? - Since Last Visit,1059
CSSRS - Since Last Visit part 3 - Unscheduled,Interrupted attempt: - Since Last Visit,1060
CSSRS - Since Last Visit part 3 - Unscheduled,"If Yes, Total number of interrupted attempts - Since Last Visit",1060
CSSRS - Since Last Visit part 3 - Unscheduled,"If Yes, describe - Since Last Visit",1060
CSSRS - Since Last Visit part 3 - Unscheduled,Aborted attempt: - Since Last Visit,1061
CSSRS - Since Last Visit part 3 - Unscheduled,"If Yes, Total number of aborted attempts - Since Last Visit",1061
CSSRS - Since Last Visit part 3 - Unscheduled,"If Yes, describe - Since Last Visit",1061
CSSRS - Since Last Visit part 3 - Unscheduled,Preparatory acts or behavior: - Since Last Visit,1062
CSSRS - Since Last Visit part 3 - Unscheduled,"If Yes, describe - Since Last Visit",1062
CSSRS - Since Last Visit part 3 - Unscheduled,Suicidal behavior: - Since Last Visit,1062
CSSRS - Since Last Visit part 3 - Unscheduled,Suicide: - Since Last Visit,1062
CSSRS - Since Last Visit part 3 - Unscheduled,Suicidal Behaviour,1063
CSSRS - Since Last Visit part 3 - Unscheduled,Since Last Visit,1063
CSSRS - Since Last Visit part 4 - Unscheduled,Date of Attempt - Most Lethal Attempt,1065
CSSRS - Since Last Visit part 4 - Unscheduled,\ No physical damage or very minor physical damage (e.g. surface scratches) \1.\ Minor physical damage (e.g. - Most Lethal Attempt,1065
CSSRS - Since Last Visit part 4 - Unscheduled,"Likely lethality of actual attempt if no medical damage (the following examples, while having no actual medical - Most Lethal Attempt",1065
Pgx Blood draw - Unscheduled,Date of Collection,1067
Pgx Blood draw - Unscheduled,Row 1,1068
PK Blood draw - Unscheduled,Date of Collection,1069
PK Blood draw - Unscheduled,Row 1,1070
FBR Blood draw - Unscheduled,Was FBR Blood Collection Performed?,1071
FBR Blood draw - Unscheduled,"If not performed, Reason:",1071
FBR Blood draw - Unscheduled,Date of Collection,1071
FBR Blood draw - Unscheduled,Sample,1072
Triplicate Orthostatic BP and HR - Unscheduled,Were Vital Signs Collected?,1073
Triplicate Orthostatic BP and HR - Unscheduled,"If not collected, reason:",1073
Triplicate Orthostatic BP and HR - Unscheduled,Collection Date,1073
Triplicate Orthostatic BP and HR - Unscheduled,Planned Timepoint,1073
Triplicate Orthostatic BP and HR - Unscheduled,Time Placed in Position,1074
Triplicate Orthostatic BP and HR - Unscheduled,Time of Vitals Measurement #1,1074
Triplicate Orthostatic BP and HR - Unscheduled,Time of Vitals Measurement #2,1074
Triplicate Orthostatic BP and HR - Unscheduled,Time of Vitals Measurement #3,1074
Triplicate Orthostatic BP and HR - Unscheduled,Time of Vitals Measurement #1,1075
Triplicate Orthostatic BP and HR - Unscheduled,Time of Vitals Measurement #2,1075
Triplicate Orthostatic BP and HR - Unscheduled,Time of Vitals Measurement #3,1075
Lost to Follow-up Details - Unscheduled,Initial contact - date,1077
Lost to Follow-up Details - Unscheduled,Initial contact,1077
Lost to Follow-up Details - Unscheduled,Second contact - date,1077
Lost to Follow-up Details - Unscheduled,Second contact attempt,1077
Lost to Follow-up Details - Unscheduled,Third contact - date,1077
Lost to Follow-up Details - Unscheduled,Third contact attempt,1077
Lost to Follow-up Details - Unscheduled,Certified letter sent - date,1077
Lost to Follow-up Details - Unscheduled,Certified letter sent,1077
Lost to Follow-up Details - Unscheduled,Certified letter confirmation,1077
Lost to Follow-up Details - Unscheduled,Initial contact attempt - date,1078
Lost to Follow-up Details - Unscheduled,Initial contact attempt notes (outcome):,1078
Lost to Follow-up Details - Unscheduled,Second contact attempt - date,1078
Lost to Follow-up Details - Unscheduled,Second contact attempt notes:,1078
Lost to Follow-up Details - Unscheduled,Third contact attempt - date,1078
Lost to Follow-up Details - Unscheduled,Third contact attempt notes:,1078
Lost to Follow-up Details - Unscheduled,Certified letter sent date:,1078
Lost to Follow-up Details - Unscheduled,Certified letter sent notes:,1078
Lost to Follow-up Details - Unscheduled,Certified letter confirmation return notes (including date):,1079
Glycated Hemoglobin - Unscheduled,Was Blood sample Collected for Glycated Hemoglobin?,1080
Glycated Hemoglobin - Unscheduled,Reason not done,1080
Glycated Hemoglobin - Unscheduled,Sample,1081
Alcohol Screen - Urine or Breath - Unscheduled,Was Test Performed?,1082
Alcohol Screen - Urine or Breath - Unscheduled,Sample Type,1082
Alcohol Screen - Urine or Breath - Unscheduled,"If no, Reason Not Done",1082
Alcohol Screen - Urine or Breath - Unscheduled,Date of Test,1082
Alcohol Screen - Urine or Breath - Unscheduled,Time of Test,1082
Alcohol Screen - Urine or Breath - Unscheduled,Result,1082
Repeat Test,Was a Repeat test performed?,1083
Repeat Test,Time of Repeat Test,1083
Repeat Test,Result of Repeat Test,1083
