form_name,field_name,page
Visit Date,Was visit performed?,2
Visit Date,"If No, please provide reason",2
Visit Date,Visit Date,2
Visit Date,Folder OID (auto-populated),2
Visit Date,01.025 GMK (432),2
Visit Date,Units,3
Visit Date,VISREASND $200,3
Visit Date,01.025 GMK (432),3
Unscheduled Visit,Check all that apply,4
Unscheduled Visit,Vital Signs,4
Unscheduled Visit,Vital Signs-Standing,4
Unscheduled Visit,Body Measurements,4
Unscheduled Visit,Physical Exam,4
Unscheduled Visit,Neurological Examination,4
Unscheduled Visit,12-Lead ECG Triplicate,4
Unscheduled Visit,Central Laboratory Sample Collection Summary,4
Unscheduled Visit,Drug Screen Test,4
Unscheduled Visit,Pregnancy Test,4
Unscheduled Visit,Central Laboratory - FSH,4
Unscheduled Visit,PK Plasma Sample,4
Unscheduled Visit,Fluid Biomarkers,4
Unscheduled Visit,Barnes Akathisia Rating Scale,4
Unscheduled Visit,Abnormal Involuntary Movement Scale (AIMS),4
Unscheduled Visit,01.025 GMK (432),4
Unscheduled Visit,Simpson-Angus Scale (SAS),5
Unscheduled Visit,Positive and Negative Syndrome Scale (PANSS),5
Unscheduled Visit,Clinical Global Impression - Severity of Illness,5
Unscheduled Visit,Drug Effects Questionnaire,5
Unscheduled Visit,The Clinician Administered Dissociative States Scale (CADSS),5
Unscheduled Visit,Calgary Depression Scale for Schizophrenia (CDSS),5
Unscheduled Visit,Columbia-Suicide Severity Rating Scale (C-SSRS) Since Last Visit,5
Unscheduled Visit,01.025 GMK (432),5
Unscheduled Visit,Units,6
Unscheduled Visit,UNSVS_BM 1,6
Unscheduled Visit,UNSLB_SU 1,6
Unscheduled Visit,10 UNSLB_PRE,6
Unscheduled Visit,11 UNSLB_FSH1,6
Unscheduled Visit,12 UNSPC,6
Unscheduled Visit,13 UNSMI_FB 1,6
Unscheduled Visit,01.025 GMK (432),6
Unscheduled Visit,Units,7
Unscheduled Visit,14 UNSBARS,7
Unscheduled Visit,15 UNSAIMS,7
Unscheduled Visit,16 UNSSAS,7
Unscheduled Visit,17 UNSPANSS 1,7
Unscheduled Visit,18 UNSCGIS,7
Unscheduled Visit,19 UNSDEQ,7
Unscheduled Visit,20 UNSCADSS 1,7
Unscheduled Visit,21 UNSCDSS,7
Unscheduled Visit,22 UNSCSSRSS,7
Unscheduled Visit,01.025 GMK (432),7
Telephone Follow-up,Was the Post Treatment Follow Up (Telephone call) completed?,8
Telephone Follow-up,"If No, Please provide reason",8
Telephone Follow-up,Date of scheduled follow-up phone call,8
Telephone Follow-up,Were you able to contact the participant?,8
Telephone Follow-up,Date of Contact/Attempt,8
Telephone Follow-up,Contact Attempt,8
Telephone Follow-up,Contact Method,8
Telephone Follow-up,Specify,8
Telephone Follow-up,Has the participant had any new or change in adverse events since the last visit?,8
Telephone Follow-up,Has the participant taken any medications since the last visit?,8
Telephone Follow-up,01.025 GMK (432),8
Telephone Follow-up,Units,9
Telephone Follow-up,FUPREASND$200,9
Telephone Follow-up,FUP_DSYN $1,9
Telephone Follow-up,01.025 GMK (432),9
Telephone Follow-up,Units,10
Telephone Follow-up,10 FUPCMYN,10
Telephone Follow-up,01.025 GMK (432),10
Inclusion/Exclusion Criteria Summary,Initial Informed Consent Date (auto-populated):,11
Inclusion/Exclusion Criteria Summary,Did the participant meet all eligibility criteria?,11
Inclusion/Exclusion Criteria Summary,01.025 GMK (432),11
Inclusion/Exclusion Criteria Summary,Units,12
Inclusion/Exclusion Criteria Summary,01.025 GMK (432),12
Inclusion/Exclusion Criteria,Enter all criteria which were not met below:,13
Inclusion/Exclusion Criteria,Criterion Type,13
Inclusion/Exclusion Criteria,Criterion Identifier,13
Inclusion/Exclusion Criteria,01.025 GMK (432),13
Inclusion/Exclusion Criteria,Units,14
Inclusion/Exclusion Criteria,01.025 GMK (432),14
Demographics,Country (auto-populated),15
Demographics,Participant Status (auto-populated),15
Demographics,Date of Birth,15
Demographics,Age (xxx),15
Demographics,Sex Assigned at Birth:,15
Demographics,Participant currently identifies as:,15
Demographics,Ethnicity,15
Demographics,Race (Check all that apply),15
Demographics,01.025 GMK (432),15
Demographics,Asian,16
Demographics,Black or African American,16
Demographics,Native Hawaiian or Other Pacific Islander,16
Demographics,White,16
Demographics,Not Reported,16
Demographics,Unknown,16
Demographics,Other Race,16
Demographics,Specify Other Race,16
Demographics,Was participant previously screened?,16
Demographics,Previous Participant Number,16
Demographics,01.025 GMK (432),16
Demographics,Units,17
Demographics,01.025 GMK (432),17
Demographics,Units,18
Demographics,10 RACE2,18
Demographics,11 RACE3,18
Demographics,12 RACE4,18
Demographics,01.025 GMK (432),18
Demographics,Units,19
Demographics,13 RACE5,19
Demographics,14 RACE6,19
Demographics,15 RACE7,19
Demographics,16 RACE8,19
Demographics,17 RACEOTH,19
Demographics,18 PRE_DMYN $1,19
Demographics,19 PRE_SUBJN,19
Demographics,01.025 GMK (432),19
Childbearing Potential,Is participant of childbearing potential?,20
Childbearing Potential,"If No, reason",20
Childbearing Potential,"If Post-menopausal, date of last menstruation",20
Childbearing Potential,"Other, specify",20
Childbearing Potential,Does the Subject agree not to donate sperm or eggs from trial screening through 90 days after last dose of IMP?,20
Childbearing Potential,"List at minimum two birth control methods used Azoospermic partner (vasectomized, Bilateral orchiectomy or due to a medical cause",20
Childbearing Potential,Implantable progestogen-only hormone contraception,20
Childbearing Potential,Intrauterine device (non hormonal),20
Childbearing Potential,Intrauterine hormone-releasing system,20
Childbearing Potential,Combined (estrogen- and progestogen-containing) hormonal contraception,20
Childbearing Potential,Condom,20
Childbearing Potential,Sponge,20
Childbearing Potential,01.025 GMK (432),20
Childbearing Potential,Occlusive cap (vaginal diaphragm or cervical/vault cap),21
Childbearing Potential,Progestogen-only hormone,21
Childbearing Potential,Abstinence from sexual activity with the potential for conception,21
Childbearing Potential,Sterile Partner,21
Childbearing Potential,Other,21
Childbearing Potential,"Other, specify",21
Childbearing Potential,Month and Year of last menstruation (auto-populated),21
Childbearing Potential,Year of last menstruation (auto-populated),21
Childbearing Potential,01.025 GMK (432),21
Childbearing Potential,Units,22
Childbearing Potential,01.025 GMK (432),22
Childbearing Potential,Units,23
Childbearing Potential,10 METHOD05,23
Childbearing Potential,11 METHOD06,23
Childbearing Potential,12 METHOD07,23
Childbearing Potential,13 METHOD08,23
Childbearing Potential,14 METHOD09,23
Childbearing Potential,15 METHOD10,23
Childbearing Potential,16 METHOD11,23
Childbearing Potential,17 OTHER_RP,23
Childbearing Potential,18 RPRESOTH $200,23
Childbearing Potential,01.025 GMK (432),23
Childbearing Potential,Units,24
Childbearing Potential,19 LMPSTMON,24
Childbearing Potential,20 LMPSTYR_R,24
Childbearing Potential,01.025 GMK (432),24
Medical History Summary,Has the participant experienced any past and / or concomitant diseases or past surgeries?,25
Medical History Summary,01.025 GMK (432),25
Medical History Summary,Units,26
Medical History Summary,01.025 GMK (432),26
Medical History,Enter all relevant medical history below:,27
Medical History,Medical Condition or Event,27
Medical History,Is disease/condition under control?,27
Medical History,Start Date,27
Medical History,Ongoing?,27
Medical History,End Date,27
Medical History,Start Month and Year (auto-populated),27
Medical History,Start Year (auto-populated),27
Medical History,End Month and Year (auto-populated),27
Medical History,End Year (auto-populated),27
Medical History,01.025 GMK (432),27
Medical History,Units,28
Medical History,10 MHENYR,28
Medical History,01.025 GMK (432),28
Randomization,Was participant randomized?,29
Randomization,Randomization Date,29
Randomization,Randomization Time,29
Randomization,Randomization Assignment,29
Randomization,Randomization Number,29
Randomization,Randomization Date for Tagging (auto-populated),29
Randomization,01.025 GMK (432),29
Randomization,Units,30
Randomization,01.025 GMK (432),30
Body Measurements,Were vital signs performed?,31
Body Measurements,"If No, please provide reason",31
Body Measurements,Date,31
Body Measurements,Time,31
Body Measurements,Height (xxx.x),31
Body Measurements,Weight (xxx.x),31
Body Measurements,BMI (auto-populated),31
Body Measurements,Waist Circumference (xxx.xx),31
Body Measurements,Date/Time (auto-populated),31
Body Measurements,01.025 GMK (432),31
Body Measurements,Units,32
Body Measurements,VSREASND $200,32
Body Measurements,4.1,32
Body Measurements,3.1,32
Body Measurements,5.2,32
Body Measurements,01.025 GMK (432),32
Vital Signs,Were vital signs performed?,33
Vital Signs,"If No, please provide reason",33
Vital Signs,Date,33
Vital Signs,Respiratory Rate (xxx),33
Vital Signs,Temperature (xxx.x),33
Vital Signs,Time participant placed in position,33
Vital Signs,Position,33
Vital Signs,Time,33
Vital Signs,Systolic Blood Pressure (xxx),33
Vital Signs,Diastolic Blood Pressure (xxx),33
Vital Signs,01.025 GMK (432),33
Vital Signs,Pulse (xxx),34
Vital Signs,Date/Time (auto-populated),34
Vital Signs,BP Alert (hidden),34
Vital Signs,01.025 GMK (432),34
Vital Signs,Units,35
Vital Signs,VSREASND $200,35
Vital Signs,4.1,35
Vital Signs,POS_VSTIM HH:nn,35
Vital Signs,01.025 GMK (432),35
Vital Signs,Units,36
Vital Signs,10 DIABP_VSO,36
Vital Signs,11 PULSE_VSO,36
Vital Signs,12 VSDTTM,36
Vital Signs,13 BP_ALERT,36
Vital Signs,14 HR_ALERT $4,36
Vital Signs,01.025 GMK (432),36
Vital Signs Log,Were vital signs performed?,37
Vital Signs Log,"If No, please provide reason",37
Vital Signs Log,Time Point,37
Vital Signs Log,Date,37
Vital Signs Log,Respiratory Rate (xxx),37
Vital Signs Log,Temperature (xxx.x),37
Vital Signs Log,Time participant placed in position,37
Vital Signs Log,Position,37
Vital Signs Log,Time,37
Vital Signs Log,01.025 GMK (432),37
Vital Signs Log,Systolic Blood Pressure (xxx),38
Vital Signs Log,Diastolic Blood Pressure (xxx),38
Vital Signs Log,Pulse (xxx),38
Vital Signs Log,Date/Time (auto-populated),38
Vital Signs Log,BP Alert (hidden),38
Vital Signs Log,01.025 GMK (432),38
Vital Signs Log,Units,39
Vital Signs Log,VSREASND $200,39
Vital Signs Log,4.1,39
Vital Signs Log,POS_VSTIM HH:nn,39
Vital Signs Log,01.025 GMK (432),39
Vital Signs Log,Units,40
Vital Signs Log,10 SYSBP_VSO,40
Vital Signs Log,11 DIABP_VSO,40
Vital Signs Log,12 PULSE_VSO,40
Vital Signs Log,13 VSDTTM,40
Vital Signs Log,14 BP_ALERT,40
Vital Signs Log,15 HR_ALERT $4,40
Vital Signs Log,01.025 GMK (432),40
Vital Signs - Standing,Were vital signs performed?,41
Vital Signs - Standing,"If No, please provide reason",41
Vital Signs - Standing,Date,41
Vital Signs - Standing,Time participant placed in position,41
Vital Signs - Standing,Position,41
Vital Signs - Standing,Time,41
Vital Signs - Standing,Systolic Blood Pressure (xxx),41
Vital Signs - Standing,Diastolic Blood Pressure (xxx),41
Vital Signs - Standing,Pulse (xxx),41
Vital Signs - Standing,Date/Time (auto-populated),41
Vital Signs - Standing,01.025 GMK (432),41
Vital Signs - Standing,BP Alert (hidden),42
Vital Signs - Standing,01.025 GMK (432),42
Vital Signs - Standing,Units,43
Vital Signs - Standing,VSREASND $200,43
Vital Signs - Standing,POS_VSTIM HH:nn,43
Vital Signs - Standing,01.025 GMK (432),43
Vital Signs - Standing,Units,44
Vital Signs - Standing,10 VSDTTM,44
Vital Signs - Standing,11 BP_ALERT,44
Vital Signs - Standing,12 HR_ALERT $4,44
Vital Signs - Standing,01.025 GMK (432),44
Vital Signs Log - Standing,Were vital signs performed?,45
Vital Signs Log - Standing,"If No, please provide reason",45
Vital Signs Log - Standing,Time Point,45
Vital Signs Log - Standing,Date,45
Vital Signs Log - Standing,Time participant placed in position,45
Vital Signs Log - Standing,Position,45
Vital Signs Log - Standing,Time,45
Vital Signs Log - Standing,Systolic Blood Pressure (xxx),45
Vital Signs Log - Standing,Diastolic Blood Pressure (xxx),45
Vital Signs Log - Standing,01.025 GMK (432),45
Vital Signs Log - Standing,Pulse (xxx),46
Vital Signs Log - Standing,Date/Time (auto-populated),46
Vital Signs Log - Standing,BP Alert (hidden),46
Vital Signs Log - Standing,01.025 GMK (432),46
Vital Signs Log - Standing,Units,47
Vital Signs Log - Standing,VSREASND $200,47
Vital Signs Log - Standing,POS_VSTIM HH:nn,47
Vital Signs Log - Standing,01.025 GMK (432),47
Vital Signs Log - Standing,Units,48
Vital Signs Log - Standing,10 PULSE_VSO,48
Vital Signs Log - Standing,11 VSDTTM,48
Vital Signs Log - Standing,12 BP_ALERT,48
Vital Signs Log - Standing,13 HR_ALERT $4,48
Vital Signs Log - Standing,01.025 GMK (432),48
Physical Examination,Was the physical examination performed?,49
Physical Examination,"If No, provide reason not done",49
Physical Examination,Exam Date,49
Physical Examination,Exam Time,49
Physical Examination,Date/Time of Physical Exam (auto-populated),49
Physical Examination,Body System Examined,49
Physical Examination,Examination Result,49
Physical Examination,Description of abnormal findings,49
Physical Examination,Clinically Significant,49
Physical Examination,01.025 GMK (432),49
Physical Examination,"At Screening, record any abnormalities in the Medical History CRF.",50
Physical Examination,"At all post screening visits, any new or worsening clinically significant abnormality, as judged by the investigator, is to be reported on the Adverse Events CRF.",50
Physical Examination,01.025 GMK (432),50
Physical Examination,Units,51
Physical Examination,PEREASND $200,51
Physical Examination,01.025 GMK (432),51
Physical Examination,Units,52
Physical Examination,01.025 GMK (432),52
Physical Examination: Target,Was the target physical examination performed?,53
Physical Examination: Target,"If No, provide reason not done",53
Physical Examination: Target,Exam Date,53
Physical Examination: Target,Exam Time,53
Physical Examination: Target,Date/Time of Physical Exam (auto-populated),53
Physical Examination: Target,Body System Examined,53
Physical Examination: Target,Examination Result,53
Physical Examination: Target,Description of abnormal findings,53
Physical Examination: Target,Clinically Significant,53
Physical Examination: Target,01.025 GMK (432),53
Physical Examination: Target,"Any new or worsening clinically significant abnormality, as judged by the investigator, is to be reported on the Adverse Events CRF.",54
Physical Examination: Target,01.025 GMK (432),54
Physical Examination: Target,Units,55
Physical Examination: Target,PEREASND $200,55
Physical Examination: Target,01.025 GMK (432),55
Physical Examination: Target,Units,56
Physical Examination: Target,01.025 GMK (432),56
Neurological Examination,Was the neurological examination performed?,57
Neurological Examination,"If No, provide reason not done",57
Neurological Examination,Exam Date,57
Neurological Examination,Exam Time,57
Neurological Examination,Date/Time of Neurological Examination (auto-populated),57
Neurological Examination,Neurological Examination,57
Neurological Examination,Examination Result,57
Neurological Examination,Description of abnormal findings,57
Neurological Examination,Clinically Significant,57
Neurological Examination,01.025 GMK (432),57
Neurological Examination,"At Screening, record any abnormalities in the Medical History CRF.",58
Neurological Examination,"At all post screening visits, any new or worsening clinically significant abnormality, as judged by the investigator, is to be reported on the Adverse Events CRF.",58
Neurological Examination,01.025 GMK (432),58
Neurological Examination,Units,59
Neurological Examination,NVREASND $200,59
Neurological Examination,01.025 GMK (432),59
Neurological Examination,Units,60
Neurological Examination,01.025 GMK (432),60
Neurological Examination: Target,Was target neurological examination performed?,61
Neurological Examination: Target,"If No, provide reason not done",61
Neurological Examination: Target,Exam Date,61
Neurological Examination: Target,Exam Time,61
Neurological Examination: Target,Date/Time of Neurological Examination (auto-populated),61
Neurological Examination: Target,Neurological Examination,61
Neurological Examination: Target,Examination Result,61
Neurological Examination: Target,Description of abnormal findings,61
Neurological Examination: Target,Clinically Significant,61
Neurological Examination: Target,01.025 GMK (432),61
Neurological Examination: Target,"At all post screening visits, any new or worsening clinically significant abnormality, as judged by the investigator, is to be reported on the Adverse Events CRF.",62
Neurological Examination: Target,01.025 GMK (432),62
Neurological Examination: Target,Units,63
Neurological Examination: Target,NVREASND $200,63
Neurological Examination: Target,01.025 GMK (432),63
Neurological Examination: Target,Units,64
Neurological Examination: Target,01.025 GMK (432),64
Sleep EEG,Was Sleep EEG measurement performed?,65
Sleep EEG,"If No, provide reason not done.",65
Sleep EEG,Device ID,65
Sleep EEG,Start Date,65
Sleep EEG,Start Time,65
Sleep EEG,End Date,65
Sleep EEG,End Time,65
Sleep EEG,01.025 GMK (432),65
Sleep EEG,Units,66
Sleep EEG,NVREASND $200,66
Sleep EEG,01.025 GMK (432),66
12-Lead ECG Triplicate,Method,67
12-Lead ECG Triplicate,Was an ECG performed?,67
12-Lead ECG Triplicate,"If No, please specify reason",67
12-Lead ECG Triplicate,Date,67
12-Lead ECG Triplicate,Position,67
12-Lead ECG Triplicate,Interval,67
12-Lead ECG Triplicate,Time,67
12-Lead ECG Triplicate,Mean Heart Rate (xxx),67
12-Lead ECG Triplicate,01.025 GMK (432),67
12-Lead ECG Triplicate,PR Interval (xxx.x),68
12-Lead ECG Triplicate,QRS Duration (xxx.x),68
12-Lead ECG Triplicate,QT Interval [Uncorrected] (xxx.xx),68
12-Lead ECG Triplicate,QTcF Interval [Fridericia] (xxxxx),68
12-Lead ECG Triplicate,ECG Interpretation,68
12-Lead ECG Triplicate,"If Abnormal, describe",68
12-Lead ECG Triplicate,Clinically Significant,68
12-Lead ECG Triplicate,Date/Time (auto-populated),68
12-Lead ECG Triplicate,"At all post screening visits, any new or worsening clinically significant abnormality, as judged by the investigator, is to be reported on the Adverse Events form.",68
12-Lead ECG Triplicate,01.025 GMK (432),68
12-Lead ECG Triplicate,Units,69
12-Lead ECG Triplicate,EGMETHOD $70,69
12-Lead ECG Triplicate,EGREASND $200,69
12-Lead ECG Triplicate,01.025 GMK (432),69
12-Lead ECG Triplicate,Units,70
12-Lead ECG Triplicate,EGREPNUM 1,70
12-Lead ECG Triplicate,4.1,70
12-Lead ECG Triplicate,10 QRSAG_EG,70
12-Lead ECG Triplicate,11 QTAG_EGO,70
12-Lead ECG Triplicate,5.2,70
12-Lead ECG Triplicate,12 QTCFAG_E,70
12-Lead ECG Triplicate,01.025 GMK (432),70
12-Lead ECG Triplicate,Units,71
12-Lead ECG Triplicate,13 INTP_EGOR,71
12-Lead ECG Triplicate,14 EGABN,71
12-Lead ECG Triplicate,15 EGCLSIG,71
12-Lead ECG Triplicate,16 EGDTTM,71
12-Lead ECG Triplicate,01.025 GMK (432),71
12-Lead ECG Triplicate Log,Method,72
12-Lead ECG Triplicate Log,Time Point,72
12-Lead ECG Triplicate Log,Interval,72
12-Lead ECG Triplicate Log,Was an ECG performed?,72
12-Lead ECG Triplicate Log,"If No, please specify reason",72
12-Lead ECG Triplicate Log,Position,72
12-Lead ECG Triplicate Log,01.025 GMK (432),72
12-Lead ECG Triplicate Log,Date,73
12-Lead ECG Triplicate Log,Time,73
12-Lead ECG Triplicate Log,Date/Time (auto-populated),73
12-Lead ECG Triplicate Log,Mean Heart Rate (xxx),73
12-Lead ECG Triplicate Log,PR Interval (xxx.x),73
12-Lead ECG Triplicate Log,QRS Duration (xxx.x),73
12-Lead ECG Triplicate Log,QT Interval [Uncorrected] (xxx.xx),73
12-Lead ECG Triplicate Log,QTcF Interval [Fridericia] (xxxxx),73
12-Lead ECG Triplicate Log,ECG Interpretation,73
12-Lead ECG Triplicate Log,01.025 GMK (432),73
12-Lead ECG Triplicate Log,"If Abnormal, describe",74
12-Lead ECG Triplicate Log,Clinically Significant,74
12-Lead ECG Triplicate Log,"At all post screening visits, any new or worsening clinically significant abnormality, as judged by the investigator, is to be reported on the Adverse Events form.",74
12-Lead ECG Triplicate Log,01.025 GMK (432),74
12-Lead ECG Triplicate Log,Units,75
12-Lead ECG Triplicate Log,EGMETHOD $70,75
12-Lead ECG Triplicate Log,01.025 GMK (432),75
12-Lead ECG Triplicate Log,Units,76
12-Lead ECG Triplicate Log,EGREPNUM 1,76
12-Lead ECG Triplicate Log,EGREASND $200,76
12-Lead ECG Triplicate Log,01.025 GMK (432),76
12-Lead ECG Triplicate Log,Units,77
12-Lead ECG Triplicate Log,10 EGHRMN_E,77
12-Lead ECG Triplicate Log,11 PRAG_EGO,77
12-Lead ECG Triplicate Log,4.1,77
12-Lead ECG Triplicate Log,01.025 GMK (432),77
12-Lead ECG Triplicate Log,Units,78
12-Lead ECG Triplicate Log,12 QRSAG_EG,78
12-Lead ECG Triplicate Log,4.1,78
12-Lead ECG Triplicate Log,13 QTAG_EGO,78
12-Lead ECG Triplicate Log,5.2,78
12-Lead ECG Triplicate Log,14 QTCFAG_E,78
12-Lead ECG Triplicate Log,15 INTP_EGOR,78
12-Lead ECG Triplicate Log,16 EGABN,78
12-Lead ECG Triplicate Log,17 EGCLSIG,78
12-Lead ECG Triplicate Log,01.025 GMK (432),78
12-Lead ECG Triplicate - 3 Hour Postdose,Method,79
12-Lead ECG Triplicate - 3 Hour Postdose,Was an ECG performed?,79
12-Lead ECG Triplicate - 3 Hour Postdose,"If No, please specify reason",79
12-Lead ECG Triplicate - 3 Hour Postdose,Date,79
12-Lead ECG Triplicate - 3 Hour Postdose,Position,79
12-Lead ECG Triplicate - 3 Hour Postdose,Time Point,79
12-Lead ECG Triplicate - 3 Hour Postdose,01.025 GMK (432),79
12-Lead ECG Triplicate - 3 Hour Postdose,Interval,80
12-Lead ECG Triplicate - 3 Hour Postdose,Time,80
12-Lead ECG Triplicate - 3 Hour Postdose,Date/Time (auto-populated),80
12-Lead ECG Triplicate - 3 Hour Postdose,Mean Heart Rate (xxx),80
12-Lead ECG Triplicate - 3 Hour Postdose,PR Interval (xxx.x),80
12-Lead ECG Triplicate - 3 Hour Postdose,QRS Duration (xxx.x),80
12-Lead ECG Triplicate - 3 Hour Postdose,QT Interval [Uncorrected] (xxx.xx),80
12-Lead ECG Triplicate - 3 Hour Postdose,QTcF Interval [Fridericia] (xxxxx),80
12-Lead ECG Triplicate - 3 Hour Postdose,ECG Interpretation,80
12-Lead ECG Triplicate - 3 Hour Postdose,01.025 GMK (432),80
12-Lead ECG Triplicate - 3 Hour Postdose,"If Abnormal, describe",81
12-Lead ECG Triplicate - 3 Hour Postdose,Clinically Significant,81
12-Lead ECG Triplicate - 3 Hour Postdose,"At all post screening visits, any new or worsening clinically significant abnormality, as judged by the investigator, is to be reported on the Adverse Events form.",81
12-Lead ECG Triplicate - 3 Hour Postdose,01.025 GMK (432),81
12-Lead ECG Triplicate - 3 Hour Postdose,Units,82
12-Lead ECG Triplicate - 3 Hour Postdose,EGMETHOD $70,82
12-Lead ECG Triplicate - 3 Hour Postdose,EGREASND $200,82
12-Lead ECG Triplicate - 3 Hour Postdose,01.025 GMK (432),82
12-Lead ECG Triplicate - 3 Hour Postdose,Units,83
12-Lead ECG Triplicate - 3 Hour Postdose,01.025 GMK (432),83
12-Lead ECG Triplicate - 3 Hour Postdose,Units,84
12-Lead ECG Triplicate - 3 Hour Postdose,EGREPNUM 1,84
12-Lead ECG Triplicate - 3 Hour Postdose,10 EGHRMN_E,84
12-Lead ECG Triplicate - 3 Hour Postdose,11 PRAG_EGO,84
12-Lead ECG Triplicate - 3 Hour Postdose,4.1,84
12-Lead ECG Triplicate - 3 Hour Postdose,12 QRSAG_EG,84
12-Lead ECG Triplicate - 3 Hour Postdose,13 QTAG_EGO,84
12-Lead ECG Triplicate - 3 Hour Postdose,5.2,84
12-Lead ECG Triplicate - 3 Hour Postdose,14 QTCFAG_E,84
12-Lead ECG Triplicate - 3 Hour Postdose,01.025 GMK (432),84
12-Lead ECG Triplicate - 3 Hour Postdose,Units,85
12-Lead ECG Triplicate - 3 Hour Postdose,15 INTP_EGOR,85
12-Lead ECG Triplicate - 3 Hour Postdose,16 EGABN,85
12-Lead ECG Triplicate - 3 Hour Postdose,17 EGCLSIG,85
12-Lead ECG Triplicate - 3 Hour Postdose,01.025 GMK (432),85
Holter ECG,Was Holter ECG Time Point performed?,86
Holter ECG,"If No, please specify reason",86
Holter ECG,ECG Recording Start Date,86
Holter ECG,ECG Recording Start Time,86
Holter ECG,ECG Recording End Date,86
Holter ECG,ECG Recording End Time,86
Holter ECG,Method,86
Holter ECG,Was Time Point Completed?,86
Holter ECG,Time Point,86
Holter ECG,01.025 GMK (432),86
Holter ECG,Resting State Start Date,87
Holter ECG,Resting State Start Time,87
Holter ECG,Resting State End Date,87
Holter ECG,Resting State End Time,87
Holter ECG,Resting State Start Date/Time (auto-populated),87
Holter ECG,Resting State End Date/Time (auto-populated),87
Holter ECG,Recording Start Date and Time,87
Holter ECG,Recording End Date and Time,87
Holter ECG,01.025 GMK (432),87
Holter ECG,Units,88
Holter ECG,EGREASND $200,88
Holter ECG,EGMETHOD $70,88
Holter ECG,01.025 GMK (432),88
Holter ECG,Units,89
Holter ECG,01.025 GMK (432),89
Holter ECG,Units,90
Holter ECG,10 EGSTDAT,90
Holter ECG,11 EGSTTIM,90
Holter ECG,12 EGENDAT,90
Holter ECG,13 EGENTIM,90
Holter ECG,14 EGSTDTTM dd MMM,90
Holter ECG,15 EGENDTTM dd MMM,90
Holter ECG,16 HOLT_EGST,90
Holter ECG,17 HOLT_EGE,90
Holter ECG,01.025 GMK (432),90
Holter ECG - Day 14,Was Holter ECG Time Point performed?,91
Holter ECG - Day 14,"If No, please specify reason",91
Holter ECG - Day 14,ECG Recording Start Date,91
Holter ECG - Day 14,ECG Recording Start Time,91
Holter ECG - Day 14,ECG Recording End Date,91
Holter ECG - Day 14,ECG Recording End Time,91
Holter ECG - Day 14,Method,91
Holter ECG - Day 14,Was Time Point Completed?,91
Holter ECG - Day 14,Time Point,91
Holter ECG - Day 14,01.025 GMK (432),91
Holter ECG - Day 14,Resting State Start Date,92
Holter ECG - Day 14,Resting State Start Time,92
Holter ECG - Day 14,Resting State End Date,92
Holter ECG - Day 14,Resting State End Time,92
Holter ECG - Day 14,Resting State Start Date/Time (auto-populated),92
Holter ECG - Day 14,Resting State End Date/Time (auto-populated),92
Holter ECG - Day 14,Recording Start Date and Time,92
Holter ECG - Day 14,Recording End Date and Time,92
Holter ECG - Day 14,01.025 GMK (432),92
Holter ECG - Day 14,Units,93
Holter ECG - Day 14,EGREASND $200,93
Holter ECG - Day 14,EGMETHOD $70,93
Holter ECG - Day 14,01.025 GMK (432),93
Holter ECG - Day 14,Units,94
Holter ECG - Day 14,01.025 GMK (432),94
Holter ECG - Day 14,Units,95
Holter ECG - Day 14,10 EGSTDAT,95
Holter ECG - Day 14,11 EGSTTIM,95
Holter ECG - Day 14,12 EGENDAT,95
Holter ECG - Day 14,13 EGENTIM,95
Holter ECG - Day 14,14 EGSTDTTM dd MMM,95
Holter ECG - Day 14,15 EGENDTTM dd MMM,95
Holter ECG - Day 14,16 HOLT_EGST,95
Holter ECG - Day 14,17 HOLT_EGE,95
Holter ECG - Day 14,01.025 GMK (432),95
Holter ECG - 24 Hours Post Dose,Method,96
Holter ECG - 24 Hours Post Dose,Time Point,96
Holter ECG - 24 Hours Post Dose,Was Holter ECG Time Point performed?,96
Holter ECG - 24 Hours Post Dose,"If No, please specify reason",96
Holter ECG - 24 Hours Post Dose,Resting State Start Date,96
Holter ECG - 24 Hours Post Dose,Resting State Start Time,96
Holter ECG - 24 Hours Post Dose,Resting State End Date,96
Holter ECG - 24 Hours Post Dose,Resting State End Time,96
Holter ECG - 24 Hours Post Dose,01.025 GMK (432),96
Holter ECG - 24 Hours Post Dose,Resting State Start Date/Time (auto-populated),97
Holter ECG - 24 Hours Post Dose,Resting State End Date/Time (auto-populated),97
Holter ECG - 24 Hours Post Dose,01.025 GMK (432),97
Holter ECG - 24 Hours Post Dose,Units,98
Holter ECG - 24 Hours Post Dose,EGMETHOD $70,98
Holter ECG - 24 Hours Post Dose,01.025 GMK (432),98
Holter ECG - 24 Hours Post Dose,Units,99
Holter ECG - 24 Hours Post Dose,EGREASND $200,99
Holter ECG - 24 Hours Post Dose,EGSTDTTM dd MMM,99
Holter ECG - 24 Hours Post Dose,01.025 GMK (432),99
Holter ECG - 24 Hours Post Dose,Units,100
Holter ECG - 24 Hours Post Dose,10 EGENDTTM dd MMM,100
Holter ECG - 24 Hours Post Dose,01.025 GMK (432),100
Telemetry Summary,Was Telemetry completed?,101
Telemetry Summary,01.025 GMK (432),101
Telemetry Summary,Units,102
Telemetry Summary,01.025 GMK (432),102
Telemetry,Start Date,103
Telemetry,Start Time,103
Telemetry,End Date,103
Telemetry,End Time,103
Telemetry,Any potential findings?,103
Telemetry,Were these findings clinically significant?,103
Telemetry,Was a 12-lead ECG performed to confirm the findings?,103
Telemetry,"For Clinical Significant Findings, create a Unscheduled 12-lead ECG.",103
Telemetry,01.025 GMK (432),103
Telemetry,Units,104
Telemetry,01.025 GMK (432),104
Pregnancy Test,Was a pregnancy test performed?,105
Pregnancy Test,"If No, provide reason not done",105
Pregnancy Test,Collection Date,105
Pregnancy Test,Collection Time,105
Pregnancy Test,Result,105
Pregnancy Test,Collection Date/Time (auto-populated),105
Pregnancy Test,01.025 GMK (432),105
Pregnancy Test,Units,106
Pregnancy Test,LBREASND $200,106
Pregnancy Test,01.025 GMK (432),106
Central Laboratory - FSH,Panel Name,107
Central Laboratory - FSH,Sample Collected?,107
Central Laboratory - FSH,"If No, provide reason not done",107
Central Laboratory - FSH,Collection Date,107
Central Laboratory - FSH,Collection Time,107
Central Laboratory - FSH,Accession Number,107
Central Laboratory - FSH,Collection Date/Time (auto-populated),107
Central Laboratory - FSH,01.025 GMK (432),107
Central Laboratory - FSH,Units,108
Central Laboratory - FSH,LBREASND $200,108
Central Laboratory - FSH,01.025 GMK (432),108
Central Laboratory - FSH,Units,109
Central Laboratory - FSH,01.025 GMK (432),109
Drug Screen Test,Test Name,110
Drug Screen Test,Sample collected?,110
Drug Screen Test,Collection Date,110
Drug Screen Test,Specimen Type,110
Drug Screen Test,Result,110
Drug Screen Test,01.025 GMK (432),110
Drug Screen Test,Units,111
Drug Screen Test,SU_LBTEST $30,111
Drug Screen Test,01.025 GMK (432),111
Drug Screen Test,Units,112
Drug Screen Test,SU_LBSPEC $10,112
Drug Screen Test,01.025 GMK (432),112
Serology and Virology,Test Name,113
Serology and Virology,Sample collected?,113
Serology and Virology,"If No, please provide reason",113
Serology and Virology,Collection Date,113
Serology and Virology,Collection Time,113
Serology and Virology,Accession Number,113
Serology and Virology,Collection Date/Time (auto-populated),113
Serology and Virology,01.025 GMK (432),113
Serology and Virology,Units,114
Serology and Virology,LBREASND $200,114
Serology and Virology,01.025 GMK (432),114
Central Laboratory,Panel Name,115
Central Laboratory,Sample Collected?,115
Central Laboratory,"If No, please provide reason",115
Central Laboratory,Collection Date,115
Central Laboratory,Collection Time,115
Central Laboratory,Accession Number,115
Central Laboratory,Collection Date/Time (auto-populated),115
Central Laboratory,01.025 GMK (432),115
Central Laboratory,Units,116
Central Laboratory,LBREASND $200,116
Central Laboratory,01.025 GMK (432),116
Central Laboratory,Units,117
Central Laboratory,01.025 GMK (432),117
Pharmacogenomics,Was Pharmacogenomics sample collected?,118
Pharmacogenomics,"If No, please provide reason",118
Pharmacogenomics,Collection Date,118
Pharmacogenomics,Collection Time,118
Pharmacogenomics,Reference ID,118
Pharmacogenomics,Collection Date/Time (auto-populated),118
Pharmacogenomics,01.025 GMK (432),118
Pharmacogenomics,Units,119
Pharmacogenomics,GFREASND $200,119
Pharmacogenomics,01.025 GMK (432),119
IMP Administration,Study Treatment,120
IMP Administration,Frequency,120
IMP Administration,Timepoint,120
IMP Administration,Was study treatment administered?,120
IMP Administration,Reason Not Taken,120
IMP Administration,Start Date,120
IMP Administration,Start Time,120
IMP Administration,Dose,120
IMP Administration,Units,120
IMP Administration,Fasting,120
IMP Administration,01.025 GMK (432),120
IMP Administration,Dose Adjusted,121
IMP Administration,Reason Adjusted,121
IMP Administration,Route,121
IMP Administration,Start Date and Time (auto-populated),121
IMP Administration,01.025 GMK (432),121
IMP Administration,Units,122
IMP Administration,ECDOSFRQ $5,122
IMP Administration,ECREASOC $200,122
IMP Administration,01.025 GMK (432),122
IMP Administration,Units,123
IMP Administration,10 ECFAST,123
IMP Administration,11 ECDOSADJ $1,123
IMP Administration,12 ECADJ,123
IMP Administration,13 ECROUTE,123
IMP Administration,14 ECSTDTTM dd MMM,123
IMP Administration,01.025 GMK (432),123
PK plasma Samples Log,Time Point,124
PK plasma Samples Log,Was Sample Collected?,124
PK plasma Samples Log,"If No, provide reason not done",124
PK plasma Samples Log,Collection Date,124
PK plasma Samples Log,Collection Time,124
PK plasma Samples Log,Accession Number,124
PK plasma Samples Log,Specimen Type,124
PK plasma Samples Log,Collection Date/Time (auto-populated),124
PK plasma Samples Log,01.025 GMK (432),124
PK plasma Samples Log,Units,125
PK plasma Samples Log,PCREASND $200,125
PK plasma Samples Log,01.025 GMK (432),125
PK plasma Samples Log,Units,126
PK plasma Samples Log,01.025 GMK (432),126
PK Plasma Samples: Predose,Time Point,127
PK Plasma Samples: Predose,Was Sample Collected?,127
PK Plasma Samples: Predose,"If No, provide reason not done",127
PK Plasma Samples: Predose,Collection Date,127
PK Plasma Samples: Predose,Collection Time,127
PK Plasma Samples: Predose,Accession Number,127
PK Plasma Samples: Predose,Specimen Type,127
PK Plasma Samples: Predose,Collection Date/Time (auto-populated),127
PK Plasma Samples: Predose,01.025 GMK (432),127
PK Plasma Samples: Predose,Units,128
PK Plasma Samples: Predose,PCREASND $200,128
PK Plasma Samples: Predose,01.025 GMK (432),128
PK Plasma Samples: Predose - 6 Hours,Time Point,129
PK Plasma Samples: Predose - 6 Hours,Was Sample Collected?,129
PK Plasma Samples: Predose - 6 Hours,"If No, provide reason not done",129
PK Plasma Samples: Predose - 6 Hours,Collection Date,129
PK Plasma Samples: Predose - 6 Hours,Collection Time,129
PK Plasma Samples: Predose - 6 Hours,Accession Number,129
PK Plasma Samples: Predose - 6 Hours,Specimen Type,129
PK Plasma Samples: Predose - 6 Hours,Collection Date/Time (auto-populated),129
PK Plasma Samples: Predose - 6 Hours,01.025 GMK (432),129
PK Plasma Samples: Predose - 6 Hours,Units,130
PK Plasma Samples: Predose - 6 Hours,PCREASND $200,130
PK Plasma Samples: Predose - 6 Hours,01.025 GMK (432),130
PK Plasma Samples: 24 Hours - 36 Hours,Time Point,131
PK Plasma Samples: 24 Hours - 36 Hours,Was Sample Collected?,131
PK Plasma Samples: 24 Hours - 36 Hours,"If No, provide reason not done",131
PK Plasma Samples: 24 Hours - 36 Hours,Collection Date,131
PK Plasma Samples: 24 Hours - 36 Hours,Collection Time,131
PK Plasma Samples: 24 Hours - 36 Hours,Accession Number,131
PK Plasma Samples: 24 Hours - 36 Hours,Specimen Type,131
PK Plasma Samples: 24 Hours - 36 Hours,Collection Date/Time (auto-populated),131
PK Plasma Samples: 24 Hours - 36 Hours,01.025 GMK (432),131
PK Plasma Samples: 24 Hours - 36 Hours,Units,132
PK Plasma Samples: 24 Hours - 36 Hours,PCREASND $200,132
PK Plasma Samples: 24 Hours - 36 Hours,01.025 GMK (432),132
PK Plasma Samples: 24 Hours,Time Point,133
PK Plasma Samples: 24 Hours,Was Sample Collected?,133
PK Plasma Samples: 24 Hours,"If No, provide reason not done",133
PK Plasma Samples: 24 Hours,Collection Date,133
PK Plasma Samples: 24 Hours,Collection Time,133
PK Plasma Samples: 24 Hours,Accession Number,133
PK Plasma Samples: 24 Hours,Specimen Type,133
PK Plasma Samples: 24 Hours,Collection Date/Time (auto-populated),133
PK Plasma Samples: 24 Hours,01.025 GMK (432),133
PK Plasma Samples: 24 Hours,Units,134
PK Plasma Samples: 24 Hours,PCREASND $200,134
PK Plasma Samples: 24 Hours,01.025 GMK (432),134
PK Plasma Samples: 48 Hours - 54 Hours,Time Point,135
PK Plasma Samples: 48 Hours - 54 Hours,Was Sample Collected?,135
PK Plasma Samples: 48 Hours - 54 Hours,"If No, provide reason not done",135
PK Plasma Samples: 48 Hours - 54 Hours,Collection Date,135
PK Plasma Samples: 48 Hours - 54 Hours,Collection Time,135
PK Plasma Samples: 48 Hours - 54 Hours,Accession Number,135
PK Plasma Samples: 48 Hours - 54 Hours,Specimen Type,135
PK Plasma Samples: 48 Hours - 54 Hours,Collection Date/Time (auto-populated),135
PK Plasma Samples: 48 Hours - 54 Hours,01.025 GMK (432),135
PK Plasma Samples: 48 Hours - 54 Hours,Units,136
PK Plasma Samples: 48 Hours - 54 Hours,PCREASND $200,136
PK Plasma Samples: 48 Hours - 54 Hours,01.025 GMK (432),136
PK Plasma Samples: 72 Hours,Time Point,137
PK Plasma Samples: 72 Hours,Was Sample Collected?,137
PK Plasma Samples: 72 Hours,"If No, provide reason not done",137
PK Plasma Samples: 72 Hours,Collection Date,137
PK Plasma Samples: 72 Hours,Collection Time,137
PK Plasma Samples: 72 Hours,Accession Number,137
PK Plasma Samples: 72 Hours,Specimen Type,137
PK Plasma Samples: 72 Hours,Collection Date/Time (auto-populated),137
PK Plasma Samples: 72 Hours,01.025 GMK (432),137
PK Plasma Samples: 72 Hours,Units,138
PK Plasma Samples: 72 Hours,PCREASND $200,138
PK Plasma Samples: 72 Hours,01.025 GMK (432),138
PK Plasma Samples: 96 Hours,Time Point,139
PK Plasma Samples: 96 Hours,Was Sample Collected?,139
PK Plasma Samples: 96 Hours,"If No, provide reason not done",139
PK Plasma Samples: 96 Hours,Collection Date,139
PK Plasma Samples: 96 Hours,Collection Time,139
PK Plasma Samples: 96 Hours,Accession Number,139
PK Plasma Samples: 96 Hours,Specimen Type,139
PK Plasma Samples: 96 Hours,Collection Date/Time (auto-populated),139
PK Plasma Samples: 96 Hours,01.025 GMK (432),139
PK Plasma Samples: 96 Hours,Units,140
PK Plasma Samples: 96 Hours,PCREASND $200,140
PK Plasma Samples: 96 Hours,01.025 GMK (432),140
PK Plasma Sample,Was Sample Collected?,141
PK Plasma Sample,"If No, provide reason not done",141
PK Plasma Sample,Collection Date,141
PK Plasma Sample,Collection Time,141
PK Plasma Sample,Accession Number,141
PK Plasma Sample,Specimen Type,141
PK Plasma Sample,Collection Date/Time (auto-populated),141
PK Plasma Sample,01.025 GMK (432),141
PK Plasma Sample,Units,142
PK Plasma Sample,PCREASND $200,142
PK Plasma Sample,01.025 GMK (432),142
Fluid Biomarkers,Was Sample Collected?,143
Fluid Biomarkers,"If No, provide reason not done",143
Fluid Biomarkers,Collection Date,143
Fluid Biomarkers,Collection Time,143
Fluid Biomarkers,Accession Number,143
Fluid Biomarkers,Collection Date/Time (auto-populated),143
Fluid Biomarkers,01.025 GMK (432),143
Fluid Biomarkers,Units,144
Fluid Biomarkers,MIREASND $200,144
Fluid Biomarkers,01.025 GMK (432),144
Fluid Biomarkers - 4 Hours,Time Point,145
Fluid Biomarkers - 4 Hours,Was Sample Collected?,145
Fluid Biomarkers - 4 Hours,"If No, provide reason not done",145
Fluid Biomarkers - 4 Hours,Collection Date,145
Fluid Biomarkers - 4 Hours,Collection Time,145
Fluid Biomarkers - 4 Hours,Accession Number,145
Fluid Biomarkers - 4 Hours,Collection Date/Time (auto-populated),145
Fluid Biomarkers - 4 Hours,01.025 GMK (432),145
Fluid Biomarkers - 4 Hours,Units,146
Fluid Biomarkers - 4 Hours,MIREASND $200,146
Fluid Biomarkers - 4 Hours,01.025 GMK (432),146
Fluid Biomarkers - Predose,Time Point,147
Fluid Biomarkers - Predose,Was Sample Collected?,147
Fluid Biomarkers - Predose,"If No, provide reason not done",147
Fluid Biomarkers - Predose,Collection Date,147
Fluid Biomarkers - Predose,Collection Time,147
Fluid Biomarkers - Predose,Accession Number,147
Fluid Biomarkers - Predose,Collection Date/Time (auto-populated),147
Fluid Biomarkers - Predose,01.025 GMK (432),147
Fluid Biomarkers - Predose,Units,148
Fluid Biomarkers - Predose,MIREASND $200,148
Fluid Biomarkers - Predose,01.025 GMK (432),148
MINI For Psychotic Disorders 7.0.2,Was MINI completed?,149
MINI For Psychotic Disorders 7.0.2,Assessment Date,149
MINI For Psychotic Disorders 7.0.2,Assessment Time,149
MINI For Psychotic Disorders 7.0.2,Date/Time (auto-populated),149
MINI For Psychotic Disorders 7.0.2,Modules,149
MINI For Psychotic Disorders 7.0.2,Time Frame,149
MINI For Psychotic Disorders 7.0.2,Meets Criteria,149
MINI For Psychotic Disorders 7.0.2,01.025 GMK (432),149
MINI For Psychotic Disorders 7.0.2,ICD-10-CM (SUICIDALITY),150
MINI For Psychotic Disorders 7.0.2,ICD-10-CM (HYPOMANIC EPISODE),150
MINI For Psychotic Disorders 7.0.2,"ICD-10-CM (MEDICAL, ORGANIC, DRUG CAUSE RULED OUT)",150
MINI For Psychotic Disorders 7.0.2,Primary Diagnosis,150
MINI For Psychotic Disorders 7.0.2,01.025 GMK (432),150
MINI For Psychotic Disorders 7.0.2,Units,151
MINI For Psychotic Disorders 7.0.2,01.025 GMK (432),151
MINI For Psychotic Disorders 7.0.2,Units,152
MINI For Psychotic Disorders 7.0.2,01.025 GMK (432),152
MINI For Psychotic Disorders 7.0.2,Units,153
MINI For Psychotic Disorders 7.0.2,01.025 GMK (432),153
MINI For Psychotic Disorders 7.0.2,Units,154
MINI For Psychotic Disorders 7.0.2,01.025 GMK (432),154
MINI For Psychotic Disorders 7.0.2,Units,155
MINI For Psychotic Disorders 7.0.2,01.025 GMK (432),155
MINI For Psychotic Disorders 7.0.2,Units,156
MINI For Psychotic Disorders 7.0.2,01.025 GMK (432),156
MINI For Psychotic Disorders 7.0.2,Units,157
MINI For Psychotic Disorders 7.0.2,01.025 GMK (432),157
MINI For Psychotic Disorders 7.0.2,Units,158
MINI For Psychotic Disorders 7.0.2,01.025 GMK (432),158
MINI For Psychotic Disorders 7.0.2,Units,159
MINI For Psychotic Disorders 7.0.2,01.025 GMK (432),159
MINI For Psychotic Disorders 7.0.2,Units,160
MINI For Psychotic Disorders 7.0.2,01.025 GMK (432),160
MINI For Psychotic Disorders 7.0.2,Units,161
MINI For Psychotic Disorders 7.0.2,10 MINI03A_Q,161
MINI For Psychotic Disorders 7.0.2,11 MINI04A_Q,161
MINI For Psychotic Disorders 7.0.2,12 MINI05A_Q,161
MINI For Psychotic Disorders 7.0.2,01.025 GMK (432),161
Barnes Akathisia Rating Scale (BARS),"A rating scale for drug-induced akathisia. T.R.E. Barnes, British Journal of Psychiatry (1989), 154, 672-676.",162
Barnes Akathisia Rating Scale (BARS),Was Barnes Akathisia Rating Scale (BARS) assessed?,162
Barnes Akathisia Rating Scale (BARS),Assessment Date,162
Barnes Akathisia Rating Scale (BARS),Assessment Time,162
Barnes Akathisia Rating Scale (BARS),Date/Time (auto-populated),162
Barnes Akathisia Rating Scale (BARS),Objective,162
Barnes Akathisia Rating Scale (BARS),Subjective Awareness of restlessness,162
Barnes Akathisia Rating Scale (BARS),01.025 GMK (432),162
Barnes Akathisia Rating Scale (BARS),Distress related to restlessness,163
Barnes Akathisia Rating Scale (BARS),Total Score,163
Barnes Akathisia Rating Scale (BARS),Global Clinical Assessment of Akathisia,163
Barnes Akathisia Rating Scale (BARS),01.025 GMK (432),163
Barnes Akathisia Rating Scale (BARS),01.025 GMK (432),164
Barnes Akathisia Rating Scale (BARS),Units,165
Barnes Akathisia Rating Scale (BARS),01.025 GMK (432),165
Barnes Akathisia Rating Scale (BARS),Units,166
Barnes Akathisia Rating Scale (BARS),01.025 GMK (432),166
Barnes Akathisia Rating Scale (BARS),Units,167
Barnes Akathisia Rating Scale (BARS),01.025 GMK (432),167
Barnes Akathisia Rating Scale (BARS),Units,168
Barnes Akathisia Rating Scale (BARS),10 BARS_TOTA,168
Barnes Akathisia Rating Scale (BARS),11 BARS0104_,168
Barnes Akathisia Rating Scale (BARS),01.025 GMK (432),168
Barnes Akathisia Rating Scale (BARS),Units,169
Barnes Akathisia Rating Scale (BARS),01.025 GMK (432),169
Barnes Akathisia Rating Scale (BARS),Units,170
Barnes Akathisia Rating Scale (BARS),01.025 GMK (432),170
Barnes Akathisia Rating Scale (BARS),Units,171
Barnes Akathisia Rating Scale (BARS),01.025 GMK (432),171
Barnes Akathisia Rating Scale (BARS),Units,172
Barnes Akathisia Rating Scale (BARS),01.025 GMK (432),172
Abnormal Involuntary Movement Scale (AIMS),"A rating scale for drug-induced akathisia. T.R.E. Barnes, British Journal of Psychiatry (1989), 154, 672-676.",173
Abnormal Involuntary Movement Scale (AIMS),Was Abnormal Involuntary Movement Scale (AIMS) assessed?,173
Abnormal Involuntary Movement Scale (AIMS),Assessment Date,173
Abnormal Involuntary Movement Scale (AIMS),Assessment Time,173
Abnormal Involuntary Movement Scale (AIMS),Date/Time (auto-populated),173
Abnormal Involuntary Movement Scale (AIMS),Facial and Oral Movements 1. Muscles of Facial Expression,173
Abnormal Involuntary Movement Scale (AIMS),2. Lips and Perioral Area,173
Abnormal Involuntary Movement Scale (AIMS),3. Jaw,173
Abnormal Involuntary Movement Scale (AIMS),01.025 GMK (432),173
Abnormal Involuntary Movement Scale (AIMS),4. Tongue,174
Abnormal Involuntary Movement Scale (AIMS),"Extremity movements 5. Upper (arms, wrists, hands, fingers)",174
Abnormal Involuntary Movement Scale (AIMS),"6. Lower (legs, knees, ankles, toes)",174
Abnormal Involuntary Movement Scale (AIMS),"Trunk movements 7. Neck, shoulders, hips",174
Abnormal Involuntary Movement Scale (AIMS),01.025 GMK (432),174
Abnormal Involuntary Movement Scale (AIMS),Global Judgments 8. Severity of abnormal movements,175
Abnormal Involuntary Movement Scale (AIMS),9. Incapacitation due to abnormal movements,175
Abnormal Involuntary Movement Scale (AIMS),10. Patient's awareness of abnormal movements,175
Abnormal Involuntary Movement Scale (AIMS),Dental Status 11. Current problems with teeth and/or dentures?,175
Abnormal Involuntary Movement Scale (AIMS),12. Does patient usually wear dentures?,175
Abnormal Involuntary Movement Scale (AIMS),Total Score,175
Abnormal Involuntary Movement Scale (AIMS),01.025 GMK (432),175
Abnormal Involuntary Movement Scale (AIMS),Units,176
Abnormal Involuntary Movement Scale (AIMS),01.025 GMK (432),176
Abnormal Involuntary Movement Scale (AIMS),Units,177
Abnormal Involuntary Movement Scale (AIMS),10 AIMS0104_,177
Abnormal Involuntary Movement Scale (AIMS),01.025 GMK (432),177
Abnormal Involuntary Movement Scale (AIMS),Units,178
Abnormal Involuntary Movement Scale (AIMS),11 AIMS0105_,178
Abnormal Involuntary Movement Scale (AIMS),12 AIMS0106_,178
Abnormal Involuntary Movement Scale (AIMS),13 AIMS0107_,178
Abnormal Involuntary Movement Scale (AIMS),01.025 GMK (432),178
Abnormal Involuntary Movement Scale (AIMS),Units,179
Abnormal Involuntary Movement Scale (AIMS),14 AIMS0108_,179
Abnormal Involuntary Movement Scale (AIMS),15 AIMS0109_,179
Abnormal Involuntary Movement Scale (AIMS),16 AIMS0110_,179
Abnormal Involuntary Movement Scale (AIMS),01.025 GMK (432),179
Abnormal Involuntary Movement Scale (AIMS),Units,180
Abnormal Involuntary Movement Scale (AIMS),17 AIMS0111_,180
Abnormal Involuntary Movement Scale (AIMS),18 AIMS0112_,180
Abnormal Involuntary Movement Scale (AIMS),19 AIMS_TOTA,180
Abnormal Involuntary Movement Scale (AIMS),01.025 GMK (432),180
Simpson-Angus Scale (SAS),Was Simpson-Angus Scale (SAS) assessed?,181
Simpson-Angus Scale (SAS),Assessment Date,181
Simpson-Angus Scale (SAS),Assessment Time,181
Simpson-Angus Scale (SAS),Date/Time (auto-populated),181
Simpson-Angus Scale (SAS),1. Gait,181
Simpson-Angus Scale (SAS),2. Arm Dropping,181
Simpson-Angus Scale (SAS),01.025 GMK (432),181
Simpson-Angus Scale (SAS),3. Shoulder Shaking,182
Simpson-Angus Scale (SAS),4. Elbow Rigidity,182
Simpson-Angus Scale (SAS),5. Fixation of Position or Wrist Rigidity,182
Simpson-Angus Scale (SAS),6. Leg Pendulousness,182
Simpson-Angus Scale (SAS),01.025 GMK (432),182
Simpson-Angus Scale (SAS),7. Head Dropping,183
Simpson-Angus Scale (SAS),8. Glabella Tap,183
Simpson-Angus Scale (SAS),9. Tremor,183
Simpson-Angus Scale (SAS),01.025 GMK (432),183
Simpson-Angus Scale (SAS),10. Salivation,184
Simpson-Angus Scale (SAS),Total Score,184
Simpson-Angus Scale (SAS),01.025 GMK (432),184
Simpson-Angus Scale (SAS),Units,185
Simpson-Angus Scale (SAS),01.025 GMK (432),185
Simpson-Angus Scale (SAS),Units,186
Simpson-Angus Scale (SAS),01.025 GMK (432),186
Simpson-Angus Scale (SAS),Units,187
Simpson-Angus Scale (SAS),01.025 GMK (432),187
Simpson-Angus Scale (SAS),Units,188
Simpson-Angus Scale (SAS),10 SAS0105_R,188
Simpson-Angus Scale (SAS),01.025 GMK (432),188
Simpson-Angus Scale (SAS),Units,189
Simpson-Angus Scale (SAS),11 SAS0106_R,189
Simpson-Angus Scale (SAS),01.025 GMK (432),189
Simpson-Angus Scale (SAS),Units,190
Simpson-Angus Scale (SAS),12 SAS0107_R,190
Simpson-Angus Scale (SAS),13 SAS0108_R,190
Simpson-Angus Scale (SAS),01.025 GMK (432),190
Simpson-Angus Scale (SAS),Units,191
Simpson-Angus Scale (SAS),14 SAS0109_R,191
Simpson-Angus Scale (SAS),01.025 GMK (432),191
Simpson-Angus Scale (SAS),Units,192
Simpson-Angus Scale (SAS),15 SAS0110_R,192
Simpson-Angus Scale (SAS),16 SAS_TOTAL 2,192
Simpson-Angus Scale (SAS),01.025 GMK (432),192
Positive and Negative Syndrome Scale (PANSS),"the Positive and Negative Syndrome Scale (PANSS) Manual (SR Kay, LA Opler, A Fiszbein. Published by Multi-Health Systems, Inc., North Tonawanda, NY, 1986)",193
Positive and Negative Syndrome Scale (PANSS),Was Positive and Negative Syndrome Scale(PANSS) assessed?,193
Positive and Negative Syndrome Scale (PANSS),Assessment Date,193
Positive and Negative Syndrome Scale (PANSS),Assessment Time,193
Positive and Negative Syndrome Scale (PANSS),Date/Time (auto-populated),193
Positive and Negative Syndrome Scale (PANSS),P1-Delusions,193
Positive and Negative Syndrome Scale (PANSS),P2-Conceptual Disorganization,193
Positive and Negative Syndrome Scale (PANSS),01.025 GMK (432),193
Positive and Negative Syndrome Scale (PANSS),P3-Hallucinatory Behavior,194
Positive and Negative Syndrome Scale (PANSS),P4-Excitement,194
Positive and Negative Syndrome Scale (PANSS),P5-Grandiosity,194
Positive and Negative Syndrome Scale (PANSS),P6-Suspiciousness/Persecution,194
Positive and Negative Syndrome Scale (PANSS),01.025 GMK (432),194
Positive and Negative Syndrome Scale (PANSS),P7-Hostility,195
Positive and Negative Syndrome Scale (PANSS),N1-Blunted Affect,195
Positive and Negative Syndrome Scale (PANSS),N2-Emotional Withdrawal,195
Positive and Negative Syndrome Scale (PANSS),N3-Poor Rapport,195
Positive and Negative Syndrome Scale (PANSS),01.025 GMK (432),195
Positive and Negative Syndrome Scale (PANSS),N4-Passive/Apathetic Social Withdraw,196
Positive and Negative Syndrome Scale (PANSS),N5-Difficulty in Abstract Thinking,196
Positive and Negative Syndrome Scale (PANSS),N6-Lack of Spontaneity,196
Positive and Negative Syndrome Scale (PANSS),N7-Stereotyped Thinking,196
Positive and Negative Syndrome Scale (PANSS),01.025 GMK (432),196
Positive and Negative Syndrome Scale (PANSS),G1-Somatic Concern,197
Positive and Negative Syndrome Scale (PANSS),G2-Anxiety,197
Positive and Negative Syndrome Scale (PANSS),G3-Guilt Feelings,197
Positive and Negative Syndrome Scale (PANSS),01.025 GMK (432),197
Positive and Negative Syndrome Scale (PANSS),G4-Tension,198
Positive and Negative Syndrome Scale (PANSS),G5-Mannerisms and Posturing,198
Positive and Negative Syndrome Scale (PANSS),G6-Depression,198
Positive and Negative Syndrome Scale (PANSS),G7-Motor Retardation,198
Positive and Negative Syndrome Scale (PANSS),01.025 GMK (432),198
Positive and Negative Syndrome Scale (PANSS),G8-Uncooperativeness,199
Positive and Negative Syndrome Scale (PANSS),G9-Unusual Thought Content,199
Positive and Negative Syndrome Scale (PANSS),G10-Disorientation,199
Positive and Negative Syndrome Scale (PANSS),G11-Poor Attention,199
Positive and Negative Syndrome Scale (PANSS),01.025 GMK (432),199
Positive and Negative Syndrome Scale (PANSS),G12-Lack of Judgment and Insight,200
Positive and Negative Syndrome Scale (PANSS),G13-Disturbance of Volition,200
Positive and Negative Syndrome Scale (PANSS),G14-Poor Impulse Control,200
Positive and Negative Syndrome Scale (PANSS),G15-Preoccupation,200
Positive and Negative Syndrome Scale (PANSS),01.025 GMK (432),200
Positive and Negative Syndrome Scale (PANSS),G16-Active Social Avoidance,201
Positive and Negative Syndrome Scale (PANSS),Total Positive Symptoms Score,201
Positive and Negative Syndrome Scale (PANSS),Total Negative Symptoms Score,201
Positive and Negative Syndrome Scale (PANSS),Total General Psychopathology Symptoms Score,201
Positive and Negative Syndrome Scale (PANSS),Total Score,201
Positive and Negative Syndrome Scale (PANSS),Composite Score (Positive Symptoms Score minus Negative Symptoms Score),201
Positive and Negative Syndrome Scale (PANSS),01.025 GMK (432),201
Positive and Negative Syndrome Scale (PANSS),Units,202
Positive and Negative Syndrome Scale (PANSS),01.025 GMK (432),202
Positive and Negative Syndrome Scale (PANSS),Units,203
Positive and Negative Syndrome Scale (PANSS),10 PANSS104_,203
Positive and Negative Syndrome Scale (PANSS),01.025 GMK (432),203
Positive and Negative Syndrome Scale (PANSS),Units,204
Positive and Negative Syndrome Scale (PANSS),11 PANSS105_,204
Positive and Negative Syndrome Scale (PANSS),12 PANSS106_,204
Positive and Negative Syndrome Scale (PANSS),01.025 GMK (432),204
Positive and Negative Syndrome Scale (PANSS),Units,205
Positive and Negative Syndrome Scale (PANSS),13 PANSS107_,205
Positive and Negative Syndrome Scale (PANSS),14 PANSS108_,205
Positive and Negative Syndrome Scale (PANSS),15 PANSS109_,205
Positive and Negative Syndrome Scale (PANSS),01.025 GMK (432),205
Positive and Negative Syndrome Scale (PANSS),Units,206
Positive and Negative Syndrome Scale (PANSS),16 PANSS110_,206
Positive and Negative Syndrome Scale (PANSS),17 PANSS111_,206
Positive and Negative Syndrome Scale (PANSS),01.025 GMK (432),206
Positive and Negative Syndrome Scale (PANSS),Units,207
Positive and Negative Syndrome Scale (PANSS),18 PANSS112_,207
Positive and Negative Syndrome Scale (PANSS),19 PANSS113_,207
Positive and Negative Syndrome Scale (PANSS),20 PANSS114_,207
Positive and Negative Syndrome Scale (PANSS),01.025 GMK (432),207
Positive and Negative Syndrome Scale (PANSS),Units,208
Positive and Negative Syndrome Scale (PANSS),21 PANSS115_,208
Positive and Negative Syndrome Scale (PANSS),22 PANSS116_,208
Positive and Negative Syndrome Scale (PANSS),01.025 GMK (432),208
Positive and Negative Syndrome Scale (PANSS),Units,209
Positive and Negative Syndrome Scale (PANSS),23 PANSS117_,209
Positive and Negative Syndrome Scale (PANSS),24 PANSS118_,209
Positive and Negative Syndrome Scale (PANSS),25 PANSS119_,209
Positive and Negative Syndrome Scale (PANSS),01.025 GMK (432),209
Positive and Negative Syndrome Scale (PANSS),Units,210
Positive and Negative Syndrome Scale (PANSS),26 PANSS120_,210
Positive and Negative Syndrome Scale (PANSS),27 PANSS121_,210
Positive and Negative Syndrome Scale (PANSS),01.025 GMK (432),210
Positive and Negative Syndrome Scale (PANSS),Units,211
Positive and Negative Syndrome Scale (PANSS),28 PANSS122_,211
Positive and Negative Syndrome Scale (PANSS),29 PANSS123_,211
Positive and Negative Syndrome Scale (PANSS),30 PANSS124_,211
Positive and Negative Syndrome Scale (PANSS),01.025 GMK (432),211
Positive and Negative Syndrome Scale (PANSS),Units,212
Positive and Negative Syndrome Scale (PANSS),31 PANSS125_,212
Positive and Negative Syndrome Scale (PANSS),32 PANSS126_,212
Positive and Negative Syndrome Scale (PANSS),01.025 GMK (432),212
Positive and Negative Syndrome Scale (PANSS),Units,213
Positive and Negative Syndrome Scale (PANSS),33 PANSS127_,213
Positive and Negative Syndrome Scale (PANSS),34 PANSS128_,213
Positive and Negative Syndrome Scale (PANSS),35 PANSS129_,213
Positive and Negative Syndrome Scale (PANSS),01.025 GMK (432),213
Positive and Negative Syndrome Scale (PANSS),Units,214
Positive and Negative Syndrome Scale (PANSS),36 PANSS130_,214
Positive and Negative Syndrome Scale (PANSS),37 PANSS_PTO,214
Positive and Negative Syndrome Scale (PANSS),38 PANSS_NT,214
Positive and Negative Syndrome Scale (PANSS),39 PANSS_GT,214
Positive and Negative Syndrome Scale (PANSS),40 PANSS_TOT,214
Positive and Negative Syndrome Scale (PANSS),01.025 GMK (432),214
Positive and Negative Syndrome Scale (PANSS),Units,215
Positive and Negative Syndrome Scale (PANSS),41 PANSS_CO,215
Positive and Negative Syndrome Scale (PANSS),01.025 GMK (432),215
Clinical Global Impression - Severity of Illness (CGI-S),"Guy W, editor. ECDEU Assessment Manual for Psychopharmacology. 1976. Rockville, MD, U.S. Department of Health, Education, and Welfare",216
Clinical Global Impression - Severity of Illness (CGI-S),Was Clinical Global Impression - Severity of Illness (CGI-S) assessed?,216
Clinical Global Impression - Severity of Illness (CGI-S),Assessment Date,216
Clinical Global Impression - Severity of Illness (CGI-S),Assessment Time,216
Clinical Global Impression - Severity of Illness (CGI-S),Date/Time (auto-populated),216
Clinical Global Impression - Severity of Illness (CGI-S),Severity of Illness,216
Clinical Global Impression - Severity of Illness (CGI-S),01.025 GMK (432),216
Clinical Global Impression - Severity of Illness (CGI-S),Units,217
Clinical Global Impression - Severity of Illness (CGI-S),01.025 GMK (432),217
Clinical Global Impression - Severity of Illness (CGI-S),Units,218
Clinical Global Impression - Severity of Illness (CGI-S),01.025 GMK (432),218
Drug Effects Questionnaire (DEQ),Was Drug Effects Questionnaire performed?,219
Drug Effects Questionnaire (DEQ),Date of Completion,219
Drug Effects Questionnaire (DEQ),Time of Completion,219
Drug Effects Questionnaire (DEQ),Date/Time (auto-populated),219
Drug Effects Questionnaire (DEQ),Effects,219
Drug Effects Questionnaire (DEQ),Score,219
Drug Effects Questionnaire (DEQ),01.025 GMK (432),219
Drug Effects Questionnaire (DEQ),Units,220
Drug Effects Questionnaire (DEQ),01.025 GMK (432),220
Drug Effects Questionnaire (DEQ),Units,221
Drug Effects Questionnaire (DEQ),01.025 GMK (432),221
The Clinician Administered Dissociative States Scale (CADSS),Was Clinician Administered Dissociative States Scale (CADSS) assessed?,222
The Clinician Administered Dissociative States Scale (CADSS),Assessment Date,222
The Clinician Administered Dissociative States Scale (CADSS),Assessment Time,222
The Clinician Administered Dissociative States Scale (CADSS),Date/Time (auto-populated),222
The Clinician Administered Dissociative States Scale (CADSS),1. Do things seem to be moving in slow motion?,222
The Clinician Administered Dissociative States Scale (CADSS),"2. Do things seem to be unreal to you, as if you are in a dream?",222
The Clinician Administered Dissociative States Scale (CADSS),01.025 GMK (432),222
The Clinician Administered Dissociative States Scale (CADSS),"3. Do you have some experience that separates you from what is happening; for instance, do you feel as if you are in a movie or a play, or as if you are a robot?",223
The Clinician Administered Dissociative States Scale (CADSS),01.025 GMK (432),223
The Clinician Administered Dissociative States Scale (CADSS),4. Do you feel as if you are looking at things from outside of your body?,224
The Clinician Administered Dissociative States Scale (CADSS),5. Do you feel as if you are watching the situation as an observer or a spectator?,224
The Clinician Administered Dissociative States Scale (CADSS),01.025 GMK (432),224
The Clinician Administered Dissociative States Scale (CADSS),6. Do you feel disconnected from your own body?,225
The Clinician Administered Dissociative States Scale (CADSS),"7. Does your sense of your own body feel changed: for instance, does your own body feel unusually large or unusually small?",225
The Clinician Administered Dissociative States Scale (CADSS),01.025 GMK (432),225
The Clinician Administered Dissociative States Scale (CADSS),"8. Do people seem motionless, dead, or mechanical?",226
The Clinician Administered Dissociative States Scale (CADSS),9. Do objects look different than you would expect?,226
The Clinician Administered Dissociative States Scale (CADSS),01.025 GMK (432),226
The Clinician Administered Dissociative States Scale (CADSS),10. Do colors seem to be diminished in intensity?,227
The Clinician Administered Dissociative States Scale (CADSS),"11. Do you see things as if you were in a tunnel, or looking through a wide angle photographic lens?",227
The Clinician Administered Dissociative States Scale (CADSS),01.025 GMK (432),227
The Clinician Administered Dissociative States Scale (CADSS),"12. Does this interview [assessment, questionnaire] seem to be taking much longer than you would have expected?",228
The Clinician Administered Dissociative States Scale (CADSS),01.025 GMK (432),228
The Clinician Administered Dissociative States Scale (CADSS),"13. Do things seem to be happening very quickly, as if there is a lifetime in a moment?",229
The Clinician Administered Dissociative States Scale (CADSS),14. Have there been things which have happened during this interview [assessment] that now you can’t account for?,229
The Clinician Administered Dissociative States Scale (CADSS),"15. Have you spaced out, or in some other way lost track of what was going on during this experience?",229
The Clinician Administered Dissociative States Scale (CADSS),01.025 GMK (432),229
The Clinician Administered Dissociative States Scale (CADSS),16. Have sounds almost disappeared or become much stronger than you would have expected?,230
The Clinician Administered Dissociative States Scale (CADSS),01.025 GMK (432),230
The Clinician Administered Dissociative States Scale (CADSS),"17. Do things seem very real, as if there is a special sense of clarity?",231
The Clinician Administered Dissociative States Scale (CADSS),"18. Does it seem as if you are looking at the world through a fog, so that people and objects appear far away or unclear?",231
The Clinician Administered Dissociative States Scale (CADSS),19. Do colors seem much brighter than you would have expected?,231
The Clinician Administered Dissociative States Scale (CADSS),01.025 GMK (432),231
The Clinician Administered Dissociative States Scale (CADSS),20. Do you feel confused about who you really are?,232
The Clinician Administered Dissociative States Scale (CADSS),21. Do you feel like there are different parts of yourself which do not fit together?,232
The Clinician Administered Dissociative States Scale (CADSS),01.025 GMK (432),232
The Clinician Administered Dissociative States Scale (CADSS),22. Do you have gaps in your memory?,233
The Clinician Administered Dissociative States Scale (CADSS),23. Do you feel like you have more than one identity?,233
The Clinician Administered Dissociative States Scale (CADSS),01.025 GMK (432),233
The Clinician Administered Dissociative States Scale (CADSS),Total Score,234
The Clinician Administered Dissociative States Scale (CADSS),01.025 GMK (432),234
The Clinician Administered Dissociative States Scale (CADSS),Units,235
The Clinician Administered Dissociative States Scale (CADSS),01.025 GMK (432),235
The Clinician Administered Dissociative States Scale (CADSS),Units,236
The Clinician Administered Dissociative States Scale (CADSS),01.025 GMK (432),236
The Clinician Administered Dissociative States Scale (CADSS),Units,237
The Clinician Administered Dissociative States Scale (CADSS),01.025 GMK (432),237
The Clinician Administered Dissociative States Scale (CADSS),Units,238
The Clinician Administered Dissociative States Scale (CADSS),01.025 GMK (432),238
The Clinician Administered Dissociative States Scale (CADSS),Units,239
The Clinician Administered Dissociative States Scale (CADSS),01.025 GMK (432),239
The Clinician Administered Dissociative States Scale (CADSS),Units,240
The Clinician Administered Dissociative States Scale (CADSS),01.025 GMK (432),240
The Clinician Administered Dissociative States Scale (CADSS),Units,241
The Clinician Administered Dissociative States Scale (CADSS),10 CADSS105_,241
The Clinician Administered Dissociative States Scale (CADSS),01.025 GMK (432),241
The Clinician Administered Dissociative States Scale (CADSS),Units,242
The Clinician Administered Dissociative States Scale (CADSS),01.025 GMK (432),242
The Clinician Administered Dissociative States Scale (CADSS),Units,243
The Clinician Administered Dissociative States Scale (CADSS),11 CADSS106_,243
The Clinician Administered Dissociative States Scale (CADSS),01.025 GMK (432),243
The Clinician Administered Dissociative States Scale (CADSS),Units,244
The Clinician Administered Dissociative States Scale (CADSS),12 CADSS107_,244
The Clinician Administered Dissociative States Scale (CADSS),01.025 GMK (432),244
The Clinician Administered Dissociative States Scale (CADSS),Units,245
The Clinician Administered Dissociative States Scale (CADSS),01.025 GMK (432),245
The Clinician Administered Dissociative States Scale (CADSS),Units,246
The Clinician Administered Dissociative States Scale (CADSS),13 CADSS108_,246
The Clinician Administered Dissociative States Scale (CADSS),01.025 GMK (432),246
The Clinician Administered Dissociative States Scale (CADSS),Units,247
The Clinician Administered Dissociative States Scale (CADSS),01.025 GMK (432),247
The Clinician Administered Dissociative States Scale (CADSS),Units,248
The Clinician Administered Dissociative States Scale (CADSS),14 CADSS109_,248
The Clinician Administered Dissociative States Scale (CADSS),01.025 GMK (432),248
The Clinician Administered Dissociative States Scale (CADSS),Units,249
The Clinician Administered Dissociative States Scale (CADSS),15 CADSS110_,249
The Clinician Administered Dissociative States Scale (CADSS),01.025 GMK (432),249
The Clinician Administered Dissociative States Scale (CADSS),Units,250
The Clinician Administered Dissociative States Scale (CADSS),01.025 GMK (432),250
The Clinician Administered Dissociative States Scale (CADSS),Units,251
The Clinician Administered Dissociative States Scale (CADSS),16 CADSS111_,251
The Clinician Administered Dissociative States Scale (CADSS),01.025 GMK (432),251
The Clinician Administered Dissociative States Scale (CADSS),Units,252
The Clinician Administered Dissociative States Scale (CADSS),01.025 GMK (432),252
The Clinician Administered Dissociative States Scale (CADSS),Units,253
The Clinician Administered Dissociative States Scale (CADSS),17 CADSS112_,253
The Clinician Administered Dissociative States Scale (CADSS),01.025 GMK (432),253
The Clinician Administered Dissociative States Scale (CADSS),Units,254
The Clinician Administered Dissociative States Scale (CADSS),18 CADSS113_,254
The Clinician Administered Dissociative States Scale (CADSS),01.025 GMK (432),254
The Clinician Administered Dissociative States Scale (CADSS),Units,255
The Clinician Administered Dissociative States Scale (CADSS),19 CADSS114_,255
The Clinician Administered Dissociative States Scale (CADSS),01.025 GMK (432),255
The Clinician Administered Dissociative States Scale (CADSS),Units,256
The Clinician Administered Dissociative States Scale (CADSS),20 CADSS115_,256
The Clinician Administered Dissociative States Scale (CADSS),01.025 GMK (432),256
The Clinician Administered Dissociative States Scale (CADSS),Units,257
The Clinician Administered Dissociative States Scale (CADSS),01.025 GMK (432),257
The Clinician Administered Dissociative States Scale (CADSS),Units,258
The Clinician Administered Dissociative States Scale (CADSS),21 CADSS116_,258
The Clinician Administered Dissociative States Scale (CADSS),01.025 GMK (432),258
The Clinician Administered Dissociative States Scale (CADSS),Units,259
The Clinician Administered Dissociative States Scale (CADSS),01.025 GMK (432),259
The Clinician Administered Dissociative States Scale (CADSS),Units,260
The Clinician Administered Dissociative States Scale (CADSS),22 CADSS117_,260
The Clinician Administered Dissociative States Scale (CADSS),01.025 GMK (432),260
The Clinician Administered Dissociative States Scale (CADSS),Units,261
The Clinician Administered Dissociative States Scale (CADSS),23 CADSS118_,261
The Clinician Administered Dissociative States Scale (CADSS),01.025 GMK (432),261
The Clinician Administered Dissociative States Scale (CADSS),Units,262
The Clinician Administered Dissociative States Scale (CADSS),24 CADSS119_,262
The Clinician Administered Dissociative States Scale (CADSS),01.025 GMK (432),262
The Clinician Administered Dissociative States Scale (CADSS),Units,263
The Clinician Administered Dissociative States Scale (CADSS),25 CADSS120_,263
The Clinician Administered Dissociative States Scale (CADSS),01.025 GMK (432),263
The Clinician Administered Dissociative States Scale (CADSS),Units,264
The Clinician Administered Dissociative States Scale (CADSS),26 CADSS121_,264
The Clinician Administered Dissociative States Scale (CADSS),01.025 GMK (432),264
The Clinician Administered Dissociative States Scale (CADSS),Units,265
The Clinician Administered Dissociative States Scale (CADSS),01.025 GMK (432),265
The Clinician Administered Dissociative States Scale (CADSS),Units,266
The Clinician Administered Dissociative States Scale (CADSS),27 CADSS122_,266
The Clinician Administered Dissociative States Scale (CADSS),01.025 GMK (432),266
The Clinician Administered Dissociative States Scale (CADSS),Units,267
The Clinician Administered Dissociative States Scale (CADSS),28 CADSS123_,267
The Clinician Administered Dissociative States Scale (CADSS),01.025 GMK (432),267
The Clinician Administered Dissociative States Scale (CADSS),Units,268
The Clinician Administered Dissociative States Scale (CADSS),29 CADSS_TO,268
The Clinician Administered Dissociative States Scale (CADSS),01.025 GMK (432),268
Calgary Depression Scale for Schizophrenia (CDSS),Was Calgary Depression Scale for Schizophrenia (CDSS) assessed?,269
Calgary Depression Scale for Schizophrenia (CDSS),Assessment Date,269
Calgary Depression Scale for Schizophrenia (CDSS),Assessment Time,269
Calgary Depression Scale for Schizophrenia (CDSS),Date/Time (auto-populated),269
Calgary Depression Scale for Schizophrenia (CDSS),I. DEPRESSION,269
Calgary Depression Scale for Schizophrenia (CDSS),II. HOPELESSNESS,269
Calgary Depression Scale for Schizophrenia (CDSS),01.025 GMK (432),269
Calgary Depression Scale for Schizophrenia (CDSS),III. SELF DEPRECIATION,270
Calgary Depression Scale for Schizophrenia (CDSS),IV. GUILTY IDEAS OF REFERENCE,270
Calgary Depression Scale for Schizophrenia (CDSS),V. PATHOLOGICAL GUILT,270
Calgary Depression Scale for Schizophrenia (CDSS),01.025 GMK (432),270
Calgary Depression Scale for Schizophrenia (CDSS),VI. MORNING DEPRESSION,271
Calgary Depression Scale for Schizophrenia (CDSS),VII. EARLY AWAKENING,271
Calgary Depression Scale for Schizophrenia (CDSS),01.025 GMK (432),271
Calgary Depression Scale for Schizophrenia (CDSS),VIII. SUICIDE,272
Calgary Depression Scale for Schizophrenia (CDSS),IX. OBSERVED DEPRESSION,272
Calgary Depression Scale for Schizophrenia (CDSS),01.025 GMK (432),272
Calgary Depression Scale for Schizophrenia (CDSS),Total Score,273
Calgary Depression Scale for Schizophrenia (CDSS),01.025 GMK (432),273
Calgary Depression Scale for Schizophrenia (CDSS),Units,274
Calgary Depression Scale for Schizophrenia (CDSS),01.025 GMK (432),274
Calgary Depression Scale for Schizophrenia (CDSS),Units,275
Calgary Depression Scale for Schizophrenia (CDSS),01.025 GMK (432),275
Calgary Depression Scale for Schizophrenia (CDSS),Units,276
Calgary Depression Scale for Schizophrenia (CDSS),01.025 GMK (432),276
Calgary Depression Scale for Schizophrenia (CDSS),Units,277
Calgary Depression Scale for Schizophrenia (CDSS),01.025 GMK (432),277
Calgary Depression Scale for Schizophrenia (CDSS),Units,278
Calgary Depression Scale for Schizophrenia (CDSS),01.025 GMK (432),278
Calgary Depression Scale for Schizophrenia (CDSS),Units,279
Calgary Depression Scale for Schizophrenia (CDSS),10 CDSS105_Q,279
Calgary Depression Scale for Schizophrenia (CDSS),01.025 GMK (432),279
Calgary Depression Scale for Schizophrenia (CDSS),Units,280
Calgary Depression Scale for Schizophrenia (CDSS),11 CDSS106_Q,280
Calgary Depression Scale for Schizophrenia (CDSS),01.025 GMK (432),280
Calgary Depression Scale for Schizophrenia (CDSS),Units,281
Calgary Depression Scale for Schizophrenia (CDSS),12 CDSS107_Q,281
Calgary Depression Scale for Schizophrenia (CDSS),01.025 GMK (432),281
Calgary Depression Scale for Schizophrenia (CDSS),Units,282
Calgary Depression Scale for Schizophrenia (CDSS),13 CDSS108_Q,282
Calgary Depression Scale for Schizophrenia (CDSS),01.025 GMK (432),282
Calgary Depression Scale for Schizophrenia (CDSS),Units,283
Calgary Depression Scale for Schizophrenia (CDSS),01.025 GMK (432),283
Calgary Depression Scale for Schizophrenia (CDSS),Units,284
Calgary Depression Scale for Schizophrenia (CDSS),14 CDSS109_Q,284
Calgary Depression Scale for Schizophrenia (CDSS),01.025 GMK (432),284
Calgary Depression Scale for Schizophrenia (CDSS),Units,285
Calgary Depression Scale for Schizophrenia (CDSS),15 CDSS_TOT,285
Calgary Depression Scale for Schizophrenia (CDSS),01.025 GMK (432),285
20-Item Physician Withdrawal Checklist (PWC-20),Was the Physician Withdrawal Checklist assessed/completed?,286
20-Item Physician Withdrawal Checklist (PWC-20),Assessment Date,286
20-Item Physician Withdrawal Checklist (PWC-20),Assessment Time,286
20-Item Physician Withdrawal Checklist (PWC-20),Date/Time (auto-populated),286
20-Item Physician Withdrawal Checklist (PWC-20),Did the patient manifest or describe any of the following symptoms SINCE LAST VISIT?,286
20-Item Physician Withdrawal Checklist (PWC-20),1. Loss of appetite,286
20-Item Physician Withdrawal Checklist (PWC-20),2. Nausea - Vomiting,286
20-Item Physician Withdrawal Checklist (PWC-20),3. Diarrhea,286
20-Item Physician Withdrawal Checklist (PWC-20),4. Anxiety - Nervousness,286
20-Item Physician Withdrawal Checklist (PWC-20),01.025 GMK (432),286
20-Item Physician Withdrawal Checklist (PWC-20),5. Irritability,287
20-Item Physician Withdrawal Checklist (PWC-20),6. Dysphoric mood - Depression,287
20-Item Physician Withdrawal Checklist (PWC-20),7. Insomnia,287
20-Item Physician Withdrawal Checklist (PWC-20),8. Fatigue - Lethargy - Lack of Energy,287
20-Item Physician Withdrawal Checklist (PWC-20),9. Poor coordination,287
20-Item Physician Withdrawal Checklist (PWC-20),10. Restlessness - Agitation,287
20-Item Physician Withdrawal Checklist (PWC-20),01.025 GMK (432),287
20-Item Physician Withdrawal Checklist (PWC-20),11. Diaphoresis,288
20-Item Physician Withdrawal Checklist (PWC-20),12. Tremor - Tremulousness,288
20-Item Physician Withdrawal Checklist (PWC-20),13. Dizziness - Lightheadedness,288
20-Item Physician Withdrawal Checklist (PWC-20),14. Headaches,288
20-Item Physician Withdrawal Checklist (PWC-20),15. Muscle aches or stiffness,288
20-Item Physician Withdrawal Checklist (PWC-20),01.025 GMK (432),288
20-Item Physician Withdrawal Checklist (PWC-20),16. Weakness,289
20-Item Physician Withdrawal Checklist (PWC-20),"17. Increased acuity for sound, smell, touch or pain",289
20-Item Physician Withdrawal Checklist (PWC-20),18. Paresthesias,289
20-Item Physician Withdrawal Checklist (PWC-20),"19. Difficulty concentrating, remembering",289
20-Item Physician Withdrawal Checklist (PWC-20),20. Depersonalization - Derealization,289
20-Item Physician Withdrawal Checklist (PWC-20),Total Score,289
20-Item Physician Withdrawal Checklist (PWC-20),01.025 GMK (432),289
20-Item Physician Withdrawal Checklist (PWC-20),Units,290
20-Item Physician Withdrawal Checklist (PWC-20),01.025 GMK (432),290
20-Item Physician Withdrawal Checklist (PWC-20),Units,291
20-Item Physician Withdrawal Checklist (PWC-20),10 PWC0105_,291
20-Item Physician Withdrawal Checklist (PWC-20),11 PWC0106_,291
20-Item Physician Withdrawal Checklist (PWC-20),12 PWC0107_,291
20-Item Physician Withdrawal Checklist (PWC-20),01.025 GMK (432),291
20-Item Physician Withdrawal Checklist (PWC-20),Units,292
20-Item Physician Withdrawal Checklist (PWC-20),13 PWC0108_,292
20-Item Physician Withdrawal Checklist (PWC-20),14 PWC0109_,292
20-Item Physician Withdrawal Checklist (PWC-20),15 PWC0110_,292
20-Item Physician Withdrawal Checklist (PWC-20),16 PWC0111_,292
20-Item Physician Withdrawal Checklist (PWC-20),17 PWC0112_,292
20-Item Physician Withdrawal Checklist (PWC-20),01.025 GMK (432),292
20-Item Physician Withdrawal Checklist (PWC-20),Units,293
20-Item Physician Withdrawal Checklist (PWC-20),18 PWC0113_,293
20-Item Physician Withdrawal Checklist (PWC-20),19 PWC0114_,293
20-Item Physician Withdrawal Checklist (PWC-20),20 PWC0115_,293
20-Item Physician Withdrawal Checklist (PWC-20),21 PWC0116_,293
20-Item Physician Withdrawal Checklist (PWC-20),01.025 GMK (432),293
20-Item Physician Withdrawal Checklist (PWC-20),Units,294
20-Item Physician Withdrawal Checklist (PWC-20),22 PWC0117_,294
20-Item Physician Withdrawal Checklist (PWC-20),23 PWC0118_,294
20-Item Physician Withdrawal Checklist (PWC-20),24 PWC0119_,294
20-Item Physician Withdrawal Checklist (PWC-20),25 PWC0120_,294
20-Item Physician Withdrawal Checklist (PWC-20),01.025 GMK (432),294
20-Item Physician Withdrawal Checklist (PWC-20),Units,295
20-Item Physician Withdrawal Checklist (PWC-20),26 PWC_TOTA,295
20-Item Physician Withdrawal Checklist (PWC-20),01.025 GMK (432),295
C-SSRS Baseline/Screening Versions Summary,Was the Columbia-Suicide Severity Rating Scale (C-SSRS) Baseline/Screening Versions completed?,296
C-SSRS Baseline/Screening Versions Summary,01.025 GMK (432),296
C-SSRS Baseline/Screening Versions Summary,Units,297
C-SSRS Baseline/Screening Versions Summary,01.025 GMK (432),297
Columbia-Suicide Severity Rating Scale (C-SSRS) Baseline/Screening,Assessment Date,298
Columbia-Suicide Severity Rating Scale (C-SSRS) Baseline/Screening,Assessment Time,298
Columbia-Suicide Severity Rating Scale (C-SSRS) Baseline/Screening,SUICIDAL IDEATION,298
Columbia-Suicide Severity Rating Scale (C-SSRS) Baseline/Screening,1. Wish to be Dead - Lifetime,298
Columbia-Suicide Severity Rating Scale (C-SSRS) Baseline/Screening,1. Wish to be Dead - Past 12 months,298
Columbia-Suicide Severity Rating Scale (C-SSRS) Baseline/Screening,"If yes, describe:",298
Columbia-Suicide Severity Rating Scale (C-SSRS) Baseline/Screening,2. Non-Specific Active Suicidal Thoughts - Lifetime,298
Columbia-Suicide Severity Rating Scale (C-SSRS) Baseline/Screening,2. Non-Specific Active Suicidal Thoughts - Past 12 months,298
Columbia-Suicide Severity Rating Scale (C-SSRS) Baseline/Screening,3. Active Suicidal Ideation with Any Methods (Not Plan) without Intent to Act - Lifetime,298
Columbia-Suicide Severity Rating Scale (C-SSRS) Baseline/Screening,01.025 GMK (432),298
Columbia-Suicide Severity Rating Scale (C-SSRS) Baseline/Screening,3. Active Suicidal Ideation with Any Methods (Not Plan) without Intent to Act - Past 12 months,299
Columbia-Suicide Severity Rating Scale (C-SSRS) Baseline/Screening,"If yes, describe:",299
Columbia-Suicide Severity Rating Scale (C-SSRS) Baseline/Screening,"4. Active Suicidal Ideation with Some Intent to Act, without Specific Plan - Lifetime",299
Columbia-Suicide Severity Rating Scale (C-SSRS) Baseline/Screening,"4. Active Suicidal Ideation with Some Intent to Act, without Specific Plan - Past 12 months",299
Columbia-Suicide Severity Rating Scale (C-SSRS) Baseline/Screening,5. Active Suicidal Ideation with Specific Plan and Intent - Lifetime,299
Columbia-Suicide Severity Rating Scale (C-SSRS) Baseline/Screening,5. Active Suicidal Ideation with Specific Plan and Intent - Past 12 months,299
Columbia-Suicide Severity Rating Scale (C-SSRS) Baseline/Screening,INTENSITY OF IDEATION,299
Columbia-Suicide Severity Rating Scale (C-SSRS) Baseline/Screening,Most severe ideation - Lifetime,299
Columbia-Suicide Severity Rating Scale (C-SSRS) Baseline/Screening,01.025 GMK (432),299
Columbia-Suicide Severity Rating Scale (C-SSRS) Baseline/Screening,Description of ideation - Lifetime,300
Columbia-Suicide Severity Rating Scale (C-SSRS) Baseline/Screening,Most severe ideation - Past 12 months,300
Columbia-Suicide Severity Rating Scale (C-SSRS) Baseline/Screening,Description of ideation - Past 12 months,300
Columbia-Suicide Severity Rating Scale (C-SSRS) Baseline/Screening,Frequency How many times have you had these thoughts - Lifetime,300
Columbia-Suicide Severity Rating Scale (C-SSRS) Baseline/Screening,How many times have you had these thoughts - Past 12 months,300
Columbia-Suicide Severity Rating Scale (C-SSRS) Baseline/Screening,"Duration When you have the thoughts, how long do they last? - Lifetime",300
Columbia-Suicide Severity Rating Scale (C-SSRS) Baseline/Screening,01.025 GMK (432),300
Columbia-Suicide Severity Rating Scale (C-SSRS) Baseline/Screening,"When you have the thoughts, how long do they last? - Past 12 months",301
Columbia-Suicide Severity Rating Scale (C-SSRS) Baseline/Screening,Controllability Could/can you stop thinking about killing yourself or wanting to die if you want to? - Lifetime,301
Columbia-Suicide Severity Rating Scale (C-SSRS) Baseline/Screening,Could/can you stop thinking about killing yourself or wanting to die if you want to? - Past 12 months,301
Columbia-Suicide Severity Rating Scale (C-SSRS) Baseline/Screening,01.025 GMK (432),301
Columbia-Suicide Severity Rating Scale (C-SSRS) Baseline/Screening,"Deterrents Are there things - anyone or anything (e.g., family, religion, pain of death) - that stopped you from wanting to die or acting on thoughts of committing suicide? - Lifetime",302
Columbia-Suicide Severity Rating Scale (C-SSRS) Baseline/Screening,"Are there things - anyone or anything (e.g., family, religion, pain of death) - that stopped you from wanting to die or acting on thoughts of committing suicide? - Past 12 months",302
Columbia-Suicide Severity Rating Scale (C-SSRS) Baseline/Screening,"Reasons for ideation What sort of reasons did you have for thinking about wanting to die or killing yourself? Was it to end the pain or stop the way you were feeling (in other words you couldn’t go on living with this pain or how you were feeling) or was it to get attention, revenge or a reaction from others? Or both? - Lifetime",302
Columbia-Suicide Severity Rating Scale (C-SSRS) Baseline/Screening,01.025 GMK (432),302
Columbia-Suicide Severity Rating Scale (C-SSRS) Baseline/Screening,"What sort of reasons did you have for thinking about wanting to die or killing yourself? Was it to end the pain or stop the way you were feeling (in other words you couldn’t go on living with this pain or how you were feeling) or was it to get attention, revenge or a reaction from others? Or both? - Past 12 months",303
Columbia-Suicide Severity Rating Scale (C-SSRS) Baseline/Screening,SUICIDAL BEHAVIOR,303
Columbia-Suicide Severity Rating Scale (C-SSRS) Baseline/Screening,Actual Attempt Have you made a suicide attempt? - Lifetime,303
Columbia-Suicide Severity Rating Scale (C-SSRS) Baseline/Screening,Total # of Attempts - Lifetime,303
Columbia-Suicide Severity Rating Scale (C-SSRS) Baseline/Screening,01.025 GMK (432),303
Columbia-Suicide Severity Rating Scale (C-SSRS) Baseline/Screening,Have you made a suicide attempt? - Past 12 months,304
Columbia-Suicide Severity Rating Scale (C-SSRS) Baseline/Screening,Total # of Attempts - Past 12 months,304
Columbia-Suicide Severity Rating Scale (C-SSRS) Baseline/Screening,"If yes, describe:",304
Columbia-Suicide Severity Rating Scale (C-SSRS) Baseline/Screening,Has subject engaged in Non-Suicidal Self-Injurious Behavior? - Lifetime,304
Columbia-Suicide Severity Rating Scale (C-SSRS) Baseline/Screening,Has subject engaged in Non-Suicidal Self-Injurious Behavior? - Past 12 months,304
Columbia-Suicide Severity Rating Scale (C-SSRS) Baseline/Screening,Interrupted Attempt: Has there been a time when you started to do something to end your life but someone or something stopped you before you actually did anything? - Lifetime,304
Columbia-Suicide Severity Rating Scale (C-SSRS) Baseline/Screening,Total # of interrupted - Lifetime,304
Columbia-Suicide Severity Rating Scale (C-SSRS) Baseline/Screening,Has there been a time when you started to do something to end your life but someone or something stopped you before you actually did anything? - Past 12 months,304
Columbia-Suicide Severity Rating Scale (C-SSRS) Baseline/Screening,Total # of interrupted - Past 12 months,304
Columbia-Suicide Severity Rating Scale (C-SSRS) Baseline/Screening,01.025 GMK (432),304
Columbia-Suicide Severity Rating Scale (C-SSRS) Baseline/Screening,Aborted Attempt: Has there been a time when you started to do something to try to end your life but you stopped yourself before you actually did anything? - Lifetime,305
Columbia-Suicide Severity Rating Scale (C-SSRS) Baseline/Screening,Total # of aborted - Lifetime,305
Columbia-Suicide Severity Rating Scale (C-SSRS) Baseline/Screening,Has there been a time when you started to do something to try to end your life but you stopped yourself before you actually did anything? - Past 12 months,305
Columbia-Suicide Severity Rating Scale (C-SSRS) Baseline/Screening,Total # of aborted - Past 12 months,305
Columbia-Suicide Severity Rating Scale (C-SSRS) Baseline/Screening,"If yes, describe:",305
Columbia-Suicide Severity Rating Scale (C-SSRS) Baseline/Screening,"Preparatory Acts or Behavior: Have you taken any steps towards making a suicide attempt or preparing to kill yourself (such as collecting pills, getting a gun, giving valuables away or writing a suicide note)? - Lifetime",305
Columbia-Suicide Severity Rating Scale (C-SSRS) Baseline/Screening,"Have you taken any steps towards making a suicide attempt or preparing to kill yourself (such as collecting pills, getting a gun, giving valuables away or writing a suicide note)? - Past 12 months",305
Columbia-Suicide Severity Rating Scale (C-SSRS) Baseline/Screening,Suicidal Behavior: Suicidal behavior was present during the assessment period? - Lifetime,305
Columbia-Suicide Severity Rating Scale (C-SSRS) Baseline/Screening,01.025 GMK (432),305
Columbia-Suicide Severity Rating Scale (C-SSRS) Baseline/Screening,Suicidal behavior was present during the assessment period? - Past 12 months,306
Columbia-Suicide Severity Rating Scale (C-SSRS) Baseline/Screening,Answer for Actual Attempts Only,306
Columbia-Suicide Severity Rating Scale (C-SSRS) Baseline/Screening,Most Recent Attempt Most Recent Attempt Date:,306
Columbia-Suicide Severity Rating Scale (C-SSRS) Baseline/Screening,Actual Lethality/Medical Damage:,306
Columbia-Suicide Severity Rating Scale (C-SSRS) Baseline/Screening,01.025 GMK (432),306
Columbia-Suicide Severity Rating Scale (C-SSRS) Baseline/Screening,Potential Lethality Only Answer if Actual Lethality=0,307
Columbia-Suicide Severity Rating Scale (C-SSRS) Baseline/Screening,Most Lethal Attempt Most Lethal Attempt Date:,307
Columbia-Suicide Severity Rating Scale (C-SSRS) Baseline/Screening,Actual Lethality/Medical Damage:,307
Columbia-Suicide Severity Rating Scale (C-SSRS) Baseline/Screening,01.025 GMK (432),307
Columbia-Suicide Severity Rating Scale (C-SSRS) Baseline/Screening,Potential Lethality Only Answer if Actual Lethality=0,308
Columbia-Suicide Severity Rating Scale (C-SSRS) Baseline/Screening,01.025 GMK (432),308
Columbia-Suicide Severity Rating Scale (C-SSRS) Baseline/Screening,Initial/First Attempt Initial/First Attempt Date:,309
Columbia-Suicide Severity Rating Scale (C-SSRS) Baseline/Screening,Actual Lethality/Medical Damage:,309
Columbia-Suicide Severity Rating Scale (C-SSRS) Baseline/Screening,01.025 GMK (432),309
Columbia-Suicide Severity Rating Scale (C-SSRS) Baseline/Screening,Potential Lethality Only Answer if Actual Lethality=0,310
Columbia-Suicide Severity Rating Scale (C-SSRS) Baseline/Screening,01.025 GMK (432),310
Columbia-Suicide Severity Rating Scale (C-SSRS) Baseline/Screening,Units,311
Columbia-Suicide Severity Rating Scale (C-SSRS) Baseline/Screening,10 CSS0402C_,311
Columbia-Suicide Severity Rating Scale (C-SSRS) Baseline/Screening,11 CSS0403A_,311
Columbia-Suicide Severity Rating Scale (C-SSRS) Baseline/Screening,01.025 GMK (432),311
Columbia-Suicide Severity Rating Scale (C-SSRS) Baseline/Screening,Units,312
Columbia-Suicide Severity Rating Scale (C-SSRS) Baseline/Screening,12 CSS0403B_,312
Columbia-Suicide Severity Rating Scale (C-SSRS) Baseline/Screening,13 CSS0403C_,312
Columbia-Suicide Severity Rating Scale (C-SSRS) Baseline/Screening,14 CSS0404A_,312
Columbia-Suicide Severity Rating Scale (C-SSRS) Baseline/Screening,15 CSS0404B_,312
Columbia-Suicide Severity Rating Scale (C-SSRS) Baseline/Screening,16 CSS0404C_,312
Columbia-Suicide Severity Rating Scale (C-SSRS) Baseline/Screening,17 CSS0405A_,312
Columbia-Suicide Severity Rating Scale (C-SSRS) Baseline/Screening,18 CSS0405B_,312
Columbia-Suicide Severity Rating Scale (C-SSRS) Baseline/Screening,19 CSS0405C_,312
Columbia-Suicide Severity Rating Scale (C-SSRS) Baseline/Screening,21 CSS0406A_,312
Columbia-Suicide Severity Rating Scale (C-SSRS) Baseline/Screening,01.025 GMK (432),312
Columbia-Suicide Severity Rating Scale (C-SSRS) Baseline/Screening,Units,313
Columbia-Suicide Severity Rating Scale (C-SSRS) Baseline/Screening,22 CSS0406B_,313
Columbia-Suicide Severity Rating Scale (C-SSRS) Baseline/Screening,23 CSS0406C_,313
Columbia-Suicide Severity Rating Scale (C-SSRS) Baseline/Screening,24 CSS0406D_,313
Columbia-Suicide Severity Rating Scale (C-SSRS) Baseline/Screening,25 CSS0407A_,313
Columbia-Suicide Severity Rating Scale (C-SSRS) Baseline/Screening,26 CSS0407B_,313
Columbia-Suicide Severity Rating Scale (C-SSRS) Baseline/Screening,01.025 GMK (432),313
Columbia-Suicide Severity Rating Scale (C-SSRS) Baseline/Screening,Units,314
Columbia-Suicide Severity Rating Scale (C-SSRS) Baseline/Screening,27 CSS0408A_,314
Columbia-Suicide Severity Rating Scale (C-SSRS) Baseline/Screening,01.025 GMK (432),314
Columbia-Suicide Severity Rating Scale (C-SSRS) Baseline/Screening,Units,315
Columbia-Suicide Severity Rating Scale (C-SSRS) Baseline/Screening,28 CSS0408B_,315
Columbia-Suicide Severity Rating Scale (C-SSRS) Baseline/Screening,29 CSS0409A_,315
Columbia-Suicide Severity Rating Scale (C-SSRS) Baseline/Screening,01.025 GMK (432),315
Columbia-Suicide Severity Rating Scale (C-SSRS) Baseline/Screening,Units,316
Columbia-Suicide Severity Rating Scale (C-SSRS) Baseline/Screening,30 CSS0409B_,316
Columbia-Suicide Severity Rating Scale (C-SSRS) Baseline/Screening,01.025 GMK (432),316
Columbia-Suicide Severity Rating Scale (C-SSRS) Baseline/Screening,Units,317
Columbia-Suicide Severity Rating Scale (C-SSRS) Baseline/Screening,31 CSS0410A_,317
Columbia-Suicide Severity Rating Scale (C-SSRS) Baseline/Screening,01.025 GMK (432),317
Columbia-Suicide Severity Rating Scale (C-SSRS) Baseline/Screening,Units,318
Columbia-Suicide Severity Rating Scale (C-SSRS) Baseline/Screening,32 CSS0410B_,318
Columbia-Suicide Severity Rating Scale (C-SSRS) Baseline/Screening,01.025 GMK (432),318
Columbia-Suicide Severity Rating Scale (C-SSRS) Baseline/Screening,Units,319
Columbia-Suicide Severity Rating Scale (C-SSRS) Baseline/Screening,33 CSS0411A_,319
Columbia-Suicide Severity Rating Scale (C-SSRS) Baseline/Screening,01.025 GMK (432),319
Columbia-Suicide Severity Rating Scale (C-SSRS) Baseline/Screening,Units,320
Columbia-Suicide Severity Rating Scale (C-SSRS) Baseline/Screening,34 CSS0411B_,320
Columbia-Suicide Severity Rating Scale (C-SSRS) Baseline/Screening,01.025 GMK (432),320
Columbia-Suicide Severity Rating Scale (C-SSRS) Baseline/Screening,Units,321
Columbia-Suicide Severity Rating Scale (C-SSRS) Baseline/Screening,01.025 GMK (432),321
Columbia-Suicide Severity Rating Scale (C-SSRS) Baseline/Screening,Units,322
Columbia-Suicide Severity Rating Scale (C-SSRS) Baseline/Screening,36 CSS0412A_,322
Columbia-Suicide Severity Rating Scale (C-SSRS) Baseline/Screening,37 CSS0413A_,322
Columbia-Suicide Severity Rating Scale (C-SSRS) Baseline/Screening,38 CSS0412B_,322
Columbia-Suicide Severity Rating Scale (C-SSRS) Baseline/Screening,39 CSS0413B_,322
Columbia-Suicide Severity Rating Scale (C-SSRS) Baseline/Screening,40 CSS0413C_,322
Columbia-Suicide Severity Rating Scale (C-SSRS) Baseline/Screening,41 CSS0414A_,322
Columbia-Suicide Severity Rating Scale (C-SSRS) Baseline/Screening,42 CSS0414B_,322
Columbia-Suicide Severity Rating Scale (C-SSRS) Baseline/Screening,43 CSS0415A_,322
Columbia-Suicide Severity Rating Scale (C-SSRS) Baseline/Screening,01.025 GMK (432),322
Columbia-Suicide Severity Rating Scale (C-SSRS) Baseline/Screening,Units,323
Columbia-Suicide Severity Rating Scale (C-SSRS) Baseline/Screening,44 CSS0416A_,323
Columbia-Suicide Severity Rating Scale (C-SSRS) Baseline/Screening,45 CSS0415B_,323
Columbia-Suicide Severity Rating Scale (C-SSRS) Baseline/Screening,46 CSS0416B_,323
Columbia-Suicide Severity Rating Scale (C-SSRS) Baseline/Screening,47 CSS0416C_,323
Columbia-Suicide Severity Rating Scale (C-SSRS) Baseline/Screening,48 CSS0417A_,323
Columbia-Suicide Severity Rating Scale (C-SSRS) Baseline/Screening,49 CSS0418A_,323
Columbia-Suicide Severity Rating Scale (C-SSRS) Baseline/Screening,50 CSS0417B_,323
Columbia-Suicide Severity Rating Scale (C-SSRS) Baseline/Screening,51 CSS0418B_,323
Columbia-Suicide Severity Rating Scale (C-SSRS) Baseline/Screening,52 CSS0418C_,323
Columbia-Suicide Severity Rating Scale (C-SSRS) Baseline/Screening,53 CSS0419A_,323
Columbia-Suicide Severity Rating Scale (C-SSRS) Baseline/Screening,01.025 GMK (432),323
Columbia-Suicide Severity Rating Scale (C-SSRS) Baseline/Screening,Units,324
Columbia-Suicide Severity Rating Scale (C-SSRS) Baseline/Screening,54 CSS0419B_,324
Columbia-Suicide Severity Rating Scale (C-SSRS) Baseline/Screening,55 CSS0419C_,324
Columbia-Suicide Severity Rating Scale (C-SSRS) Baseline/Screening,56 CSS0420A_,324
Columbia-Suicide Severity Rating Scale (C-SSRS) Baseline/Screening,57 CSS0420B_,324
Columbia-Suicide Severity Rating Scale (C-SSRS) Baseline/Screening,59 CSS0421A_,324
Columbia-Suicide Severity Rating Scale (C-SSRS) Baseline/Screening,01.025 GMK (432),324
Columbia-Suicide Severity Rating Scale (C-SSRS) Baseline/Screening,Units,325
Columbia-Suicide Severity Rating Scale (C-SSRS) Baseline/Screening,60 CSS0421B_,325
Columbia-Suicide Severity Rating Scale (C-SSRS) Baseline/Screening,01.025 GMK (432),325
Columbia-Suicide Severity Rating Scale (C-SSRS) Baseline/Screening,Units,326
Columbia-Suicide Severity Rating Scale (C-SSRS) Baseline/Screening,01.025 GMK (432),326
Columbia-Suicide Severity Rating Scale (C-SSRS) Baseline/Screening,Units,327
Columbia-Suicide Severity Rating Scale (C-SSRS) Baseline/Screening,01.025 GMK (432),327
Columbia-Suicide Severity Rating Scale (C-SSRS) Baseline/Screening,Units,328
Columbia-Suicide Severity Rating Scale (C-SSRS) Baseline/Screening,61 CSS0421C_,328
Columbia-Suicide Severity Rating Scale (C-SSRS) Baseline/Screening,62 CSS0422A_,328
Columbia-Suicide Severity Rating Scale (C-SSRS) Baseline/Screening,01.025 GMK (432),328
Columbia-Suicide Severity Rating Scale (C-SSRS) Baseline/Screening,Units,329
Columbia-Suicide Severity Rating Scale (C-SSRS) Baseline/Screening,63 CSS0422B_,329
Columbia-Suicide Severity Rating Scale (C-SSRS) Baseline/Screening,01.025 GMK (432),329
Columbia-Suicide Severity Rating Scale (C-SSRS) Baseline/Screening,Units,330
Columbia-Suicide Severity Rating Scale (C-SSRS) Baseline/Screening,01.025 GMK (432),330
Columbia-Suicide Severity Rating Scale (C-SSRS) Baseline/Screening,Units,331
Columbia-Suicide Severity Rating Scale (C-SSRS) Baseline/Screening,01.025 GMK (432),331
Columbia-Suicide Severity Rating Scale (C-SSRS) Baseline/Screening,Units,332
Columbia-Suicide Severity Rating Scale (C-SSRS) Baseline/Screening,64 CSS0422C_,332
Columbia-Suicide Severity Rating Scale (C-SSRS) Baseline/Screening,65 CSS0423A_,332
Columbia-Suicide Severity Rating Scale (C-SSRS) Baseline/Screening,01.025 GMK (432),332
Columbia-Suicide Severity Rating Scale (C-SSRS) Baseline/Screening,Units,333
Columbia-Suicide Severity Rating Scale (C-SSRS) Baseline/Screening,66 CSS0423B_,333
Columbia-Suicide Severity Rating Scale (C-SSRS) Baseline/Screening,01.025 GMK (432),333
Columbia-Suicide Severity Rating Scale (C-SSRS) Baseline/Screening,Units,334
Columbia-Suicide Severity Rating Scale (C-SSRS) Baseline/Screening,01.025 GMK (432),334
Columbia-Suicide Severity Rating Scale (C-SSRS) Baseline/Screening,Units,335
Columbia-Suicide Severity Rating Scale (C-SSRS) Baseline/Screening,01.025 GMK (432),335
Columbia-Suicide Severity Rating Scale (C-SSRS) Baseline/Screening,Units,336
Columbia-Suicide Severity Rating Scale (C-SSRS) Baseline/Screening,67 CSS0423C_,336
Columbia-Suicide Severity Rating Scale (C-SSRS) Baseline/Screening,01.025 GMK (432),336
C-SSRS Since Last Visit Summary,Was the Columbia-Suicide Severity Rating Scale (C-SSRS) Since Last Visit completed?,337
C-SSRS Since Last Visit Summary,01.025 GMK (432),337
C-SSRS Since Last Visit Summary,Units,338
C-SSRS Since Last Visit Summary,01.025 GMK (432),338
Columbia-Suicide Severity Rating Scale (C-SSRS) Since Last Visit,Assessment Date,339
Columbia-Suicide Severity Rating Scale (C-SSRS) Since Last Visit,Assessment Time,339
Columbia-Suicide Severity Rating Scale (C-SSRS) Since Last Visit,SUICIDAL IDEATION,339
Columbia-Suicide Severity Rating Scale (C-SSRS) Since Last Visit,1. Wish to be Dead,339
Columbia-Suicide Severity Rating Scale (C-SSRS) Since Last Visit,"If yes, describe:",339
Columbia-Suicide Severity Rating Scale (C-SSRS) Since Last Visit,2. Non-Specific Active Suicidal Thoughts,339
Columbia-Suicide Severity Rating Scale (C-SSRS) Since Last Visit,3. Active Suicidal Ideation with Any Methods (Not Plan) without Intent to Act,339
Columbia-Suicide Severity Rating Scale (C-SSRS) Since Last Visit,"4. Active Suicidal Ideation with Some Intent to Act, without Specific Plan",339
Columbia-Suicide Severity Rating Scale (C-SSRS) Since Last Visit,01.025 GMK (432),339
Columbia-Suicide Severity Rating Scale (C-SSRS) Since Last Visit,5. Active Suicidal Ideation with Specific Plan and Intent,340
Columbia-Suicide Severity Rating Scale (C-SSRS) Since Last Visit,"If yes, describe:",340
Columbia-Suicide Severity Rating Scale (C-SSRS) Since Last Visit,INTENSITY OF IDEATION,340
Columbia-Suicide Severity Rating Scale (C-SSRS) Since Last Visit,Most Severe ideation,340
Columbia-Suicide Severity Rating Scale (C-SSRS) Since Last Visit,Description of ideation,340
Columbia-Suicide Severity Rating Scale (C-SSRS) Since Last Visit,Frequency,340
Columbia-Suicide Severity Rating Scale (C-SSRS) Since Last Visit,Duration,340
Columbia-Suicide Severity Rating Scale (C-SSRS) Since Last Visit,01.025 GMK (432),340
Columbia-Suicide Severity Rating Scale (C-SSRS) Since Last Visit,Controllability,341
Columbia-Suicide Severity Rating Scale (C-SSRS) Since Last Visit,Deterrents,341
Columbia-Suicide Severity Rating Scale (C-SSRS) Since Last Visit,Reasons for Ideation,341
Columbia-Suicide Severity Rating Scale (C-SSRS) Since Last Visit,01.025 GMK (432),341
Columbia-Suicide Severity Rating Scale (C-SSRS) Since Last Visit,SUICIDAL BEHAVIOR,342
Columbia-Suicide Severity Rating Scale (C-SSRS) Since Last Visit,Actual Attempt:,342
Columbia-Suicide Severity Rating Scale (C-SSRS) Since Last Visit,Total # of Attempts,342
Columbia-Suicide Severity Rating Scale (C-SSRS) Since Last Visit,"If yes, describe:",342
Columbia-Suicide Severity Rating Scale (C-SSRS) Since Last Visit,Has subject engaged in Non-Suicidal Self-Injurious Behavior?,342
Columbia-Suicide Severity Rating Scale (C-SSRS) Since Last Visit,Interrupted Attempt:,342
Columbia-Suicide Severity Rating Scale (C-SSRS) Since Last Visit,Total # of interrupted,342
Columbia-Suicide Severity Rating Scale (C-SSRS) Since Last Visit,Aborted Attempt:,342
Columbia-Suicide Severity Rating Scale (C-SSRS) Since Last Visit,Total # of aborted,342
Columbia-Suicide Severity Rating Scale (C-SSRS) Since Last Visit,01.025 GMK (432),342
Columbia-Suicide Severity Rating Scale (C-SSRS) Since Last Visit,"If yes, describe:",343
Columbia-Suicide Severity Rating Scale (C-SSRS) Since Last Visit,Preparatory Acts or Behavior:,343
Columbia-Suicide Severity Rating Scale (C-SSRS) Since Last Visit,Suicidal Behavior:,343
Columbia-Suicide Severity Rating Scale (C-SSRS) Since Last Visit,Suicide:,343
Columbia-Suicide Severity Rating Scale (C-SSRS) Since Last Visit,Answer for Actual Attempts Only,343
Columbia-Suicide Severity Rating Scale (C-SSRS) Since Last Visit,Most Lethal Attempt Most Lethal Attempt Date:,343
Columbia-Suicide Severity Rating Scale (C-SSRS) Since Last Visit,Actual Lethality/Medical Damage:,343
Columbia-Suicide Severity Rating Scale (C-SSRS) Since Last Visit,01.025 GMK (432),343
Columbia-Suicide Severity Rating Scale (C-SSRS) Since Last Visit,Potential Lethality,344
Columbia-Suicide Severity Rating Scale (C-SSRS) Since Last Visit,01.025 GMK (432),344
Columbia-Suicide Severity Rating Scale (C-SSRS) Since Last Visit,Units,345
Columbia-Suicide Severity Rating Scale (C-SSRS) Since Last Visit,10 CSS0203A_,345
Columbia-Suicide Severity Rating Scale (C-SSRS) Since Last Visit,11 CSS0204_Q,345
Columbia-Suicide Severity Rating Scale (C-SSRS) Since Last Visit,01.025 GMK (432),345
Columbia-Suicide Severity Rating Scale (C-SSRS) Since Last Visit,Units,346
Columbia-Suicide Severity Rating Scale (C-SSRS) Since Last Visit,12 CSS0204A_,346
Columbia-Suicide Severity Rating Scale (C-SSRS) Since Last Visit,13 CSS0205_Q,346
Columbia-Suicide Severity Rating Scale (C-SSRS) Since Last Visit,14 CSS0205A_,346
Columbia-Suicide Severity Rating Scale (C-SSRS) Since Last Visit,16 CSS0206_Q,346
Columbia-Suicide Severity Rating Scale (C-SSRS) Since Last Visit,17 CSS0206A_,346
Columbia-Suicide Severity Rating Scale (C-SSRS) Since Last Visit,18 CSS0207_Q,346
Columbia-Suicide Severity Rating Scale (C-SSRS) Since Last Visit,01.025 GMK (432),346
Columbia-Suicide Severity Rating Scale (C-SSRS) Since Last Visit,Units,347
Columbia-Suicide Severity Rating Scale (C-SSRS) Since Last Visit,19 CSS0208_Q,347
Columbia-Suicide Severity Rating Scale (C-SSRS) Since Last Visit,20 CSS0209_Q,347
Columbia-Suicide Severity Rating Scale (C-SSRS) Since Last Visit,01.025 GMK (432),347
Columbia-Suicide Severity Rating Scale (C-SSRS) Since Last Visit,Units,348
Columbia-Suicide Severity Rating Scale (C-SSRS) Since Last Visit,21 CSS0210_Q,348
Columbia-Suicide Severity Rating Scale (C-SSRS) Since Last Visit,01.025 GMK (432),348
Columbia-Suicide Severity Rating Scale (C-SSRS) Since Last Visit,Units,349
Columbia-Suicide Severity Rating Scale (C-SSRS) Since Last Visit,22 CSS0211_Q,349
Columbia-Suicide Severity Rating Scale (C-SSRS) Since Last Visit,01.025 GMK (432),349
Columbia-Suicide Severity Rating Scale (C-SSRS) Since Last Visit,Units,350
Columbia-Suicide Severity Rating Scale (C-SSRS) Since Last Visit,24 CSS0212_Q,350
Columbia-Suicide Severity Rating Scale (C-SSRS) Since Last Visit,25 CSS0213_Q,350
Columbia-Suicide Severity Rating Scale (C-SSRS) Since Last Visit,26 CSS0213A_,350
Columbia-Suicide Severity Rating Scale (C-SSRS) Since Last Visit,01.025 GMK (432),350
Columbia-Suicide Severity Rating Scale (C-SSRS) Since Last Visit,Units,351
Columbia-Suicide Severity Rating Scale (C-SSRS) Since Last Visit,27 CSS0214_Q,351
Columbia-Suicide Severity Rating Scale (C-SSRS) Since Last Visit,28 CSS0215_Q,351
Columbia-Suicide Severity Rating Scale (C-SSRS) Since Last Visit,29 CSS0216_Q,351
Columbia-Suicide Severity Rating Scale (C-SSRS) Since Last Visit,30 CSS0216A_,351
Columbia-Suicide Severity Rating Scale (C-SSRS) Since Last Visit,31 CSS0217_Q,351
Columbia-Suicide Severity Rating Scale (C-SSRS) Since Last Visit,32 CSS0218_Q,351
Columbia-Suicide Severity Rating Scale (C-SSRS) Since Last Visit,33 CSS0218A_,351
Columbia-Suicide Severity Rating Scale (C-SSRS) Since Last Visit,34 CSS0219_Q,351
Columbia-Suicide Severity Rating Scale (C-SSRS) Since Last Visit,35 CSS0219A_,351
Columbia-Suicide Severity Rating Scale (C-SSRS) Since Last Visit,36 CSS0220_Q,351
Columbia-Suicide Severity Rating Scale (C-SSRS) Since Last Visit,01.025 GMK (432),351
Columbia-Suicide Severity Rating Scale (C-SSRS) Since Last Visit,Units,352
Columbia-Suicide Severity Rating Scale (C-SSRS) Since Last Visit,37 CSS0221_Q,352
Columbia-Suicide Severity Rating Scale (C-SSRS) Since Last Visit,39 CSS0222A_,352
Columbia-Suicide Severity Rating Scale (C-SSRS) Since Last Visit,40 CSS0222B_,352
Columbia-Suicide Severity Rating Scale (C-SSRS) Since Last Visit,01.025 GMK (432),352
Columbia-Suicide Severity Rating Scale (C-SSRS) Since Last Visit,Units,353
Columbia-Suicide Severity Rating Scale (C-SSRS) Since Last Visit,01.025 GMK (432),353
Columbia-Suicide Severity Rating Scale (C-SSRS) Since Last Visit,Units,354
Columbia-Suicide Severity Rating Scale (C-SSRS) Since Last Visit,01.025 GMK (432),354
Columbia-Suicide Severity Rating Scale (C-SSRS) Since Last Visit,Units,355
Columbia-Suicide Severity Rating Scale (C-SSRS) Since Last Visit,01.025 GMK (432),355
Columbia-Suicide Severity Rating Scale (C-SSRS) Since Last Visit,Units,356
Columbia-Suicide Severity Rating Scale (C-SSRS) Since Last Visit,41 CSS0222C_,356
Columbia-Suicide Severity Rating Scale (C-SSRS) Since Last Visit,01.025 GMK (432),356
Check-in Repeated?,Was Check-in visit repeated?,357
Check-in Repeated?,01.025 GMK (432),357
Check-in Repeated?,Units,358
Check-in Repeated?,01.025 GMK (432),358
Screening Status,Was participant a screen failure?,359
Screening Status,Screen Failure Date,359
Screening Status,Primary reason for screen failure,359
Screening Status,Specify reason for screen failure,359
Screening Status,Specify PRIMARY Adverse Event,359
Screening Status,Did participant complete washout?,359
Screening Status,Was the washout completed in clinic?,359
Screening Status,Number of days in clinic,359
Screening Status,Screen Failure Date for Tagging (auto-populated),359
Screening Status,01.025 GMK (432),359
Screening Status,Units,360
Screening Status,01.025 GMK (432),360
Screening Status,Units,361
Screening Status,SF_DSTERM$200,361
Screening Status,01.025 GMK (432),361
Screening Status,Units,362
Screening Status,01.025 GMK (432),362
End of Treatment,Date of last dose of study medication (permanent study drug discontinuation),363
End of Treatment,Did participant complete treatment?,363
End of Treatment,Reason for discontinuation of treatment,363
End of Treatment,Specify,363
End of Treatment,Specify PRIMARY Adverse Event,363
End of Treatment,Was Washout completed?,363
End of Treatment,Date of last dose of study medication Month and Year (auto-populated),363
End of Treatment,01.025 GMK (432),363
End of Treatment,Date of last dose of study medication Year (auto-populated),364
End of Treatment,01.025 GMK (432),364
End of Treatment,Units,365
End of Treatment,EOT_DSYN $1,365
End of Treatment,01.025 GMK (432),365
End of Treatment,Units,366
End of Treatment,01.025 GMK (432),366
End of Treatment,Units,367
End of Treatment,01.025 GMK (432),367
Adverse Events Summary,Did the participant experience any adverse events during the study?,368
Adverse Events Summary,01.025 GMK (432),368
Adverse Events Summary,Units,369
Adverse Events Summary,01.025 GMK (432),369
Adverse Events,Adverse Event,370
Adverse Events,Start Date,370
Adverse Events,Start Time,370
Adverse Events,Ongoing?,370
Adverse Events,End Date,370
Adverse Events,End Time,370
Adverse Events,Severity,370
Adverse Events,Was the adverse event serious?,370
Adverse Events,Death,370
Adverse Events,Life Threatening,370
Adverse Events,01.025 GMK (432),370
Adverse Events,Hospitalization (initial or prolonged),371
Adverse Events,Date of Admission,371
Adverse Events,Date of Discharge,371
Adverse Events,Disability or Permanent Damage,371
Adverse Events,Congenital Anomaly or Birth Defect,371
Adverse Events,Other Medically Important Serious Event,371
Adverse Events,Relationship to Study Treatment,371
Adverse Events,Action Taken with Study Treatment,371
Adverse Events,Was concomitant or additional treatment given?,371
Adverse Events,"If yes, record on the Prior & Concomitant Medication and/or Concomitant Procedures CRF.",371
Adverse Events,Were any other actions taken in response to this adverse event?,371
Adverse Events,01.025 GMK (432),371
Adverse Events,Other Action Taken,372
Adverse Events,Outcome,372
Adverse Events,Did the adverse event cause the participant to be discontinued from the study?,372
Adverse Events,Start Date/Time (auto-populated),372
Adverse Events,End Date/Time (auto-populated),372
Adverse Events,01.025 GMK (432),372
Adverse Events,Units,373
Adverse Events,10 AESLIFE,373
Adverse Events,01.025 GMK (432),373
Adverse Events,Units,374
Adverse Events,11 AESHOSP,374
Adverse Events,12 HOSTDAT,374
Adverse Events,13 HOSENDAT dd MMM,374
Adverse Events,14 AESDISAB,374
Adverse Events,15 AESCONG,374
Adverse Events,16 AESMIE,374
Adverse Events,17 AEREL,374
Adverse Events,18 AEACN,374
Adverse Events,01.025 GMK (432),374
Adverse Events,Units,375
Adverse Events,19 AECONTRT $1,375
Adverse Events,20 AEACNOYN $1,375
Adverse Events,21 AEACNOTH $200,375
Adverse Events,22 AEOUT,375
Adverse Events,01.025 GMK (432),375
Adverse Events,Units,376
Adverse Events,23 AEDIS,376
Adverse Events,24 AESTDTTM dd MMM,376
Adverse Events,25 AEENDTTM dd MMM,376
Adverse Events,01.025 GMK (432),376
Prior & Concomitant Medication/Therapy Summary,Were any medications/therapies taken?,377
Prior & Concomitant Medication/Therapy Summary,01.025 GMK (432),377
Prior & Concomitant Medication/Therapy Summary,Units,378
Prior & Concomitant Medication/Therapy Summary,01.025 GMK (432),378
Prior & Concomitant Medication/Therapy,Medication/Therapy,379
Prior & Concomitant Medication/Therapy,Start Date,379
Prior & Concomitant Medication/Therapy,Ongoing,379
Prior & Concomitant Medication/Therapy,End Date,379
Prior & Concomitant Medication/Therapy,Dose (xxxxx.xxxxx),379
Prior & Concomitant Medication/Therapy,Unit,379
Prior & Concomitant Medication/Therapy,"If Unit is Other, specify",379
Prior & Concomitant Medication/Therapy,Dose Form,379
Prior & Concomitant Medication/Therapy,01.025 GMK (432),379
Prior & Concomitant Medication/Therapy,"If Dose Form is Other, specify",380
Prior & Concomitant Medication/Therapy,Frequency,380
Prior & Concomitant Medication/Therapy,"If Frequency is Other, specify",380
Prior & Concomitant Medication/Therapy,Route,380
Prior & Concomitant Medication/Therapy,"If Route is Other, specify",380
Prior & Concomitant Medication/Therapy,Indication,380
Prior & Concomitant Medication/Therapy,Related Indication,380
Prior & Concomitant Medication/Therapy,01.025 GMK (432),380
Prior & Concomitant Medication/Therapy,"If Other, specify",381
Prior & Concomitant Medication/Therapy,Start Month and Year (auto-populated),381
Prior & Concomitant Medication/Therapy,Start Year (auto-populated),381
Prior & Concomitant Medication/Therapy,End Month and Year (auto-populated),381
Prior & Concomitant Medication/Therapy,End Year (auto-populated),381
Prior & Concomitant Medication/Therapy,01.025 GMK (432),381
Prior & Concomitant Medication/Therapy,Units,382
Prior & Concomitant Medication/Therapy,10.5,382
Prior & Concomitant Medication/Therapy,CMDOSFRM $65,382
Prior & Concomitant Medication/Therapy,01.025 GMK (432),382
Prior & Concomitant Medication/Therapy,Units,383
Prior & Concomitant Medication/Therapy,CMDSFRMO $200,383
Prior & Concomitant Medication/Therapy,10 CMDOSFRQ $20,383
Prior & Concomitant Medication/Therapy,01.025 GMK (432),383
Prior & Concomitant Medication/Therapy,Units,384
Prior & Concomitant Medication/Therapy,11 CMDSFRQO $200,384
Prior & Concomitant Medication/Therapy,12 CMROUTE,384
Prior & Concomitant Medication/Therapy,13 CMROUTEO $200,384
Prior & Concomitant Medication/Therapy,14 CMINDC,384
Prior & Concomitant Medication/Therapy,15 REL_CMIND,384
Prior & Concomitant Medication/Therapy,16 CMINDCO,384
Prior & Concomitant Medication/Therapy,17 CMSTMONY,384
Prior & Concomitant Medication/Therapy,18 CMSTYR,384
Prior & Concomitant Medication/Therapy,19 CMENMONY,384
Prior & Concomitant Medication/Therapy,01.025 GMK (432),384
Prior & Concomitant Medication/Therapy,Units,385
Prior & Concomitant Medication/Therapy,20 CMENYR,385
Prior & Concomitant Medication/Therapy,01.025 GMK (432),385
Procedures Summary,"Were any surgical, therapeutic, or diagnostic procedures performed?",386
Procedures Summary,01.025 GMK (432),386
Procedures Summary,Units,387
Procedures Summary,01.025 GMK (432),387
Procedures,Procedure Name,388
Procedures,Procedure Date,388
Procedures,Indication,388
Procedures,01.025 GMK (432),388
Procedures,Units,389
Procedures,01.025 GMK (432),389
Study Completion/ Early Termination,End of Study Date,390
Study Completion/ Early Termination,Did participant complete the study?,390
Study Completion/ Early Termination,Reason for discontinuation of study,390
Study Completion/ Early Termination,Specify,390
Study Completion/ Early Termination,Specify PRIMARY Adverse Event,390
Study Completion/ Early Termination,Study Completion/Early Termination Month and Year (auto-populated),390
Study Completion/ Early Termination,Study Completion/Early Termination Year (auto-populated),390
Study Completion/ Early Termination,Date of Study Completion for Tagging (auto-populated),390
Study Completion/ Early Termination,01.025 GMK (432),390
Study Completion/ Early Termination,Date of Early Termination for Tagging (auto-populated),391
Study Completion/ Early Termination,01.025 GMK (432),391
Study Completion/ Early Termination,Units,392
Study Completion/ Early Termination,EOS_DSYN $1,392
Study Completion/ Early Termination,01.025 GMK (432),392
Study Completion/ Early Termination,Units,393
Study Completion/ Early Termination,01.025 GMK (432),393
Study Completion/ Early Termination,Units,394
Study Completion/ Early Termination,01.025 GMK (432),394
Death Details,Were any death detail assessments collected?,395
Death Details,Collection Date,395
Death Details,Death Date,395
Death Details,Primary cause of death,395
Death Details,Was an autopsy performed?,395
Death Details,01.025 GMK (432),395
Death Details,Units,396
Death Details,01.025 GMK (432),396
Subject Consent Status,Document Date,397
Subject Consent Status,Version Number,397
Subject Consent Status,Patient Signature (UTC),397
Subject Consent Status,Counter Signature (UTC),397
Subject Consent Status,Consent Status,397
Subject Consent Status,Initial Informed Consent (UTC),397
Subject Consent Status,01.025 GMK (432),397
Subject Consent Status,Units,398
Subject Consent Status,01.025 GMK (432),398
Consent Document Status,Document,399
Consent Document Status,Document Date,399
Consent Document Status,Version Number,399
Consent Document Status,Patient Signature (UTC),399
Consent Document Status,Counter Signature (UTC),399
Consent Document Status,Investigator Signature (UTC),399
Consent Document Status,Witness Signature (UTC),399
Consent Document Status,Consent Status,399
Consent Document Status,01.025 GMK (432),399
Consent Document Status,Units,400
Consent Document Status,01.025 GMK (432),400
Subject Consent Status - Paper Consent,Document Date,401
Subject Consent Status - Paper Consent,Version Number,401
Subject Consent Status - Paper Consent,Patient Signature,401
Subject Consent Status - Paper Consent,Counter Signature,401
Subject Consent Status - Paper Consent,Consent Status,401
Subject Consent Status - Paper Consent,Initial Informed Consent (Paper),401
Subject Consent Status - Paper Consent,01.025 GMK (432),401
Subject Consent Status - Paper Consent,Units,402
Subject Consent Status - Paper Consent,01.025 GMK (432),402
Consent Document Status - Paper Consent,Document,403
Consent Document Status - Paper Consent,"If Other, specify:",403
Consent Document Status - Paper Consent,Document Date,403
Consent Document Status - Paper Consent,Version Number,403
Consent Document Status - Paper Consent,Consent Status,403
Consent Document Status - Paper Consent,Patient Signature,403
Consent Document Status - Paper Consent,Counter Signature,403
Consent Document Status - Paper Consent,Investigator Signature,403
Consent Document Status - Paper Consent,Witness Signature,403
Consent Document Status - Paper Consent,01.025 GMK (432),403
Consent Document Status - Paper Consent,Units,404
Consent Document Status - Paper Consent,01.025 GMK (432),404
