doc,stage,version,severity,code,detail
326-201-00007_Annotated_CRF___v1.0_30_Sep_2024,audit,1,quality,audit_wrong_form,p1: Does the participant have a valid photo ID?
326-201-00007_Annotated_CRF___v1.0_30_Sep_2024,audit,1,quality,audit_wrong_form,p1: Did participant complete group information or remote information session?
326-201-00007_Annotated_CRF___v1.0_30_Sep_2024,audit,1,quality,audit_wrong_form,p1: Record who held Group Information Session (full name)
326-201-00007_Annotated_CRF___v1.0_30_Sep_2024,audit,1,quality,audit_wrong_form,p1: Does the Anju study number match the study number in the participants' paper PIS/ICF?
326-201-00007_Annotated_CRF___v1.0_30_Sep_2024,audit,1,quality,audit_wrong_form,p1: Study ICF Signed and Dated by the participant?
326-201-00007_Annotated_CRF___v1.0_30_Sep_2024,audit,1,quality,audit_wrong_form,p3: Study ICF signed and dated by the physician/nurse?
326-201-00007_Annotated_CRF___v1.0_30_Sep_2024,audit,1,quality,audit_wrong_form,p3: Was a copy of the Study ICF given to the participant?
326-201-00007_Annotated_CRF___v1.0_30_Sep_2024,audit,1,quality,audit_wrong_form,"p3: Has the participant read, understood and signed the consent for the Future Use Sub Study, where a DNA sample will be taken and other data collected may be used for potential future research?"
326-201-00007_Annotated_CRF___v1.0_30_Sep_2024,audit,1,quality,audit_wrong_form,p3: Additional ICF Signed and Dated by the Participant?
326-201-00007_Annotated_CRF___v1.0_30_Sep_2024,audit,1,quality,audit_wrong_form,p3: Date Additional ICF was signed by participant
326-201-00007_Annotated_CRF___v1.0_30_Sep_2024,audit,1,quality,audit_wrong_form,p4: Time Additional ICF was signed by participant
326-201-00007_Annotated_CRF___v1.0_30_Sep_2024,audit,1,quality,audit_wrong_form,p4: Additional ICF signed and dated by the physician/nurse?
326-201-00007_Annotated_CRF___v1.0_30_Sep_2024,audit,1,quality,audit_wrong_form,p4: What is the status of the subject?
326-201-00007_Annotated_CRF___v1.0_30_Sep_2024,audit,1,quality,audit_wrong_form,"p39: Exclusion 24. Consumption of alcohol and/or food and beverages containing methylxanthines (caffeinated coffee, caffeinated tea, caffeinated soda, and chocolate), pomelo, grapefruit, grapefruit juice, Seville oranges, Seville orange juice, blueberry juice, or cranberry juice within 72 hours prio"
326-201-00007_Annotated_CRF___v1.0_30_Sep_2024,audit,1,quality,audit_wrong_form,"p39: Exclusion 25. Participants with active suicidal ideation or suicidal behavior within the last 6 months, at the screening visit (Baseline/Screening version), and/or prior to dosing (as evidenced by clinical examination or an answer of “yes” on Questions 4 or 5 of the C SSRS Since Last Visit vers"
326-201-00007_Annotated_CRF___v1.0_30_Sep_2024,audit,1,quality,audit_wrong_form,p39: Exclusion 26. Not able to consume the FDA HFM (High Fat Meal) for Part 2 and Part 3 within 20 minutes.
326-201-00007_Annotated_CRF___v1.0_30_Sep_2024,audit,1,quality,audit_wrong_form,"p39: Exclusion 27. Participant has any significant primary sleep disorder. Participants with known untreated moderate or severe sleep apnea, other major untreated sleep disorders, or a known diagnosis of a circadian rhythm disorder. Participants adequately treated for obstructive sleep apnea are not"
326-201-00007_Annotated_CRF___v1.0_30_Sep_2024,audit,1,quality,audit_missed,p77: Other (Specify)
326-201-00007_Annotated_CRF___v1.0_30_Sep_2024,audit,1,quality,audit_wrong_form,p77: What is the verbatim term for the medical history condition/event?
326-201-00007_Annotated_CRF___v1.0_30_Sep_2024,audit,1,quality,audit_wrong_form,p77: What was the date the Medical History event or condition started?
326-201-00007_Annotated_CRF___v1.0_30_Sep_2024,audit,1,quality,audit_wrong_form,p77: Is the Medical History event or condition still ongoing?
326-201-00007_Annotated_CRF___v1.0_30_Sep_2024,audit,1,quality,audit_wrong_form,p77: What was the date the Medical History event or condition ended?
326-201-00007_Annotated_CRF___v1.0_30_Sep_2024,audit,2,quality,audit_missed,p1: Staff Initials:
326-201-00007_Annotated_CRF___v1.0_30_Sep_2024,audit,2,quality,audit_missed,p1: Comment:
326-201-00007_Annotated_CRF___v1.0_30_Sep_2024,audit,2,quality,audit_wrong_form,p1: Does the participant have a valid photo ID?
326-201-00007_Annotated_CRF___v1.0_30_Sep_2024,audit,2,quality,audit_wrong_form,p1: Did participant complete group information or remote information session?
326-201-00007_Annotated_CRF___v1.0_30_Sep_2024,audit,2,quality,audit_wrong_form,p1: Record who held Group Information Session (full name)
326-201-00007_Annotated_CRF___v1.0_30_Sep_2024,audit,2,quality,audit_wrong_form,p1: Does the Anju study number match the study number in the participants' paper PIS/ICF?
326-201-00007_Annotated_CRF___v1.0_30_Sep_2024,audit,2,quality,audit_wrong_form,p1: Study ICF Signed and Dated by the participant?
326-201-00007_Annotated_CRF___v1.0_30_Sep_2024,audit,2,quality,audit_missed,p2: Staff Initials:
326-201-00007_Annotated_CRF___v1.0_30_Sep_2024,audit,2,quality,audit_missed,p2: Comment:
326-201-00007_Annotated_CRF___v1.0_30_Sep_2024,audit,2,quality,audit_missed,p2: Study ICF Version Number
326-201-00007_Annotated_CRF___v1.0_30_Sep_2024,audit,2,quality,audit_false_positive,p2: Study ICF Version Number (Version must be checked against ICF present in the RSF – escalate any discrepancies)
326-201-00007_Annotated_CRF___v1.0_30_Sep_2024,audit,2,quality,audit_wrong_form,p2: Date Study ICF was signed by participant
326-201-00007_Annotated_CRF___v1.0_30_Sep_2024,audit,2,quality,audit_wrong_form,p2: Time Study ICF was signed by participant
326-201-00007_Annotated_CRF___v1.0_30_Sep_2024,audit,2,quality,audit_wrong_form,p2: Study ICF Part Number
326-201-00007_Annotated_CRF___v1.0_30_Sep_2024,audit,2,quality,audit_wrong_form,p2: Study ICF Version Number (Version must be checked against ICF present in the RSF – escalate any discrepancies)
326-201-00007_Annotated_CRF___v1.0_30_Sep_2024,audit,2,quality,audit_missed,p3: Staff Initials:
326-201-00007_Annotated_CRF___v1.0_30_Sep_2024,audit,2,quality,audit_missed,p3: Comment:
326-201-00007_Annotated_CRF___v1.0_30_Sep_2024,audit,2,quality,audit_wrong_form,p3: Study ICF signed and dated by the physician/nurse?
326-201-00007_Annotated_CRF___v1.0_30_Sep_2024,audit,2,quality,audit_wrong_form,p3: Was a copy of the Study ICF given to the participant?
326-201-00007_Annotated_CRF___v1.0_30_Sep_2024,audit,2,quality,audit_wrong_form,"p3: Has the participant read, understood and signed the consent for the Future Use Sub Study, where a DNA sample will be taken and other data collected may be used for potential future research?"
326-201-00007_Annotated_CRF___v1.0_30_Sep_2024,audit,2,quality,audit_wrong_form,p3: Additional ICF Signed and Dated by the Participant?
326-201-00007_Annotated_CRF___v1.0_30_Sep_2024,audit,2,quality,audit_wrong_form,p3: Date Additional ICF was signed by participant
326-201-00007_Annotated_CRF___v1.0_30_Sep_2024,audit,2,quality,audit_missed,p4: Staff Initials:
326-201-00007_Annotated_CRF___v1.0_30_Sep_2024,audit,2,quality,audit_missed,p4: Comment:
326-201-00007_Annotated_CRF___v1.0_30_Sep_2024,audit,2,quality,audit_wrong_form,p4: Time Additional ICF was signed by participant
326-201-00007_Annotated_CRF___v1.0_30_Sep_2024,audit,2,quality,audit_wrong_form,p4: Additional ICF signed and dated by the physician/nurse?
326-201-00007_Annotated_CRF___v1.0_30_Sep_2024,audit,2,quality,audit_wrong_form,p4: What is the status of the subject?
326-201-00007_Annotated_CRF___v1.0_30_Sep_2024,audit,2,quality,audit_missed,p39: Staff Initials:
326-201-00007_Annotated_CRF___v1.0_30_Sep_2024,audit,2,quality,audit_missed,p39: Comment:
326-201-00007_Annotated_CRF___v1.0_30_Sep_2024,audit,2,quality,audit_wrong_form,"p39: Exclusion 24. Consumption of alcohol and/or food and beverages containing methylxanthines (caffeinated coffee, caffeinated tea, caffeinated soda, and chocolate), pomelo, grapefruit, grapefruit juice, Seville oranges, Seville orange juice, blueberry juice, or cranberry juice within 72 hours prio"
326-201-00007_Annotated_CRF___v1.0_30_Sep_2024,audit,2,quality,audit_wrong_form,"p39: Exclusion 25. Participants with active suicidal ideation or suicidal behavior within the last 6 months, at the screening visit (Baseline/Screening version), and/or prior to dosing (as evidenced by clinical examination or an answer of “yes” on Questions 4 or 5 of the C SSRS Since Last Visit vers"
326-201-00007_Annotated_CRF___v1.0_30_Sep_2024,audit,2,quality,audit_wrong_form,p39: Exclusion 26. Not able to consume the FDA HFM (High Fat Meal) for Part 2 and Part 3 within 20 minutes.
326-201-00007_Annotated_CRF___v1.0_30_Sep_2024,audit,2,quality,audit_wrong_form,"p39: Exclusion 27. Participant has any significant primary sleep disorder. Participants with known untreated moderate or severe sleep apnea, other major untreated sleep disorders, or a known diagnosis of a circadian rhythm disorder. Participants adequately treated for obstructive sleep apnea are not"
326-201-00007_Annotated_CRF___v1.0_30_Sep_2024,audit,2,quality,audit_missed,p56: Staff Initials:
326-201-00007_Annotated_CRF___v1.0_30_Sep_2024,audit,2,quality,audit_missed,p56: Comment:
326-201-00007_Annotated_CRF___v1.0_30_Sep_2024,audit,2,quality,audit_missed,p77: Other (Specify)
326-201-00007_Annotated_CRF___v1.0_30_Sep_2024,audit,2,quality,audit_missed,p77: Staff Initials:
326-201-00007_Annotated_CRF___v1.0_30_Sep_2024,audit,2,quality,audit_missed,p77: Comment:
326-201-00007_Annotated_CRF___v1.0_30_Sep_2024,audit,2,quality,audit_wrong_form,p77: What is the verbatim term for the medical history condition/event?
326-201-00007_Annotated_CRF___v1.0_30_Sep_2024,audit,2,quality,audit_wrong_form,p77: What was the date the Medical History event or condition started?
326-201-00007_Annotated_CRF___v1.0_30_Sep_2024,audit,2,quality,audit_wrong_form,p77: Is the Medical History event or condition still ongoing?
326-201-00007_Annotated_CRF___v1.0_30_Sep_2024,audit,2,quality,audit_wrong_form,p77: What was the date the Medical History event or condition ended?
326-201-00007_Annotated_CRF___v1.0_30_Sep_2024,audit,3,quality,audit_missed,p1: Comment:
326-201-00007_Annotated_CRF___v1.0_30_Sep_2024,audit,3,quality,audit_missed,p1: Comment:
326-201-00007_Annotated_CRF___v1.0_30_Sep_2024,audit,3,quality,audit_missed,p1: Comment:
326-201-00007_Annotated_CRF___v1.0_30_Sep_2024,audit,3,quality,audit_missed,p1: Comment:
326-201-00007_Annotated_CRF___v1.0_30_Sep_2024,audit,3,quality,audit_missed,p1: Comment:
326-201-00007_Annotated_CRF___v1.0_30_Sep_2024,audit,3,quality,audit_wrong_form,p1: Did participant complete group information or remote information session?
326-201-00007_Annotated_CRF___v1.0_30_Sep_2024,audit,3,quality,audit_wrong_form,p1: Record who held Group Information Session (full name)
326-201-00007_Annotated_CRF___v1.0_30_Sep_2024,audit,3,quality,audit_wrong_form,p1: Does the Anju study number match the study number in the participants' paper PIS/ICF?
326-201-00007_Annotated_CRF___v1.0_30_Sep_2024,audit,3,quality,audit_wrong_form,p1: Study ICF Signed and Dated by the participant?
326-201-00007_Annotated_CRF___v1.0_30_Sep_2024,audit,3,quality,audit_missed,p2: Comment:
326-201-00007_Annotated_CRF___v1.0_30_Sep_2024,audit,3,quality,audit_missed,p2: Comment:
326-201-00007_Annotated_CRF___v1.0_30_Sep_2024,audit,3,quality,audit_missed,p2: Comment:
326-201-00007_Annotated_CRF___v1.0_30_Sep_2024,audit,3,quality,audit_missed,p2: Comment:
326-201-00007_Annotated_CRF___v1.0_30_Sep_2024,audit,3,quality,audit_wrong_form,p2: Date Study ICF was signed by participant
326-201-00007_Annotated_CRF___v1.0_30_Sep_2024,audit,3,quality,audit_wrong_form,p2: Time Study ICF was signed by participant
326-201-00007_Annotated_CRF___v1.0_30_Sep_2024,audit,3,quality,audit_wrong_form,p2: Study ICF Part Number
326-201-00007_Annotated_CRF___v1.0_30_Sep_2024,audit,3,quality,audit_wrong_form,p2: Study ICF Version Number
326-201-00007_Annotated_CRF___v1.0_30_Sep_2024,audit,3,quality,audit_missed,p3: Comment:
326-201-00007_Annotated_CRF___v1.0_30_Sep_2024,audit,3,quality,audit_missed,p3: Comment:
326-201-00007_Annotated_CRF___v1.0_30_Sep_2024,audit,3,quality,audit_missed,p3: Comment:
326-201-00007_Annotated_CRF___v1.0_30_Sep_2024,audit,3,quality,audit_missed,p3: Comment:
326-201-00007_Annotated_CRF___v1.0_30_Sep_2024,audit,3,quality,audit_missed,p3: Comment:
326-201-00007_Annotated_CRF___v1.0_30_Sep_2024,audit,3,quality,audit_wrong_form,p3: Was a copy of the Study ICF given to the participant?
326-201-00007_Annotated_CRF___v1.0_30_Sep_2024,audit,3,quality,audit_wrong_form,"p3: Has the participant read, understood and signed the consent for the Future Use Sub Study, where a DNA sample will be taken and other data collected may be used for potential future research?"
326-201-00007_Annotated_CRF___v1.0_30_Sep_2024,audit,3,quality,audit_wrong_form,p3: Additional ICF Signed and Dated by the Participant?
326-201-00007_Annotated_CRF___v1.0_30_Sep_2024,audit,3,quality,audit_wrong_form,p3: Date Additional ICF was signed by participant
326-201-00007_Annotated_CRF___v1.0_30_Sep_2024,audit,3,quality,audit_missed,p4: Comment:
326-201-00007_Annotated_CRF___v1.0_30_Sep_2024,audit,3,quality,audit_missed,p4: Comment:
326-201-00007_Annotated_CRF___v1.0_30_Sep_2024,audit,3,quality,audit_missed,p4: Comment:
326-201-00007_Annotated_CRF___v1.0_30_Sep_2024,audit,3,quality,audit_wrong_form,p4: Additional ICF signed and dated by the physician/nurse?
326-201-00007_Annotated_CRF___v1.0_30_Sep_2024,audit,3,quality,audit_wrong_form,p4: What is the status of the subject?
326-201-00007_Annotated_CRF___v1.0_30_Sep_2024,audit,3,quality,audit_missed,p39: Comment:
326-201-00007_Annotated_CRF___v1.0_30_Sep_2024,audit,3,quality,audit_missed,p39: Comment:
326-201-00007_Annotated_CRF___v1.0_30_Sep_2024,audit,3,quality,audit_missed,p39: Comment:
326-201-00007_Annotated_CRF___v1.0_30_Sep_2024,audit,3,quality,audit_wrong_form,"p39: Exclusion 25. Participants with active suicidal ideation or suicidal behavior within the last 6 months, at the screening visit (Baseline/Screening version), and/or prior to dosing (as evidenced by clinical examination or an answer of “yes” on Questions 4 or 5 of the C SSRS Since Last Visit vers"
326-201-00007_Annotated_CRF___v1.0_30_Sep_2024,audit,3,quality,audit_wrong_form,p39: Exclusion 26. Not able to consume the FDA HFM (High Fat Meal) for Part 2 and Part 3 within 20 minutes.
326-201-00007_Annotated_CRF___v1.0_30_Sep_2024,audit,3,quality,audit_wrong_form,"p39: Exclusion 27. Participant has any significant primary sleep disorder. Participants with known untreated moderate or severe sleep apnea, other major untreated sleep disorders, or a known diagnosis of a circadian rhythm disorder. Participants adequately treated for obstructive sleep apnea are not"
326-201-00007_Annotated_CRF___v1.0_30_Sep_2024,audit,3,quality,audit_missed,p56: Comment:
326-201-00007_Annotated_CRF___v1.0_30_Sep_2024,audit,3,quality,audit_missed,p77: Comment:
326-201-00007_Annotated_CRF___v1.0_30_Sep_2024,audit,3,quality,audit_missed,p77: Comment:
326-201-00007_Annotated_CRF___v1.0_30_Sep_2024,audit,3,quality,audit_missed,p77: Comment:
326-201-00007_Annotated_CRF___v1.0_30_Sep_2024,audit,3,quality,audit_missed,p77: Comment:
326-201-00007_Annotated_CRF___v1.0_30_Sep_2024,audit,3,quality,audit_wrong_form,p77: What is the verbatim term for the medical history condition/event?
326-201-00007_Annotated_CRF___v1.0_30_Sep_2024,audit,3,quality,audit_wrong_form,p77: What was the date the Medical History event or condition started?
326-201-00007_Annotated_CRF___v1.0_30_Sep_2024,audit,3,quality,audit_wrong_form,p77: Is the Medical History event or condition still ongoing?
326-201-00007_Annotated_CRF___v1.0_30_Sep_2024,audit,3,quality,audit_wrong_form,p77: What was the date the Medical History event or condition ended?
326-201-00007_Annotated_CRF___v1.0_30_Sep_2024,audit,3,quality,audit_missed,p81: Comment:
326-201-00007_Annotated_CRF___v1.0_30_Sep_2024,audit,3,quality,audit_wrong_form,p81: What was the frequency of the medication? (Frequency)
326-201-00007_Annotated_CRF___v1.0_30_Sep_2024,loop,,quality,stopped_with_open_issues,"stop=plateau, open audit issues=22"
326-201-00007_Annotated_CRF___v1.0_30_Sep_2024_1_,gates,1,quality,warn_furniture_candidates,"These field_name values were extracted on >=70% of ALL pages: 'Answer(s):'; 'Comment:'; 'Staff Initials:'. Text recurring on nearly every page is usually page template furniture (watermark/footer/stamp), not a field - verify against the page dumps and stop extracting it unless it is genuinely a per-"
326-201-00007_Annotated_CRF___v1.0_30_Sep_2024_1_,audit,1,quality,audit_missed,p1: Has the participant's photographic and wristband ID been verified and wristband applied to participant's wrist?
326-201-00007_Annotated_CRF___v1.0_30_Sep_2024_1_,audit,1,quality,audit_missed,p1: ______________________________ (9999 char. max.)
326-201-00007_Annotated_CRF___v1.0_30_Sep_2024_1_,audit,1,quality,audit_missed,p1: Date _  _  -  _  _  _  -  _  _  _  _ (dd-MMM-yyyy)
326-201-00007_Annotated_CRF___v1.0_30_Sep_2024_1_,audit,1,quality,audit_missed,p1: Version  _  _  .  _   (##.0)
326-201-00007_Annotated_CRF___v1.0_30_Sep_2024_1_,audit,1,quality,audit_false_positive,p1: Answer(s):
326-201-00007_Annotated_CRF___v1.0_30_Sep_2024_1_,audit,1,quality,audit_wrong_form,p1: Staff Initials:
326-201-00007_Annotated_CRF___v1.0_30_Sep_2024_1_,audit,1,quality,audit_wrong_form,p1: Comment:
326-201-00007_Annotated_CRF___v1.0_30_Sep_2024_1_,audit,1,quality,audit_wrong_form,p1: Has the participant's photographic and wristband ID been verified and wristband applied to
326-201-00007_Annotated_CRF___v1.0_30_Sep_2024_1_,audit,1,quality,audit_wrong_form,p1: Bag search performed?
326-201-00007_Annotated_CRF___v1.0_30_Sep_2024_1_,audit,1,quality,audit_wrong_form,"p1: If restricted items removed, record items here"
326-201-00007_Annotated_CRF___v1.0_30_Sep_2024_1_,audit,1,quality,audit_wrong_form,p1: Has the ICF version been checked?
326-201-00007_Annotated_CRF___v1.0_30_Sep_2024_1_,audit,1,quality,audit_wrong_form,p1: Signed ICF Version / Date
326-201-00007_Annotated_CRF___v1.0_30_Sep_2024_1_,audit,1,quality,audit_missed,p2: Has the participant consumed any alcohol within 48 hours (72hrs prior to dosing) prior to Admission visit?  (If 'Yes' exclude per exclusion criteria #24)
326-201-00007_Annotated_CRF___v1.0_30_Sep_2024_1_,audit,1,quality,audit_missed,p2: Date _  _  -  _  _  _  -  _  _  _  _ (dd-MMM-yyyy)
326-201-00007_Annotated_CRF___v1.0_30_Sep_2024_1_,audit,1,quality,audit_missed,p2: Time _  _  :  _  _ (HH:mm)
326-201-00007_Annotated_CRF___v1.0_30_Sep_2024_1_,audit,1,quality,audit_missed,p2: No of Units  _  _  units (##)
326-201-00007_Annotated_CRF___v1.0_30_Sep_2024_1_,audit,1,quality,audit_missed,"p2: Has the participant consumed food and beverages containing methylxanthines (caffeinated coffee, caffeinated tea, caffeinated soda, and chocolate) within 48 hours (72hrs prior to dosing) prior to Admission visit? (If 'Yes' exclude per exclusion criteria #24)"
326-201-00007_Annotated_CRF___v1.0_30_Sep_2024_1_,audit,1,quality,audit_false_positive,p2: Answer(s):
326-201-00007_Annotated_CRF___v1.0_30_Sep_2024_1_,audit,1,quality,audit_false_positive,p2: Time (HH:mm) No of Units units (##)
326-201-00007_Annotated_CRF___v1.0_30_Sep_2024_1_,audit,1,quality,audit_wrong_form,p2: Staff Initials:
326-201-00007_Annotated_CRF___v1.0_30_Sep_2024_1_,audit,1,quality,audit_wrong_form,p2: Comment:
326-201-00007_Annotated_CRF___v1.0_30_Sep_2024_1_,audit,1,quality,audit_wrong_form,p2: Has it been more than 20 days since the Screening visit?
326-201-00007_Annotated_CRF___v1.0_30_Sep_2024_1_,audit,1,quality,audit_wrong_form,p2: Has the participant consumed any alcohol within 48 hours (72hrs prior to dosing) prior to
326-201-00007_Annotated_CRF___v1.0_30_Sep_2024_1_,audit,1,quality,audit_wrong_form,p2: Has the participant consumed food and beverages containing methylxanthines (caffeinated
326-201-00007_Annotated_CRF___v1.0_30_Sep_2024_1_,audit,1,quality,audit_missed,"p3: Has participant consumed food or beverages containing pomelo, grapefruit, grapefruit juice, Seville oranges, Seville orange juice, blueberry juice, or cranberry juice within 48 hours (72hrs prior to dosing) prior to Admission visit? (If 'Yes' exclude per exclusion criteria #24)"
326-201-00007_Annotated_CRF___v1.0_30_Sep_2024_1_,audit,1,quality,audit_missed,p3: Has the participant consumed any food containing poppy seeds within 48 hours prior to Admission visit?
326-201-00007_Annotated_CRF___v1.0_30_Sep_2024_1_,audit,1,quality,audit_missed,p3: Has the participant had strenuous activity (e.g. weightlifting) within 72 hours prior to Admission visit?
326-201-00007_Annotated_CRF___v1.0_30_Sep_2024_1_,audit,1,quality,audit_missed,p3: Has the participant use of tobacco products or experience daily exposure to second-hand smoke since Screening?  (If 'Yes' exclude per exclusion criteria #14)
326-201-00007_Annotated_CRF___v1.0_30_Sep_2024_1_,audit,1,quality,audit_false_positive,p3: Answer(s):
326-201-00007_Annotated_CRF___v1.0_30_Sep_2024_1_,audit,1,quality,audit_false_positive,p3: Please ensure that a Protocol Deviation is completed
326-201-00007_Annotated_CRF___v1.0_30_Sep_2024_1_,audit,1,quality,audit_wrong_form,p3: Staff Initials:
326-201-00007_Annotated_CRF___v1.0_30_Sep_2024_1_,audit,1,quality,audit_wrong_form,p3: Comment:
326-201-00007_Annotated_CRF___v1.0_30_Sep_2024_1_,audit,1,quality,audit_wrong_form,"p3: Has participant consumed food or beverages containing pomelo, grapefruit, grapefruit juice,"
326-201-00007_Annotated_CRF___v1.0_30_Sep_2024_1_,audit,1,quality,audit_wrong_form,p3: Has the participant consumed any food containing poppy seeds within 48 hours prior to
326-201-00007_Annotated_CRF___v1.0_30_Sep_2024_1_,audit,1,quality,audit_wrong_form,p3: Has the participant had strenuous activity (e.g. weightlifting) within 72 hours prior to Admission
326-201-00007_Annotated_CRF___v1.0_30_Sep_2024_1_,audit,1,quality,audit_wrong_form,p3: Has the participant use of tobacco products or experience daily exposure to second-hand
326-201-00007_Annotated_CRF___v1.0_30_Sep_2024_1_,audit,1,quality,audit_wrong_form,p33: Comment:
326-201-00007_Annotated_CRF___v1.0_30_Sep_2024_1_,audit,1,quality,audit_missed,p47: Diastolic  _  _  _  _  mmHg (####)
326-201-00007_Annotated_CRF___v1.0_30_Sep_2024_1_,audit,1,quality,audit_missed,p47: Open Field ______________________________ (200 char. max.)
326-201-00007_Annotated_CRF___v1.0_30_Sep_2024_1_,audit,1,quality,audit_missed,"p47: PRE-DOSE - Targeted Physical Examination:  Does the participant require a targeted physical examination? (If yes, please specify the reason)"
326-201-00007_Annotated_CRF___v1.0_30_Sep_2024_1_,audit,1,quality,audit_missed,p47: Yes (Specify) ______________________________ (50 char. max.) (Activates Line 145)
326-201-00007_Annotated_CRF___v1.0_30_Sep_2024_1_,audit,1,quality,audit_false_positive,p47: Answer(s):
326-201-00007_Annotated_CRF___v1.0_30_Sep_2024_1_,audit,1,quality,audit_false_positive,p47: PRE-DOSE - Vital Sign Findings
326-201-00007_Annotated_CRF___v1.0_30_Sep_2024_1_,audit,1,quality,audit_wrong_form,p47: Staff Initials:
326-201-00007_Annotated_CRF___v1.0_30_Sep_2024_1_,audit,1,quality,audit_wrong_form,p47: Comment:
326-201-00007_Annotated_CRF___v1.0_30_Sep_2024_1_,audit,1,quality,audit_wrong_form,p47: PRE-DOSE - Clinical Assessment of Vital Signs (Medic or Nurse to assess vital signs)
326-201-00007_Annotated_CRF___v1.0_30_Sep_2024_1_,audit,1,quality,audit_wrong_form,p47: PRE-DOSE - Targeted Physical Examination: Does the participant require a targeted physical
326-201-00007_Annotated_CRF___v1.0_30_Sep_2024_1_,audit,1,quality,audit_missed,p126: ______________________________ (500 char. max.)
326-201-00007_Annotated_CRF___v1.0_30_Sep_2024_1_,audit,1,quality,audit_false_positive,p126: Answer(s):
326-201-00007_Annotated_CRF___v1.0_30_Sep_2024_1_,audit,1,quality,audit_false_positive,p126: PRE-DOSE Triplicate ECG 2: ECG Findings
326-201-00007_Annotated_CRF___v1.0_30_Sep_2024_1_,audit,1,quality,audit_false_positive,"p126: PRE-DOSE Triplicate ECG 2: ECG Findings, including rhythm assessment"
326-201-00007_Annotated_CRF___v1.0_30_Sep_2024_1_,audit,1,quality,audit_false_positive,p126: PRE-DOSE Triplicate ECG 3: 12 Lead Standard ECG (To be performed at least 2 minutes after
326-201-00007_Annotated_CRF___v1.0_30_Sep_2024_1_,audit,1,quality,audit_wrong_form,p126: Comment:
326-201-00007_Annotated_CRF___v1.0_30_Sep_2024_1_,audit,1,quality,audit_wrong_form,p126: Staff Initials:
326-201-00007_Annotated_CRF___v1.0_30_Sep_2024_1_,audit,1,quality,audit_wrong_form,p126: PRE-DOSE Triplicate ECG 2: Was the ECG clinically significant? (Medic to assess)
326-201-00007_Annotated_CRF___v1.0_30_Sep_2024_1_,audit,1,quality,audit_missed,p247: QTcF  _  _  _  ms (##0)
326-201-00007_Annotated_CRF___v1.0_30_Sep_2024_1_,audit,1,quality,audit_missed,p247: Systolic  _  _  _  mmHg (##0)
326-201-00007_Annotated_CRF___v1.0_30_Sep_2024_1_,audit,1,quality,audit_false_positive,p247: Answer(s):
326-201-00007_Annotated_CRF___v1.0_30_Sep_2024_1_,audit,1,quality,audit_false_positive,p247: interval of >60 msec from baseline (confirmed following a repeat ECG)
326-201-00007_Annotated_CRF___v1.0_30_Sep_2024_1_,audit,1,quality,audit_wrong_form,p247: Staff Initials:
326-201-00007_Annotated_CRF___v1.0_30_Sep_2024_1_,audit,1,quality,audit_wrong_form,p247: Comment:
326-201-00007_Annotated_CRF___v1.0_30_Sep_2024_1_,audit,1,quality,audit_wrong_form,p247: Diastolic mmHg (##0)
326-201-00007_Annotated_CRF___v1.0_30_Sep_2024_1_,audit,1,quality,audit_wrong_form,p247: Heart Rate beats/min (##0)
326-201-00007_Annotated_CRF___v1.0_30_Sep_2024_1_,audit,1,quality,audit_wrong_form,p247: Respiratory Rate breaths/mi (##0)
326-201-00007_Annotated_CRF___v1.0_30_Sep_2024_1_,audit,1,quality,audit_wrong_form,p247: Oral Temperature Degrees Celsius C (##.0)
326-201-00007_Annotated_CRF___v1.0_30_Sep_2024_1_,audit,1,quality,audit_wrong_form,p247: Clinical Assessment of Vital Signs (Medic or Nurse to assess vital signs)
326-201-00007_Annotated_CRF___v1.0_30_Sep_2024_1_,audit,1,quality,audit_missed,p368: Open Field ______________________________ (200 char. max.)
326-201-00007_Annotated_CRF___v1.0_30_Sep_2024_1_,audit,1,quality,audit_false_positive,p368: PRE-DOSE - Vital Sign Findings
326-201-00007_Annotated_CRF___v1.0_30_Sep_2024_1_,audit,1,quality,audit_false_positive,p368: Answer(s):
326-201-00007_Annotated_CRF___v1.0_30_Sep_2024_1_,audit,1,quality,audit_false_positive,p368: PK Sample for Bioanalysis - Gently invert tube 8-10 times immediately after collection and
326-201-00007_Annotated_CRF___v1.0_30_Sep_2024_1_,audit,1,quality,audit_wrong_form,p368: Comment:
326-201-00007_Annotated_CRF___v1.0_30_Sep_2024_1_,audit,1,quality,audit_wrong_form,p368: Staff Initials:
326-201-00007_Annotated_CRF___v1.0_30_Sep_2024_1_,audit,1,quality,audit_wrong_form,p368: Barcode:
326-201-00007_Annotated_CRF___v1.0_30_Sep_2024_1_,audit,1,quality,audit_wrong_form,p368: Confirm an AE and Conmed check has been performed (Record any AE and Conmeds if
326-201-00007_Annotated_CRF___v1.0_30_Sep_2024_1_,audit,1,quality,audit_wrong_form,p368: I confirm that the participant continues to be eligible to participate in this clinical study.
326-201-00007_Annotated_CRF___v1.0_30_Sep_2024_1_,audit,1,quality,audit_wrong_form,p368: Prandial state
326-201-00007_Annotated_CRF___v1.0_30_Sep_2024_1_,gates,3,quality,warn_furniture_candidates,"These field_name values were extracted on >=70% of ALL pages: 'Comment:'; 'Staff Initials:'. Text recurring on nearly every page is usually page template furniture (watermark/footer/stamp), not a field - verify against the page dumps and stop extracting it unless it is genuinely a per-page data-entr"
326-201-00007_Annotated_CRF___v1.0_30_Sep_2024_1_,audit,3,quality,audit_missed,p1: Date _  _  -  _  _  _  -  _  _  _  _ (dd-MMM-yyyy)
326-201-00007_Annotated_CRF___v1.0_30_Sep_2024_1_,audit,3,quality,audit_missed,p1: Version  _  _  .  _   (##.0)
326-201-00007_Annotated_CRF___v1.0_30_Sep_2024_1_,audit,3,quality,audit_false_positive,p1: Answer(s):
326-201-00007_Annotated_CRF___v1.0_30_Sep_2024_1_,audit,3,quality,audit_false_positive,p1: (9999 char. max.)
326-201-00007_Annotated_CRF___v1.0_30_Sep_2024_1_,audit,3,quality,audit_false_positive,p1: Date (dd-MMM-yyyy) Version (##.0)
326-201-00007_Annotated_CRF___v1.0_30_Sep_2024_1_,audit,3,quality,audit_missed,p2: Date _  _  -  _  _  _  -  _  _  _  _ (dd-MMM-yyyy)
326-201-00007_Annotated_CRF___v1.0_30_Sep_2024_1_,audit,3,quality,audit_missed,p2: Time _  _  :  _  _ (HH:mm)
326-201-00007_Annotated_CRF___v1.0_30_Sep_2024_1_,audit,3,quality,audit_missed,p2: No of Units  _  _  units (##)
326-201-00007_Annotated_CRF___v1.0_30_Sep_2024_1_,audit,3,quality,audit_false_positive,p2: Time (HH:mm) No of Units units (##)
326-201-00007_Annotated_CRF___v1.0_30_Sep_2024_1_,audit,3,quality,audit_false_positive,p2: Date (dd-MMM-yyyy) Time (HH:mm) No of Units units (##)
326-201-00007_Annotated_CRF___v1.0_30_Sep_2024_1_,audit,3,quality,audit_missed,p4: Has the participant been unwell or have they had any accidents or injuries since Screening?
326-201-00007_Annotated_CRF___v1.0_30_Sep_2024_1_,audit,3,quality,audit_missed,p4: Record time of urine sample (For all Urine Assessments) (Collect Urine Sample)
326-201-00007_Annotated_CRF___v1.0_30_Sep_2024_1_,audit,3,quality,audit_false_positive,p4: Update Medical History where appropriate.
326-201-00007_Annotated_CRF___v1.0_30_Sep_2024_1_,audit,3,quality,audit_wrong_form,p47: Diastolic mmHg (####)
326-201-00007_Annotated_CRF___v1.0_30_Sep_2024_1_,audit,3,quality,audit_missed,p126: PRE-DOSE Triplicate ECG 2: ECG Findings
326-201-00007_Annotated_CRF___v1.0_30_Sep_2024_1_,audit,3,quality,audit_missed,"p126: PRE-DOSE Triplicate ECG 2: ECG Findings, including rhythm assessment"
326-201-00007_Annotated_CRF___v1.0_30_Sep_2024_1_,audit,3,quality,audit_false_positive,p126: (500 char. max.)
326-201-00007_Annotated_CRF___v1.0_30_Sep_2024_1_,audit,3,quality,audit_false_positive,p247: Vital Signs
326-201-00007_Annotated_CRF___v1.0_30_Sep_2024_1_,audit,3,quality,audit_wrong_form,p247: QTcF ms (##0)
326-201-00007_Annotated_CRF___v1.0_30_Sep_2024_1_,audit,3,quality,audit_missed,p368: PRE-DOSE - Vital Sign Findings
326-201-00007_Annotated_CRF___v1.0_30_Sep_2024_1_,audit,3,quality,audit_missed,p368: Barcode:
326-201-00007_Annotated_CRF___v1.0_30_Sep_2024_1_,audit,3,quality,audit_missed,p368: Confirm an AE and Conmed check has been performed (Record any AE and Conmeds if applicable)
326-201-00007_Annotated_CRF___v1.0_30_Sep_2024_1_,audit,3,quality,audit_missed,p368: Prandial state
326-201-00007_Annotated_CRF___v1.0_30_Sep_2024_1_,gates,4,quality,warn_furniture_candidates,"These field_name values were extracted on >=70% of ALL pages: 'Answer(s):'. Text recurring on nearly every page is usually page template furniture (watermark/footer/stamp), not a field - verify against the page dumps and stop extracting it unless it is genuinely a per-page data-entry field."
326-201-00007_Annotated_CRF___v1.0_30_Sep_2024_1_,audit,4,quality,audit_missed,p1: Has the participant's photographic and wristband ID been verified and wristband applied to participant's wrist?
326-201-00007_Annotated_CRF___v1.0_30_Sep_2024_1_,audit,4,quality,audit_missed,p1: Staff Initials:
326-201-00007_Annotated_CRF___v1.0_30_Sep_2024_1_,audit,4,quality,audit_missed,p1: Comment:
326-201-00007_Annotated_CRF___v1.0_30_Sep_2024_1_,audit,4,quality,audit_missed,p1: Date _  _  -  _  _  _  -  _  _  _  _ (dd-MMM-yyyy)
326-201-00007_Annotated_CRF___v1.0_30_Sep_2024_1_,audit,4,quality,audit_missed,p1: Version  _  _  .  _   (##.0)
326-201-00007_Annotated_CRF___v1.0_30_Sep_2024_1_,audit,4,quality,audit_false_positive,p1: Answer(s):
326-201-00007_Annotated_CRF___v1.0_30_Sep_2024_1_,audit,4,quality,audit_false_positive,p1: Has the participant's photographic and wristband ID been verified and wristband applied to
326-201-00007_Annotated_CRF___v1.0_30_Sep_2024_1_,audit,4,quality,audit_false_positive,p1: Signed ICF Version Date
326-201-00007_Annotated_CRF___v1.0_30_Sep_2024_1_,audit,4,quality,audit_wrong_form,p1: Bag search performed?
326-201-00007_Annotated_CRF___v1.0_30_Sep_2024_1_,audit,4,quality,audit_wrong_form,"p1: If restricted items removed, record items here"
326-201-00007_Annotated_CRF___v1.0_30_Sep_2024_1_,audit,4,quality,audit_wrong_form,p1: Has the ICF version been checked?
326-201-00007_Annotated_CRF___v1.0_30_Sep_2024_1_,audit,4,quality,audit_missed,p2: Staff Initials:
326-201-00007_Annotated_CRF___v1.0_30_Sep_2024_1_,audit,4,quality,audit_missed,p2: Comment:
326-201-00007_Annotated_CRF___v1.0_30_Sep_2024_1_,audit,4,quality,audit_missed,p2: Has the participant consumed any alcohol within 48 hours (72hrs prior to dosing) prior to Admission visit?  (If 'Yes' exclude per exclusion criteria #24)
326-201-00007_Annotated_CRF___v1.0_30_Sep_2024_1_,audit,4,quality,audit_missed,"p2: Has the participant consumed food and beverages containing methylxanthines (caffeinated coffee, caffeinated tea, caffeinated soda, and chocolate) within 48 hours (72hrs prior to dosing) prior to Admission visit? (If 'Yes' exclude per exclusion criteria #24)"
326-201-00007_Annotated_CRF___v1.0_30_Sep_2024_1_,audit,4,quality,audit_missed,p2: Date _  _  -  _  _  _  -  _  _  _  _ (dd-MMM-yyyy)
326-201-00007_Annotated_CRF___v1.0_30_Sep_2024_1_,audit,4,quality,audit_missed,p2: Time _  _  :  _  _ (HH:mm)
326-201-00007_Annotated_CRF___v1.0_30_Sep_2024_1_,audit,4,quality,audit_missed,p2: No of Units  _  _  units (##)
326-201-00007_Annotated_CRF___v1.0_30_Sep_2024_1_,audit,4,quality,audit_false_positive,p2: Answer(s):
326-201-00007_Annotated_CRF___v1.0_30_Sep_2024_1_,audit,4,quality,audit_false_positive,p2: Has the participant consumed any alcohol within 48 hours (72hrs prior to dosing) prior to
326-201-00007_Annotated_CRF___v1.0_30_Sep_2024_1_,audit,4,quality,audit_false_positive,p2: Has the participant consumed food and beverages containing methylxanthines (caffeinated
326-201-00007_Annotated_CRF___v1.0_30_Sep_2024_1_,audit,4,quality,audit_wrong_form,p2: Has it been more than 20 days since the Screening visit?
326-201-00007_Annotated_CRF___v1.0_30_Sep_2024_1_,audit,4,quality,audit_wrong_form,"p2: If consumed; date, time and number of units"
326-201-00007_Annotated_CRF___v1.0_30_Sep_2024_1_,audit,4,quality,audit_missed,p3: Staff Initials:
326-201-00007_Annotated_CRF___v1.0_30_Sep_2024_1_,audit,4,quality,audit_missed,p3: Comment:
326-201-00007_Annotated_CRF___v1.0_30_Sep_2024_1_,audit,4,quality,audit_missed,"p3: Has participant consumed food or beverages containing pomelo, grapefruit, grapefruit juice, Seville oranges, Seville orange juice, blueberry juice, or cranberry juice within 48 hours (72hrs prior to dosing) prior to Admission visit? (If 'Yes' exclude per exclusion criteria #24)"
326-201-00007_Annotated_CRF___v1.0_30_Sep_2024_1_,audit,4,quality,audit_missed,p3: Has the participant consumed any food containing poppy seeds within 48 hours prior to Admission visit?
326-201-00007_Annotated_CRF___v1.0_30_Sep_2024_1_,audit,4,quality,audit_missed,p3: Has the participant had strenuous activity (e.g. weightlifting) within 72 hours prior to Admission visit?
326-201-00007_Annotated_CRF___v1.0_30_Sep_2024_1_,audit,4,quality,audit_missed,p3: Has the participant use of tobacco products or experience daily exposure to second-hand smoke since Screening?  (If 'Yes' exclude per exclusion criteria #14)
326-201-00007_Annotated_CRF___v1.0_30_Sep_2024_1_,audit,4,quality,audit_false_positive,p3: Answer(s):
326-201-00007_Annotated_CRF___v1.0_30_Sep_2024_1_,audit,4,quality,audit_false_positive,"p3: Has participant consumed food or beverages containing pomelo, grapefruit, grapefruit juice"
326-201-00007_Annotated_CRF___v1.0_30_Sep_2024_1_,audit,4,quality,audit_false_positive,p3: Has the participant consumed any food containing poppy seeds within 48 hours prior to
326-201-00007_Annotated_CRF___v1.0_30_Sep_2024_1_,audit,4,quality,audit_false_positive,p3: Has the participant had strenuous activity (e.g. weightlifting) within 72 hours prior to Admission
326-201-00007_Annotated_CRF___v1.0_30_Sep_2024_1_,audit,4,quality,audit_false_positive,p3: Has the participant use of tobacco products or experience daily exposure to second-hand
326-201-00007_Annotated_CRF___v1.0_30_Sep_2024_1_,audit,4,quality,audit_missed,p4: Staff Initials:
326-201-00007_Annotated_CRF___v1.0_30_Sep_2024_1_,audit,4,quality,audit_missed,p4: Comment:
326-201-00007_Annotated_CRF___v1.0_30_Sep_2024_1_,audit,4,quality,audit_missed,p4: Record time of urine sample (For all Urine Assessments) (Collect Urine Sample)
326-201-00007_Annotated_CRF___v1.0_30_Sep_2024_1_,audit,4,quality,audit_missed,"p4: What was the bilirubin result?  If any positive result, inform medic/PI. (Perform urinalysis and read results)"
326-201-00007_Annotated_CRF___v1.0_30_Sep_2024_1_,audit,4,quality,audit_false_positive,p4: Answer(s):
326-201-00007_Annotated_CRF___v1.0_30_Sep_2024_1_,audit,4,quality,audit_false_positive,"p4: What was the bilirubin result? If any positive result, inform medic/PI. (Perform urinalysis and"
326-201-00007_Annotated_CRF___v1.0_30_Sep_2024_1_,audit,4,quality,audit_wrong_form,p4: Has the participant been unwell or have they had any accidents or injuries since Screening?
326-201-00007_Annotated_CRF___v1.0_30_Sep_2024_1_,audit,4,quality,audit_wrong_form,p4: Has the participant taken any new medication since the screening visit?
326-201-00007_Annotated_CRF___v1.0_30_Sep_2024_1_,audit,4,quality,audit_missed,p33: Comment:
326-201-00007_Annotated_CRF___v1.0_30_Sep_2024_1_,audit,4,quality,audit_missed,p47: Staff Initials:
326-201-00007_Annotated_CRF___v1.0_30_Sep_2024_1_,audit,4,quality,audit_missed,p47: Comment:
326-201-00007_Annotated_CRF___v1.0_30_Sep_2024_1_,audit,4,quality,audit_missed,p47: Diastolic  _  _  _  _  mmHg (####)
326-201-00007_Annotated_CRF___v1.0_30_Sep_2024_1_,audit,4,quality,audit_missed,p47: PRE-DOSE - Clinical Assessment of Vital Signs (Medic or Nurse to assess vital signs)
326-201-00007_Annotated_CRF___v1.0_30_Sep_2024_1_,audit,4,quality,audit_missed,p47: PRE-DOSE - Vital Sign Findings
326-201-00007_Annotated_CRF___v1.0_30_Sep_2024_1_,audit,4,quality,audit_missed,p47: Open Field ______________________________ (200 char. max.)
326-201-00007_Annotated_CRF___v1.0_30_Sep_2024_1_,audit,4,quality,audit_missed,"p47: PRE-DOSE - Targeted Physical Examination:  Does the participant require a targeted physical examination? (If yes, please specify the reason)"
326-201-00007_Annotated_CRF___v1.0_30_Sep_2024_1_,audit,4,quality,audit_false_positive,p47: Answer(s):
326-201-00007_Annotated_CRF___v1.0_30_Sep_2024_1_,audit,4,quality,audit_false_positive,p47: PRE-DOSE Vital Signs Difference for DIASTOLIC Drop (Supine)
326-201-00007_Annotated_CRF___v1.0_30_Sep_2024_1_,audit,4,quality,audit_false_positive,p47: PRE-DOSE Clinical Assessment of Vital Signs (Medic or Nurse to assess vital signs)
326-201-00007_Annotated_CRF___v1.0_30_Sep_2024_1_,audit,4,quality,audit_false_positive,p47: PRE-DOSE Vital Sign Findings
326-201-00007_Annotated_CRF___v1.0_30_Sep_2024_1_,audit,4,quality,audit_false_positive,p47: PRE-DOSE Targeted Physical Examination: Does the participant require a targeted physical
326-201-00007_Annotated_CRF___v1.0_30_Sep_2024_1_,audit,4,quality,audit_wrong_form,p47: Comment:
326-201-00007_Annotated_CRF___v1.0_30_Sep_2024_1_,audit,4,quality,audit_missed,p126: Staff Initials:
326-201-00007_Annotated_CRF___v1.0_30_Sep_2024_1_,audit,4,quality,audit_missed,p126: Comment:
326-201-00007_Annotated_CRF___v1.0_30_Sep_2024_1_,audit,4,quality,audit_false_positive,p126: Answer(s):
326-201-00007_Annotated_CRF___v1.0_30_Sep_2024_1_,audit,4,quality,audit_wrong_form,p126: PRE-DOSE Triplicate ECG 2: Was the ECG clinically significant? (Medic to assess)
326-201-00007_Annotated_CRF___v1.0_30_Sep_2024_1_,audit,4,quality,audit_wrong_form,p126: PRE-DOSE Triplicate ECG 2: ECG Findings
326-201-00007_Annotated_CRF___v1.0_30_Sep_2024_1_,audit,4,quality,audit_wrong_form,"p126: PRE-DOSE Triplicate ECG 2: ECG Findings, including rhythm assessment"
326-201-00007_Annotated_CRF___v1.0_30_Sep_2024_1_,audit,4,quality,audit_missed,p247: Staff Initials:
326-201-00007_Annotated_CRF___v1.0_30_Sep_2024_1_,audit,4,quality,audit_missed,p247: Comment:
326-201-00007_Annotated_CRF___v1.0_30_Sep_2024_1_,audit,4,quality,audit_missed,p247: QTcF  _  _  _  ms (##0)
326-201-00007_Annotated_CRF___v1.0_30_Sep_2024_1_,audit,4,quality,audit_missed,p247: Systolic  _  _  _  mmHg (##0)
326-201-00007_Annotated_CRF___v1.0_30_Sep_2024_1_,audit,4,quality,audit_missed,p247: Diastolic  _  _  _  mmHg (##0)
326-201-00007_Annotated_CRF___v1.0_30_Sep_2024_1_,audit,4,quality,audit_missed,p247: Heart Rate  _  _  _  beats/min (##0)
326-201-00007_Annotated_CRF___v1.0_30_Sep_2024_1_,audit,4,quality,audit_missed,p247: Respiratory Rate  _  _  _  breaths/mi (##0)
326-201-00007_Annotated_CRF___v1.0_30_Sep_2024_1_,audit,4,quality,audit_missed,p247: Oral Temperature - Degrees Celsius  _  _  .  _  C (##.0)
326-201-00007_Annotated_CRF___v1.0_30_Sep_2024_1_,audit,4,quality,audit_false_positive,p247: Answer(s):
326-201-00007_Annotated_CRF___v1.0_30_Sep_2024_1_,audit,4,quality,audit_false_positive,p247: ECG Difference Calculation a participant will be withdrawn where there is an increase in QTcF
326-201-00007_Annotated_CRF___v1.0_30_Sep_2024_1_,audit,4,quality,audit_false_positive,p247: Vital Signs
326-201-00007_Annotated_CRF___v1.0_30_Sep_2024_1_,audit,4,quality,audit_wrong_form,p247: Clinical Assessment of Vital Signs (Medic or Nurse to assess vital signs)
326-201-00007_Annotated_CRF___v1.0_30_Sep_2024_1_,audit,4,quality,audit_missed,p368: Staff Initials:
326-201-00007_Annotated_CRF___v1.0_30_Sep_2024_1_,audit,4,quality,audit_missed,p368: Comment:
326-201-00007_Annotated_CRF___v1.0_30_Sep_2024_1_,audit,4,quality,audit_missed,p368: PRE-DOSE - Vital Sign Findings
326-201-00007_Annotated_CRF___v1.0_30_Sep_2024_1_,audit,4,quality,audit_missed,p368: Open Field ______________________________ (200 char. max.)
326-201-00007_Annotated_CRF___v1.0_30_Sep_2024_1_,audit,4,quality,audit_missed,p368: Barcode:
326-201-00007_Annotated_CRF___v1.0_30_Sep_2024_1_,audit,4,quality,audit_missed,p368: Confirm an AE and Conmed check has been performed (Record any AE and Conmeds if applicable)
326-201-00007_Annotated_CRF___v1.0_30_Sep_2024_1_,audit,4,quality,audit_missed,p368: Prandial state
326-201-00007_Annotated_CRF___v1.0_30_Sep_2024_1_,audit,4,quality,audit_false_positive,p368: Answer(s):
326-201-00007_Annotated_CRF___v1.0_30_Sep_2024_1_,audit,4,quality,audit_false_positive,p368: PRE-DOSE Vital Sign Findings
326-201-00007_Annotated_CRF___v1.0_30_Sep_2024_1_,audit,4,quality,audit_false_positive,p368: PK Sample for Bioanalysis Gently invert tube 8-10 times immediately after collection and
326-201-00007_Annotated_CRF___v1.0_30_Sep_2024_1_,audit,4,quality,audit_false_positive,p368: Confirm an AE and Conmed check has been performed (Record any AE and Conmeds if
326-201-00007_Annotated_CRF___v1.0_30_Sep_2024_1_,audit,4,quality,audit_wrong_form,p368: I confirm that the participant continues to be eligible to participate in this clinical study.
326-201-00007_Annotated_CRF___v1.0_30_Sep_2024_1_,audit,4,quality,audit_missed,p479: Comment:
326-201-00007_Annotated_CRF___v1.0_30_Sep_2024_1_,gates,5,quality,warn_furniture_candidates,"These field_name values were extracted on >=70% of ALL pages: 'Answer:'; 'Comment:'. Text recurring on nearly every page is usually page template furniture (watermark/footer/stamp), not a field - verify against the page dumps and stop extracting it unless it is genuinely a per-page data-entry field."
326-201-00007_Annotated_CRF___v1.0_30_Sep_2024_1_,audit,5,quality,audit_missed,p1: Has the participant's photographic and wristband ID been verified and wristband applied to participant's wrist?
326-201-00007_Annotated_CRF___v1.0_30_Sep_2024_1_,audit,5,quality,audit_missed,p1: Staff Initials:
326-201-00007_Annotated_CRF___v1.0_30_Sep_2024_1_,audit,5,quality,audit_missed,p1: Answer(s):
326-201-00007_Annotated_CRF___v1.0_30_Sep_2024_1_,audit,5,quality,audit_missed,"p1: If restricted items removed, record items here"
326-201-00007_Annotated_CRF___v1.0_30_Sep_2024_1_,audit,5,quality,audit_missed,p1: Date _  _  -  _  _  _  -  _  _  _  _ (dd-MMM-yyyy)
326-201-00007_Annotated_CRF___v1.0_30_Sep_2024_1_,audit,5,quality,audit_missed,p1: Version  _  _  .  _   (##.0)
326-201-00007_Annotated_CRF___v1.0_30_Sep_2024_1_,audit,5,quality,audit_false_positive,p1: Day 0 -00:00.00 Admission Restrictions: Photo ID #1 1.0
326-201-00007_Annotated_CRF___v1.0_30_Sep_2024_1_,audit,5,quality,audit_false_positive,p1: Day 0 -00:00.00
326-201-00007_Annotated_CRF___v1.0_30_Sep_2024_1_,audit,5,quality,audit_false_positive,p1: Answer:
326-201-00007_Annotated_CRF___v1.0_30_Sep_2024_1_,audit,5,quality,audit_false_positive,p1: Has the participant's photographic and wristband ID been verified and wristband applied to
326-201-00007_Annotated_CRF___v1.0_30_Sep_2024_1_,audit,5,quality,audit_false_positive,p1: participant's wrist?
326-201-00007_Annotated_CRF___v1.0_30_Sep_2024_1_,audit,5,quality,audit_false_positive,p1: Day 0 -00:00.00 Admission Restrictions: Bag Search #1 2.0
326-201-00007_Annotated_CRF___v1.0_30_Sep_2024_1_,audit,5,quality,audit_false_positive,p1: Day 0 -00:00.00 Admission Restrictions: Bag Search Items Removed #1 3.0
326-201-00007_Annotated_CRF___v1.0_30_Sep_2024_1_,audit,5,quality,audit_false_positive,p1: Day 0 -00:00.00 Admission Restrictions: ICF Check #1 4.0
326-201-00007_Annotated_CRF___v1.0_30_Sep_2024_1_,audit,5,quality,audit_false_positive,p1: Day 0 -00:00.00 Admission Restrictions: ICF Version/Date #1 5.0
326-201-00007_Annotated_CRF___v1.0_30_Sep_2024_1_,audit,5,quality,audit_false_positive,p1: Date - -
326-201-00007_Annotated_CRF___v1.0_30_Sep_2024_1_,audit,5,quality,audit_false_positive,p1: Version
326-201-00007_Annotated_CRF___v1.0_30_Sep_2024_1_,audit,5,quality,audit_false_positive,p1: (Version must be checked against ICF present in the CSF – escalate any discrepancies)
326-201-00007_Annotated_CRF___v1.0_30_Sep_2024_1_,audit,5,quality,audit_wrong_form,p1: Answer:
326-201-00007_Annotated_CRF___v1.0_30_Sep_2024_1_,audit,5,quality,audit_wrong_form,p1: Comment:
326-201-00007_Annotated_CRF___v1.0_30_Sep_2024_1_,audit,5,quality,audit_missed,p2: Has the participant consumed any alcohol within 48 hours (72hrs prior to dosing) prior to Admission visit?  (If 'Yes' exclude per exclusion criteria #24)
326-201-00007_Annotated_CRF___v1.0_30_Sep_2024_1_,audit,5,quality,audit_missed,"p2: Has the participant consumed food and beverages containing methylxanthines (caffeinated coffee, caffeinated tea, caffeinated soda, and chocolate) within 48 hours (72hrs prior to dosing) prior to Admission visit? (If 'Yes' exclude per exclusion criteria #24)"
326-201-00007_Annotated_CRF___v1.0_30_Sep_2024_1_,audit,5,quality,audit_missed,p2: Staff Initials:
326-201-00007_Annotated_CRF___v1.0_30_Sep_2024_1_,audit,5,quality,audit_missed,p2: Answer(s):
326-201-00007_Annotated_CRF___v1.0_30_Sep_2024_1_,audit,5,quality,audit_missed,"p2: If consumed; date, time and number of units"
326-201-00007_Annotated_CRF___v1.0_30_Sep_2024_1_,audit,5,quality,audit_missed,p2: Date _  _  -  _  _  _  -  _  _  _  _ (dd-MMM-yyyy)
326-201-00007_Annotated_CRF___v1.0_30_Sep_2024_1_,audit,5,quality,audit_missed,p2: Time _  _  :  _  _ (HH:mm)
326-201-00007_Annotated_CRF___v1.0_30_Sep_2024_1_,audit,5,quality,audit_missed,p2: No of Units  _  _  units (##)
326-201-00007_Annotated_CRF___v1.0_30_Sep_2024_1_,audit,5,quality,audit_false_positive,p2: Day 0 -00:00.00 Admission Restrictions: Screening #1 6.0
326-201-00007_Annotated_CRF___v1.0_30_Sep_2024_1_,audit,5,quality,audit_false_positive,p2: Day 0 -00:00.00
326-201-00007_Annotated_CRF___v1.0_30_Sep_2024_1_,audit,5,quality,audit_false_positive,p2: Answer:
326-201-00007_Annotated_CRF___v1.0_30_Sep_2024_1_,audit,5,quality,audit_false_positive,p2: Day 0 -00:00.00 Admission Restrictions: Alcohol #1 7.0
326-201-00007_Annotated_CRF___v1.0_30_Sep_2024_1_,audit,5,quality,audit_false_positive,p2: Has the participant consumed any alcohol within 48 hours (72hrs prior to dosing) prior to
326-201-00007_Annotated_CRF___v1.0_30_Sep_2024_1_,audit,5,quality,audit_false_positive,p2: Admission visit? (If 'Yes' exclude per exclusion criteria #24)
326-201-00007_Annotated_CRF___v1.0_30_Sep_2024_1_,audit,5,quality,audit_false_positive,p2: Day 0 -00:00.00 Admission Restrictions: Alcohol Units #1 8.0 (hidden)
326-201-00007_Annotated_CRF___v1.0_30_Sep_2024_1_,audit,5,quality,audit_false_positive,p2: Date - -
326-201-00007_Annotated_CRF___v1.0_30_Sep_2024_1_,audit,5,quality,audit_false_positive,p2: Time
326-201-00007_Annotated_CRF___v1.0_30_Sep_2024_1_,audit,5,quality,audit_false_positive,p2: No of Units units
326-201-00007_Annotated_CRF___v1.0_30_Sep_2024_1_,audit,5,quality,audit_false_positive,p2: Day 0 -00:00.00 Admission Restrictions: Caffeine #1 9.0
326-201-00007_Annotated_CRF___v1.0_30_Sep_2024_1_,audit,5,quality,audit_false_positive,p2: Has the participant consumed food and beverages containing methylxanthines (caffeinated
326-201-00007_Annotated_CRF___v1.0_30_Sep_2024_1_,audit,5,quality,audit_false_positive,"p2: coffee, caffeinated tea, caffeinated soda, and chocolate) within 48 hours (72hrs prior to dosing) prior to Admission visit? (If 'Yes' exclude per exclusion criteria #24)"
326-201-00007_Annotated_CRF___v1.0_30_Sep_2024_1_,audit,5,quality,audit_wrong_form,p2: Comment:
326-201-00007_Annotated_CRF___v1.0_30_Sep_2024_1_,audit,5,quality,audit_wrong_form,p2: Date - -
326-201-00007_Annotated_CRF___v1.0_30_Sep_2024_1_,audit,5,quality,audit_wrong_form,p2: Time
326-201-00007_Annotated_CRF___v1.0_30_Sep_2024_1_,audit,5,quality,audit_wrong_form,p2: No of Units units
326-201-00007_Annotated_CRF___v1.0_30_Sep_2024_1_,audit,5,quality,audit_wrong_form,p2: Answer:
326-201-00007_Annotated_CRF___v1.0_30_Sep_2024_1_,audit,5,quality,audit_missed,"p3: Has participant consumed food or beverages containing pomelo, grapefruit, grapefruit juice, Seville oranges, Seville orange juice, blueberry juice, or cranberry juice within 48 hours (72hrs prior to dosing) prior to Admission visit? (If 'Yes' exclude per exclusion criteria #24)"
326-201-00007_Annotated_CRF___v1.0_30_Sep_2024_1_,audit,5,quality,audit_missed,p3: Has the participant consumed any food containing poppy seeds within 48 hours prior to Admission visit?
326-201-00007_Annotated_CRF___v1.0_30_Sep_2024_1_,audit,5,quality,audit_missed,p3: Has the participant had strenuous activity (e.g. weightlifting) within 72 hours prior to Admission visit?
326-201-00007_Annotated_CRF___v1.0_30_Sep_2024_1_,audit,5,quality,audit_missed,p3: Has the participant use of tobacco products or experience daily exposure to second-hand smoke since Screening?  (If 'Yes' exclude per exclusion criteria #14)
326-201-00007_Annotated_CRF___v1.0_30_Sep_2024_1_,audit,5,quality,audit_missed,p3: Staff Initials:
326-201-00007_Annotated_CRF___v1.0_30_Sep_2024_1_,audit,5,quality,audit_missed,p3: Answer(s):
326-201-00007_Annotated_CRF___v1.0_30_Sep_2024_1_,audit,5,quality,audit_false_positive,p3: Day 0 -00:00.00 Admission Restrictions: Grapefruit #1 10.0
326-201-00007_Annotated_CRF___v1.0_30_Sep_2024_1_,audit,5,quality,audit_false_positive,p3: Day 0 -00:00.00
326-201-00007_Annotated_CRF___v1.0_30_Sep_2024_1_,audit,5,quality,audit_false_positive,p3: Answer:
326-201-00007_Annotated_CRF___v1.0_30_Sep_2024_1_,audit,5,quality,audit_false_positive,"p3: Has participant consumed food or beverages containing pomelo, grapefruit, grapefruit juice"
326-201-00007_Annotated_CRF___v1.0_30_Sep_2024_1_,audit,5,quality,audit_false_positive,"p3: Seville oranges, Seville orange juice, blueberry juice, or cranberry juice within 48 hours (72hrs prior to dosing) prior to Admission visit? (If 'Yes' exclude per exclusion criteria #24)"
326-201-00007_Annotated_CRF___v1.0_30_Sep_2024_1_,audit,5,quality,audit_false_positive,p3: Day 0 -00:00.00 Admission Restrictions: Poppy seeds #1 11.0
326-201-00007_Annotated_CRF___v1.0_30_Sep_2024_1_,audit,5,quality,audit_false_positive,p3: Has the participant consumed any food containing poppy seeds within 48 hours prior to
326-201-00007_Annotated_CRF___v1.0_30_Sep_2024_1_,audit,5,quality,audit_false_positive,p3: Admission visit?
326-201-00007_Annotated_CRF___v1.0_30_Sep_2024_1_,audit,5,quality,audit_false_positive,p3: Day 0 -00:00.00 Admission Restrictions: Activity #1 12.0
326-201-00007_Annotated_CRF___v1.0_30_Sep_2024_1_,audit,5,quality,audit_false_positive,p3: Has the participant had strenuous activity (e.g. weightlifting) within 72 hours prior to Admission
326-201-00007_Annotated_CRF___v1.0_30_Sep_2024_1_,audit,5,quality,audit_false_positive,p3: visit?
326-201-00007_Annotated_CRF___v1.0_30_Sep_2024_1_,audit,5,quality,audit_false_positive,p3: Day 0 -00:00.00 Admission Restrictions: Smoking #1 13.0
326-201-00007_Annotated_CRF___v1.0_30_Sep_2024_1_,audit,5,quality,audit_false_positive,p3: Has the participant use of tobacco products or experience daily exposure to second-hand
326-201-00007_Annotated_CRF___v1.0_30_Sep_2024_1_,audit,5,quality,audit_false_positive,p3: smoke since Screening? (If 'Yes' exclude per exclusion criteria #14)
326-201-00007_Annotated_CRF___v1.0_30_Sep_2024_1_,audit,5,quality,audit_false_positive,p3: Day 0 -00:00.00 Prompts: PD Prompt #1 14.0 (hidden)
326-201-00007_Annotated_CRF___v1.0_30_Sep_2024_1_,audit,5,quality,audit_false_positive,p3: Day 0 -00:00.00
326-201-00007_Annotated_CRF___v1.0_30_Sep_2024_1_,audit,5,quality,audit_false_positive,p3: Day 0 -00:00.00 Admission Restrictions: Adverse Event #1 15.0
326-201-00007_Annotated_CRF___v1.0_30_Sep_2024_1_,audit,5,quality,audit_wrong_form,p3: Staff Initials:
326-201-00007_Annotated_CRF___v1.0_30_Sep_2024_1_,audit,5,quality,audit_wrong_form,p3: Comment:
326-201-00007_Annotated_CRF___v1.0_30_Sep_2024_1_,audit,5,quality,audit_missed,p4: Staff Initials:
326-201-00007_Annotated_CRF___v1.0_30_Sep_2024_1_,audit,5,quality,audit_missed,p4: Answer(s):
326-201-00007_Annotated_CRF___v1.0_30_Sep_2024_1_,audit,5,quality,audit_missed,p4: Record time of urine sample (For all Urine Assessments) (Collect Urine Sample)
326-201-00007_Annotated_CRF___v1.0_30_Sep_2024_1_,audit,5,quality,audit_missed,"p4: What was the bilirubin result?  If any positive result, inform medic/PI. (Perform urinalysis and read results)"
326-201-00007_Annotated_CRF___v1.0_30_Sep_2024_1_,audit,5,quality,audit_false_positive,p4: Answer:
326-201-00007_Annotated_CRF___v1.0_30_Sep_2024_1_,audit,5,quality,audit_false_positive,p4: Update Medical History where appropriate.
326-201-00007_Annotated_CRF___v1.0_30_Sep_2024_1_,audit,5,quality,audit_false_positive,p4: Day 0 -00:00.00 Prompts: AE Prompt #1 16.0 (hidden)
326-201-00007_Annotated_CRF___v1.0_30_Sep_2024_1_,audit,5,quality,audit_false_positive,p4: Day 0 -00:00.00
326-201-00007_Annotated_CRF___v1.0_30_Sep_2024_1_,audit,5,quality,audit_false_positive,p4: Day 0 -00:00.00 Admission Restrictions: Concomitant Meds #1 17.0
326-201-00007_Annotated_CRF___v1.0_30_Sep_2024_1_,audit,5,quality,audit_false_positive,p4: Day 0 -00:00.00
326-201-00007_Annotated_CRF___v1.0_30_Sep_2024_1_,audit,5,quality,audit_false_positive,p4: Day 0 -00:00.00 Prompts: CM Prompt #1 18.0 (hidden)
326-201-00007_Annotated_CRF___v1.0_30_Sep_2024_1_,audit,5,quality,audit_false_positive,p4: Day 0 -00:00.00
326-201-00007_Annotated_CRF___v1.0_30_Sep_2024_1_,audit,5,quality,audit_false_positive,p4: Day 0 -00:00.00 Urinalysis: Collection Time #1 19.0
326-201-00007_Annotated_CRF___v1.0_30_Sep_2024_1_,audit,5,quality,audit_false_positive,p4: Day 0 -00:00.00
326-201-00007_Annotated_CRF___v1.0_30_Sep_2024_1_,audit,5,quality,audit_false_positive,p4: Day 0 -00:00.00 Urinalysis: Bilirubin #1 20.0
326-201-00007_Annotated_CRF___v1.0_30_Sep_2024_1_,audit,5,quality,audit_wrong_form,p4: Has the participant been unwell or have they had any accidents or injuries since Screening?
326-201-00007_Annotated_CRF___v1.0_30_Sep_2024_1_,audit,5,quality,audit_wrong_form,p4: Comment:
326-201-00007_Annotated_CRF___v1.0_30_Sep_2024_1_,audit,5,quality,audit_wrong_form,p4: Answer:
326-201-00007_Annotated_CRF___v1.0_30_Sep_2024_1_,audit,5,quality,audit_missed,p33: Answer(s):
326-201-00007_Annotated_CRF___v1.0_30_Sep_2024_1_,audit,5,quality,audit_false_positive,p33: Answer:
326-201-00007_Annotated_CRF___v1.0_30_Sep_2024_1_,audit,5,quality,audit_wrong_form,p33: Comment:
326-201-00007_Annotated_CRF___v1.0_30_Sep_2024_1_,audit,5,quality,audit_missed,p47: Staff Initials:
326-201-00007_Annotated_CRF___v1.0_30_Sep_2024_1_,audit,5,quality,audit_missed,p47: Answer(s):
326-201-00007_Annotated_CRF___v1.0_30_Sep_2024_1_,audit,5,quality,audit_missed,"p47: PRE-DOSE - Targeted Physical Examination:  Does the participant require a targeted physical examination? (If yes, please specify the reason)"
326-201-00007_Annotated_CRF___v1.0_30_Sep_2024_1_,audit,5,quality,audit_missed,p47: Yes (Specify) ______________________________ (50 char. max.) (Activates Line 145)
326-201-00007_Annotated_CRF___v1.0_30_Sep_2024_1_,audit,5,quality,audit_false_positive,p47: Answer:
326-201-00007_Annotated_CRF___v1.0_30_Sep_2024_1_,audit,5,quality,audit_false_positive,p47: PRE-DOSE - Vital Signs Difference for DIASTOLIC Drop (Supine)
326-201-00007_Annotated_CRF___v1.0_30_Sep_2024_1_,audit,5,quality,audit_false_positive,p47: Day 0 -00:00.00 Pre-dose Vital Signs Standing: Clinical Significance #1 142.0
326-201-00007_Annotated_CRF___v1.0_30_Sep_2024_1_,audit,5,quality,audit_false_positive,p47: Day 0 -00:00.00
326-201-00007_Annotated_CRF___v1.0_30_Sep_2024_1_,audit,5,quality,audit_false_positive,p47: Day 0 -00:00.00 Pre-dose Vital Signs Standing: Vital Signs Findings #1 143.0 (hidden)
326-201-00007_Annotated_CRF___v1.0_30_Sep_2024_1_,audit,5,quality,audit_false_positive,p47: Yes (Specify) (Activates Line
326-201-00007_Annotated_CRF___v1.0_30_Sep_2024_1_,audit,5,quality,audit_false_positive,p47: PRE-DOSE - Targeted Physical Examination: Does the participant require a targeted physical
326-201-00007_Annotated_CRF___v1.0_30_Sep_2024_1_,audit,5,quality,audit_false_positive,"p47: examination? (If yes, please specify the reason)"
326-201-00007_Annotated_CRF___v1.0_30_Sep_2024_1_,audit,5,quality,audit_false_positive,p47: Day 0 -00:00.00 Predose Targeted Physical Examination: Any clinically significant abnormal 145.0 (hidden)
326-201-00007_Annotated_CRF___v1.0_30_Sep_2024_1_,audit,5,quality,audit_missed,p126: ECG Rhythm assessment and interpretation
326-201-00007_Annotated_CRF___v1.0_30_Sep_2024_1_,audit,5,quality,audit_missed,p126: Staff Initials:
326-201-00007_Annotated_CRF___v1.0_30_Sep_2024_1_,audit,5,quality,audit_missed,p126: Answer(s):
326-201-00007_Annotated_CRF___v1.0_30_Sep_2024_1_,audit,5,quality,audit_missed,p126: PRE-DOSE Triplicate ECG 2: ECG Findings
326-201-00007_Annotated_CRF___v1.0_30_Sep_2024_1_,audit,5,quality,audit_false_positive,p126: Answer:
326-201-00007_Annotated_CRF___v1.0_30_Sep_2024_1_,audit,5,quality,audit_false_positive,p126: Day 4 -00:00.00 (-50mins) Pre-dose Triplicate ECG 2: ECG Significance #1 8.0 (hidden)
326-201-00007_Annotated_CRF___v1.0_30_Sep_2024_1_,audit,5,quality,audit_false_positive,p126: Day 4 -00:00.00 (-50mins)
326-201-00007_Annotated_CRF___v1.0_30_Sep_2024_1_,audit,5,quality,audit_false_positive,p126: Day 4 -00:00.00 (-50mins) Pre-dose Triplicate ECG 2: ECG Findings #1 9.0 (hidden)
326-201-00007_Annotated_CRF___v1.0_30_Sep_2024_1_,audit,5,quality,audit_false_positive,p126: Day 4 -00:00.00 (-50mins) Pre-dose Triplicate ECG 2: ECG Findings inc Rhythm #1 10.0 (hidden)
326-201-00007_Annotated_CRF___v1.0_30_Sep_2024_1_,audit,5,quality,audit_false_positive,p126: Day 4 -00:00.00 (-50mins) Pre-dose Triplicate ECG 3: 12 Lead Standard #1 11.0
326-201-00007_Annotated_CRF___v1.0_30_Sep_2024_1_,audit,5,quality,audit_false_positive,p126: Day 4 -00:00.00 (-50mins)
326-201-00007_Annotated_CRF___v1.0_30_Sep_2024_1_,audit,5,quality,audit_missed,p212: Answer(s):
326-201-00007_Annotated_CRF___v1.0_30_Sep_2024_1_,audit,5,quality,audit_false_positive,p212: Answer:
326-201-00007_Annotated_CRF___v1.0_30_Sep_2024_1_,audit,5,quality,audit_wrong_form,p212: Comment:
326-201-00007_Annotated_CRF___v1.0_30_Sep_2024_1_,audit,5,quality,audit_missed,p247: Staff Initials:
326-201-00007_Annotated_CRF___v1.0_30_Sep_2024_1_,audit,5,quality,audit_missed,p247: Answer(s):
326-201-00007_Annotated_CRF___v1.0_30_Sep_2024_1_,audit,5,quality,audit_false_positive,p247: ECG Difference Calculation - a participant will be withdrawn where there is an increase in QTcF
326-201-00007_Annotated_CRF___v1.0_30_Sep_2024_1_,audit,5,quality,audit_false_positive,p247: interval of >60 msec from baseline (confirmed following a repeat ECG)
326-201-00007_Annotated_CRF___v1.0_30_Sep_2024_1_,audit,5,quality,audit_false_positive,p247: Answer:
326-201-00007_Annotated_CRF___v1.0_30_Sep_2024_1_,audit,5,quality,audit_false_positive,p247: Day 8 +24:00.00 (-5mins) Vital Signs: Vital Signs Supine Full Set #5 174.0
326-201-00007_Annotated_CRF___v1.0_30_Sep_2024_1_,audit,5,quality,audit_false_positive,p247: Day 8 +24:00.00 (-5mins)
326-201-00007_Annotated_CRF___v1.0_30_Sep_2024_1_,audit,5,quality,audit_false_positive,p247: Vital Signs
326-201-00007_Annotated_CRF___v1.0_30_Sep_2024_1_,audit,5,quality,audit_false_positive,p247: Day 8 +24:00.00 (-5mins) Vital Signs: Clinical Significance #5 175.0
326-201-00007_Annotated_CRF___v1.0_30_Sep_2024_1_,audit,5,quality,audit_false_positive,p247: Clinical Assessment of Vital Signs (Medic or Nurse to assess vital signs)
326-201-00007_Annotated_CRF___v1.0_30_Sep_2024_1_,audit,5,quality,audit_wrong_form,p247: Comment:
326-201-00007_Annotated_CRF___v1.0_30_Sep_2024_1_,audit,5,quality,audit_wrong_form,p247: QTcF ms
326-201-00007_Annotated_CRF___v1.0_30_Sep_2024_1_,audit,5,quality,audit_wrong_form,p247: Systolic mmHg
326-201-00007_Annotated_CRF___v1.0_30_Sep_2024_1_,audit,5,quality,audit_wrong_form,p247: Diastolic mmHg
326-201-00007_Annotated_CRF___v1.0_30_Sep_2024_1_,audit,5,quality,audit_wrong_form,p247: Heart Rate beats/min
326-201-00007_Annotated_CRF___v1.0_30_Sep_2024_1_,audit,5,quality,audit_wrong_form,p247: Respiratory Rate breaths/mi
326-201-00007_Annotated_CRF___v1.0_30_Sep_2024_1_,audit,5,quality,audit_wrong_form,p247: Oral Temperature - Degrees Celsius C
326-201-00007_Annotated_CRF___v1.0_30_Sep_2024_1_,audit,5,quality,audit_wrong_form,p247: Answer:
326-201-00007_Annotated_CRF___v1.0_30_Sep_2024_1_,audit,5,quality,audit_missed,p368: Answer(s):
326-201-00007_Annotated_CRF___v1.0_30_Sep_2024_1_,audit,5,quality,audit_missed,p368: Staff Initials:
326-201-00007_Annotated_CRF___v1.0_30_Sep_2024_1_,audit,5,quality,audit_missed,p368: Confirm an AE and Conmed check has been performed (Record any AE and Conmeds if applicable)
326-201-00007_Annotated_CRF___v1.0_30_Sep_2024_1_,audit,5,quality,audit_false_positive,p368: Day 10 -00:00.00 (-40mins) Pre-dose Vital Signs Standing: Vital Signs Findings #1 27.0 (hidden)
326-201-00007_Annotated_CRF___v1.0_30_Sep_2024_1_,audit,5,quality,audit_false_positive,p368: Day 10 -00:00.00 (-40mins)
326-201-00007_Annotated_CRF___v1.0_30_Sep_2024_1_,audit,5,quality,audit_false_positive,p368: PK Sample for Bioanalysis - Gently invert tube 8-10 times immediately after collection and
326-201-00007_Annotated_CRF___v1.0_30_Sep_2024_1_,audit,5,quality,audit_false_positive,p368: Confirm an AE and Conmed check has been performed (Record any AE and Conmeds if
326-201-00007_Annotated_CRF___v1.0_30_Sep_2024_1_,audit,5,quality,audit_false_positive,p368: applicable)
326-201-00007_Annotated_CRF___v1.0_30_Sep_2024_1_,audit,5,quality,audit_false_positive,p368: Answer:
326-201-00007_Annotated_CRF___v1.0_30_Sep_2024_1_,audit,5,quality,audit_false_positive,p368: Day 10 -00:00.00 (-35mins) PK Samples: PK Plasma #1 28.0
326-201-00007_Annotated_CRF___v1.0_30_Sep_2024_1_,audit,5,quality,audit_false_positive,p368: Day 10 -00:00.00 (-35mins)
326-201-00007_Annotated_CRF___v1.0_30_Sep_2024_1_,audit,5,quality,audit_false_positive,p368: Day 10 -00:00.00 (-35mins) AE/CM Surveys: AE/CM Check #1 29.0
326-201-00007_Annotated_CRF___v1.0_30_Sep_2024_1_,audit,5,quality,audit_false_positive,p368: Day 10 -00:00.00 (-35mins)
326-201-00007_Annotated_CRF___v1.0_30_Sep_2024_1_,audit,5,quality,audit_false_positive,p368: Day 10 -00:00.00 (-31mins) Exposure: Dosing Eligibility Continues #1 30.0
326-201-00007_Annotated_CRF___v1.0_30_Sep_2024_1_,audit,5,quality,audit_false_positive,p368: Day 10 -00:00.00 (-31mins)
326-201-00007_Annotated_CRF___v1.0_30_Sep_2024_1_,audit,5,quality,audit_false_positive,p368: Day 10 -00:00.00 (-30mins) Exposure x: Prandial state #1 31.0
326-201-00007_Annotated_CRF___v1.0_30_Sep_2024_1_,audit,5,quality,audit_false_positive,p368: Day 10 -00:00.00 (-30mins)
326-201-00007_Annotated_CRF___v1.0_30_Sep_2024_1_,audit,5,quality,audit_wrong_form,p368: Barcode:
326-201-00007_Annotated_CRF___v1.0_30_Sep_2024_1_,audit,5,quality,audit_wrong_form,p368: Staff Initials:
326-201-00007_Annotated_CRF___v1.0_30_Sep_2024_1_,audit,5,quality,audit_wrong_form,p368: Comment:
326-201-00007_Annotated_CRF___v1.0_30_Sep_2024_1_,audit,5,quality,audit_wrong_form,p368: SMP
326-201-00007_Annotated_CRF___v1.0_30_Sep_2024_1_,loop,,quality,stopped_with_open_issues,"stop=plateau, open audit issues=23"
331-201-00246_Annotated_CRF___v_04_Jul_2023,gates,1,blocking,gate_other,"Extreme content-fitted blocklist. The program filters by 90 hardcoded literal text strings (membership blocklists / long regex alternations of specific wordings). These fit only the pages they were copied from: unsampled pages carry the same junk classes with other wording, and real fields elsewhere"
331-201-00246_Annotated_CRF___v_04_Jul_2023,confirm,1,quality,confirm_extension_rejected,coverage extension regressed or failed gates; kept prior program
331-201-00246_Annotated_CRF___v_04_Jul_2023,audit,1,quality,audit_missed,p79: Hematology clinically significant abnormal assay # 2
331-201-00246_Annotated_CRF___v_04_Jul_2023,audit,1,quality,audit_wrong_form,p266: Aborted attempt: - Since Last Visit
331-201-00246_Annotated_CRF___v_04_Jul_2023,audit,1,quality,audit_wrong_form,"p266: If Yes, Total number of aborted attempts - Since Last Visit"
331-201-00246_Annotated_CRF___v_04_Jul_2023,audit,1,quality,audit_wrong_form,"p266: If Yes, describe - Since Last Visit"
331-201-00246_Annotated_CRF___v_04_Jul_2023,audit,1,quality,audit_missed,p275: Dosing Comments (optional)
331-201-00246_Annotated_CRF___v_04_Jul_2023,audit,1,quality,audit_missed,p470: Hematology clinically significant abnormal assay # 2
331-201-00246_Annotated_CRF___v_04_Jul_2023,audit,1,quality,audit_missed,p861: Chemistry clinically significant abnormal assay # 2
331-201-00246_Annotated_CRF___v_04_Jul_2023,audit,2,quality,audit_missed,p58: HEENT
331-201-00246_Annotated_CRF___v_04_Jul_2023,audit,2,quality,audit_missed,p58: Thorax
331-201-00246_Annotated_CRF___v_04_Jul_2023,audit,2,quality,audit_missed,p58: Abdomen
331-201-00246_Annotated_CRF___v_04_Jul_2023,audit,2,quality,audit_missed,p58: Skin and Mucosae
331-201-00246_Annotated_CRF___v_04_Jul_2023,audit,2,quality,audit_false_positive,p58: Region/Body System
331-201-00246_Annotated_CRF___v_04_Jul_2023,audit,2,quality,audit_missed,p79: Hematology clinically significant abnormal assay # 2
331-201-00246_Annotated_CRF___v_04_Jul_2023,audit,2,quality,audit_missed,p103: Amphetamines
331-201-00246_Annotated_CRF___v_04_Jul_2023,audit,2,quality,audit_missed,p103: Barbiturates
331-201-00246_Annotated_CRF___v_04_Jul_2023,audit,2,quality,audit_missed,p103: Benzodiazepines
331-201-00246_Annotated_CRF___v_04_Jul_2023,audit,2,quality,audit_missed,p103: Cannabinoids
331-201-00246_Annotated_CRF___v_04_Jul_2023,audit,2,quality,audit_missed,p103: Cocaine
331-201-00246_Annotated_CRF___v_04_Jul_2023,audit,2,quality,audit_false_positive,p103: Test
331-201-00246_Annotated_CRF___v_04_Jul_2023,audit,2,quality,audit_missed,p275: Dosing Comments (optional)
331-201-00246_Annotated_CRF___v_04_Jul_2023,audit,2,quality,audit_missed,p470: Hematology clinically significant abnormal assay # 2
331-201-00246_Annotated_CRF___v_04_Jul_2023,audit,2,quality,audit_missed,p861: Chemistry clinically significant abnormal assay # 2
331-201-00246_Annotated_CRF___v_04_Jul_2023,audit,3,quality,audit_missed,p44: Vasectomy
331-201-00246_Annotated_CRF___v_04_Jul_2023,audit,3,quality,audit_missed,p58: HEENT - Result
331-201-00246_Annotated_CRF___v_04_Jul_2023,audit,3,quality,audit_missed,p58: HEENT - Abnormal Findings
331-201-00246_Annotated_CRF___v_04_Jul_2023,audit,3,quality,audit_missed,p58: HEENT - Clinically Significant
331-201-00246_Annotated_CRF___v_04_Jul_2023,audit,3,quality,audit_missed,p58: Thorax - Result
331-201-00246_Annotated_CRF___v_04_Jul_2023,audit,3,quality,audit_missed,p58: Thorax - Abnormal Findings
331-201-00246_Annotated_CRF___v_04_Jul_2023,audit,3,quality,audit_missed,p58: Thorax - Clinically Significant
331-201-00246_Annotated_CRF___v_04_Jul_2023,audit,3,quality,audit_missed,p58: Abdomen - Result
331-201-00246_Annotated_CRF___v_04_Jul_2023,audit,3,quality,audit_missed,p58: Abdomen - Abnormal Findings
331-201-00246_Annotated_CRF___v_04_Jul_2023,audit,3,quality,audit_missed,p58: Abdomen - Clinically Significant
331-201-00246_Annotated_CRF___v_04_Jul_2023,audit,3,quality,audit_missed,p58: Skin and Mucosae - Result
331-201-00246_Annotated_CRF___v_04_Jul_2023,audit,3,quality,audit_missed,p58: Skin and Mucosae - Abnormal Findings
331-201-00246_Annotated_CRF___v_04_Jul_2023,audit,3,quality,audit_missed,p58: Skin and Mucosae - Clinically Significant
331-201-00246_Annotated_CRF___v_04_Jul_2023,audit,3,quality,audit_false_positive,p58: Region/Body System HEENT
331-201-00246_Annotated_CRF___v_04_Jul_2023,audit,3,quality,audit_missed,p59: Neurological - Result
331-201-00246_Annotated_CRF___v_04_Jul_2023,audit,3,quality,audit_missed,p59: Neurological - Abnormal Findings
331-201-00246_Annotated_CRF___v_04_Jul_2023,audit,3,quality,audit_missed,p59: Neurological - Clinically Significant
331-201-00246_Annotated_CRF___v_04_Jul_2023,audit,3,quality,audit_missed,p59: Extremities - Result
331-201-00246_Annotated_CRF___v_04_Jul_2023,audit,3,quality,audit_missed,p59: Extremities - Abnormal Findings
331-201-00246_Annotated_CRF___v_04_Jul_2023,audit,3,quality,audit_missed,p59: Extremities - Clinically Significant
331-201-00246_Annotated_CRF___v_04_Jul_2023,audit,3,quality,audit_missed,p59: Urogenital - Result
331-201-00246_Annotated_CRF___v_04_Jul_2023,audit,3,quality,audit_missed,p59: Urogenital - Abnormal Findings
331-201-00246_Annotated_CRF___v_04_Jul_2023,audit,3,quality,audit_missed,p59: Urogenital - Clinically Significant
331-201-00246_Annotated_CRF___v_04_Jul_2023,audit,3,quality,audit_false_positive,p59: Region/Body System
331-201-00246_Annotated_CRF___v_04_Jul_2023,audit,3,quality,audit_missed,p79: Hematology clinically significant abnormal assay # 1
331-201-00246_Annotated_CRF___v_04_Jul_2023,audit,3,quality,audit_missed,p79: Hematology abnormal assay # 1 Investigator comment
331-201-00246_Annotated_CRF___v_04_Jul_2023,audit,3,quality,audit_missed,p79: Hematology clinically significant abnormal assay # 2
331-201-00246_Annotated_CRF___v_04_Jul_2023,audit,3,quality,audit_false_positive,"p79: [TYPE: enumeration (values: Hematocrit, Hemoglobin, Mean corpuscular hemoglobin concentration, Mean corpuscular volume, Platelet count, Red blood cell count, White blood cell count (absolute and differential), Glycated Hemoglobin)]"
331-201-00246_Annotated_CRF___v_04_Jul_2023,audit,3,quality,audit_false_positive,"p79: [TYPE: enumeration (values: Hematocrit, Hemoglobin, Mean corpuscular hemoglobin concentration, Mean corpuscular volume, Platelet count, Red blood cell count, White blood cell count (absolute and differential), Glycated Hemoglobin)] Hematology abnormal assay # 1 Investigator comment"
331-201-00246_Annotated_CRF___v_04_Jul_2023,audit,3,quality,audit_missed,p103: Test Barbiturates
331-201-00246_Annotated_CRF___v_04_Jul_2023,audit,3,quality,audit_missed,p103: Test Benzodiazepines
331-201-00246_Annotated_CRF___v_04_Jul_2023,audit,3,quality,audit_missed,p103: Test Cannabinoids
331-201-00246_Annotated_CRF___v_04_Jul_2023,audit,3,quality,audit_missed,p103: Test Cocaine
331-201-00246_Annotated_CRF___v_04_Jul_2023,audit,3,quality,audit_missed,p266: Has there been a time when you started to do something to try to end your life but you stopped yourself before you actually did anything?
331-201-00246_Annotated_CRF___v_04_Jul_2023,audit,3,quality,audit_false_positive,"p266: Aborted attempt: When person begins to take steps toward making a suicide attempt, but stops themselves before they actually have engaged in any self destructive behaviour. Examples are similar to interrupted attempts, except that the individual stops him/herself, instead of being stopped - Si"
331-201-00246_Annotated_CRF___v_04_Jul_2023,audit,3,quality,audit_wrong_form,"p266: Aborted attempt: When person begins to take steps toward making a suicide attempt, but stops themselves before they actually have engaged in any self destructive behaviour. Examples are similar to interrupted attempts, except that the individual stops him/herself, instead of being stopped - Si"
331-201-00246_Annotated_CRF___v_04_Jul_2023,audit,3,quality,audit_wrong_form,"p266: If Yes, Total number of aborted attempts - Since Last Visit"
331-201-00246_Annotated_CRF___v_04_Jul_2023,audit,3,quality,audit_wrong_form,"p266: If Yes, describe - Since Last Visit"
331-201-00246_Annotated_CRF___v_04_Jul_2023,audit,3,quality,audit_missed,p275: Reason
331-201-00246_Annotated_CRF___v_04_Jul_2023,audit,3,quality,audit_missed,p275: Was water restricted for 2 hours following dosing?
331-201-00246_Annotated_CRF___v_04_Jul_2023,audit,3,quality,audit_missed,p275: Dosing Comments (optional)
331-201-00246_Annotated_CRF___v_04_Jul_2023,audit,3,quality,audit_false_positive,"p275: [TYPE: enumeration (values: As per protocol, Adverse Event, Dosing error, Dispensing error, Technical problems, Subject/guardian decision, Physician decision)]"
331-201-00246_Annotated_CRF___v_04_Jul_2023,audit,3,quality,audit_false_positive,"p275: [TYPE: enumeration (values: As per protocol, Adverse Event, Dosing error, Dispensing error, Technical problems, Subject/guardian decision, Physician decision)] Was water restricted for 2 hours following dosing?"
331-201-00246_Annotated_CRF___v_04_Jul_2023,audit,3,quality,audit_missed,p470: Hematology clinically significant abnormal assay # 1
331-201-00246_Annotated_CRF___v_04_Jul_2023,audit,3,quality,audit_missed,p470: Hematology abnormal assay # 1 Investigator comment
331-201-00246_Annotated_CRF___v_04_Jul_2023,audit,3,quality,audit_missed,p470: Hematology clinically significant abnormal assay # 2
331-201-00246_Annotated_CRF___v_04_Jul_2023,audit,3,quality,audit_false_positive,"p470: [TYPE: enumeration (values: Hematocrit, Hemoglobin, Mean corpuscular hemoglobin concentration, Mean corpuscular volume, Platelet count, Red blood cell count, White blood cell count (absolute and differential), Glycated Hemoglobin)]"
331-201-00246_Annotated_CRF___v_04_Jul_2023,audit,3,quality,audit_false_positive,"p470: [TYPE: enumeration (values: Hematocrit, Hemoglobin, Mean corpuscular hemoglobin concentration, Mean corpuscular volume, Platelet count, Red blood cell count, White blood cell count (absolute and differential), Glycated Hemoglobin)] Hematology abnormal assay # 1 Investigator comment"
331-201-00246_Annotated_CRF___v_04_Jul_2023,audit,3,quality,audit_missed,p861: Chemistry abnormal assay # 1 Investigator comment
331-201-00246_Annotated_CRF___v_04_Jul_2023,audit,3,quality,audit_missed,p861: Chemistry clinically significant abnormal assay # 2
331-201-00246_Annotated_CRF___v_04_Jul_2023,audit,3,quality,audit_false_positive,"p861: [TYPE: enumeration (values: Albumin, Alkaline phosphatase, ALT, AST, Calcium, Carbon dioxide, Chloride, Cholesterol (total, low density lipoprotein;and; high density lipoprotein), Creatine phosphokinase, Creatinine, Gamma glutamyl transferase, Glucose, Lactate"
331-201-00246_Annotated_CRF___v_04_Jul_2023,audit,3,quality,audit_false_positive,"p861: dehydrogenase, Magnesium, Phosphorus, Potassium, Prolactin, Total bilirubin, Total protein, Triglycerides, Sodium, Urea nitrogen, Uric acid)] Chemistry abnormal assay # 1 Investigator comment"
331-201-00246_Annotated_CRF___v_04_Jul_2023,audit,4,quality,audit_missed,p44: Vasectomy
331-201-00246_Annotated_CRF___v_04_Jul_2023,audit,4,quality,audit_missed,p58: HEENT
331-201-00246_Annotated_CRF___v_04_Jul_2023,audit,4,quality,audit_missed,p58: Thorax
331-201-00246_Annotated_CRF___v_04_Jul_2023,audit,4,quality,audit_missed,p58: Abdomen
331-201-00246_Annotated_CRF___v_04_Jul_2023,audit,4,quality,audit_missed,p58: Skin and Mucosae
331-201-00246_Annotated_CRF___v_04_Jul_2023,audit,4,quality,audit_false_positive,p58: Normal
331-201-00246_Annotated_CRF___v_04_Jul_2023,audit,4,quality,audit_false_positive,p58: Normal Abnormal
331-201-00246_Annotated_CRF___v_04_Jul_2023,audit,4,quality,audit_false_positive,p58: Region/Body System HEENT
331-201-00246_Annotated_CRF___v_04_Jul_2023,audit,4,quality,audit_missed,p79: Hematology clinically significant abnormal assay # 1
331-201-00246_Annotated_CRF___v_04_Jul_2023,audit,4,quality,audit_missed,p79: Hematology clinically significant abnormal assay # 2
331-201-00246_Annotated_CRF___v_04_Jul_2023,audit,4,quality,audit_false_positive,"p79: [TYPE: enumeration (values: Hematocrit, Hemoglobin, Mean corpuscular hemoglobin concentration, Mean corpuscular volume, Platelet count, Red blood cell count, White blood cell count (absolute and differential), Glycated Hemoglobin)]"
331-201-00246_Annotated_CRF___v_04_Jul_2023,audit,4,quality,audit_missed,p103: Amphetamines
331-201-00246_Annotated_CRF___v_04_Jul_2023,audit,4,quality,audit_missed,p103: Barbiturates
331-201-00246_Annotated_CRF___v_04_Jul_2023,audit,4,quality,audit_missed,p103: Benzodiazepines
331-201-00246_Annotated_CRF___v_04_Jul_2023,audit,4,quality,audit_missed,p103: Cannabinoids
331-201-00246_Annotated_CRF___v_04_Jul_2023,audit,4,quality,audit_missed,p103: Cocaine
331-201-00246_Annotated_CRF___v_04_Jul_2023,audit,4,quality,audit_false_positive,p103: Test Amphetamines
331-201-00246_Annotated_CRF___v_04_Jul_2023,audit,4,quality,audit_missed,p104: Methadone
331-201-00246_Annotated_CRF___v_04_Jul_2023,audit,4,quality,audit_missed,p104: Opiates
331-201-00246_Annotated_CRF___v_04_Jul_2023,audit,4,quality,audit_missed,p104: Phencyclidine
331-201-00246_Annotated_CRF___v_04_Jul_2023,audit,4,quality,audit_missed,p104: Propoxyphene
331-201-00246_Annotated_CRF___v_04_Jul_2023,audit,4,quality,audit_false_positive,p104: Test
331-201-00246_Annotated_CRF___v_04_Jul_2023,audit,4,quality,audit_missed,p266: Has there been a time when you started to do something to try to end your life but you stopped yourself before you actually did anything?
331-201-00246_Annotated_CRF___v_04_Jul_2023,audit,4,quality,audit_wrong_form,p266: Aborted attempt - Since Last Visit
331-201-00246_Annotated_CRF___v_04_Jul_2023,audit,4,quality,audit_wrong_form,"p266: If Yes, Total number of aborted attempts - Since Last Visit"
331-201-00246_Annotated_CRF___v_04_Jul_2023,audit,4,quality,audit_wrong_form,"p266: If Yes, describe - Since Last Visit"
331-201-00246_Annotated_CRF___v_04_Jul_2023,audit,4,quality,audit_missed,p275: Dosing Comments (optional)
331-201-00246_Annotated_CRF___v_04_Jul_2023,audit,4,quality,audit_missed,p470: Hematology clinically significant abnormal assay # 1
331-201-00246_Annotated_CRF___v_04_Jul_2023,audit,4,quality,audit_missed,p470: Hematology clinically significant abnormal assay # 2
331-201-00246_Annotated_CRF___v_04_Jul_2023,audit,4,quality,audit_false_positive,"p470: [TYPE: enumeration (values: Hematocrit, Hemoglobin, Mean corpuscular hemoglobin concentration, Mean corpuscular volume, Platelet count, Red blood cell count, White blood cell count (absolute and differential), Glycated Hemoglobin)]"
331-201-00246_Annotated_CRF___v_04_Jul_2023,audit,4,quality,audit_missed,p861: Chemistry clinically significant abnormal assay # 2
331-201-00246_Annotated_CRF___v_04_Jul_2023,audit,4,quality,audit_false_positive,"p861: [TYPE: enumeration (values: Albumin, Alkaline phosphatase, ALT, AST, Calcium, Carbon dioxide, Chloride, Cholesterol (total, low density lipoprotein;and; high density lipoprotein), Creatine phosphokinase, Creatinine, Gamma glutamyl transferase, Glucose, Lactate"
331-201-00246_Annotated_CRF___v_04_Jul_2023,audit,5,quality,audit_missed,p44: Vasectomy
331-201-00246_Annotated_CRF___v_04_Jul_2023,audit,5,quality,audit_missed,p58: HEENT
331-201-00246_Annotated_CRF___v_04_Jul_2023,audit,5,quality,audit_missed,p58: Skin and Mucosae
331-201-00246_Annotated_CRF___v_04_Jul_2023,audit,5,quality,audit_false_positive,p58: Normal Abnormal
331-201-00246_Annotated_CRF___v_04_Jul_2023,audit,5,quality,audit_false_positive,p58: Region/Body System HEENT
331-201-00246_Annotated_CRF___v_04_Jul_2023,audit,5,quality,audit_missed,p79: Hematology clinically significant abnormal assay # 2
331-201-00246_Annotated_CRF___v_04_Jul_2023,audit,5,quality,audit_missed,p103: Amphetamines
331-201-00246_Annotated_CRF___v_04_Jul_2023,audit,5,quality,audit_missed,p103: Cocaine
331-201-00246_Annotated_CRF___v_04_Jul_2023,audit,5,quality,audit_false_positive,p103: Test Amphetamines
331-201-00246_Annotated_CRF___v_04_Jul_2023,audit,5,quality,audit_wrong_form,p266: Aborted attempt - Since Last Visit
331-201-00246_Annotated_CRF___v_04_Jul_2023,audit,5,quality,audit_wrong_form,"p266: If Yes, Total number of aborted attempts - Since Last Visit"
331-201-00246_Annotated_CRF___v_04_Jul_2023,audit,5,quality,audit_wrong_form,"p266: If Yes, describe - Since Last Visit"
331-201-00246_Annotated_CRF___v_04_Jul_2023,audit,5,quality,audit_missed,p275: Dosing Comments (optional)
331-201-00246_Annotated_CRF___v_04_Jul_2023,audit,5,quality,audit_missed,p470: Hematology clinically significant abnormal assay # 2
331-201-00246_Annotated_CRF___v_04_Jul_2023,audit,5,quality,audit_missed,p861: Chemistry clinically significant abnormal assay # 2
331-201-00246_Annotated_CRF___v_04_Jul_2023,audit,5,quality,audit_false_positive,"p861: density lipoprotein;and; high density lipoprotein), Creatine phosphokinase, Creatinine, Gamma glutamyl transferase, Glucose, Lactate"
331-201-00246_Annotated_CRF___v_04_Jul_2023,gates,6,blocking,gate_zero_records,The program extracted ZERO records from the document.
331-201-00246_Annotated_CRF___v_04_Jul_2023,gates,6,quality,warn_form_names_empty,"form_name empty for 100% of records - if the document does print form/section names, fix the form_name strategy (consider carrying the last seen title forward)."
331-201-00246_Annotated_CRF___v_04_Jul_2023,gates,6,quality,warn_labels_not_human,Only 0% of field_name values look like human labels (they look like codes/dates/junk) - fix label selection.
331-201-00246_Annotated_CRF___v_04_Jul_2023,audit,1,quality,audit_false_positive,p12: Version
331-201-00246_Annotated_CRF___v_04_Jul_2023,audit,1,quality,audit_false_positive,p12: Date 15-Jul-2021
331-201-00246_Annotated_CRF___v_04_Jul_2023,audit,1,quality,audit_false_positive,p12: Changed By Andreea Hardut / Alexan dru Giucal
331-201-00246_Annotated_CRF___v_04_Jul_2023,audit,1,quality,audit_false_positive,p12: Details updates according to feedback sheet
331-201-00246_Annotated_CRF___v_04_Jul_2023,audit,1,quality,audit_missed,p42: Abstinence (must remain abstinent from the time of screening until at least 90 days after the last dose of study drug)
331-201-00246_Annotated_CRF___v_04_Jul_2023,audit,1,quality,audit_missed,p42: Vasectomy
331-201-00246_Annotated_CRF___v_04_Jul_2023,audit,1,quality,audit_missed,p42: Tubal ligation
331-201-00246_Annotated_CRF___v_04_Jul_2023,audit,1,quality,audit_false_positive,p42: Of Childbearing Potential
331-201-00246_Annotated_CRF___v_04_Jul_2023,audit,1,quality,audit_false_positive,p490: Intensity of Ideation
331-201-00246_Annotated_CRF___v_04_Jul_2023,audit,1,quality,audit_false_positive,p490: Since Last Visit
331-201-00246_Annotated_CRF___v_04_Jul_2023,audit,2,quality,audit_missed,p42: Abstinence (must remain abstinent from the time of screening until at least 90 days after the last dose of study drug)
331-201-00246_Annotated_CRF___v_04_Jul_2023,audit,2,quality,audit_false_positive,p42: Of Childbearing Potential
331-201-00246_Annotated_CRF___v_04_Jul_2023,audit,2,quality,audit_false_positive,p42: Vasectomy
331-201-00246_Annotated_CRF___v_04_Jul_2023,audit,2,quality,audit_false_positive,p42: Tubal ligation
331-201-00246_Annotated_CRF___v_04_Jul_2023,audit,2,quality,audit_missed,p122: Are there things - anyone or anything - that stopped you from wanting to die or acting on thoughts of committing suicide?
331-201-00246_Annotated_CRF___v_04_Jul_2023,gates,3,blocking,gate_crash,"Program failed to run: generated extractor crashed:
Traceback (most recent call last):
  File ""D:\ubuntu\codes\ZS\otsuka\ECS\experiments\recipe_prototype\scripts\sandbox_runner.py"", line 128, in main
    raw = fn(pages)
          ^^^^^^^^^
  File ""<generated_extractor>"", line 68, in extract
  File """
331-201-00246_Annotated_CRF___v_04_Jul_2023,loop,,quality,stopped_with_open_issues,"stop=p1:budget;p2:plateau, open audit issues=25"
331-201-00246_Annotated_CRF___v_26_Jul_2023,audit,2,quality,audit_missed,p44: Vasectomy
331-201-00246_Annotated_CRF___v_26_Jul_2023,audit,2,quality,audit_false_positive,p65: Not Applicable
331-201-00246_Annotated_CRF___v_26_Jul_2023,audit,2,quality,audit_missed,p103: Amphetamines
331-201-00246_Annotated_CRF___v_26_Jul_2023,audit,2,quality,audit_missed,p103: Barbiturates
331-201-00246_Annotated_CRF___v_26_Jul_2023,audit,2,quality,audit_missed,p103: Benzodiazepines
331-201-00246_Annotated_CRF___v_26_Jul_2023,audit,2,quality,audit_missed,p103: Cannabinoids
331-201-00246_Annotated_CRF___v_26_Jul_2023,audit,2,quality,audit_missed,p103: Cocaine
331-201-00246_Annotated_CRF___v_26_Jul_2023,audit,2,quality,audit_false_positive,p103: Amphetamines Result Positive
331-201-00246_Annotated_CRF___v_26_Jul_2023,audit,2,quality,audit_false_positive,p103: Barbiturates Result Positive
331-201-00246_Annotated_CRF___v_26_Jul_2023,audit,2,quality,audit_false_positive,p103: Benzodiazepines Result Positive
331-201-00246_Annotated_CRF___v_26_Jul_2023,audit,2,quality,audit_false_positive,p103: Cannabinoids Result Positive
331-201-00246_Annotated_CRF___v_26_Jul_2023,audit,2,quality,audit_wrong_form,p161: \25.\ Subjects who fail to capture daily dosing of sertraline during the sertraline steady-state assurance period on Days -14 to -2. Met/Not Met Met
331-201-00246_Annotated_CRF___v_26_Jul_2023,audit,2,quality,audit_wrong_form,p161: \26.\ Subjects without a permanent physical residence. Met/Not Met Met
331-201-00246_Annotated_CRF___v_26_Jul_2023,audit,2,quality,audit_wrong_form,"p161: \27.\ Any subject who, in the opinion of the investigator, should not participate in the trial. Met/Not Met Met"
331-201-00246_Annotated_CRF___v_26_Jul_2023,audit,2,quality,audit_wrong_form,p161: \28.\ Subjects taking multiple medications deemed necessary to maintain psychiatric stability or those taking medication regimens where washout is impractical should not be enrolled. The investigator with concurrence of the medical monitor may allow exceptions if the medication’s Met/Not Met M
331-201-00246_Annotated_CRF___v_26_Jul_2023,audit,2,quality,audit_wrong_form,p263: Actual attempt Since Last Visit
331-201-00246_Annotated_CRF___v_26_Jul_2023,audit,2,quality,audit_missed,p275: Dosing Comments (optional)
331-201-00246_Annotated_CRF___v_26_Jul_2023,audit,2,quality,audit_missed,p473: Urinalysis clinically significant abnormal assay # 1
331-201-00246_Annotated_CRF___v_26_Jul_2023,audit,2,quality,audit_false_positive,p473: Glycated Hemoglobin
331-201-00246_Annotated_CRF___v_26_Jul_2023,audit,2,quality,audit_false_positive,p870: Glycated Hemoglobin
331-201-00246_Annotated_CRF___v_26_Jul_2023,audit,3,quality,audit_missed,p58: Skin and Mucosae
331-201-00246_Annotated_CRF___v_26_Jul_2023,audit,3,quality,audit_missed,p58: Skin and Mucosae Abnormal Findings
331-201-00246_Annotated_CRF___v_26_Jul_2023,audit,3,quality,audit_missed,p58: Skin and Mucosae Clinically Significant
331-201-00246_Annotated_CRF___v_26_Jul_2023,audit,3,quality,audit_false_positive,p65: Not Applicable
331-201-00246_Annotated_CRF___v_26_Jul_2023,audit,3,quality,audit_missed,p103: Cocaine
331-201-00246_Annotated_CRF___v_26_Jul_2023,audit,3,quality,audit_false_positive,p104: Test
331-201-00246_Annotated_CRF___v_26_Jul_2023,audit,3,quality,audit_wrong_form,p161: \ Subjects who fail to capture daily dosing of sertraline during the sertraline steady-state assurance period on Days -14 to -2. Met/Not
331-201-00246_Annotated_CRF___v_26_Jul_2023,audit,3,quality,audit_wrong_form,p161: \ Subjects without a permanent physical residence. Met/Not
331-201-00246_Annotated_CRF___v_26_Jul_2023,audit,3,quality,audit_wrong_form,"p161: \ Any subject who, in the opinion of the investigator, should not participate in the trial. Met/Not"
331-201-00246_Annotated_CRF___v_26_Jul_2023,audit,3,quality,audit_wrong_form,p161: \ Subjects taking multiple medications deemed necessary to maintain psychiatric stability or those taking medication regimens where washout is impractical should not be enrolled. The investigator with concurrence of the medical monitor may allow exceptions if the medication’s Met/Not
331-201-00246_Annotated_CRF___v_26_Jul_2023,audit,3,quality,audit_missed,p263: Actual attempt:
331-201-00246_Annotated_CRF___v_26_Jul_2023,audit,3,quality,audit_false_positive,"p263: A potentially self-injurious act committed with at least some wish to die, as a result of act. Behaviour was in part thought of as method to Since Last Visit"
331-201-00246_Annotated_CRF___v_26_Jul_2023,audit,3,quality,audit_missed,p275: Dosing Comments (optional)
331-201-00246_Annotated_CRF___v_26_Jul_2023,audit,3,quality,audit_false_positive,p473: Glycated Hemoglobin
331-201-00246_Annotated_CRF___v_26_Jul_2023,audit,3,quality,audit_false_positive,p870: Glycated Hemoglobin
331-201-00246_Annotated_CRF___v_26_Jul_2023,audit,4,quality,audit_false_positive,p1: Annotated CRF
331-201-00246_Annotated_CRF___v_26_Jul_2023,audit,4,quality,audit_missed,p58: Skin and Mucosae
331-201-00246_Annotated_CRF___v_26_Jul_2023,audit,4,quality,audit_missed,p58: Skin and Mucosae Abnormal Findings
331-201-00246_Annotated_CRF___v_26_Jul_2023,audit,4,quality,audit_missed,p58: Skin and Mucosae Clinically Significant
331-201-00246_Annotated_CRF___v_26_Jul_2023,audit,4,quality,audit_false_positive,p65: Scan)]
331-201-00246_Annotated_CRF___v_26_Jul_2023,audit,4,quality,audit_missed,p103: Cocaine
331-201-00246_Annotated_CRF___v_26_Jul_2023,audit,4,quality,audit_missed,p161: \25.\ Subjects who fail to capture daily dosing of sertraline during the sertraline steady-state assurance period on Days -14 to -2.
331-201-00246_Annotated_CRF___v_26_Jul_2023,audit,4,quality,audit_missed,p161: \28.\ Subjects taking multiple medications deemed necessary to maintain psychiatric stability or those taking medication regimens where washout is impractical should not be enrolled. The investigator with concurrence of the medical monitor may allow exceptions if the medication’s administratio
331-201-00246_Annotated_CRF___v_26_Jul_2023,audit,4,quality,audit_false_positive,p161: Row 29 Met/Not Met
331-201-00246_Annotated_CRF___v_26_Jul_2023,audit,4,quality,audit_wrong_form,p161: \ Subjects without a permanent physical residence. Met/Not
331-201-00246_Annotated_CRF___v_26_Jul_2023,audit,4,quality,audit_wrong_form,"p161: \ Any subject who, in the opinion of the investigator, should not participate in the trial. Met/Not"
331-201-00246_Annotated_CRF___v_26_Jul_2023,audit,4,quality,audit_wrong_form,p263: Actual attempt Since Last Visit
331-201-00246_Annotated_CRF___v_26_Jul_2023,audit,4,quality,audit_missed,p275: Dosing Comments (optional)
331-201-00246_Annotated_CRF___v_26_Jul_2023,audit,4,quality,audit_false_positive,p473: Glycated Hemoglobin
331-201-00246_Annotated_CRF___v_26_Jul_2023,audit,4,quality,audit_false_positive,p870: White blood cell count (absolute and differential)
331-201-00246_Annotated_CRF___v_26_Jul_2023,audit,5,quality,audit_false_positive,p1: Informed Consent
331-201-00246_Annotated_CRF___v_26_Jul_2023,audit,5,quality,audit_false_positive,p1: Reproductive Status - Female
331-201-00246_Annotated_CRF___v_26_Jul_2023,audit,5,quality,audit_false_positive,p1: Reproductive Status - Male
331-201-00246_Annotated_CRF___v_26_Jul_2023,audit,5,quality,audit_false_positive,p1: Medical/Psychiatric History
331-201-00246_Annotated_CRF___v_26_Jul_2023,audit,5,quality,audit_false_positive,p1: Body Temperature and Respiratory Rate
331-201-00246_Annotated_CRF___v_26_Jul_2023,audit,5,quality,audit_false_positive,p1: Triplicate Orthostatic BP and HR - Central
331-201-00246_Annotated_CRF___v_26_Jul_2023,audit,5,quality,audit_false_positive,p1: Height and Weight
331-201-00246_Annotated_CRF___v_26_Jul_2023,audit,5,quality,audit_false_positive,p1: Physical Exam
331-201-00246_Annotated_CRF___v_26_Jul_2023,audit,5,quality,audit_false_positive,p1: Triplicate ECG Assessments
331-201-00246_Annotated_CRF___v_26_Jul_2023,audit,5,quality,audit_false_positive,p1: Glycated Hemoglobin
331-201-00246_Annotated_CRF___v_26_Jul_2023,audit,5,quality,audit_false_positive,p1: Clinical Laboratory Assessments
331-201-00246_Annotated_CRF___v_26_Jul_2023,audit,5,quality,audit_false_positive,p1: Laboratory results review
331-201-00246_Annotated_CRF___v_26_Jul_2023,audit,5,quality,audit_false_positive,p1: FSH Blood Sample
331-201-00246_Annotated_CRF___v_26_Jul_2023,audit,5,quality,audit_false_positive,p1: Pregnancy test
331-201-00246_Annotated_CRF___v_26_Jul_2023,audit,5,quality,audit_missed,p58: Skin and Mucosae
331-201-00246_Annotated_CRF___v_26_Jul_2023,audit,5,quality,audit_false_positive,"p65: Collected, Not"
331-201-00246_Annotated_CRF___v_26_Jul_2023,audit,5,quality,audit_missed,p103: Cocaine
331-201-00246_Annotated_CRF___v_26_Jul_2023,audit,5,quality,audit_missed,p104: Methadone
331-201-00246_Annotated_CRF___v_26_Jul_2023,audit,5,quality,audit_missed,p275: Dosing Comments (optional)
331-201-00246_Annotated_CRF___v_26_Jul_2023,audit,5,quality,audit_false_positive,p473: Glycated Hemoglobin
331-201-00246_Annotated_CRF___v_26_Jul_2023,audit,5,quality,audit_false_positive,p870: White blood cell count (absolute and differential)
331-201-00246_Annotated_CRF___v_26_Jul_2023,audit,2,quality,audit_false_positive,p12: Version 0.3
331-201-00246_Annotated_CRF___v_26_Jul_2023,audit,2,quality,audit_false_positive,p12: Date 15-Jul-2021
331-201-00246_Annotated_CRF___v_26_Jul_2023,audit,2,quality,audit_false_positive,p12: Changed By Andreea Hardut / Alexan dru Giucal
331-201-00246_Annotated_CRF___v_26_Jul_2023,audit,2,quality,audit_false_positive,p12: Details updates according to feedback sheet
331-201-00246_Annotated_CRF___v_26_Jul_2023,audit,2,quality,audit_false_positive,p17: Visit Num ber
331-201-00246_Annotated_CRF___v_26_Jul_2023,audit,2,quality,audit_false_positive,p17: Visit Label
331-201-00246_Annotated_CRF___v_26_Jul_2023,audit,2,quality,audit_false_positive,p17: Page Num ber 495
331-201-00246_Annotated_CRF___v_26_Jul_2023,audit,2,quality,audit_false_positive,p17: Page Label
331-201-00246_Annotated_CRF___v_26_Jul_2023,audit,2,quality,audit_false_positive,p17: Dynamic? YES
331-201-00246_Annotated_CRF___v_26_Jul_2023,audit,2,quality,audit_false_positive,p17: Description of Dynamic page enrols if Protocol V
331-201-00246_Annotated_CRF___v_26_Jul_2023,audit,2,quality,audit_missed,p329: Are there things - anyone or anything - that stopped you from wanting to die or acting on thoughts of committing suicide?
331-201-00246_Annotated_CRF___v_26_Jul_2023,audit,2,quality,audit_false_positive,p329: Since Last Visit
331-201-00246_Annotated_CRF___v_26_Jul_2023,audit,2,quality,audit_false_positive,p329: (1) Easily able to control thoughts (2) Can control thoughts with little difficulty
331-201-00246_Annotated_CRF___v_26_Jul_2023,audit,2,quality,audit_wrong_form,p329: Intensity of Ideation Could/can you stop thinking about killing yourself or wanting to die if you want to?
331-201-00246_Annotated_CRF___v_26_Jul_2023,audit,3,quality,audit_missed,p329: Are there things - anyone or anything - that stopped you from wanting to die or acting on thoughts of committing suicide?
331-201-00246_Annotated_CRF___v_26_Jul_2023,audit,3,quality,audit_false_positive,p329: suicide
331-201-00246_Annotated_CRF___v_26_Jul_2023,audit,3,quality,audit_wrong_form,p329: Could/can you stop thinking about killing yourself or wanting to die if you want to?
331-201-00246_Annotated_CRF___v_26_Jul_2023,audit,3,quality,audit_missed,p924: Were you able to contact the Subject?
331-201-00246_Annotated_CRF___v_26_Jul_2023,audit,3,quality,audit_missed,p924: Date of Contact/Attempt
331-201-00246_Annotated_CRF___v_26_Jul_2023,audit,3,quality,audit_missed,p924: Type of Contact
331-201-00246_Annotated_CRF___v_26_Jul_2023,audit,3,quality,audit_missed,p924: Method of Contact
331-201-00246_Annotated_CRF___v_26_Jul_2023,audit,4,quality,audit_false_positive,p17: Visit Label
331-201-00246_Annotated_CRF___v_26_Jul_2023,audit,4,quality,audit_false_positive,p17: Page Num ber
331-201-00246_Annotated_CRF___v_26_Jul_2023,audit,4,quality,audit_false_positive,p17: Page Label
331-201-00246_Annotated_CRF___v_26_Jul_2023,audit,4,quality,audit_false_positive,p17: Dynamic?
331-201-00246_Annotated_CRF___v_26_Jul_2023,audit,4,quality,audit_false_positive,p17: Description of Dynamic
331-201-00246_Annotated_CRF___v_26_Jul_2023,audit,4,quality,audit_missed,p329: Could/can you stop thinking about killing yourself or wanting to die if you want to?
331-201-00246_Annotated_CRF___v_26_Jul_2023,audit,4,quality,audit_wrong_form,p329: Deterrents
331-201-00246_Annotated_CRF___v_26_Jul_2023,audit,4,quality,audit_missed,p924: Were you able to contact the Subject?
331-201-00246_Annotated_CRF___v_26_Jul_2023,audit,4,quality,audit_missed,p924: Date of Contact/Attempt
331-201-00246_Annotated_CRF___v_26_Jul_2023,audit,4,quality,audit_missed,p924: Type of Contact
331-201-00246_Annotated_CRF___v_26_Jul_2023,audit,4,quality,audit_missed,p924: Method of Contact
331-201-00246_Annotated_CRF___v_26_Jul_2023,loop,,quality,stopped_with_open_issues,"stop=p1:plateau;p2:plateau, open audit issues=29"
384-201-00002_Annotated_Unique_CRF_04Nov2024,audit,1,quality,audit_false_positive,p2: Folder OID (auto-populated)
384-201-00002_Annotated_Unique_CRF_04Nov2024,audit,1,quality,audit_false_positive,p3: VISPERF
384-201-00002_Annotated_Unique_CRF_04Nov2024,audit,1,quality,audit_false_positive,p3: VISREASND $200
384-201-00002_Annotated_Unique_CRF_04Nov2024,audit,1,quality,audit_false_positive,p3: VISDAT
384-201-00002_Annotated_Unique_CRF_04Nov2024,audit,1,quality,audit_false_positive,p3: FOLDER_OI D
384-201-00002_Annotated_Unique_CRF_04Nov2024,audit,1,quality,audit_false_positive,p75: EGMETHOD $70
384-201-00002_Annotated_Unique_CRF_04Nov2024,audit,1,quality,audit_false_positive,p75: EGTPT
384-201-00002_Annotated_Unique_CRF_04Nov2024,audit,1,quality,audit_false_positive,p128: PCTPT
384-201-00002_Annotated_Unique_CRF_04Nov2024,audit,1,quality,audit_false_positive,p128: PCPERF
384-201-00002_Annotated_Unique_CRF_04Nov2024,audit,1,quality,audit_false_positive,p128: PCREASND $200
384-201-00002_Annotated_Unique_CRF_04Nov2024,audit,1,quality,audit_false_positive,p128: PCDAT
384-201-00002_Annotated_Unique_CRF_04Nov2024,audit,1,quality,audit_false_positive,p128: PCTIM
384-201-00002_Annotated_Unique_CRF_04Nov2024,audit,1,quality,audit_false_positive,p128: PCREFID
384-201-00002_Annotated_Unique_CRF_04Nov2024,audit,1,quality,audit_false_positive,p128: PCSPEC
384-201-00002_Annotated_Unique_CRF_04Nov2024,audit,1,quality,audit_false_positive,p128: PCDTTM
384-201-00002_Annotated_Unique_CRF_04Nov2024,audit,1,quality,audit_missed,"p299: If yes, describe:"
384-201-00002_Annotated_Unique_CRF_04Nov2024,audit,1,quality,audit_missed,"p299: If yes, describe:"
384-201-00002_Annotated_Unique_CRF_04Nov2024,audit,2,quality,audit_missed,p2: Was visit performed?
384-201-00002_Annotated_Unique_CRF_04Nov2024,audit,2,quality,audit_missed,"p2: If No, please provide reason"
384-201-00002_Annotated_Unique_CRF_04Nov2024,audit,2,quality,audit_missed,p2: Visit Date
384-201-00002_Annotated_Unique_CRF_04Nov2024,audit,2,quality,audit_false_positive,p3: dd MMM yyyy
384-201-00002_Annotated_Unique_CRF_04Nov2024,audit,2,quality,audit_false_positive,p3: D
384-201-00002_Annotated_Unique_CRF_04Nov2024,audit,2,quality,audit_false_positive,p128: dd MMM yyyy
384-201-00002_Annotated_Unique_CRF_04Nov2024,audit,2,quality,audit_false_positive,p128: HH:nn
384-201-00002_Annotated_Unique_CRF_04Nov2024,audit,2,quality,audit_false_positive,p128: dd MMM yyyy HH:nn
384-201-00002_Annotated_Unique_CRF_04Nov2024,audit,2,quality,audit_missed,p299: 3. Active Suicidal Ideation with Any Methods (Not Plan) without Intent to Act - Past 12 months
384-201-00002_Annotated_Unique_CRF_04Nov2024,audit,2,quality,audit_missed,"p299: 4. Active Suicidal Ideation with Some Intent to Act, without Specific Plan - Lifetime"
384-201-00002_Annotated_Unique_CRF_04Nov2024,audit,2,quality,audit_missed,"p299: If yes, describe:"
384-201-00002_Annotated_Unique_CRF_04Nov2024,audit,2,quality,audit_missed,"p299: If yes, describe:"
384-201-00002_Annotated_Unique_CRF_04Nov2024,audit,2,quality,audit_false_positive,p299: without Specific Plan - Lifetime
384-201-00002_Annotated_Unique_CRF_04Nov2024,audit,3,quality,audit_missed,p2: Was visit performed?
384-201-00002_Annotated_Unique_CRF_04Nov2024,audit,3,quality,audit_missed,"p2: If No, please provide reason"
384-201-00002_Annotated_Unique_CRF_04Nov2024,audit,3,quality,audit_missed,p2: Visit Date
384-201-00002_Annotated_Unique_CRF_04Nov2024,audit,3,quality,audit_missed,p2: Folder OID (auto-populated)
384-201-00002_Annotated_Unique_CRF_04Nov2024,audit,3,quality,audit_missed,p299: 3. Active Suicidal Ideation with Any Methods (Not Plan) without Intent to Act - Past 12 months
384-201-00002_Annotated_Unique_CRF_04Nov2024,audit,3,quality,audit_missed,"p299: 4. Active Suicidal Ideation with Some Intent to Act, without Specific Plan - Lifetime"
384-201-00002_Annotated_Unique_CRF_04Nov2024,audit,3,quality,audit_missed,"p299: If yes, describe:"
384-201-00002_Annotated_Unique_CRF_04Nov2024,audit,3,quality,audit_missed,"p299: If yes, describe:"
384-201-00002_Annotated_Unique_CRF_04Nov2024,audit,3,quality,audit_false_positive,p299: without Specific Plan - Lifetime
384-201-00002_Annotated_Unique_CRF_04Nov2024,loop,,quality,stopped_with_open_issues,"stop=plateau, open audit issues=17"
384-201-00004_Annotated_CRF___v1.0_05_Mar_2025,audit,1,quality,audit_wrong_form,p1: Sponsor Name
384-201-00004_Annotated_CRF___v1.0_05_Mar_2025,audit,1,quality,audit_wrong_form,p1: Protocol Number
384-201-00004_Annotated_CRF___v1.0_05_Mar_2025,audit,1,quality,audit_wrong_form,p1: Protocol Title
384-201-00004_Annotated_CRF___v1.0_05_Mar_2025,audit,1,quality,audit_wrong_form,p1: aCRF Version
384-201-00004_Annotated_CRF___v1.0_05_Mar_2025,audit,1,quality,audit_wrong_form,p1: Prepared by
384-201-00004_Annotated_CRF___v1.0_05_Mar_2025,audit,1,quality,audit_wrong_form,p1: Date
384-201-00004_Annotated_CRF___v1.0_05_Mar_2025,audit,1,quality,audit_missed,"p2: Lora Adriano, Study Manager or designee"
384-201-00004_Annotated_CRF___v1.0_05_Mar_2025,audit,1,quality,audit_missed,"p2: Becky Sease, Lead Data Manager or designee"
384-201-00004_Annotated_CRF___v1.0_05_Mar_2025,audit,1,quality,audit_missed,"p2: Lorri Cefalone, Senior Data Manager"
384-201-00004_Annotated_CRF___v1.0_05_Mar_2025,audit,1,quality,audit_missed,p21: Start date and time
384-201-00004_Annotated_CRF___v1.0_05_Mar_2025,audit,1,quality,audit_missed,p21: End date and time
384-201-00004_Annotated_CRF___v1.0_05_Mar_2025,audit,1,quality,audit_missed,p21: Adverse event term
384-201-00004_Annotated_CRF___v1.0_05_Mar_2025,audit,1,quality,audit_wrong_form,p21: Were any adverse events experienced?
384-201-00004_Annotated_CRF___v1.0_05_Mar_2025,audit,1,quality,audit_wrong_form,p21: Ongoing?
384-201-00004_Annotated_CRF___v1.0_05_Mar_2025,audit,1,quality,audit_wrong_form,p21: Is this a treatment emergent adverse event?
384-201-00004_Annotated_CRF___v1.0_05_Mar_2025,audit,1,quality,audit_wrong_form,p21: Is this an Immediately Reportable Event (IRE)?
384-201-00004_Annotated_CRF___v1.0_05_Mar_2025,audit,1,quality,audit_missed,p80: ECG Acquisition Time
384-201-00004_Annotated_CRF___v1.0_05_Mar_2025,audit,1,quality,audit_missed,p80: ECG Interpretation
384-201-00004_Annotated_CRF___v1.0_05_Mar_2025,audit,1,quality,audit_wrong_form,p80: RATE
384-201-00004_Annotated_CRF___v1.0_05_Mar_2025,audit,1,quality,audit_wrong_form,p80: RR
384-201-00004_Annotated_CRF___v1.0_05_Mar_2025,audit,1,quality,audit_wrong_form,p80: EGTXT
384-201-00004_Annotated_CRF___v1.0_05_Mar_2025,audit,1,quality,audit_wrong_form,p80: Clinical Significance Assessed by Investigator
384-201-00004_Annotated_CRF___v1.0_05_Mar_2025,audit,1,quality,audit_missed,p130: Collection start date and time
384-201-00004_Annotated_CRF___v1.0_05_Mar_2025,audit,2,quality,audit_missed,p1: Sponsor Name
384-201-00004_Annotated_CRF___v1.0_05_Mar_2025,audit,2,quality,audit_missed,p1: Protocol Number
384-201-00004_Annotated_CRF___v1.0_05_Mar_2025,audit,2,quality,audit_missed,p1: Protocol Title
384-201-00004_Annotated_CRF___v1.0_05_Mar_2025,audit,2,quality,audit_missed,p1: aCRF Version
384-201-00004_Annotated_CRF___v1.0_05_Mar_2025,audit,2,quality,audit_missed,p1: Prepared by
384-201-00004_Annotated_CRF___v1.0_05_Mar_2025,audit,2,quality,audit_missed,p1: Date
384-201-00004_Annotated_CRF___v1.0_05_Mar_2025,audit,2,quality,audit_missed,p21: Start date and time
384-201-00004_Annotated_CRF___v1.0_05_Mar_2025,audit,2,quality,audit_missed,p21: End date and time
384-201-00004_Annotated_CRF___v1.0_05_Mar_2025,audit,2,quality,audit_missed,p21: Adverse event term
384-201-00004_Annotated_CRF___v1.0_05_Mar_2025,audit,2,quality,audit_wrong_form,p21: Were any adverse events experienced?
384-201-00004_Annotated_CRF___v1.0_05_Mar_2025,audit,2,quality,audit_wrong_form,p21: Ongoing?
384-201-00004_Annotated_CRF___v1.0_05_Mar_2025,audit,2,quality,audit_wrong_form,p21: Is this a treatment emergent adverse event?
384-201-00004_Annotated_CRF___v1.0_05_Mar_2025,audit,2,quality,audit_wrong_form,p21: Is this an Immediately Reportable Event (IRE)?
384-201-00004_Annotated_CRF___v1.0_05_Mar_2025,audit,2,quality,audit_missed,p25: Dose unit
384-201-00004_Annotated_CRF___v1.0_05_Mar_2025,audit,2,quality,audit_missed,p25: Dose form
384-201-00004_Annotated_CRF___v1.0_05_Mar_2025,audit,2,quality,audit_wrong_form,p25: Frequency
384-201-00004_Annotated_CRF___v1.0_05_Mar_2025,audit,2,quality,audit_wrong_form,p25: Administration start date and time
384-201-00004_Annotated_CRF___v1.0_05_Mar_2025,audit,2,quality,audit_wrong_form,p25: Administration ongoing?
384-201-00004_Annotated_CRF___v1.0_05_Mar_2025,audit,2,quality,audit_missed,p80: ECG Acquisition Time
384-201-00004_Annotated_CRF___v1.0_05_Mar_2025,audit,2,quality,audit_missed,p80: ECG Interpretation
384-201-00004_Annotated_CRF___v1.0_05_Mar_2025,audit,2,quality,audit_missed,p130: Collection start date and time
384-201-00004_Annotated_CRF___v1.0_05_Mar_2025,gates,3,blocking,gate_crash,"Program failed to run: generated extractor crashed:
Traceback (most recent call last):
  File ""D:\ubuntu\codes\ZS\otsuka\ECS\experiments\recipe_prototype\scripts\sandbox_runner.py"", line 116, in main
    exec(compile(source, ""<generated_extractor>"", ""exec""), g)  # noqa: S102
         ^^^^^^^^^^^^^^^"
384-201-00004_Annotated_CRF___v1.0_05_Mar_2025,gates,4,blocking,gate_zero_records,The program extracted ZERO records from the document.
384-201-00004_Annotated_CRF___v1.0_05_Mar_2025,gates,4,quality,warn_form_names_empty,"form_name empty for 100% of records - if the document does print form/section names, fix the form_name strategy (consider carrying the last seen title forward)."
384-201-00004_Annotated_CRF___v1.0_05_Mar_2025,gates,4,quality,warn_labels_not_human,Only 0% of field_name values look like human labels (they look like codes/dates/junk) - fix label selection.
384-201-00004_Annotated_CRF___v1.0_05_Mar_2025,gates,5,blocking,gate_zero_records,The program extracted ZERO records from the document.
384-201-00004_Annotated_CRF___v1.0_05_Mar_2025,gates,5,quality,warn_form_names_empty,"form_name empty for 100% of records - if the document does print form/section names, fix the form_name strategy (consider carrying the last seen title forward)."
384-201-00004_Annotated_CRF___v1.0_05_Mar_2025,gates,5,quality,warn_labels_not_human,Only 0% of field_name values look like human labels (they look like codes/dates/junk) - fix label selection.
384-201-00004_Annotated_CRF___v1.0_05_Mar_2025,loop,,quality,stopped_with_open_issues,"stop=budget, open audit issues=21"
384-201-00004_Annotated_CRF___v2.0_20_May_2025,audit,1,quality,audit_false_positive,p4: Scheduled Activities Study Events Forms Item Groups Items Measurement Units Code Lists
384-201-00004_Annotated_CRF___v2.0_20_May_2025,audit,2,quality,audit_false_positive,p4: Scheduled Activities Study Events Forms Item Groups Items Measurement Units Code Lists
384-201-00004_Annotated_CRF___v2.0_20_May_2025,audit,2,quality,audit_false_positive,p177: CSSRS Deterrents
384-201-00004_Annotated_CRF___v2.0_20_May_2025,audit,3,quality,audit_false_positive,p4: Scheduled Activities Study Events Forms Item Groups Items Measurement Units Code Lists
384-201-00004_Annotated_CRF___v2.0_20_May_2025,audit,3,quality,audit_false_positive,p92: O General Appearance
384-201-00004_Annotated_CRF___v2.0_20_May_2025,audit,3,quality,audit_false_positive,p92: O Normal O Abnormal
384-201-00004_Annotated_CRF___v2.0_20_May_2025,audit,3,quality,audit_false_positive,p92: O CS O NCS
384-201-00004_Annotated_CRF___v2.0_20_May_2025,loop,,quality,stopped_with_open_issues,"stop=plateau, open audit issues=1"
384-201-00004_aCRF_16JAN2025,audit,2,quality,audit_false_positive,p2: Subject
384-201-00004_aCRF_16JAN2025,audit,2,quality,audit_false_positive,p2: Unscheduled
384-201-00004_aCRF_16JAN2025,audit,2,quality,audit_false_positive,p2: AE/CM / Protocol Deviation
384-201-00004_aCRF_16JAN2025,audit,2,quality,audit_false_positive,p2: Day -28 to Day -3 Day -2 Day -1 Day 1 Day 2 Day 3 Day 4 Day 5 Day 6 Day 7 Day 8 Day 9 Day 10 Day 11 Follow Up Day 37 Early Termination
384-201-00004_aCRF_16JAN2025,audit,2,quality,audit_false_positive,p3: Is this an adverse event of special interest?
384-201-00004_aCRF_16JAN2025,audit,2,quality,audit_missed,p70: Body system
384-201-00004_aCRF_16JAN2025,audit,2,quality,audit_missed,p70: Examination result
384-201-00004_aCRF_16JAN2025,audit,2,quality,audit_wrong_form,p140: AE Relationship
384-201-00004_aCRF_16JAN2025,audit,3,quality,audit_false_positive,p2: AE/CM / Protocol Deviation
384-201-00004_aCRF_16JAN2025,audit,3,quality,audit_false_positive,p2: Day -28 to Day -3 Day -2 Day -1 Day 1 Day 2 Day 3 Day 4 Day 5 Day 6 Day 7 Day 8 Day 9 Day 10 Day 11 Follow Up Day 37 Early Termination
384-201-00004_aCRF_16JAN2025,audit,3,quality,audit_false_positive,p2: Subject
384-201-00004_aCRF_16JAN2025,audit,3,quality,audit_false_positive,p2: Unscheduled
384-201-00004_aCRF_16JAN2025,audit,3,quality,audit_false_positive,p3: O Yes O No
384-201-00004_aCRF_16JAN2025,audit,3,quality,audit_wrong_form,p3: Adverse event term
384-201-00004_aCRF_16JAN2025,audit,3,quality,audit_wrong_form,p3: End date and time
384-201-00004_aCRF_16JAN2025,audit,3,quality,audit_wrong_form,p3: Is this a treatment emergent adverse event?
384-201-00004_aCRF_16JAN2025,audit,3,quality,audit_wrong_form,p3: Ongoing?
384-201-00004_aCRF_16JAN2025,audit,3,quality,audit_wrong_form,p3: Start date and time
384-201-00004_aCRF_16JAN2025,audit,3,quality,audit_wrong_form,p3: Were any adverse events experienced?
384-201-00004_aCRF_16JAN2025,audit,3,quality,audit_wrong_form,p50: PR
384-201-00004_aCRF_16JAN2025,audit,3,quality,audit_wrong_form,p50: QRS
384-201-00004_aCRF_16JAN2025,audit,3,quality,audit_wrong_form,p50: QT
384-201-00004_aCRF_16JAN2025,audit,3,quality,audit_wrong_form,p50: QTcB
384-201-00004_aCRF_16JAN2025,audit,3,quality,audit_wrong_form,p50: QTcF
384-201-00004_aCRF_16JAN2025,audit,3,quality,audit_false_positive,p70: O CS O NCS
384-201-00004_aCRF_16JAN2025,audit,3,quality,audit_false_positive,p70: O Gastrointestinal
384-201-00004_aCRF_16JAN2025,audit,3,quality,audit_false_positive,p70: O Neurological
384-201-00004_aCRF_16JAN2025,audit,3,quality,audit_false_positive,p70: O Normal O Abnormal
384-201-00004_aCRF_16JAN2025,audit,3,quality,audit_wrong_form,p70: Abnormal findings
384-201-00004_aCRF_16JAN2025,audit,3,quality,audit_wrong_form,p70: Body system
384-201-00004_aCRF_16JAN2025,audit,3,quality,audit_wrong_form,p70: Clinical significance
384-201-00004_aCRF_16JAN2025,audit,3,quality,audit_wrong_form,p70: Examination result
384-201-00004_aCRF_16JAN2025,audit,3,quality,audit_false_positive,p140: Not Related
384-201-00004_aCRF_16JAN2025,gates,4,quality,warn_form_explosion,"105 distinct form_names for 317 records - check whether form detection is picking up field labels or body text as form names; if so, make the form_name pattern stricter (font size / color / position) or carry the last seen title forward. If the document genuinely has this many forms, keep it as is."
384-201-00004_aCRF_16JAN2025,audit,4,quality,audit_false_positive,p2: AE/CM / Protocol Deviation
384-201-00004_aCRF_16JAN2025,audit,4,quality,audit_false_positive,p2: Subject
384-201-00004_aCRF_16JAN2025,audit,4,quality,audit_false_positive,p2: Unscheduled
384-201-00004_aCRF_16JAN2025,audit,4,quality,audit_missed,p3: Were any adverse events experienced?
384-201-00004_aCRF_16JAN2025,audit,4,quality,audit_missed,p3: Start date and time
384-201-00004_aCRF_16JAN2025,audit,4,quality,audit_missed,p3: Ongoing?
384-201-00004_aCRF_16JAN2025,audit,4,quality,audit_missed,p3: End date and time
384-201-00004_aCRF_16JAN2025,audit,4,quality,audit_missed,p3: Adverse event term
384-201-00004_aCRF_16JAN2025,audit,4,quality,audit_missed,p3: Is this a treatment emergent adv
384-201-00004_aCRF_16JAN2025,audit,4,quality,audit_false_positive,p3: Any Adverse Event Mandatory?: Yes
384-201-00004_aCRF_16JAN2025,audit,4,quality,audit_missed,p4: Severity
384-201-00004_aCRF_16JAN2025,audit,4,quality,audit_missed,p4: Relationship to investigational product
384-201-00004_aCRF_16JAN2025,audit,4,quality,audit_missed,p4: Action taken with investigational product
384-201-00004_aCRF_16JAN2025,audit,4,quality,audit_missed,p4: Was a concomitant medication given?
384-201-00004_aCRF_16JAN2025,audit,4,quality,audit_missed,p4: Were any other actions taken in response to this adverse event?
384-201-00004_aCRF_16JAN2025,audit,4,quality,audit_missed,p4: Other action taken
384-201-00004_aCRF_16JAN2025,audit,4,quality,audit_false_positive,p4: Severity/Intensity Mandatory?: Yes
384-201-00004_aCRF_16JAN2025,audit,4,quality,audit_missed,p50: PR
384-201-00004_aCRF_16JAN2025,audit,4,quality,audit_missed,p50: QRS
384-201-00004_aCRF_16JAN2025,audit,4,quality,audit_missed,p50: QT
384-201-00004_aCRF_16JAN2025,audit,4,quality,audit_wrong_form,p50: QTcB
384-201-00004_aCRF_16JAN2025,audit,4,quality,audit_wrong_form,p50: QTcF
384-201-00004_aCRF_16JAN2025,audit,4,quality,audit_missed,p70: Body system
384-201-00004_aCRF_16JAN2025,audit,4,quality,audit_missed,p70: Examination result
384-201-00004_aCRF_16JAN2025,audit,4,quality,audit_missed,p70: Clinical significance
384-201-00004_aCRF_16JAN2025,audit,4,quality,audit_missed,p70: Abnormal findings
384-201-00004_aCRF_16JAN2025,audit,4,quality,audit_missed,p70: Body system
384-201-00004_aCRF_16JAN2025,audit,4,quality,audit_missed,p70: Examination result
384-201-00004_aCRF_16JAN2025,audit,4,quality,audit_false_positive,p70: Body system GASTROINTESTINAL Mandatory?: Yes
384-201-00004_aCRF_16JAN2025,audit,4,quality,audit_false_positive,p140: Not Related Related
384-201-00004_aCRF_16JAN2025,gates,5,quality,warn_form_explosion,"132 distinct form_names for 372 records - check whether form detection is picking up field labels or body text as form names; if so, make the form_name pattern stricter (font size / color / position) or carry the last seen title forward. If the document genuinely has this many forms, keep it as is."
384-201-00004_aCRF_16JAN2025,audit,5,quality,audit_false_positive,"p1: A Phase 1, Open-label, Single-sequence Pharmacokinetic Trial to Assess the Effect of a Single Oral Dose of SEP380135 on the Potential for Cytochrome P450 2D6 Mediated Drug-drug Interactions in Healthy Adults"
384-201-00004_aCRF_16JAN2025,audit,5,quality,audit_false_positive,p1: CDISC Legend
384-201-00004_aCRF_16JAN2025,audit,5,quality,audit_false_positive,p1: Generated on: 16Jan2025 14:44:24 CST
384-201-00004_aCRF_16JAN2025,audit,5,quality,audit_false_positive,"p1: Prepared by: Dr. Vince Clinical Research, LLC"
384-201-00004_aCRF_16JAN2025,audit,5,quality,audit_false_positive,p1: Scheduled Activities Study Events Forms Item Groups Items Measurement Units Code Lists
384-201-00004_aCRF_16JAN2025,audit,5,quality,audit_false_positive,p2: AE/CM / Protocol Deviation
384-201-00004_aCRF_16JAN2025,audit,5,quality,audit_false_positive,p2: Forms
384-201-00004_aCRF_16JAN2025,audit,5,quality,audit_false_positive,p2: Genomic ICF Protocol Deviations Subject Eligibility Subject Informed Consent Urine Collection - PK - Interval Start (0-2) Urine Collection - PK - Interval Start (12Urine Collection - PK - Interval Start (2-4) Urine Collection - PK - Interval Start (4-8) Urine Collection - PK - Interval Start (8U
384-201-00004_aCRF_16JAN2025,audit,5,quality,audit_false_positive,p2: Name
384-201-00004_aCRF_16JAN2025,audit,5,quality,audit_false_positive,p2: Subject
384-201-00004_aCRF_16JAN2025,audit,5,quality,audit_false_positive,p2: Unscheduled
384-201-00004_aCRF_16JAN2025,audit,5,quality,audit_missed,p3: Were any adverse events experienced?
384-201-00004_aCRF_16JAN2025,audit,5,quality,audit_missed,p3: Start date and time
384-201-00004_aCRF_16JAN2025,audit,5,quality,audit_missed,p3: Ongoing?
384-201-00004_aCRF_16JAN2025,audit,5,quality,audit_missed,p3: End date and time
384-201-00004_aCRF_16JAN2025,audit,5,quality,audit_missed,p3: Adverse event term
384-201-00004_aCRF_16JAN2025,audit,5,quality,audit_missed,p3: Is this a treatment emergent adv
384-201-00004_aCRF_16JAN2025,audit,5,quality,audit_false_positive,p3: Any Adverse Event Mandatory?: Yes
384-201-00004_aCRF_16JAN2025,audit,5,quality,audit_missed,p4: Severity
384-201-00004_aCRF_16JAN2025,audit,5,quality,audit_missed,p4: Relationship to investigational product
384-201-00004_aCRF_16JAN2025,audit,5,quality,audit_missed,p4: Action taken with investigational product
384-201-00004_aCRF_16JAN2025,audit,5,quality,audit_missed,p4: Was a concomitant medication given?
384-201-00004_aCRF_16JAN2025,audit,5,quality,audit_missed,p4: Were any other actions taken in response to this adverse event?
384-201-00004_aCRF_16JAN2025,audit,5,quality,audit_missed,p4: Other action taken
384-201-00004_aCRF_16JAN2025,audit,5,quality,audit_false_positive,p4: Severity/Intensity Mandatory?: Yes
384-201-00004_aCRF_16JAN2025,audit,5,quality,audit_missed,p50: PR
384-201-00004_aCRF_16JAN2025,audit,5,quality,audit_missed,p50: QRS
384-201-00004_aCRF_16JAN2025,audit,5,quality,audit_missed,p50: QT
384-201-00004_aCRF_16JAN2025,audit,5,quality,audit_false_positive,p50: Electrocardiogram 1
384-201-00004_aCRF_16JAN2025,audit,5,quality,audit_false_positive,p50: Origin: CRF; Repeating: No; Conditionally Visible; Domain: EG
384-201-00004_aCRF_16JAN2025,audit,5,quality,audit_missed,p70: Body system
384-201-00004_aCRF_16JAN2025,audit,5,quality,audit_missed,p70: Examination result
384-201-00004_aCRF_16JAN2025,audit,5,quality,audit_missed,p70: Clinical significance
384-201-00004_aCRF_16JAN2025,audit,5,quality,audit_missed,p70: Abnormal findings
384-201-00004_aCRF_16JAN2025,audit,5,quality,audit_missed,p70: Body system
384-201-00004_aCRF_16JAN2025,audit,5,quality,audit_missed,p70: Examination result
384-201-00004_aCRF_16JAN2025,audit,5,quality,audit_false_positive,p70: Body system GASTROINTESTINAL Mandatory?: Yes
384-201-00004_aCRF_16JAN2025,audit,5,quality,audit_false_positive,p140: AE Relationship
384-201-00004_aCRF_16JAN2025,loop,,quality,stopped_with_open_issues,"stop=budget, open audit issues=8"
MAC186_X11-201-00001_eCRF_v1.10_form_tracker_v1.6_06Mar2025,confirm,1,quality,confirm_extension_rejected,coverage extension regressed or failed gates; kept prior program
MAC186_X11-201-00001_eCRF_v1.10_form_tracker_v1.6_06Mar2025,audit,1,quality,audit_false_positive,p2: Yes No
MAC186_X11-201-00001_eCRF_v1.10_form_tracker_v1.6_06Mar2025,audit,1,quality,audit_false_positive,p54: Vital Signs Performed
MAC186_X11-201-00001_eCRF_v1.10_form_tracker_v1.6_06Mar2025,audit,1,quality,audit_false_positive,p54: Reason Not Performed
MAC186_X11-201-00001_eCRF_v1.10_form_tracker_v1.6_06Mar2025,audit,1,quality,audit_false_positive,p54: Repetition Number
MAC186_X11-201-00001_eCRF_v1.10_form_tracker_v1.6_06Mar2025,audit,1,quality,audit_false_positive,p54: Details
MAC186_X11-201-00001_eCRF_v1.10_form_tracker_v1.6_06Mar2025,audit,1,quality,audit_false_positive,p54: Location
MAC186_X11-201-00001_eCRF_v1.10_form_tracker_v1.6_06Mar2025,audit,1,quality,audit_false_positive,p54: Position
MAC186_X11-201-00001_eCRF_v1.10_form_tracker_v1.6_06Mar2025,audit,1,quality,audit_false_positive,"p54: Other, Please Specify"
MAC186_X11-201-00001_eCRF_v1.10_form_tracker_v1.6_06Mar2025,audit,1,quality,audit_false_positive,p54: Vital Signs Date
MAC186_X11-201-00001_eCRF_v1.10_form_tracker_v1.6_06Mar2025,audit,1,quality,audit_false_positive,p54: Position Time
MAC186_X11-201-00001_eCRF_v1.10_form_tracker_v1.6_06Mar2025,audit,1,quality,audit_false_positive,p54: Vital Signs Time
MAC186_X11-201-00001_eCRF_v1.10_form_tracker_v1.6_06Mar2025,audit,1,quality,audit_false_positive,p54: Not Done
MAC186_X11-201-00001_eCRF_v1.10_form_tracker_v1.6_06Mar2025,audit,1,quality,audit_false_positive,p54: Test
MAC186_X11-201-00001_eCRF_v1.10_form_tracker_v1.6_06Mar2025,audit,1,quality,audit_false_positive,p54: Result
MAC186_X11-201-00001_eCRF_v1.10_form_tracker_v1.6_06Mar2025,audit,1,quality,audit_false_positive,p54: Interpretation
MAC186_X11-201-00001_eCRF_v1.10_form_tracker_v1.6_06Mar2025,audit,1,quality,audit_false_positive,p54: Reason Not Done
MAC186_X11-201-00001_eCRF_v1.10_form_tracker_v1.6_06Mar2025,audit,1,quality,audit_false_positive,p134: Yes No
MAC186_X11-201-00001_eCRF_v1.10_form_tracker_v1.6_06Mar2025,audit,1,quality,audit_missed,p163: Pupillometry Assessment Performed
MAC186_X11-201-00001_eCRF_v1.10_form_tracker_v1.6_06Mar2025,audit,1,quality,audit_missed,p163: Reason Not Performed
MAC186_X11-201-00001_eCRF_v1.10_form_tracker_v1.6_06Mar2025,audit,1,quality,audit_missed,p163: Timepoint
MAC186_X11-201-00001_eCRF_v1.10_form_tracker_v1.6_06Mar2025,audit,1,quality,audit_missed,p163: Eye
MAC186_X11-201-00001_eCRF_v1.10_form_tracker_v1.6_06Mar2025,audit,1,quality,audit_missed,p163: Repeat
MAC186_X11-201-00001_eCRF_v1.10_form_tracker_v1.6_06Mar2025,audit,1,quality,audit_missed,p163: Not Done
MAC186_X11-201-00001_eCRF_v1.10_form_tracker_v1.6_06Mar2025,audit,1,quality,audit_missed,p163: Reason Not Done
MAC186_X11-201-00001_eCRF_v1.10_form_tracker_v1.6_06Mar2025,audit,1,quality,audit_missed,p163: Pupillometry Date
MAC186_X11-201-00001_eCRF_v1.10_form_tracker_v1.6_06Mar2025,audit,1,quality,audit_missed,p163: Position Rest Time
MAC186_X11-201-00001_eCRF_v1.10_form_tracker_v1.6_06Mar2025,audit,1,quality,audit_missed,p163: Pupillometry Start Time
MAC186_X11-201-00001_eCRF_v1.10_form_tracker_v1.6_06Mar2025,audit,1,quality,audit_missed,p163: Readings downloaded onto a spreadsheet via Bluetooth from the pupilometer device.
MAC186_X11-201-00001_eCRF_v1.10_form_tracker_v1.6_06Mar2025,audit,1,quality,audit_missed,"p163: Reviewed, signed and dated by a physician"
MAC186_X11-201-00001_eCRF_v1.10_form_tracker_v1.6_06Mar2025,audit,1,quality,audit_missed,"p163: Reason not review, signed and dated"
MAC186_X11-201-00001_eCRF_v1.10_form_tracker_v1.6_06Mar2025,audit,1,quality,audit_missed,p163: PLR diameter
MAC186_X11-201-00001_eCRF_v1.10_form_tracker_v1.6_06Mar2025,audit,1,quality,audit_missed,p163: PLR MAX constriction velocity
MAC186_X11-201-00001_eCRF_v1.10_form_tracker_v1.6_06Mar2025,audit,1,quality,audit_missed,p163: PLR dilation velocity
MAC186_X11-201-00001_eCRF_v1.10_form_tracker_v1.6_06Mar2025,audit,1,quality,audit_missed,p163: PLR T75
MAC186_X11-201-00001_eCRF_v1.10_form_tracker_v1.6_06Mar2025,audit,1,quality,audit_missed,p163: Pupil Area (Calculated)
MAC186_X11-201-00001_eCRF_v1.10_form_tracker_v1.6_06Mar2025,audit,1,quality,audit_missed,p163: ACA (Calculated)
MAC186_X11-201-00001_eCRF_v1.10_form_tracker_v1.6_06Mar2025,audit,1,quality,audit_missed,p163: Dilation Velocity at T75 (Calculated)
MAC186_X11-201-00001_eCRF_v1.10_form_tracker_v1.6_06Mar2025,audit,1,quality,audit_false_positive,p163: Done
MAC186_X11-201-00001_eCRF_v1.10_form_tracker_v1.6_06Mar2025,audit,1,quality,audit_false_positive,p163: pupilometer device.
MAC186_X11-201-00001_eCRF_v1.10_form_tracker_v1.6_06Mar2025,audit,1,quality,audit_false_positive,p163: (Calculated)
MAC186_X11-201-00001_eCRF_v1.10_form_tracker_v1.6_06Mar2025,audit,1,quality,audit_false_positive,p198: C-SSRS Performed
MAC186_X11-201-00001_eCRF_v1.10_form_tracker_v1.6_06Mar2025,audit,1,quality,audit_false_positive,p198: Reason Not Performed
MAC186_X11-201-00001_eCRF_v1.10_form_tracker_v1.6_06Mar2025,audit,1,quality,audit_false_positive,p198: C-SSRS Date
MAC186_X11-201-00001_eCRF_v1.10_form_tracker_v1.6_06Mar2025,audit,1,quality,audit_false_positive,p198: C-SSRS Time
MAC186_X11-201-00001_eCRF_v1.10_form_tracker_v1.6_06Mar2025,audit,1,quality,audit_false_positive,p198: Rater Initials
MAC186_X11-201-00001_eCRF_v1.10_form_tracker_v1.6_06Mar2025,audit,1,quality,audit_false_positive,p198: CSS0201
MAC186_X11-201-00001_eCRF_v1.10_form_tracker_v1.6_06Mar2025,audit,1,quality,audit_false_positive,p198: CSS0201A
MAC186_X11-201-00001_eCRF_v1.10_form_tracker_v1.6_06Mar2025,audit,1,quality,audit_false_positive,p198: CSS0202
MAC186_X11-201-00001_eCRF_v1.10_form_tracker_v1.6_06Mar2025,audit,1,quality,audit_false_positive,p198: CSS0202A
MAC186_X11-201-00001_eCRF_v1.10_form_tracker_v1.6_06Mar2025,audit,1,quality,audit_false_positive,p198: CSS0203
MAC186_X11-201-00001_eCRF_v1.10_form_tracker_v1.6_06Mar2025,audit,1,quality,audit_false_positive,p198: CSS0203A
MAC186_X11-201-00001_eCRF_v1.10_form_tracker_v1.6_06Mar2025,audit,1,quality,audit_false_positive,p198: CSS0204
MAC186_X11-201-00001_eCRF_v1.10_form_tracker_v1.6_06Mar2025,audit,1,quality,audit_false_positive,p198: CSS0204A
MAC186_X11-201-00001_eCRF_v1.10_form_tracker_v1.6_06Mar2025,audit,1,quality,audit_false_positive,p198: CSS0205
MAC186_X11-201-00001_eCRF_v1.10_form_tracker_v1.6_06Mar2025,audit,1,quality,audit_false_positive,p198: CSS0205A
MAC186_X11-201-00001_eCRF_v1.10_form_tracker_v1.6_06Mar2025,audit,1,quality,audit_false_positive,p198: CSS0206
MAC186_X11-201-00001_eCRF_v1.10_form_tracker_v1.6_06Mar2025,audit,1,quality,audit_false_positive,p198: CSS0206A
MAC186_X11-201-00001_eCRF_v1.10_form_tracker_v1.6_06Mar2025,audit,1,quality,audit_false_positive,p198: CSS0207
MAC186_X11-201-00001_eCRF_v1.10_form_tracker_v1.6_06Mar2025,audit,1,quality,audit_false_positive,p198: CSS0208
MAC186_X11-201-00001_eCRF_v1.10_form_tracker_v1.6_06Mar2025,audit,1,quality,audit_false_positive,p198: CSS0209
MAC186_X11-201-00001_eCRF_v1.10_form_tracker_v1.6_06Mar2025,audit,1,quality,audit_false_positive,p198: CSS0210
MAC186_X11-201-00001_eCRF_v1.10_form_tracker_v1.6_06Mar2025,audit,1,quality,audit_false_positive,p198: CSS0211
MAC186_X11-201-00001_eCRF_v1.10_form_tracker_v1.6_06Mar2025,audit,1,quality,audit_false_positive,p378: Physical Examination Performed
MAC186_X11-201-00001_eCRF_v1.10_form_tracker_v1.6_06Mar2025,audit,1,quality,audit_false_positive,p378: Reason Not Performed
MAC186_X11-201-00001_eCRF_v1.10_form_tracker_v1.6_06Mar2025,audit,1,quality,audit_false_positive,p378: Examination Date
MAC186_X11-201-00001_eCRF_v1.10_form_tracker_v1.6_06Mar2025,audit,1,quality,audit_false_positive,p378: Examination Time
MAC186_X11-201-00001_eCRF_v1.10_form_tracker_v1.6_06Mar2025,audit,1,quality,audit_false_positive,p378: Body System Examined
MAC186_X11-201-00001_eCRF_v1.10_form_tracker_v1.6_06Mar2025,audit,1,quality,audit_false_positive,"p378: Other, Please Specify"
MAC186_X11-201-00001_eCRF_v1.10_form_tracker_v1.6_06Mar2025,audit,1,quality,audit_false_positive,p378: Not Done
MAC186_X11-201-00001_eCRF_v1.10_form_tracker_v1.6_06Mar2025,audit,1,quality,audit_false_positive,p378: Reason Not Done
MAC186_X11-201-00001_eCRF_v1.10_form_tracker_v1.6_06Mar2025,audit,1,quality,audit_false_positive,p378: Interpretation
MAC186_X11-201-00001_eCRF_v1.10_form_tracker_v1.6_06Mar2025,audit,1,quality,audit_false_positive,p378: Abnormal Findings
MAC186_X11-201-00001_eCRF_v1.10_form_tracker_v1.6_06Mar2025,audit,1,quality,audit_false_positive,p555: Yes No
MAC186_X11-201-00001_eCRF_v1.10_form_tracker_v1.6_06Mar2025,audit,1,quality,audit_missed,p731: Alanine Aminotransferase
MAC186_X11-201-00001_eCRF_v1.10_form_tracker_v1.6_06Mar2025,audit,1,quality,audit_missed,p731: Alkaline Phosphatase
MAC186_X11-201-00001_eCRF_v1.10_form_tracker_v1.6_06Mar2025,audit,1,quality,audit_missed,p731: Aspartate Aminotransferase
MAC186_X11-201-00001_eCRF_v1.10_form_tracker_v1.6_06Mar2025,audit,1,quality,audit_missed,p731: Bilirubin
MAC186_X11-201-00001_eCRF_v1.10_form_tracker_v1.6_06Mar2025,audit,1,quality,audit_missed,p731: Calcium
MAC186_X11-201-00001_eCRF_v1.10_form_tracker_v1.6_06Mar2025,audit,1,quality,audit_missed,p731: Cholesterol
MAC186_X11-201-00001_eCRF_v1.10_form_tracker_v1.6_06Mar2025,audit,1,quality,audit_missed,p731: Creatinine
MAC186_X11-201-00001_eCRF_v1.10_form_tracker_v1.6_06Mar2025,audit,1,quality,audit_missed,p731: Gamma Glutamyl Transferase
MAC186_X11-201-00001_eCRF_v1.10_form_tracker_v1.6_06Mar2025,audit,1,quality,audit_missed,p731: Glucose
MAC186_X11-201-00001_eCRF_v1.10_form_tracker_v1.6_06Mar2025,audit,1,quality,audit_missed,p731: Lactate Dehydrogenase
MAC186_X11-201-00001_eCRF_v1.10_form_tracker_v1.6_06Mar2025,audit,1,quality,audit_missed,p731: Potassium
MAC186_X11-201-00001_eCRF_v1.10_form_tracker_v1.6_06Mar2025,audit,1,quality,audit_missed,p731: Protein
MAC186_X11-201-00001_eCRF_v1.10_form_tracker_v1.6_06Mar2025,audit,1,quality,audit_missed,p731: Sodium
MAC186_X11-201-00001_eCRF_v1.10_form_tracker_v1.6_06Mar2025,audit,1,quality,audit_missed,p731: Triglycerides
MAC186_X11-201-00001_eCRF_v1.10_form_tracker_v1.6_06Mar2025,audit,1,quality,audit_missed,p731: Urea Nitrogen
MAC186_X11-201-00001_eCRF_v1.10_form_tracker_v1.6_06Mar2025,audit,1,quality,audit_false_positive,p731: Not Done
MAC186_X11-201-00001_eCRF_v1.10_form_tracker_v1.6_06Mar2025,audit,1,quality,audit_false_positive,p731: Reason Not Done
MAC186_X11-201-00001_eCRF_v1.10_form_tracker_v1.6_06Mar2025,audit,1,quality,audit_false_positive,p731: Parameter
MAC186_X11-201-00001_eCRF_v1.10_form_tracker_v1.6_06Mar2025,audit,1,quality,audit_false_positive,p731: Interpretation
MAC186_X11-201-00001_eCRF_v1.10_form_tracker_v1.6_06Mar2025,audit,1,quality,audit_false_positive,p731: Yes No
MAC186_X11-201-00001_eCRF_v1.10_form_tracker_v1.6_06Mar2025,audit,1,quality,audit_false_positive,p731: Not Done Reason Not Done
MAC186_X11-201-00001_eCRF_v1.10_form_tracker_v1.6_06Mar2025,audit,2,quality,audit_missed,p2: Informed Consent Date
MAC186_X11-201-00001_eCRF_v1.10_form_tracker_v1.6_06Mar2025,audit,2,quality,audit_missed,p34: MGH Assessment Performed
MAC186_X11-201-00001_eCRF_v1.10_form_tracker_v1.6_06Mar2025,audit,2,quality,audit_missed,p34: Reason Not Performed
MAC186_X11-201-00001_eCRF_v1.10_form_tracker_v1.6_06Mar2025,audit,2,quality,audit_missed,p34: MGH Assessment Date
MAC186_X11-201-00001_eCRF_v1.10_form_tracker_v1.6_06Mar2025,audit,2,quality,audit_missed,p34: MGH Assessment Time
MAC186_X11-201-00001_eCRF_v1.10_form_tracker_v1.6_06Mar2025,audit,2,quality,audit_missed,p34: Rater Initials
MAC186_X11-201-00001_eCRF_v1.10_form_tracker_v1.6_06Mar2025,audit,2,quality,audit_missed,p34: Medication Type
MAC186_X11-201-00001_eCRF_v1.10_form_tracker_v1.6_06Mar2025,audit,2,quality,audit_false_positive,p34: dose at optional level
MAC186_X11-201-00001_eCRF_v1.10_form_tracker_v1.6_06Mar2025,audit,2,quality,audit_false_positive,"p34: Doxepin, 150mg/d, 250mg/d"
MAC186_X11-201-00001_eCRF_v1.10_form_tracker_v1.6_06Mar2025,audit,2,quality,audit_false_positive,"p34: Clomipramine, 150mg/d, 250mg/d"
MAC186_X11-201-00001_eCRF_v1.10_form_tracker_v1.6_06Mar2025,audit,2,quality,audit_false_positive,"p34: Amoxapine, 150mg/d, 250mg/d"
MAC186_X11-201-00001_eCRF_v1.10_form_tracker_v1.6_06Mar2025,audit,2,quality,audit_false_positive,"p34: Amitriptyline, 150mg/d, 250mg/d"
MAC186_X11-201-00001_eCRF_v1.10_form_tracker_v1.6_06Mar2025,audit,2,quality,audit_false_positive,"p34: Maprotiline, 150mg/d, 250mg/d"
MAC186_X11-201-00001_eCRF_v1.10_form_tracker_v1.6_06Mar2025,audit,2,quality,audit_false_positive,"p34: Desipramine, 150mg/d, 250mg/d"
MAC186_X11-201-00001_eCRF_v1.10_form_tracker_v1.6_06Mar2025,audit,2,quality,audit_false_positive,"p34: Nortriptyline, 75mg/d, 125mg/d"
MAC186_X11-201-00001_eCRF_v1.10_form_tracker_v1.6_06Mar2025,audit,2,quality,audit_false_positive,"p34: Trimipramine, 150mg/d, 250mg/d"
MAC186_X11-201-00001_eCRF_v1.10_form_tracker_v1.6_06Mar2025,audit,2,quality,audit_false_positive,"p34: Imipramine, 150mg/d, 250mg/d"
MAC186_X11-201-00001_eCRF_v1.10_form_tracker_v1.6_06Mar2025,audit,2,quality,audit_false_positive,"p34: Protriptyline, 30mg/d, 60mg/d"
MAC186_X11-201-00001_eCRF_v1.10_form_tracker_v1.6_06Mar2025,audit,2,quality,audit_false_positive,"p34: Pipofezine, 150mg/d, 300mg/d"
MAC186_X11-201-00001_eCRF_v1.10_form_tracker_v1.6_06Mar2025,audit,2,quality,audit_false_positive,"p34: Noxiptiline, 100mg/d, 200mg/d"
MAC186_X11-201-00001_eCRF_v1.10_form_tracker_v1.6_06Mar2025,audit,2,quality,audit_false_positive,p34: Monoamine Oxidase Inhibitors (MAOIs)
MAC186_X11-201-00001_eCRF_v1.10_form_tracker_v1.6_06Mar2025,audit,2,quality,audit_false_positive,p54: Vital Signs Performed
MAC186_X11-201-00001_eCRF_v1.10_form_tracker_v1.6_06Mar2025,audit,2,quality,audit_false_positive,p54: Reason Not Performed
MAC186_X11-201-00001_eCRF_v1.10_form_tracker_v1.6_06Mar2025,audit,2,quality,audit_false_positive,p54: Repetition Number
MAC186_X11-201-00001_eCRF_v1.10_form_tracker_v1.6_06Mar2025,audit,2,quality,audit_false_positive,p54: Details
MAC186_X11-201-00001_eCRF_v1.10_form_tracker_v1.6_06Mar2025,audit,2,quality,audit_false_positive,p54: Location
MAC186_X11-201-00001_eCRF_v1.10_form_tracker_v1.6_06Mar2025,audit,2,quality,audit_false_positive,p54: Position
MAC186_X11-201-00001_eCRF_v1.10_form_tracker_v1.6_06Mar2025,audit,2,quality,audit_false_positive,"p54: Other, Please Specify"
MAC186_X11-201-00001_eCRF_v1.10_form_tracker_v1.6_06Mar2025,audit,2,quality,audit_false_positive,p54: Vital Signs Date
MAC186_X11-201-00001_eCRF_v1.10_form_tracker_v1.6_06Mar2025,audit,2,quality,audit_false_positive,p54: Position Time
MAC186_X11-201-00001_eCRF_v1.10_form_tracker_v1.6_06Mar2025,audit,2,quality,audit_false_positive,p54: Vital Signs Time
MAC186_X11-201-00001_eCRF_v1.10_form_tracker_v1.6_06Mar2025,audit,2,quality,audit_false_positive,p54: Not Done
MAC186_X11-201-00001_eCRF_v1.10_form_tracker_v1.6_06Mar2025,audit,2,quality,audit_false_positive,p54: Test
MAC186_X11-201-00001_eCRF_v1.10_form_tracker_v1.6_06Mar2025,audit,2,quality,audit_false_positive,p54: Result
MAC186_X11-201-00001_eCRF_v1.10_form_tracker_v1.6_06Mar2025,audit,2,quality,audit_false_positive,p54: Interpretation
MAC186_X11-201-00001_eCRF_v1.10_form_tracker_v1.6_06Mar2025,audit,2,quality,audit_false_positive,p54: Reason Not Done
MAC186_X11-201-00001_eCRF_v1.10_form_tracker_v1.6_06Mar2025,audit,2,quality,audit_missed,p134: EEG Start Date
MAC186_X11-201-00001_eCRF_v1.10_form_tracker_v1.6_06Mar2025,audit,2,quality,audit_missed,p134: EEG Start Time
MAC186_X11-201-00001_eCRF_v1.10_form_tracker_v1.6_06Mar2025,audit,2,quality,audit_missed,p163: Pupillometry Assessment Performed
MAC186_X11-201-00001_eCRF_v1.10_form_tracker_v1.6_06Mar2025,audit,2,quality,audit_missed,p163: Reason Not Performed
MAC186_X11-201-00001_eCRF_v1.10_form_tracker_v1.6_06Mar2025,audit,2,quality,audit_missed,p163: Timepoint
MAC186_X11-201-00001_eCRF_v1.10_form_tracker_v1.6_06Mar2025,audit,2,quality,audit_missed,p163: Eye
MAC186_X11-201-00001_eCRF_v1.10_form_tracker_v1.6_06Mar2025,audit,2,quality,audit_missed,p163: Repeat
MAC186_X11-201-00001_eCRF_v1.10_form_tracker_v1.6_06Mar2025,audit,2,quality,audit_missed,p163: Not Done
MAC186_X11-201-00001_eCRF_v1.10_form_tracker_v1.6_06Mar2025,audit,2,quality,audit_missed,p163: Reason Not Done
MAC186_X11-201-00001_eCRF_v1.10_form_tracker_v1.6_06Mar2025,audit,2,quality,audit_missed,p163: Pupillometry Date
MAC186_X11-201-00001_eCRF_v1.10_form_tracker_v1.6_06Mar2025,audit,2,quality,audit_missed,p163: Position Rest Time
MAC186_X11-201-00001_eCRF_v1.10_form_tracker_v1.6_06Mar2025,audit,2,quality,audit_missed,p163: Pupillometry Start Time
MAC186_X11-201-00001_eCRF_v1.10_form_tracker_v1.6_06Mar2025,audit,2,quality,audit_missed,p163: Readings downloaded onto a spreadsheet via Bluetooth from the pupilometer device.
MAC186_X11-201-00001_eCRF_v1.10_form_tracker_v1.6_06Mar2025,audit,2,quality,audit_missed,"p163: Reviewed, signed and dated by a physician"
MAC186_X11-201-00001_eCRF_v1.10_form_tracker_v1.6_06Mar2025,audit,2,quality,audit_missed,"p163: Reason not review, signed and dated"
MAC186_X11-201-00001_eCRF_v1.10_form_tracker_v1.6_06Mar2025,audit,2,quality,audit_missed,p163: PLR diameter init
MAC186_X11-201-00001_eCRF_v1.10_form_tracker_v1.6_06Mar2025,audit,2,quality,audit_missed,p163: PLR MAX constriction velocity
MAC186_X11-201-00001_eCRF_v1.10_form_tracker_v1.6_06Mar2025,audit,2,quality,audit_missed,p163: PLR dilation velocity
MAC186_X11-201-00001_eCRF_v1.10_form_tracker_v1.6_06Mar2025,audit,2,quality,audit_missed,p163: PLR T75
MAC186_X11-201-00001_eCRF_v1.10_form_tracker_v1.6_06Mar2025,audit,2,quality,audit_missed,p163: Pupil Area (Calculated)
MAC186_X11-201-00001_eCRF_v1.10_form_tracker_v1.6_06Mar2025,audit,2,quality,audit_missed,p163: ACA (Calculated)
MAC186_X11-201-00001_eCRF_v1.10_form_tracker_v1.6_06Mar2025,audit,2,quality,audit_missed,p163: Dilation Velocity at T75 (Calculated)
MAC186_X11-201-00001_eCRF_v1.10_form_tracker_v1.6_06Mar2025,audit,2,quality,audit_false_positive,p163: Done
MAC186_X11-201-00001_eCRF_v1.10_form_tracker_v1.6_06Mar2025,audit,2,quality,audit_false_positive,p163: pupilometer device.
MAC186_X11-201-00001_eCRF_v1.10_form_tracker_v1.6_06Mar2025,audit,2,quality,audit_false_positive,p198: Name
MAC186_X11-201-00001_eCRF_v1.10_form_tracker_v1.6_06Mar2025,audit,2,quality,audit_false_positive,p198: Export Name
MAC186_X11-201-00001_eCRF_v1.10_form_tracker_v1.6_06Mar2025,audit,2,quality,audit_false_positive,p198: Type
MAC186_X11-201-00001_eCRF_v1.10_form_tracker_v1.6_06Mar2025,audit,2,quality,audit_false_positive,p198: Max length
MAC186_X11-201-00001_eCRF_v1.10_form_tracker_v1.6_06Mar2025,audit,2,quality,audit_false_positive,p198: Categories
MAC186_X11-201-00001_eCRF_v1.10_form_tracker_v1.6_06Mar2025,audit,2,quality,audit_false_positive,p378: Physical Examination Performed
MAC186_X11-201-00001_eCRF_v1.10_form_tracker_v1.6_06Mar2025,audit,2,quality,audit_false_positive,p378: Reason Not Performed
MAC186_X11-201-00001_eCRF_v1.10_form_tracker_v1.6_06Mar2025,audit,2,quality,audit_false_positive,p378: Examination Date
MAC186_X11-201-00001_eCRF_v1.10_form_tracker_v1.6_06Mar2025,audit,2,quality,audit_false_positive,p378: Examination Time
MAC186_X11-201-00001_eCRF_v1.10_form_tracker_v1.6_06Mar2025,audit,2,quality,audit_false_positive,p378: Body System Examined
MAC186_X11-201-00001_eCRF_v1.10_form_tracker_v1.6_06Mar2025,audit,2,quality,audit_false_positive,"p378: Other, Please Specify"
MAC186_X11-201-00001_eCRF_v1.10_form_tracker_v1.6_06Mar2025,audit,2,quality,audit_false_positive,p378: Not Done
MAC186_X11-201-00001_eCRF_v1.10_form_tracker_v1.6_06Mar2025,audit,2,quality,audit_false_positive,p378: Reason Not Done
MAC186_X11-201-00001_eCRF_v1.10_form_tracker_v1.6_06Mar2025,audit,2,quality,audit_false_positive,p378: Interpretation
MAC186_X11-201-00001_eCRF_v1.10_form_tracker_v1.6_06Mar2025,audit,2,quality,audit_false_positive,p378: Abnormal Findings
MAC186_X11-201-00001_eCRF_v1.10_form_tracker_v1.6_06Mar2025,audit,2,quality,audit_missed,p555: Sample Date
MAC186_X11-201-00001_eCRF_v1.10_form_tracker_v1.6_06Mar2025,audit,2,quality,audit_missed,p555: Sample Time
MAC186_X11-201-00001_eCRF_v1.10_form_tracker_v1.6_06Mar2025,audit,2,quality,audit_missed,p555: Analysis Lab
MAC186_X11-201-00001_eCRF_v1.10_form_tracker_v1.6_06Mar2025,audit,2,quality,audit_missed,p731: Sample Performed
MAC186_X11-201-00001_eCRF_v1.10_form_tracker_v1.6_06Mar2025,audit,2,quality,audit_missed,p731: Reason Not Performed
MAC186_X11-201-00001_eCRF_v1.10_form_tracker_v1.6_06Mar2025,audit,2,quality,audit_missed,p731: Sample Date
MAC186_X11-201-00001_eCRF_v1.10_form_tracker_v1.6_06Mar2025,audit,2,quality,audit_missed,p731: Sample Time
MAC186_X11-201-00001_eCRF_v1.10_form_tracker_v1.6_06Mar2025,audit,3,quality,audit_missed,p2: Informed Consent Date
MAC186_X11-201-00001_eCRF_v1.10_form_tracker_v1.6_06Mar2025,audit,3,quality,audit_false_positive,p6: American Indian or Alaska Native
MAC186_X11-201-00001_eCRF_v1.10_form_tracker_v1.6_06Mar2025,audit,3,quality,audit_false_positive,p6: Not Reported Other
MAC186_X11-201-00001_eCRF_v1.10_form_tracker_v1.6_06Mar2025,audit,3,quality,audit_missed,p34: MGH Assessment Performed
MAC186_X11-201-00001_eCRF_v1.10_form_tracker_v1.6_06Mar2025,audit,3,quality,audit_missed,p34: Reason Not Performed
MAC186_X11-201-00001_eCRF_v1.10_form_tracker_v1.6_06Mar2025,audit,3,quality,audit_missed,p34: MGH Assessment Date
MAC186_X11-201-00001_eCRF_v1.10_form_tracker_v1.6_06Mar2025,audit,3,quality,audit_missed,p34: MGH Assessment Time
MAC186_X11-201-00001_eCRF_v1.10_form_tracker_v1.6_06Mar2025,audit,3,quality,audit_missed,p34: Rater Initials
MAC186_X11-201-00001_eCRF_v1.10_form_tracker_v1.6_06Mar2025,audit,3,quality,audit_missed,p34: Medication Type
MAC186_X11-201-00001_eCRF_v1.10_form_tracker_v1.6_06Mar2025,audit,3,quality,audit_missed,"p34: Medication, Minimally adequate dose level, Minimal dose at optional level"
MAC186_X11-201-00001_eCRF_v1.10_form_tracker_v1.6_06Mar2025,audit,3,quality,audit_missed,p34: Taken during THIS current episode
MAC186_X11-201-00001_eCRF_v1.10_form_tracker_v1.6_06Mar2025,audit,3,quality,audit_missed,p34: Minimally adequate dose
MAC186_X11-201-00001_eCRF_v1.10_form_tracker_v1.6_06Mar2025,audit,3,quality,audit_missed,p34: Minimal dose at optimal level
MAC186_X11-201-00001_eCRF_v1.10_form_tracker_v1.6_06Mar2025,audit,3,quality,audit_missed,p34: Scale for % Improvement
MAC186_X11-201-00001_eCRF_v1.10_form_tracker_v1.6_06Mar2025,audit,3,quality,audit_false_positive,p34: dose at optional level
MAC186_X11-201-00001_eCRF_v1.10_form_tracker_v1.6_06Mar2025,audit,3,quality,audit_false_positive,"p34: Doxepin, 150mg/d, 250mg/d"
MAC186_X11-201-00001_eCRF_v1.10_form_tracker_v1.6_06Mar2025,audit,3,quality,audit_false_positive,"p34: Clomipramine, 150mg/d, 250mg/d"
MAC186_X11-201-00001_eCRF_v1.10_form_tracker_v1.6_06Mar2025,audit,3,quality,audit_false_positive,"p34: Amoxapine, 150mg/d, 250mg/d"
MAC186_X11-201-00001_eCRF_v1.10_form_tracker_v1.6_06Mar2025,audit,3,quality,audit_false_positive,"p34: Amitriptyline, 150mg/d, 250mg/d"
MAC186_X11-201-00001_eCRF_v1.10_form_tracker_v1.6_06Mar2025,audit,3,quality,audit_false_positive,"p34: Maprotiline, 150mg/d, 250mg/d"
MAC186_X11-201-00001_eCRF_v1.10_form_tracker_v1.6_06Mar2025,audit,3,quality,audit_false_positive,"p34: Desipramine, 150mg/d, 250mg/d"
MAC186_X11-201-00001_eCRF_v1.10_form_tracker_v1.6_06Mar2025,audit,3,quality,audit_false_positive,"p34: Nortriptyline, 75mg/d, 125mg/d"
MAC186_X11-201-00001_eCRF_v1.10_form_tracker_v1.6_06Mar2025,audit,3,quality,audit_false_positive,"p34: Trimipramine, 150mg/d, 250mg/d"
MAC186_X11-201-00001_eCRF_v1.10_form_tracker_v1.6_06Mar2025,audit,3,quality,audit_false_positive,"p34: Imipramine, 150mg/d, 250mg/d"
MAC186_X11-201-00001_eCRF_v1.10_form_tracker_v1.6_06Mar2025,audit,3,quality,audit_false_positive,"p34: Protriptyline, 30mg/d, 60mg/d"
MAC186_X11-201-00001_eCRF_v1.10_form_tracker_v1.6_06Mar2025,audit,3,quality,audit_false_positive,"p34: Pipofezine, 150mg/d, 300mg/d"
MAC186_X11-201-00001_eCRF_v1.10_form_tracker_v1.6_06Mar2025,audit,3,quality,audit_false_positive,"p34: Noxiptiline, 100mg/d, 200mg/d"
MAC186_X11-201-00001_eCRF_v1.10_form_tracker_v1.6_06Mar2025,audit,3,quality,audit_false_positive,p34: Monoamine Oxidase Inhibitors (MAOIs)
MAC186_X11-201-00001_eCRF_v1.10_form_tracker_v1.6_06Mar2025,audit,3,quality,audit_missed,p53: Repetition Number
MAC186_X11-201-00001_eCRF_v1.10_form_tracker_v1.6_06Mar2025,audit,3,quality,audit_missed,p53: Details
MAC186_X11-201-00001_eCRF_v1.10_form_tracker_v1.6_06Mar2025,audit,3,quality,audit_missed,p53: Location
MAC186_X11-201-00001_eCRF_v1.10_form_tracker_v1.6_06Mar2025,audit,3,quality,audit_missed,p53: Position
MAC186_X11-201-00001_eCRF_v1.10_form_tracker_v1.6_06Mar2025,audit,3,quality,audit_missed,p53: Vital Signs Date
MAC186_X11-201-00001_eCRF_v1.10_form_tracker_v1.6_06Mar2025,audit,3,quality,audit_missed,p53: Position Time
MAC186_X11-201-00001_eCRF_v1.10_form_tracker_v1.6_06Mar2025,audit,3,quality,audit_missed,p53: Vital Signs Time
MAC186_X11-201-00001_eCRF_v1.10_form_tracker_v1.6_06Mar2025,audit,3,quality,audit_missed,p53: Not Done
MAC186_X11-201-00001_eCRF_v1.10_form_tracker_v1.6_06Mar2025,audit,3,quality,audit_missed,p53: Test
MAC186_X11-201-00001_eCRF_v1.10_form_tracker_v1.6_06Mar2025,audit,3,quality,audit_missed,p53: Result
MAC186_X11-201-00001_eCRF_v1.10_form_tracker_v1.6_06Mar2025,audit,3,quality,audit_missed,p53: Interpretation
MAC186_X11-201-00001_eCRF_v1.10_form_tracker_v1.6_06Mar2025,audit,3,quality,audit_missed,p53: Reason Not Done
MAC186_X11-201-00001_eCRF_v1.10_form_tracker_v1.6_06Mar2025,audit,3,quality,audit_false_positive,p53: Vital Signs - Single Time Point
MAC186_X11-201-00001_eCRF_v1.10_form_tracker_v1.6_06Mar2025,audit,3,quality,audit_false_positive,p53: Yes
MAC186_X11-201-00001_eCRF_v1.10_form_tracker_v1.6_06Mar2025,audit,3,quality,audit_false_positive,p53: No
MAC186_X11-201-00001_eCRF_v1.10_form_tracker_v1.6_06Mar2025,audit,3,quality,audit_false_positive,p53: Vital Signs Details
MAC186_X11-201-00001_eCRF_v1.10_form_tracker_v1.6_06Mar2025,audit,3,quality,audit_false_positive,p53: Temperature (°C)
MAC186_X11-201-00001_eCRF_v1.10_form_tracker_v1.6_06Mar2025,audit,3,quality,audit_false_positive,p53: Respiratory Rate (breaths/min)
MAC186_X11-201-00001_eCRF_v1.10_form_tracker_v1.6_06Mar2025,audit,3,quality,audit_false_positive,p53: Systolic Blood Pressure (mmHg)
MAC186_X11-201-00001_eCRF_v1.10_form_tracker_v1.6_06Mar2025,audit,3,quality,audit_false_positive,p53: Diastolic Blood Pressure (mmHg)
MAC186_X11-201-00001_eCRF_v1.10_form_tracker_v1.6_06Mar2025,audit,3,quality,audit_false_positive,p53: Pulse Rate (beats/min)
MAC186_X11-201-00001_eCRF_v1.10_form_tracker_v1.6_06Mar2025,audit,3,quality,audit_false_positive,p53: SPO2
MAC186_X11-201-00001_eCRF_v1.10_form_tracker_v1.6_06Mar2025,audit,3,quality,audit_false_positive,p54: Vital Signs Performed
MAC186_X11-201-00001_eCRF_v1.10_form_tracker_v1.6_06Mar2025,audit,3,quality,audit_false_positive,p54: Reason Not Performed
MAC186_X11-201-00001_eCRF_v1.10_form_tracker_v1.6_06Mar2025,audit,3,quality,audit_false_positive,p54: Repetition Number
MAC186_X11-201-00001_eCRF_v1.10_form_tracker_v1.6_06Mar2025,audit,3,quality,audit_false_positive,p54: Details
MAC186_X11-201-00001_eCRF_v1.10_form_tracker_v1.6_06Mar2025,audit,3,quality,audit_false_positive,p54: Location
MAC186_X11-201-00001_eCRF_v1.10_form_tracker_v1.6_06Mar2025,audit,3,quality,audit_false_positive,p54: Position
MAC186_X11-201-00001_eCRF_v1.10_form_tracker_v1.6_06Mar2025,audit,3,quality,audit_false_positive,"p54: Other, Please Specify"
MAC186_X11-201-00001_eCRF_v1.10_form_tracker_v1.6_06Mar2025,audit,3,quality,audit_false_positive,p54: Vital Signs Date
MAC186_X11-201-00001_eCRF_v1.10_form_tracker_v1.6_06Mar2025,audit,3,quality,audit_false_positive,p54: Position Time
MAC186_X11-201-00001_eCRF_v1.10_form_tracker_v1.6_06Mar2025,audit,3,quality,audit_false_positive,p54: Vital Signs Time
MAC186_X11-201-00001_eCRF_v1.10_form_tracker_v1.6_06Mar2025,audit,3,quality,audit_false_positive,p54: Not Done
MAC186_X11-201-00001_eCRF_v1.10_form_tracker_v1.6_06Mar2025,audit,3,quality,audit_false_positive,p54: Test
MAC186_X11-201-00001_eCRF_v1.10_form_tracker_v1.6_06Mar2025,audit,3,quality,audit_false_positive,p54: Result
MAC186_X11-201-00001_eCRF_v1.10_form_tracker_v1.6_06Mar2025,audit,3,quality,audit_false_positive,p54: Interpretation
MAC186_X11-201-00001_eCRF_v1.10_form_tracker_v1.6_06Mar2025,audit,3,quality,audit_false_positive,p54: Reason Not Done
MAC186_X11-201-00001_eCRF_v1.10_form_tracker_v1.6_06Mar2025,audit,3,quality,audit_missed,p134: EEG Start Date
MAC186_X11-201-00001_eCRF_v1.10_form_tracker_v1.6_06Mar2025,audit,3,quality,audit_missed,p134: EEG Start Time
MAC186_X11-201-00001_eCRF_v1.10_form_tracker_v1.6_06Mar2025,audit,3,quality,audit_missed,p163: Pupillometry Assessment Performed
MAC186_X11-201-00001_eCRF_v1.10_form_tracker_v1.6_06Mar2025,audit,3,quality,audit_missed,p163: Reason Not Performed
MAC186_X11-201-00001_eCRF_v1.10_form_tracker_v1.6_06Mar2025,audit,3,quality,audit_missed,p163: Timepoint
MAC186_X11-201-00001_eCRF_v1.10_form_tracker_v1.6_06Mar2025,audit,3,quality,audit_missed,p163: Eye
MAC186_X11-201-00001_eCRF_v1.10_form_tracker_v1.6_06Mar2025,audit,3,quality,audit_missed,p163: Repeat
MAC186_X11-201-00001_eCRF_v1.10_form_tracker_v1.6_06Mar2025,audit,3,quality,audit_missed,p163: Not Done
MAC186_X11-201-00001_eCRF_v1.10_form_tracker_v1.6_06Mar2025,audit,3,quality,audit_missed,p163: Reason Not Done
MAC186_X11-201-00001_eCRF_v1.10_form_tracker_v1.6_06Mar2025,audit,3,quality,audit_missed,p163: Pupillometry Date
MAC186_X11-201-00001_eCRF_v1.10_form_tracker_v1.6_06Mar2025,audit,3,quality,audit_missed,p163: Position Rest Time
MAC186_X11-201-00001_eCRF_v1.10_form_tracker_v1.6_06Mar2025,audit,3,quality,audit_missed,p163: Start Time
MAC186_X11-201-00001_eCRF_v1.10_form_tracker_v1.6_06Mar2025,audit,3,quality,audit_missed,p163: Readings downloaded onto a spreadsheet via Bluetooth from the pupilometer device.
MAC186_X11-201-00001_eCRF_v1.10_form_tracker_v1.6_06Mar2025,audit,3,quality,audit_missed,"p163: Reviewed, signed and dated by a physician"
MAC186_X11-201-00001_eCRF_v1.10_form_tracker_v1.6_06Mar2025,audit,3,quality,audit_missed,"p163: Reason not review, signed and dated"
MAC186_X11-201-00001_eCRF_v1.10_form_tracker_v1.6_06Mar2025,audit,3,quality,audit_missed,p163: PLR diameter init
MAC186_X11-201-00001_eCRF_v1.10_form_tracker_v1.6_06Mar2025,audit,3,quality,audit_missed,p163: PLR MAX constriction velocity
MAC186_X11-201-00001_eCRF_v1.10_form_tracker_v1.6_06Mar2025,audit,3,quality,audit_missed,p163: PLR dilation velocity
MAC186_X11-201-00001_eCRF_v1.10_form_tracker_v1.6_06Mar2025,audit,3,quality,audit_missed,p163: PLR T75
MAC186_X11-201-00001_eCRF_v1.10_form_tracker_v1.6_06Mar2025,audit,3,quality,audit_missed,p163: Pupil Area (Calculated)
MAC186_X11-201-00001_eCRF_v1.10_form_tracker_v1.6_06Mar2025,audit,3,quality,audit_missed,p163: ACA (Calculated)
MAC186_X11-201-00001_eCRF_v1.10_form_tracker_v1.6_06Mar2025,audit,3,quality,audit_missed,p163: Dilation Velocity at T75 (Calculated)
MAC186_X11-201-00001_eCRF_v1.10_form_tracker_v1.6_06Mar2025,audit,3,quality,audit_false_positive,p163: Done
MAC186_X11-201-00001_eCRF_v1.10_form_tracker_v1.6_06Mar2025,audit,3,quality,audit_false_positive,p163: pupilometer device.
MAC186_X11-201-00001_eCRF_v1.10_form_tracker_v1.6_06Mar2025,audit,3,quality,audit_false_positive,p378: Physical Examination Performed
MAC186_X11-201-00001_eCRF_v1.10_form_tracker_v1.6_06Mar2025,audit,3,quality,audit_false_positive,p378: Reason Not Performed
MAC186_X11-201-00001_eCRF_v1.10_form_tracker_v1.6_06Mar2025,audit,3,quality,audit_false_positive,p378: Examination Date
MAC186_X11-201-00001_eCRF_v1.10_form_tracker_v1.6_06Mar2025,audit,3,quality,audit_false_positive,p378: Examination Time
MAC186_X11-201-00001_eCRF_v1.10_form_tracker_v1.6_06Mar2025,audit,3,quality,audit_false_positive,p378: Body System Examined
MAC186_X11-201-00001_eCRF_v1.10_form_tracker_v1.6_06Mar2025,audit,3,quality,audit_false_positive,"p378: Other, Please Specify"
MAC186_X11-201-00001_eCRF_v1.10_form_tracker_v1.6_06Mar2025,audit,3,quality,audit_false_positive,p378: Not Done
MAC186_X11-201-00001_eCRF_v1.10_form_tracker_v1.6_06Mar2025,audit,3,quality,audit_false_positive,p378: Reason Not Done
MAC186_X11-201-00001_eCRF_v1.10_form_tracker_v1.6_06Mar2025,audit,3,quality,audit_false_positive,p378: Interpretation
MAC186_X11-201-00001_eCRF_v1.10_form_tracker_v1.6_06Mar2025,audit,3,quality,audit_false_positive,p378: Abnormal Findings
MAC186_X11-201-00001_eCRF_v1.10_form_tracker_v1.6_06Mar2025,audit,3,quality,audit_missed,p555: Sample Date
MAC186_X11-201-00001_eCRF_v1.10_form_tracker_v1.6_06Mar2025,audit,3,quality,audit_missed,p555: Sample Time
MAC186_X11-201-00001_eCRF_v1.10_form_tracker_v1.6_06Mar2025,audit,3,quality,audit_missed,p555: Analysis Lab
MAC186_X11-201-00001_eCRF_v1.10_form_tracker_v1.6_06Mar2025,audit,3,quality,audit_missed,p731: Sample Performed
MAC186_X11-201-00001_eCRF_v1.10_form_tracker_v1.6_06Mar2025,audit,3,quality,audit_missed,p731: Reason Not Performed
MAC186_X11-201-00001_eCRF_v1.10_form_tracker_v1.6_06Mar2025,audit,3,quality,audit_missed,p731: Sample Date
MAC186_X11-201-00001_eCRF_v1.10_form_tracker_v1.6_06Mar2025,audit,3,quality,audit_missed,p731: Sample Time
MAC186_X11-201-00001_eCRF_v1.10_form_tracker_v1.6_06Mar2025,audit,3,quality,audit_missed,p731: Parameter
MAC186_X11-201-00001_eCRF_v1.10_form_tracker_v1.6_06Mar2025,audit,3,quality,audit_missed,p731: Not Done
MAC186_X11-201-00001_eCRF_v1.10_form_tracker_v1.6_06Mar2025,audit,3,quality,audit_missed,p731: Reason Not Done
MAC186_X11-201-00001_eCRF_v1.10_form_tracker_v1.6_06Mar2025,audit,3,quality,audit_missed,p731: Interpretation
MAC186_X11-201-00001_eCRF_v1.10_form_tracker_v1.6_06Mar2025,audit,3,quality,audit_false_positive,p731: Alanine Aminotransferase
MAC186_X11-201-00001_eCRF_v1.10_form_tracker_v1.6_06Mar2025,audit,3,quality,audit_false_positive,p731: Alkaline Phosphatase
MAC186_X11-201-00001_eCRF_v1.10_form_tracker_v1.6_06Mar2025,audit,3,quality,audit_false_positive,p731: Aspartate Aminotransferase
MAC186_X11-201-00001_eCRF_v1.10_form_tracker_v1.6_06Mar2025,audit,3,quality,audit_false_positive,p731: Bilirubin
MAC186_X11-201-00001_eCRF_v1.10_form_tracker_v1.6_06Mar2025,audit,3,quality,audit_false_positive,p731: Calcium
MAC186_X11-201-00001_eCRF_v1.10_form_tracker_v1.6_06Mar2025,audit,3,quality,audit_false_positive,p731: Cholesterol
MAC186_X11-201-00001_eCRF_v1.10_form_tracker_v1.6_06Mar2025,audit,3,quality,audit_false_positive,p731: Creatinine
MAC186_X11-201-00001_eCRF_v1.10_form_tracker_v1.6_06Mar2025,audit,3,quality,audit_false_positive,p731: Gamma Glutamyl Transferase
MAC186_X11-201-00001_eCRF_v1.10_form_tracker_v1.6_06Mar2025,audit,3,quality,audit_false_positive,p731: Glucose
MAC186_X11-201-00001_eCRF_v1.10_form_tracker_v1.6_06Mar2025,audit,3,quality,audit_false_positive,p731: Lactate Dehydrogenase
MAC186_X11-201-00001_eCRF_v1.10_form_tracker_v1.6_06Mar2025,audit,3,quality,audit_false_positive,p731: Potassium
MAC186_X11-201-00001_eCRF_v1.10_form_tracker_v1.6_06Mar2025,audit,3,quality,audit_false_positive,p731: Protein
MAC186_X11-201-00001_eCRF_v1.10_form_tracker_v1.6_06Mar2025,audit,3,quality,audit_false_positive,p731: Sodium
MAC186_X11-201-00001_eCRF_v1.10_form_tracker_v1.6_06Mar2025,audit,3,quality,audit_false_positive,p731: Triglycerides
MAC186_X11-201-00001_eCRF_v1.10_form_tracker_v1.6_06Mar2025,audit,3,quality,audit_false_positive,p731: Urea Nitrogen
MAC186_X11-201-00001_eCRF_v1.10_form_tracker_v1.6_06Mar2025,audit,4,blocking,transport_error,"agent CLI exited 1: NonRetriableError: Agent Looping Detected The model got stuck in a repeating response pattern, so this turn was stopped. Please try again with a different model or start a new conversation. If the problem persists, please contact support.
"
MAC186_X11-201-00001_eCRF_v1.10_form_tracker_v1.6_06Mar2025,loop,,quality,stopped_with_open_issues,"stop=audit_error, open audit issues=82"
QSC302573_Final_AnnotatedCRFs_16Oct2024-326-201-00007_1_,gates,1,quality,warn_furniture_candidates,"These field_name values were extracted on >=70% of ALL pages: 'Comment'; 'Staff Initials'. Text recurring on nearly every page is usually page template furniture (watermark/footer/stamp), not a field - verify against the page dumps and stop extracting it unless it is genuinely a per-page data-entry "
QSC302573_Final_AnnotatedCRFs_16Oct2024-326-201-00007_1_,audit,1,quality,audit_missed,p2: Date Study ICF was signed by participant
QSC302573_Final_AnnotatedCRFs_16Oct2024-326-201-00007_1_,audit,1,quality,audit_missed,p58: Staff Initials:
QSC302573_Final_AnnotatedCRFs_16Oct2024-326-201-00007_1_,audit,1,quality,audit_missed,p58: Comment:
QSC302573_Final_AnnotatedCRFs_16Oct2024-326-201-00007_1_,audit,1,quality,audit_missed,p94: Confirm TDL form completed:
QSC302573_Final_AnnotatedCRFs_16Oct2024-326-201-00007_1_,audit,1,quality,audit_missed,p94: Physical Examination Category
QSC302573_Final_AnnotatedCRFs_16Oct2024-326-201-00007_1_,audit,1,quality,audit_false_positive,p94: Yes (Specify) (50 char. max.) (Activates Line
QSC302573_Final_AnnotatedCRFs_16Oct2024-326-201-00007_1_,audit,1,quality,audit_missed,p156: Barcode:
QSC302573_Final_AnnotatedCRFs_16Oct2024-326-201-00007_1_,audit,1,quality,audit_missed,"p306: ECG Findings, including rhythm assessment"
QSC302573_Final_AnnotatedCRFs_16Oct2024-326-201-00007_1_,audit,1,quality,audit_false_positive,p455: Yes (Specify) (50 char. max.) (Activates Line
QSC302573_Final_AnnotatedCRFs_16Oct2024-326-201-00007_1_,audit,2,quality,audit_missed,p1: Staff Initials:
QSC302573_Final_AnnotatedCRFs_16Oct2024-326-201-00007_1_,audit,2,quality,audit_missed,p1: Comment:
QSC302573_Final_AnnotatedCRFs_16Oct2024-326-201-00007_1_,audit,2,quality,audit_missed,p2: Staff Initials:
QSC302573_Final_AnnotatedCRFs_16Oct2024-326-201-00007_1_,audit,2,quality,audit_missed,p2: Comment:
QSC302573_Final_AnnotatedCRFs_16Oct2024-326-201-00007_1_,audit,2,quality,audit_missed,p3: Staff Initials:
QSC302573_Final_AnnotatedCRFs_16Oct2024-326-201-00007_1_,audit,2,quality,audit_missed,p3: Comment:
QSC302573_Final_AnnotatedCRFs_16Oct2024-326-201-00007_1_,audit,2,quality,audit_missed,p6: Staff Initials:
QSC302573_Final_AnnotatedCRFs_16Oct2024-326-201-00007_1_,audit,2,quality,audit_missed,p6: Comment:
QSC302573_Final_AnnotatedCRFs_16Oct2024-326-201-00007_1_,audit,2,quality,audit_missed,p58: Comment:
QSC302573_Final_AnnotatedCRFs_16Oct2024-326-201-00007_1_,audit,2,quality,audit_missed,p94: Confirm TDL form completed:
QSC302573_Final_AnnotatedCRFs_16Oct2024-326-201-00007_1_,audit,2,quality,audit_missed,p94: Staff Initials:
QSC302573_Final_AnnotatedCRFs_16Oct2024-326-201-00007_1_,audit,2,quality,audit_missed,p94: Comment:
QSC302573_Final_AnnotatedCRFs_16Oct2024-326-201-00007_1_,audit,2,quality,audit_missed,p94: Physical Examination Category
QSC302573_Final_AnnotatedCRFs_16Oct2024-326-201-00007_1_,audit,2,quality,audit_false_positive,p94: - Correct form used - Correct participant label applied - Correct slot number written - Correct sex and fasting status - Correct timepoint checked - Correct sample date and time written - Correct visit - Initials signed to confirm sample collected and form correct
QSC302573_Final_AnnotatedCRFs_16Oct2024-326-201-00007_1_,audit,2,quality,audit_missed,p106: Comment:
QSC302573_Final_AnnotatedCRFs_16Oct2024-326-201-00007_1_,audit,2,quality,audit_missed,p156: Staff Initials:
QSC302573_Final_AnnotatedCRFs_16Oct2024-326-201-00007_1_,audit,2,quality,audit_missed,p156: Comment:
QSC302573_Final_AnnotatedCRFs_16Oct2024-326-201-00007_1_,audit,2,quality,audit_missed,p156: Barcode:
QSC302573_Final_AnnotatedCRFs_16Oct2024-326-201-00007_1_,audit,2,quality,audit_missed,p213: Comment:
QSC302573_Final_AnnotatedCRFs_16Oct2024-326-201-00007_1_,audit,2,quality,audit_missed,p306: Staff Initials:
QSC302573_Final_AnnotatedCRFs_16Oct2024-326-201-00007_1_,audit,2,quality,audit_missed,p306: Comment:
QSC302573_Final_AnnotatedCRFs_16Oct2024-326-201-00007_1_,audit,2,quality,audit_missed,p306: QTcF
QSC302573_Final_AnnotatedCRFs_16Oct2024-326-201-00007_1_,audit,2,quality,audit_missed,p306: Systolic
QSC302573_Final_AnnotatedCRFs_16Oct2024-326-201-00007_1_,audit,2,quality,audit_missed,p306: Diastolic
QSC302573_Final_AnnotatedCRFs_16Oct2024-326-201-00007_1_,audit,2,quality,audit_missed,p306: Heart Rate
QSC302573_Final_AnnotatedCRFs_16Oct2024-326-201-00007_1_,audit,2,quality,audit_missed,p306: Respiratory Rate
QSC302573_Final_AnnotatedCRFs_16Oct2024-326-201-00007_1_,audit,2,quality,audit_missed,p306: Oral Temperature - Degrees Celsius
QSC302573_Final_AnnotatedCRFs_16Oct2024-326-201-00007_1_,audit,2,quality,audit_missed,p455: Staff Initials:
QSC302573_Final_AnnotatedCRFs_16Oct2024-326-201-00007_1_,audit,2,quality,audit_missed,p455: Comment:
QSC302573_Final_AnnotatedCRFs_16Oct2024-326-201-00007_1_,audit,2,quality,audit_missed,p577: Staff Initials:
QSC302573_Final_AnnotatedCRFs_16Oct2024-326-201-00007_1_,audit,2,quality,audit_missed,p577: Comment:
QSC302573_Final_AnnotatedCRFs_16Oct2024-326-201-00007_1_,audit,3,quality,audit_missed,p1: Staff Initials:
QSC302573_Final_AnnotatedCRFs_16Oct2024-326-201-00007_1_,audit,3,quality,audit_missed,p1: Comment:
QSC302573_Final_AnnotatedCRFs_16Oct2024-326-201-00007_1_,audit,3,quality,audit_false_positive,p1: HH:mm
QSC302573_Final_AnnotatedCRFs_16Oct2024-326-201-00007_1_,audit,3,quality,audit_missed,p2: Staff Initials:
QSC302573_Final_AnnotatedCRFs_16Oct2024-326-201-00007_1_,audit,3,quality,audit_missed,p2: Comment:
QSC302573_Final_AnnotatedCRFs_16Oct2024-326-201-00007_1_,audit,3,quality,audit_false_positive,p2: HH:mm
QSC302573_Final_AnnotatedCRFs_16Oct2024-326-201-00007_1_,audit,3,quality,audit_missed,p3: Staff Initials:
QSC302573_Final_AnnotatedCRFs_16Oct2024-326-201-00007_1_,audit,3,quality,audit_missed,p3: Comment:
QSC302573_Final_AnnotatedCRFs_16Oct2024-326-201-00007_1_,audit,3,quality,audit_false_positive,p3: HH:mm
QSC302573_Final_AnnotatedCRFs_16Oct2024-326-201-00007_1_,audit,3,quality,audit_false_positive,p3: research?
QSC302573_Final_AnnotatedCRFs_16Oct2024-326-201-00007_1_,audit,3,quality,audit_missed,p6: Staff Initials:
QSC302573_Final_AnnotatedCRFs_16Oct2024-326-201-00007_1_,audit,3,quality,audit_missed,p6: Comment:
QSC302573_Final_AnnotatedCRFs_16Oct2024-326-201-00007_1_,audit,3,quality,audit_false_positive,p6: HH:mm
QSC302573_Final_AnnotatedCRFs_16Oct2024-326-201-00007_1_,audit,3,quality,audit_missed,p58: Comment:
QSC302573_Final_AnnotatedCRFs_16Oct2024-326-201-00007_1_,audit,3,quality,audit_missed,p94: Staff Initials:
QSC302573_Final_AnnotatedCRFs_16Oct2024-326-201-00007_1_,audit,3,quality,audit_missed,p94: Comment:
QSC302573_Final_AnnotatedCRFs_16Oct2024-326-201-00007_1_,audit,3,quality,audit_missed,p94: Physical Examination Category
QSC302573_Final_AnnotatedCRFs_16Oct2024-326-201-00007_1_,audit,3,quality,audit_false_positive,p94: HH:mm
QSC302573_Final_AnnotatedCRFs_16Oct2024-326-201-00007_1_,audit,3,quality,audit_missed,p106: Comment:
QSC302573_Final_AnnotatedCRFs_16Oct2024-326-201-00007_1_,audit,3,quality,audit_missed,p156: Staff Initials:
QSC302573_Final_AnnotatedCRFs_16Oct2024-326-201-00007_1_,audit,3,quality,audit_missed,p156: Comment:
QSC302573_Final_AnnotatedCRFs_16Oct2024-326-201-00007_1_,audit,3,quality,audit_missed,p156: Barcode:
QSC302573_Final_AnnotatedCRFs_16Oct2024-326-201-00007_1_,audit,3,quality,audit_false_positive,p156: HH:mm
QSC302573_Final_AnnotatedCRFs_16Oct2024-326-201-00007_1_,audit,3,quality,audit_missed,p213: Comment:
QSC302573_Final_AnnotatedCRFs_16Oct2024-326-201-00007_1_,audit,3,quality,audit_missed,p285: Comment:
QSC302573_Final_AnnotatedCRFs_16Oct2024-326-201-00007_1_,audit,3,quality,audit_missed,p306: Staff Initials:
QSC302573_Final_AnnotatedCRFs_16Oct2024-326-201-00007_1_,audit,3,quality,audit_missed,p306: Comment:
QSC302573_Final_AnnotatedCRFs_16Oct2024-326-201-00007_1_,audit,3,quality,audit_missed,p455: Staff Initials:
QSC302573_Final_AnnotatedCRFs_16Oct2024-326-201-00007_1_,audit,3,quality,audit_missed,p455: Comment:
QSC302573_Final_AnnotatedCRFs_16Oct2024-326-201-00007_1_,audit,3,quality,audit_false_positive,p455: HH:mm
QSC302573_Final_AnnotatedCRFs_16Oct2024-326-201-00007_1_,loop,,quality,stopped_with_open_issues,"stop=plateau, open audit issues=9"
annotatedCRF_33120100246-_v1.0_-17Aug2021,audit,2,quality,audit_missed,p50: Chemistry clinically significant abnormal assay # 5
annotatedCRF_33120100246-_v1.0_-17Aug2021,audit,2,quality,audit_missed,p50: Chemistry abnormal assay # 5 Investigator comment
annotatedCRF_33120100246-_v1.0_-17Aug2021,audit,2,quality,audit_missed,p50: Are there any additional clinically significant abnormal chemistry results to be entered?
annotatedCRF_33120100246-_v1.0_-17Aug2021,audit,2,quality,audit_false_positive,p50: Uric acid - Left
annotatedCRF_33120100246-_v1.0_-17Aug2021,audit,2,quality,audit_missed,p71: 1. Wish to be dead - Lifetime
annotatedCRF_33120100246-_v1.0_-17Aug2021,audit,2,quality,audit_missed,p71: 1. Wish to be dead - Past 3 Month
annotatedCRF_33120100246-_v1.0_-17Aug2021,audit,2,quality,audit_missed,p71: 2. Non-specific active suicidal thoughts - Lifetime
annotatedCRF_33120100246-_v1.0_-17Aug2021,audit,2,quality,audit_missed,p71: 2. Non-specific active suicidal thoughts - Past 3 Month
annotatedCRF_33120100246-_v1.0_-17Aug2021,audit,2,quality,audit_false_positive,"p71: Subject endorses thoughts about a wish to be dead or not alive anymore, or wish to fall asleep and not wake up. - Lifetime"
annotatedCRF_33120100246-_v1.0_-17Aug2021,audit,2,quality,audit_false_positive,"p71: Subject endorses thoughts about a wish to be dead or not alive anymore, or wish to fall asleep and not wake up. - Past 3 Month"
annotatedCRF_33120100246-_v1.0_-17Aug2021,audit,2,quality,audit_false_positive,"p71: General non-specific thoughts of wanting to end one's life/commit suicide (e.g. ""I've thought about killing myself"") without thoughts of way to kill oneself/associated methods,intent or plan during the assessment period. - Left"
annotatedCRF_33120100246-_v1.0_-17Aug2021,audit,2,quality,audit_false_positive,"p71: General non-specific thoughts of wanting to end one's life/commit suicide (e.g. ""I've thought about killing myself"") without thoughts of way to kill oneself/associated methods,intent or plan during the assessment period. - Right"
annotatedCRF_33120100246-_v1.0_-17Aug2021,audit,2,quality,audit_missed,p136: Most severe ideation
annotatedCRF_33120100246-_v1.0_-17Aug2021,audit,2,quality,audit_missed,p136: Description of Ideation
annotatedCRF_33120100246-_v1.0_-17Aug2021,audit,2,quality,audit_missed,p136: How many times have you had these thoughts?
annotatedCRF_33120100246-_v1.0_-17Aug2021,audit,2,quality,audit_missed,"p136: When you have the thoughts, how long do they last?"
annotatedCRF_33120100246-_v1.0_-17Aug2021,audit,2,quality,audit_false_positive,p136: (1) Wish to be dead (2) Non-specific active suicidal thoughts (3) Active suicidal ideation with any method (not plan) w/out intent to act (4) Active suicidal ideation w/ some intent to act w/out specific plan (5) Active suicidal ideation w/ specific plan and intent - Left
annotatedCRF_33120100246-_v1.0_-17Aug2021,audit,2,quality,audit_false_positive,p136: (1) Less than once a week (2) Once a week (3) 2-5 times in week (4) Daily or almost daily (5) Many times each day
annotatedCRF_33120100246-_v1.0_-17Aug2021,audit,2,quality,audit_false_positive,p136: (1) Fleeting few seconds or minutes (2) Less than 1 hour/some of the time (3) 1-4 hours/a lot of time (4) 4-8 hours/most of day (5) More than 8 hours/persistent or continuous
annotatedCRF_33120100246-_v1.0_-17Aug2021,audit,2,quality,audit_missed,p172: Brexpiprazole/Sertraline
annotatedCRF_33120100246-_v1.0_-17Aug2021,audit,2,quality,audit_missed,p172: Sertraline PK
annotatedCRF_33120100246-_v1.0_-17Aug2021,audit,2,quality,audit_missed,p172: Propranolol PK
annotatedCRF_33120100246-_v1.0_-17Aug2021,audit,2,quality,audit_missed,p172: Prazosin PK
annotatedCRF_33120100246-_v1.0_-17Aug2021,audit,2,quality,audit_false_positive,p172: Brexpiprazole/Sertraline - Left
annotatedCRF_33120100246-_v1.0_-17Aug2021,audit,2,quality,audit_false_positive,p172: Brexpiprazole/Sertraline - Right
annotatedCRF_33120100246-_v1.0_-17Aug2021,audit,2,quality,audit_false_positive,p172: Collected Propranolol PK Prazosin PK - Left
annotatedCRF_33120100246-_v1.0_-17Aug2021,audit,2,quality,audit_false_positive,p172: Collected Propranolol PK Prazosin PK - Right
annotatedCRF_33120100246-_v1.0_-17Aug2021,audit,2,quality,audit_missed,p303: Urinalysis clinically significant abnormal assay # 4
annotatedCRF_33120100246-_v1.0_-17Aug2021,audit,2,quality,audit_missed,p303: Urinalysis abnormal assay # 4 Investigator comment
annotatedCRF_33120100246-_v1.0_-17Aug2021,audit,2,quality,audit_false_positive,p303: Microscopic analysis if indicated - Left
annotatedCRF_33120100246-_v1.0_-17Aug2021,audit,2,quality,audit_missed,p442: Were Vital Signs Collected?
annotatedCRF_33120100246-_v1.0_-17Aug2021,audit,2,quality,audit_missed,"p442: If not collected, reason:"
annotatedCRF_33120100246-_v1.0_-17Aug2021,audit,2,quality,audit_missed,p442: Collection Date
annotatedCRF_33120100246-_v1.0_-17Aug2021,audit,2,quality,audit_missed,p442: Planned Timepoint
annotatedCRF_33120100246-_v1.0_-17Aug2021,audit,2,quality,audit_missed,p442: Time Placed in Position
annotatedCRF_33120100246-_v1.0_-17Aug2021,audit,2,quality,audit_false_positive,p442: 8h postdose
annotatedCRF_33120100246-_v1.0_-17Aug2021,audit,3,quality,audit_missed,p46: Chemistry clinically significant abnormal assay # 1:
annotatedCRF_33120100246-_v1.0_-17Aug2021,audit,3,quality,audit_missed,p46: Chemistry abnormal assay # 1 Investigator comment
annotatedCRF_33120100246-_v1.0_-17Aug2021,audit,3,quality,audit_false_positive,p46: Uric acid
annotatedCRF_33120100246-_v1.0_-17Aug2021,audit,3,quality,audit_missed,p50: Chemistry clinically significant abnormal assay # 5
annotatedCRF_33120100246-_v1.0_-17Aug2021,audit,3,quality,audit_missed,p50: Chemistry abnormal assay # 5 Investigator comment
annotatedCRF_33120100246-_v1.0_-17Aug2021,audit,3,quality,audit_missed,p50: Are there any additional clinically significant abnormal chemistry results to be entered?
annotatedCRF_33120100246-_v1.0_-17Aug2021,audit,3,quality,audit_false_positive,p50: Uric acid
annotatedCRF_33120100246-_v1.0_-17Aug2021,audit,3,quality,audit_missed,p54: Urinalysis clinically significant abnormal assay # 1
annotatedCRF_33120100246-_v1.0_-17Aug2021,audit,3,quality,audit_missed,p54: Urinalysis abnormal assay # 1 Investigator comment
annotatedCRF_33120100246-_v1.0_-17Aug2021,audit,3,quality,audit_false_positive,p54: Microscopic analysis if indicated
annotatedCRF_33120100246-_v1.0_-17Aug2021,audit,3,quality,audit_missed,p71: Have you wished you were dead or wished you could go to sleep and not wake up?
annotatedCRF_33120100246-_v1.0_-17Aug2021,audit,3,quality,audit_missed,p71: 2. Non-specific active suicidal thoughts
annotatedCRF_33120100246-_v1.0_-17Aug2021,audit,3,quality,audit_false_positive,p71: fall asleep and not wake up.
annotatedCRF_33120100246-_v1.0_-17Aug2021,audit,3,quality,audit_false_positive,p71: Past 3 Month
annotatedCRF_33120100246-_v1.0_-17Aug2021,audit,3,quality,audit_false_positive,"p71: methods,intent or plan during the assessment period."
annotatedCRF_33120100246-_v1.0_-17Aug2021,audit,3,quality,audit_false_positive,p71: No
annotatedCRF_33120100246-_v1.0_-17Aug2021,audit,3,quality,audit_missed,p136: Most severe ideation
annotatedCRF_33120100246-_v1.0_-17Aug2021,audit,3,quality,audit_missed,p136: Description of Ideation
annotatedCRF_33120100246-_v1.0_-17Aug2021,audit,3,quality,audit_missed,p136: How many times have you had these thoughts?
annotatedCRF_33120100246-_v1.0_-17Aug2021,audit,3,quality,audit_missed,"p136: When you have the thoughts, how long do they last?"
annotatedCRF_33120100246-_v1.0_-17Aug2021,audit,3,quality,audit_false_positive,p136: intent
annotatedCRF_33120100246-_v1.0_-17Aug2021,audit,3,quality,audit_false_positive,p136: (5) More than 8 hours/persistent or continuous
annotatedCRF_33120100246-_v1.0_-17Aug2021,audit,3,quality,audit_missed,p172: Collected
annotatedCRF_33120100246-_v1.0_-17Aug2021,audit,3,quality,audit_missed,p172: Scan
annotatedCRF_33120100246-_v1.0_-17Aug2021,audit,3,quality,audit_false_positive,p172: Propranolol PK
annotatedCRF_33120100246-_v1.0_-17Aug2021,audit,3,quality,audit_false_positive,p172: Prazosin PK
annotatedCRF_33120100246-_v1.0_-17Aug2021,audit,3,quality,audit_missed,p303: Urinalysis clinically significant abnormal assay # 4
annotatedCRF_33120100246-_v1.0_-17Aug2021,audit,3,quality,audit_missed,p303: Urinalysis abnormal assay # 4 Investigator comment
annotatedCRF_33120100246-_v1.0_-17Aug2021,audit,3,quality,audit_false_positive,p303: Microscopic analysis if indicated
annotatedCRF_33120100246-_v1.0_-17Aug2021,audit,3,quality,audit_missed,p442: Were Vital Signs Collected?
annotatedCRF_33120100246-_v1.0_-17Aug2021,audit,3,quality,audit_missed,"p442: If not collected, reason:"
annotatedCRF_33120100246-_v1.0_-17Aug2021,audit,3,quality,audit_missed,p442: Collection Date
annotatedCRF_33120100246-_v1.0_-17Aug2021,audit,3,quality,audit_missed,p442: Planned Timepoint
annotatedCRF_33120100246-_v1.0_-17Aug2021,audit,3,quality,audit_missed,p442: Time Placed in Position
annotatedCRF_33120100246-_v1.0_-17Aug2021,audit,3,quality,audit_false_positive,p442: 8h postdose
annotatedCRF_33120100246-_v1.0_-17Aug2021,audit,4,quality,audit_missed,p46: Chemistry clinically significant abnormal assay # 1:
annotatedCRF_33120100246-_v1.0_-17Aug2021,audit,4,quality,audit_false_positive,p46: Uric acid
annotatedCRF_33120100246-_v1.0_-17Aug2021,audit,4,quality,audit_missed,p47: Chemistry clinically significant abnormal assay # 2
annotatedCRF_33120100246-_v1.0_-17Aug2021,audit,4,quality,audit_false_positive,p47: Uric acid
annotatedCRF_33120100246-_v1.0_-17Aug2021,audit,4,quality,audit_missed,p50: Chemistry clinically significant abnormal assay # 5
annotatedCRF_33120100246-_v1.0_-17Aug2021,audit,4,quality,audit_false_positive,p50: Uric acid
annotatedCRF_33120100246-_v1.0_-17Aug2021,audit,4,quality,audit_missed,p71: Have you wished you were dead or wished you could go to sleep and not wake up? - Lifetime
annotatedCRF_33120100246-_v1.0_-17Aug2021,audit,4,quality,audit_missed,p71: Have you wished you were dead or wished you could go to sleep and not wake up? - Past 3 Month
annotatedCRF_33120100246-_v1.0_-17Aug2021,audit,4,quality,audit_missed,p71: 2. Non-specific active suicidal thoughts - Lifetime
annotatedCRF_33120100246-_v1.0_-17Aug2021,audit,4,quality,audit_missed,p71: 2. Non-specific active suicidal thoughts - Past 3 Month
annotatedCRF_33120100246-_v1.0_-17Aug2021,audit,4,quality,audit_false_positive,p71: fall asleep and not wake up. - Lifetime
annotatedCRF_33120100246-_v1.0_-17Aug2021,audit,4,quality,audit_false_positive,p71: fall asleep and not wake up. - Past 3 Month
annotatedCRF_33120100246-_v1.0_-17Aug2021,audit,4,quality,audit_false_positive,"p71: methods,intent or plan during the assessment period."
annotatedCRF_33120100246-_v1.0_-17Aug2021,audit,4,quality,audit_false_positive,"p71: thought about killing myself"") without thoughts of way to kill oneself/associated"
annotatedCRF_33120100246-_v1.0_-17Aug2021,audit,4,quality,audit_missed,p136: Most severe ideation
annotatedCRF_33120100246-_v1.0_-17Aug2021,audit,4,quality,audit_missed,"p136: When you have the thoughts, how long do they last?"
annotatedCRF_33120100246-_v1.0_-17Aug2021,audit,4,quality,audit_false_positive,p136: intent
annotatedCRF_33120100246-_v1.0_-17Aug2021,audit,4,quality,audit_missed,p172: 2h Postdose - Brexpiprazole/Sertraline PK
annotatedCRF_33120100246-_v1.0_-17Aug2021,audit,4,quality,audit_missed,p172: 2h Postdose - Sertraline PK
annotatedCRF_33120100246-_v1.0_-17Aug2021,audit,4,quality,audit_missed,p172: 2h Postdose - Propranolol PK
annotatedCRF_33120100246-_v1.0_-17Aug2021,audit,4,quality,audit_missed,p172: 2h Postdose - Prazosin PK
annotatedCRF_33120100246-_v1.0_-17Aug2021,audit,4,quality,audit_missed,p172: 3h Postdose - Brexpiprazole/Sertraline PK
annotatedCRF_33120100246-_v1.0_-17Aug2021,audit,4,quality,audit_missed,p172: 3h Postdose - Sertraline PK
annotatedCRF_33120100246-_v1.0_-17Aug2021,audit,4,quality,audit_missed,p172: 3h Postdose - Propranolol PK
annotatedCRF_33120100246-_v1.0_-17Aug2021,audit,4,quality,audit_missed,p172: 3h Postdose - Prazosin PK
annotatedCRF_33120100246-_v1.0_-17Aug2021,audit,4,quality,audit_missed,p172: 4h Postdose - Sertraline PK
annotatedCRF_33120100246-_v1.0_-17Aug2021,audit,4,quality,audit_false_positive,p172: Sertraline PK Brexpiprazole/Sertraline Collected
annotatedCRF_33120100246-_v1.0_-17Aug2021,audit,4,quality,audit_false_positive,p172: Collected
annotatedCRF_33120100246-_v1.0_-17Aug2021,audit,4,quality,audit_false_positive,p172: Prazosin PK enumeration (values: Y: site Y: site
annotatedCRF_33120100246-_v1.0_-17Aug2021,audit,4,quality,audit_false_positive,p172: Sertraline PK Brexpiprazole/Sertraline Collected - Prazosin PK
annotatedCRF_33120100246-_v1.0_-17Aug2021,audit,4,quality,audit_missed,p303: Urinalysis clinically significant abnormal assay # 4
annotatedCRF_33120100246-_v1.0_-17Aug2021,audit,4,quality,audit_false_positive,p303: Microscopic analysis if indicated
annotatedCRF_33120100246-_v1.0_-17Aug2021,audit,4,quality,audit_missed,p442: Planned Timepoint
annotatedCRF_33120100246-_v1.0_-17Aug2021,audit,4,quality,audit_false_positive,p442: 8h postdose
annotatedCRF_33120100246-_v1.0_-17Aug2021,audit,5,quality,audit_missed,p46: Chemistry clinically significant abnormal assay # 1:
annotatedCRF_33120100246-_v1.0_-17Aug2021,audit,5,quality,audit_false_positive,p46: Uric acid
annotatedCRF_33120100246-_v1.0_-17Aug2021,audit,5,quality,audit_missed,p50: Chemistry clinically significant abnormal assay # 5
annotatedCRF_33120100246-_v1.0_-17Aug2021,audit,5,quality,audit_false_positive,p50: Uric acid
annotatedCRF_33120100246-_v1.0_-17Aug2021,audit,5,quality,audit_missed,p71: Have you wished you were dead or wished you could go to sleep and not wake up?
annotatedCRF_33120100246-_v1.0_-17Aug2021,audit,5,quality,audit_false_positive,p71: fall asleep and not wake up. - Lifetime
annotatedCRF_33120100246-_v1.0_-17Aug2021,audit,5,quality,audit_false_positive,p71: fall asleep and not wake up. - Past 3 Month
annotatedCRF_33120100246-_v1.0_-17Aug2021,audit,5,quality,audit_false_positive,"p71: methods,intent or plan during the assessment period."
annotatedCRF_33120100246-_v1.0_-17Aug2021,audit,5,quality,audit_missed,"p83: \1.\ Diagnosis of MDD, as determined by the Diagnostic and Statistical Manual of Mental Disorders, Fifth Edition (DSM-5) criteria, and are considered clinically stable per investigator’s judgment while currently receiving sertraline for at least 90 days and maintained on stable sertraline doses"
annotatedCRF_33120100246-_v1.0_-17Aug2021,audit,5,quality,audit_missed,p83: \2.\ Male or female subjects between 18 and 65 years of age (inclusive).
annotatedCRF_33120100246-_v1.0_-17Aug2021,audit,5,quality,audit_missed,p83: \3.\ Body mass index (BMI) between 19.0 to 35.0 kg/m2 (inclusive).
annotatedCRF_33120100246-_v1.0_-17Aug2021,audit,5,quality,audit_missed,"p83: \4.\ In good health as determined by: a) Medical history b) Physical examination c) Vital signs d) Electrocardiogram (ECG) e) Serum/urine chemistry, hematology, and serology tests"
annotatedCRF_33120100246-_v1.0_-17Aug2021,audit,5,quality,audit_missed,"p83: \5.\ Ability to provide written, informed consent prior to initiation of any trial-related procedures, and ability, in the opinion of the investigator, to comply with all the requirements of the trial."
annotatedCRF_33120100246-_v1.0_-17Aug2021,audit,5,quality,audit_false_positive,p83: receiving sertraline for at least 90 days and maintained on stable sertraline doses of ≥ 100 mg/day for at
annotatedCRF_33120100246-_v1.0_-17Aug2021,audit,5,quality,audit_false_positive,p83: Not Met - Met/Not Met
annotatedCRF_33120100246-_v1.0_-17Aug2021,audit,5,quality,audit_false_positive,p83: c) Vital signs
annotatedCRF_33120100246-_v1.0_-17Aug2021,audit,5,quality,audit_false_positive,"p83: the opinion of the investigator, to comply with all the requirements of the trial. - Met"
annotatedCRF_33120100246-_v1.0_-17Aug2021,audit,5,quality,audit_missed,p136: Most severe ideation
annotatedCRF_33120100246-_v1.0_-17Aug2021,audit,5,quality,audit_missed,p136: Description of Ideation
annotatedCRF_33120100246-_v1.0_-17Aug2021,audit,5,quality,audit_missed,p136: How many times have you had these thoughts?
annotatedCRF_33120100246-_v1.0_-17Aug2021,audit,5,quality,audit_false_positive,p136: act w/out specific plan - intent
annotatedCRF_33120100246-_v1.0_-17Aug2021,audit,5,quality,audit_false_positive,p136: Description of Ideation - and intent)]
annotatedCRF_33120100246-_v1.0_-17Aug2021,audit,5,quality,audit_false_positive,p136: How many times have you had these thoughts? - and intent)]
annotatedCRF_33120100246-_v1.0_-17Aug2021,audit,5,quality,audit_false_positive,p172: Propranolol PK Prazosin PK - Collected
annotatedCRF_33120100246-_v1.0_-17Aug2021,audit,5,quality,audit_false_positive,p172: Sertraline PK - Scan - Collected
annotatedCRF_33120100246-_v1.0_-17Aug2021,audit,5,quality,audit_missed,p303: Urinalysis clinically significant abnormal assay # 4
annotatedCRF_33120100246-_v1.0_-17Aug2021,audit,5,quality,audit_false_positive,p303: Microscopic analysis if indicated
annotatedCRF_33120100246-_v1.0_-17Aug2021,audit,5,quality,audit_missed,p442: Planned Timepoint
annotatedCRF_33120100246-_v1.0_-17Aug2021,audit,2,quality,audit_missed,p37: Skin and Mucosae
annotatedCRF_33120100246-_v1.0_-17Aug2021,audit,2,quality,audit_missed,p37: Neurological
annotatedCRF_33120100246-_v1.0_-17Aug2021,audit,2,quality,audit_missed,p37: Extremities
annotatedCRF_33120100246-_v1.0_-17Aug2021,audit,2,quality,audit_false_positive,p37: Skin and Mucosae Yes
annotatedCRF_33120100246-_v1.0_-17Aug2021,audit,2,quality,audit_false_positive,p37: Neurological Yes
annotatedCRF_33120100246-_v1.0_-17Aug2021,audit,2,quality,audit_false_positive,p37: Extremities Yes
annotatedCRF_33120100246-_v1.0_-17Aug2021,audit,2,quality,audit_missed,p42: Was Blood sample Collected for Glycated Hemoglobin?
annotatedCRF_33120100246-_v1.0_-17Aug2021,audit,2,quality,audit_missed,p42: Reason not done
annotatedCRF_33120100246-_v1.0_-17Aug2021,audit,2,quality,audit_missed,p42: Date of Collection
annotatedCRF_33120100246-_v1.0_-17Aug2021,audit,2,quality,audit_missed,p42: Time of Collection
annotatedCRF_33120100246-_v1.0_-17Aug2021,audit,2,quality,audit_missed,p42: Scan
annotatedCRF_33120100246-_v1.0_-17Aug2021,audit,2,quality,audit_missed,p42: Barcode Number
annotatedCRF_33120100246-_v1.0_-17Aug2021,audit,2,quality,audit_false_positive,p42: Reason not done Glycated Hemoglobin
annotatedCRF_33120100246-_v1.0_-17Aug2021,audit,2,quality,audit_false_positive,p42: Glycated Hemoglobin
annotatedCRF_33120100246-_v1.0_-17Aug2021,audit,2,quality,audit_missed,"p73: If Yes, describe"
annotatedCRF_33120100246-_v1.0_-17Aug2021,audit,2,quality,audit_false_positive,p73: Row 15
annotatedCRF_33120100246-_v1.0_-17Aug2021,audit,2,quality,audit_missed,p404: Urinalysis
annotatedCRF_33120100246-_v1.0_-17Aug2021,audit,2,quality,audit_missed,p404: Collected
annotatedCRF_33120100246-_v1.0_-17Aug2021,audit,2,quality,audit_missed,p404: Scan
annotatedCRF_33120100246-_v1.0_-17Aug2021,audit,2,quality,audit_false_positive,p404: Applicable
annotatedCRF_33120100246-_v1.0_-17Aug2021,audit,3,quality,audit_missed,p42: Was Blood sample Collected for Glycated Hemoglobin?
annotatedCRF_33120100246-_v1.0_-17Aug2021,audit,3,quality,audit_missed,p42: Reason not done
annotatedCRF_33120100246-_v1.0_-17Aug2021,audit,3,quality,audit_missed,p42: Time of Collection
annotatedCRF_33120100246-_v1.0_-17Aug2021,audit,3,quality,audit_missed,p42: Scan
annotatedCRF_33120100246-_v1.0_-17Aug2021,audit,3,quality,audit_missed,p42: Barcode Number
annotatedCRF_33120100246-_v1.0_-17Aug2021,audit,3,quality,audit_false_positive,p42: Reason not done Glycated Hemoglobin
annotatedCRF_33120100246-_v1.0_-17Aug2021,audit,3,quality,audit_false_positive,p42: Glycated Hemoglobin
annotatedCRF_33120100246-_v1.0_-17Aug2021,audit,3,quality,audit_missed,p44: Urinalysis
annotatedCRF_33120100246-_v1.0_-17Aug2021,audit,3,quality,audit_false_positive,p44: Applicable
annotatedCRF_33120100246-_v1.0_-17Aug2021,audit,3,quality,audit_missed,p72: Have you actually had any thoughts of killing yourself?
annotatedCRF_33120100246-_v1.0_-17Aug2021,audit,3,quality,audit_missed,"p72: If Yes, describe"
annotatedCRF_33120100246-_v1.0_-17Aug2021,audit,3,quality,audit_missed,"p72: If Yes, describe"
annotatedCRF_33120100246-_v1.0_-17Aug2021,audit,3,quality,audit_missed,"p72: If Yes, describe"
annotatedCRF_33120100246-_v1.0_-17Aug2021,audit,3,quality,audit_missed,p72: Have you been thinking about how you might do this?
annotatedCRF_33120100246-_v1.0_-17Aug2021,audit,3,quality,audit_missed,"p72: 4. Active suicidal ideation with some intent to act, without specific plan"
annotatedCRF_33120100246-_v1.0_-17Aug2021,audit,3,quality,audit_missed,p72: Have you had these thoughts and had some intention of acting on them?
annotatedCRF_33120100246-_v1.0_-17Aug2021,audit,3,quality,audit_missed,p72: 5. Active suicidal ideation with specific plan and intent
annotatedCRF_33120100246-_v1.0_-17Aug2021,audit,3,quality,audit_missed,p72: Do you intend to carry out this plan?
annotatedCRF_33120100246-_v1.0_-17Aug2021,audit,3,quality,audit_false_positive,"p72: Row 7 3. Active suicidal ideation with any methods (not plan) without intent to act If Yes, describe"
annotatedCRF_33120100246-_v1.0_-17Aug2021,audit,3,quality,audit_false_positive,p72: Yes
annotatedCRF_33120100246-_v1.0_-17Aug2021,audit,3,quality,audit_false_positive,"p72: Row 10 4. Active suicidal ideation with some intent to act, without specific plan If Yes, describe"
annotatedCRF_33120100246-_v1.0_-17Aug2021,audit,3,quality,audit_false_positive,"p72: about them"""
annotatedCRF_33120100246-_v1.0_-17Aug2021,audit,3,quality,audit_false_positive,"p72: Row 13 5. Active suicidal ideation with specific plan and intent If Yes, describe"
annotatedCRF_33120100246-_v1.0_-17Aug2021,audit,3,quality,audit_missed,p404: Urinalysis
annotatedCRF_33120100246-_v1.0_-17Aug2021,audit,3,quality,audit_false_positive,p404: Applicable
annotatedCRF_33120100246-_v1.0_-17Aug2021,audit,4,quality,audit_missed,p37: Skin and Mucosae
annotatedCRF_33120100246-_v1.0_-17Aug2021,audit,4,quality,audit_missed,p37: Neurological
annotatedCRF_33120100246-_v1.0_-17Aug2021,audit,4,quality,audit_missed,p37: Extremities
annotatedCRF_33120100246-_v1.0_-17Aug2021,audit,4,quality,audit_missed,p42: Reason not done
annotatedCRF_33120100246-_v1.0_-17Aug2021,audit,4,quality,audit_missed,p42: Scan
annotatedCRF_33120100246-_v1.0_-17Aug2021,audit,4,quality,audit_missed,p44: Urinalysis
annotatedCRF_33120100246-_v1.0_-17Aug2021,audit,4,quality,audit_missed,p44: Scan
annotatedCRF_33120100246-_v1.0_-17Aug2021,audit,4,quality,audit_false_positive,p44: Applicable)] Collected Not Collected Not Applicable
annotatedCRF_33120100246-_v1.0_-17Aug2021,audit,4,quality,audit_missed,p62: Vape
annotatedCRF_33120100246-_v1.0_-17Aug2021,audit,4,quality,audit_false_positive,p62: zero
annotatedCRF_33120100246-_v1.0_-17Aug2021,audit,4,quality,audit_false_positive,p62: Current Never
annotatedCRF_33120100246-_v1.0_-17Aug2021,audit,4,quality,audit_missed,"p73: If Yes, describe"
annotatedCRF_33120100246-_v1.0_-17Aug2021,audit,4,quality,audit_false_positive,"p73: If Yes, describe Row 15"
annotatedCRF_33120100246-_v1.0_-17Aug2021,audit,4,quality,audit_missed,p404: Urinalysis
annotatedCRF_33120100246-_v1.0_-17Aug2021,audit,4,quality,audit_missed,p404: Scan
annotatedCRF_33120100246-_v1.0_-17Aug2021,audit,4,quality,audit_false_positive,p404: Applicable)] Collected Not Collected Not Applicable
annotatedCRF_33120100246-_v1.0_-17Aug2021,audit,5,quality,audit_missed,p37: Skin and Mucosae
annotatedCRF_33120100246-_v1.0_-17Aug2021,audit,5,quality,audit_false_positive,"p37: (values: Normal, Abnormal, Not Done"
annotatedCRF_33120100246-_v1.0_-17Aug2021,audit,5,quality,audit_missed,p42: Was Blood sample Collected for Glycated Hemoglobin?
annotatedCRF_33120100246-_v1.0_-17Aug2021,audit,5,quality,audit_missed,p42: Time of Collection
annotatedCRF_33120100246-_v1.0_-17Aug2021,audit,5,quality,audit_missed,p42: Scan
annotatedCRF_33120100246-_v1.0_-17Aug2021,audit,5,quality,audit_missed,p42: Barcode Number
annotatedCRF_33120100246-_v1.0_-17Aug2021,audit,5,quality,audit_false_positive,p42: Sample
annotatedCRF_33120100246-_v1.0_-17Aug2021,audit,5,quality,audit_false_positive,p42: R] enumerati on (values:
annotatedCRF_33120100246-_v1.0_-17Aug2021,audit,5,quality,audit_false_positive,p42: Sample Glycated Hemoglobin
annotatedCRF_33120100246-_v1.0_-17Aug2021,audit,5,quality,audit_false_positive,p42: enumerati on (values:
annotatedCRF_33120100246-_v1.0_-17Aug2021,audit,5,quality,audit_false_positive,p44: Applicable)] Collected Not Collected Not Applicable
annotatedCRF_33120100246-_v1.0_-17Aug2021,audit,5,quality,audit_false_positive,p44: Not Collected
annotatedCRF_33120100246-_v1.0_-17Aug2021,audit,5,quality,audit_false_positive,p44: enumerati on (values: Scan
annotatedCRF_33120100246-_v1.0_-17Aug2021,audit,5,quality,audit_false_positive,p44: R] enumerati on (values: Scan
annotatedCRF_33120100246-_v1.0_-17Aug2021,audit,5,quality,audit_false_positive,p404: Applicable)] Collected Not Collected Not Applicable
annotatedCRF_33120100246-_v1.0_-17Aug2021,audit,5,quality,audit_false_positive,p404: Not Collected
annotatedCRF_33120100246-_v1.0_-17Aug2021,audit,5,quality,audit_false_positive,p404: enumerati on (values: Scan
annotatedCRF_33120100246-_v1.0_-17Aug2021,audit,5,quality,audit_false_positive,p404: R] enumerati on (values: Scan
annotatedCRF_33120100246-_v1.0_-17Aug2021,loop,,quality,stopped_with_open_issues,"stop=p1:budget;p2:plateau, open audit issues=53"
