form_name,field_name,page
Change History,0.3 - Date,12
Change History,0.3 - 15-Jul-2021,12
Change History,0.3 - Changed By,12
Change History,0.3 - Andreea Hardut / Alexan,12
Change History,0.3 - Details,12
Change History,0.3 - updates according to feedback sheet,12
Change History,0.4 - Date,12
Change History,0.4 - 15-Jul-2021,12
Change History,0.4 - Changed By,12
Change History,0.4 - Andreea Hardut / Alexan,12
Change History,0.4 - Details,12
Change History,0.4 - updates according to feedback sheet,12
Change History,0.5 - Date,12
Change History,0.5 - 15-Jul-2021,12
Change History,0.5 - Changed By,12
Change History,0.5 - Andreea Hardut / Alexan,12
Change History,0.5 - Details,12
Change History,0.5 - updates according to feedback sheet,12
Change History,0.6 - Date,12
Change History,0.6 - 15-Jul-2021,12
Change History,0.6 - Changed By,12
Change History,0.6 - Andreea Hardut / Alexan,12
Change History,0.6 - Details,12
Change History,0.6 - updates according to feedback sheet,12
Change History,0.7 - Date,12
Change History,0.7 - 15-Jul-2021,12
Change History,0.7 - Changed By,12
Change History,0.7 - Andreea Hardut / Alexan,12
Change History,0.7 - Details,12
Change History,0.7 - updates according to feedback sheet,12
Change History,0.8 - Date,12
Change History,0.8 - 15-Jul-2021,12
Change History,0.8 - Changed By,12
Change History,0.8 - Andreea Hardut / Alexan,12
Change History,0.8 - Details,12
Change History,0.8 - updates according to feedback sheet,12
Change History,0.9 - Date,12
Change History,0.9 - 15-Jul-2021,12
Change History,0.9 - Changed By,12
Change History,0.9 - Andreea Hardut / Alexan,12
Change History,0.9 - Details,12
Change History,0.9 - updates according to feedback sheet,12
Change History,0.10 - Date,12
Change History,0.10 - 15-Jul-2021,12
Change History,0.10 - Changed By,12
Change History,0.10 - Andreea Hardut / Alexan,12
Change History,0.10 - Details,12
Change History,0.10 - updates according to feedback sheet,12
Change History,0.11 - Date,12
Change History,0.11 - 15-Jul-2021,12
Change History,0.11 - Changed By,12
Change History,0.11 - Andreea Hardut / Alexan,12
Change History,0.11 - Details,12
Change History,0.11 - updates according to feedback sheet,12
Change History,0.12 - Date,12
Change History,0.12 - 15-Jul-2021,12
Change History,0.12 - Changed By,12
Change History,0.12 - Andreea Hardut / Alexan,12
Change History,0.12 - Details,12
Change History,0.12 - updates according to feedback sheet,12
Change History,0.13 - Date,12
Change History,0.13 - 15-Jul-2021,12
Change History,0.13 - Changed By,12
Change History,0.13 - Andreea Hardut / Alexan,12
Change History,0.13 - Details,12
Change History,0.13 - updates according to feedback sheet,12
Change History,1.0 - Date,12
Change History,1.0 - 15-Jul-2021,12
Change History,1.0 - Changed By,12
Change History,1.0 - Andreea Hardut / Alexan,12
Change History,1.0 - Details,12
Change History,1.0 - updates according to feedback sheet,12
Change History,1.1 - Date,12
Change History,1.1 - 15-Jul-2021,12
Change History,1.1 - Changed By,12
Change History,1.1 - Andreea Hardut / Alexan,12
Change History,1.1 - Details,12
Change History,1.1 - updates according to feedback sheet,12
Change History,1.2 - Date,12
Change History,1.2 - 15-Jul-2021,12
Change History,1.2 - Changed By,12
Change History,1.2 - Andreea Hardut / Alexan,12
Change History,1.2 - Details,12
Change History,1.2 - updates according to feedback sheet,12
Change History,2.0 - Date,12
Change History,2.0 - 15-Jul-2021,12
Change History,2.0 - Changed By,12
Change History,2.0 - Andreea Hardut / Alexan,12
Change History,2.0 - Details,12
Change History,2.0 - updates according to feedback sheet,12
Change History,2.1 - Date,12
Change History,2.1 - 15-Jul-2021,12
Change History,2.1 - Changed By,12
Change History,2.1 - Andreea Hardut / Alexan,12
Change History,2.1 - Details,12
Change History,2.1 - updates according to feedback sheet,12
Change History,2.2 - Date,12
Change History,2.2 - 15-Jul-2021,12
Change History,2.2 - Changed By,12
Change History,2.2 - Andreea Hardut / Alexan,12
Change History,2.2 - Details,12
Change History,2.2 - updates according to feedback sheet,12
Change History,2.3 - Date,12
Change History,2.3 - 15-Jul-2021,12
Change History,2.3 - Changed By,12
Change History,2.3 - Andreea Hardut / Alexan,12
Change History,2.3 - Details,12
Change History,2.3 - updates according to feedback sheet,12
Change History,2.4 - Date,12
Change History,2.4 - 15-Jul-2021,12
Change History,2.4 - Changed By,12
Change History,2.4 - Andreea Hardut / Alexan,12
Change History,2.4 - Details,12
Change History,2.4 - updates according to feedback sheet,12
Change History,2.5 - Date,12
Change History,2.5 - 15-Jul-2021,12
Change History,2.5 - Changed By,12
Change History,2.5 - Andreea Hardut / Alexan,12
Change History,2.5 - Details,12
Change History,2.5 - updates according to feedback sheet,12
Change History,3.0 - Date,13
Change History,3.0 - Changed By,13
Change History,3.0 - Details,13
Change History,"3.0 - n End Prompt page in Day-15, Day-1 and Day 18",13
Change History,3.1 - Date,13
Change History,3.1 - Changed By,13
Change History,3.1 - Details,13
Change History,"3.1 - n End Prompt page in Day-15, Day-1 and Day 18",13
Change History,3.2 - Date,13
Change History,3.2 - Changed By,13
Change History,3.2 - Details,13
Change History,"3.2 - n End Prompt page in Day-15, Day-1 and Day 18",13
Change History,3.3 - Date,13
Change History,3.3 - Changed By,13
Change History,3.3 - Details,13
Change History,"3.3 - n End Prompt page in Day-15, Day-1 and Day 18",13
Change History,3.4 - Date,13
Change History,3.4 - Changed By,13
Change History,3.4 - Details,13
Change History,"3.4 - n End Prompt page in Day-15, Day-1 and Day 18",13
Change History,3.5 - Date,13
Change History,3.5 - Changed By,13
Change History,3.5 - Details,13
Change History,"3.5 - n End Prompt page in Day-15, Day-1 and Day 18",13
Change History,4.0 - Date,13
Change History,4.0 - Changed By,13
Change History,4.0 - Details,13
Change History,"4.0 - n End Prompt page in Day-15, Day-1 and Day 18",13
Change History,4.1 - Date,13
Change History,4.1 - Changed By,13
Change History,4.1 - Details,13
Change History,"4.1 - n End Prompt page in Day-15, Day-1 and Day 18",13
Change History,4.2 - Date,13
Change History,4.2 - Changed By,13
Change History,4.2 - Details,13
Change History,"4.2 - n End Prompt page in Day-15, Day-1 and Day 18",13
Change History,5.0 - Date,13
Change History,5.0 - Changed By,13
Change History,5.0 - Details,13
Change History,"5.0 - n End Prompt page in Day-15, Day-1 and Day 18",13
Change History,5.1 - Date,13
Change History,5.1 - Changed By,13
Change History,5.1 - Details,13
Change History,"5.1 - n End Prompt page in Day-15, Day-1 and Day 18",13
Change History,5.2 - Date,13
Change History,5.2 - Changed By,13
Change History,5.2 - Details,13
Change History,"5.2 - n End Prompt page in Day-15, Day-1 and Day 18",13
Change History,5.3 - Date,13
Change History,5.3 - Changed By,13
Change History,5.3 - Details,13
Change History,"5.3 - n End Prompt page in Day-15, Day-1 and Day 18",13
Change History,5.4 - Date,13
Change History,5.4 - Changed By,13
Change History,5.4 - Details,13
Change History,"5.4 - n End Prompt page in Day-15, Day-1 and Day 18",13
Change History,5.5 - Date,13
Change History,5.5 - Changed By,13
Change History,5.5 - Details,13
Change History,"5.5 - n End Prompt page in Day-15, Day-1 and Day 18",13
Change History,6.0 - Date,13
Change History,6.0 - Changed By,13
Change History,6.0 - Details,13
Change History,"6.0 - n End Prompt page in Day-15, Day-1 and Day 18",13
Change History,6.1 - Date,13
Change History,6.1 - Changed By,13
Change History,6.1 - Details,13
Change History,"6.1 - n End Prompt page in Day-15, Day-1 and Day 18",13
Change History,6.2 - Date,14
Change History,6.2 - Changed By,14
Change History,6.2 - Details,14
Change History,6.2 - able. Added new field with variable DSRSN4 on ds_s,14
Change History,6.3 - Date,14
Change History,6.3 - Changed By,14
Change History,6.3 - Details,14
Change History,6.3 - able. Added new field with variable DSRSN4 on ds_s,14
Change History,6.4 - Date,14
Change History,6.4 - Changed By,14
Change History,6.4 - Details,14
Change History,6.4 - able. Added new field with variable DSRSN4 on ds_s,14
Change History,6.5 - Date,14
Change History,6.5 - Changed By,14
Change History,6.5 - Details,14
Change History,6.5 - able. Added new field with variable DSRSN4 on ds_s,14
Change History,7.0 - Date,14
Change History,7.0 - Changed By,14
Change History,7.0 - Details,14
Change History,7.0 - able. Added new field with variable DSRSN4 on ds_s,14
Change History,7.1 - Date,14
Change History,7.1 - Changed By,14
Change History,7.1 - Details,14
Change History,7.1 - able. Added new field with variable DSRSN4 on ds_s,14
Change History,7.2 - Date,14
Change History,7.2 - Changed By,14
Change History,7.2 - Details,14
Change History,7.2 - able. Added new field with variable DSRSN4 on ds_s,14
Change History,8.0 - Date,14
Change History,8.0 - Changed By,14
Change History,8.0 - Details,14
Change History,8.0 - able. Added new field with variable DSRSN4 on ds_s,14
Schedule of Assessments,ber,16
Schedule of Assessments,Visit Label,16
Schedule of Assessments,Page Num,16
Schedule of Assessments,Page Label,16
Schedule of Assessments,Dynamic?,16
Schedule of Assessments,Description of Dynamic,16
Schedule of Assessments,Schedule_TITR - ber,17
Schedule of Assessments,Schedule_TITR - Visit Label,17
Schedule of Assessments,Schedule_TITR - Page Num,17
Schedule of Assessments,Schedule_TITR - Page Label,17
Schedule of Assessments,Schedule_TITR - Dynamic?,17
Schedule of Assessments,Schedule_TITR - Description of Dynamic,17
Schedule of Assessments,Visit Num - ber,17
Schedule of Assessments,Visit Num - Visit Label,17
Schedule of Assessments,Visit Num - Page Num,17
Schedule of Assessments,Visit Num - Page Label,17
Schedule of Assessments,Visit Num - Dynamic?,17
Schedule of Assessments,Visit Num - Description of Dynamic,17
Schedule of Assessments,ber - ber,17
Schedule of Assessments,ber - Visit Label,17
Schedule of Assessments,ber - Page Num,17
Schedule of Assessments,ber - Page Label,17
Schedule of Assessments,ber - Dynamic?,17
Schedule of Assessments,ber - Description of Dynamic,17
Schedule of Assessments,1002 - ber,17
Schedule of Assessments,1002 - Visit Label,17
Schedule of Assessments,1002 - Page Num,17
Schedule of Assessments,1002 - Page Label,17
Schedule of Assessments,1002 - Dynamic?,17
Schedule of Assessments,1002 - Description of Dynamic,17
Schedule of Assessments,Schedule_TITR2 - ber,17
Schedule of Assessments,Schedule_TITR2 - Visit Label,17
Schedule of Assessments,Schedule_TITR2 - Page Num,17
Schedule of Assessments,Schedule_TITR2 - Page Label,17
Schedule of Assessments,Schedule_TITR2 - Dynamic?,17
Schedule of Assessments,Schedule_TITR2 - Description of Dynamic,17
Schedule of Assessments,1003 - ber,17
Schedule of Assessments,1003 - Visit Label,17
Schedule of Assessments,1003 - Page Num,17
Schedule of Assessments,1003 - Page Label,17
Schedule of Assessments,1003 - Dynamic?,17
Schedule of Assessments,1003 - Description of Dynamic,17
Schedule of Assessments,Schedule_Screening2 - ber,17
Schedule of Assessments,Schedule_Screening2 - Visit Label,17
Schedule of Assessments,Schedule_Screening2 - Page Num,17
Schedule of Assessments,Schedule_Screening2 - Page Label,17
Schedule of Assessments,Schedule_Screening2 - Dynamic?,17
Schedule of Assessments,Schedule_Screening2 - Description of Dynamic,17
Schedule of Assessments,1007 - ber,17
Schedule of Assessments,1007 - Visit Label,17
Schedule of Assessments,1007 - Page Num,17
Schedule of Assessments,1007 - Page Label,17
Schedule of Assessments,1007 - Dynamic?,17
Schedule of Assessments,1007 - Description of Dynamic,17
Schedule of Assessments,1008 - ber,18
Schedule of Assessments,1008 - Visit Label,18
Schedule of Assessments,1008 - Page Num,18
Schedule of Assessments,1008 - Page Label,18
Schedule of Assessments,1008 - Dynamic?,18
Schedule of Assessments,1008 - Description of Dynamic,18
Schedule of Assessments,Schedule_RND - ber,19
Schedule of Assessments,Schedule_RND - Visit Label,19
Schedule of Assessments,Schedule_RND - Page Num,19
Schedule of Assessments,Schedule_RND - Page Label,19
Schedule of Assessments,Schedule_RND - Dynamic?,19
Schedule of Assessments,Schedule_RND - Description of Dynamic,19
Schedule of Assessments,Visit Num - ber,19
Schedule of Assessments,Visit Num - Visit Label,19
Schedule of Assessments,Visit Num - Page Num,19
Schedule of Assessments,Visit Num - Page Label,19
Schedule of Assessments,Visit Num - Dynamic?,19
Schedule of Assessments,Visit Num - Description of Dynamic,19
Schedule of Assessments,ber - ber,19
Schedule of Assessments,ber - Visit Label,19
Schedule of Assessments,ber - Page Num,19
Schedule of Assessments,ber - Page Label,19
Schedule of Assessments,ber - Dynamic?,19
Schedule of Assessments,ber - Description of Dynamic,19
Schedule of Assessments,1101 - ber,19
Schedule of Assessments,1101 - Visit Label,19
Schedule of Assessments,1101 - Page Num,19
Schedule of Assessments,1101 - Page Label,19
Schedule of Assessments,1101 - Dynamic?,19
Schedule of Assessments,1101 - Description of Dynamic,19
Schedule of Assessments,1102 - ber,20
Schedule of Assessments,1102 - Visit Label,20
Schedule of Assessments,1102 - Page Num,20
Schedule of Assessments,1102 - Page Label,20
Schedule of Assessments,1102 - Dynamic?,20
Schedule of Assessments,1102 - Description of Dynamic,20
Schedule of Assessments,ber,21
Schedule of Assessments,Visit Label,21
Schedule of Assessments,Page Num,21
Schedule of Assessments,Page Label,21
Schedule of Assessments,Dynamic?,21
Schedule of Assessments,Description of Dynamic,21
Schedule of Assessments,1103 - ber,22
Schedule of Assessments,1103 - Visit Label,22
Schedule of Assessments,1103 - Page Num,22
Schedule of Assessments,1103 - Page Label,22
Schedule of Assessments,1103 - Dynamic?,22
Schedule of Assessments,1103 - Description of Dynamic,22
Schedule of Assessments,Schedule_RND2 - ber,23
Schedule of Assessments,Schedule_RND2 - Visit Label,23
Schedule of Assessments,Schedule_RND2 - Page Num,23
Schedule of Assessments,Schedule_RND2 - Page Label,23
Schedule of Assessments,Schedule_RND2 - Dynamic?,23
Schedule of Assessments,Schedule_RND2 - Description of Dynamic,23
Schedule of Assessments,Visit Num - ber,23
Schedule of Assessments,Visit Num - Visit Label,23
Schedule of Assessments,Visit Num - Page Num,23
Schedule of Assessments,Visit Num - Page Label,23
Schedule of Assessments,Visit Num - Dynamic?,23
Schedule of Assessments,Visit Num - Description of Dynamic,23
Schedule of Assessments,ber - ber,23
Schedule of Assessments,ber - Visit Label,23
Schedule of Assessments,ber - Page Num,23
Schedule of Assessments,ber - Page Label,23
Schedule of Assessments,ber - Dynamic?,23
Schedule of Assessments,ber - Description of Dynamic,23
Schedule of Assessments,1302 - ber,23
Schedule of Assessments,1302 - Visit Label,23
Schedule of Assessments,1302 - Page Num,23
Schedule of Assessments,1302 - Page Label,23
Schedule of Assessments,1302 - Dynamic?,23
Schedule of Assessments,1302 - Description of Dynamic,23
Schedule of Assessments,1401 - ber,24
Schedule of Assessments,1401 - Visit Label,24
Schedule of Assessments,1401 - Page Num,24
Schedule of Assessments,1401 - Page Label,24
Schedule of Assessments,1401 - Dynamic?,24
Schedule of Assessments,1401 - Description of Dynamic,24
Schedule of Assessments,1402 - ber,25
Schedule of Assessments,1402 - Visit Label,25
Schedule of Assessments,1402 - Page Num,25
Schedule of Assessments,1402 - Page Label,25
Schedule of Assessments,1402 - Dynamic?,25
Schedule of Assessments,1402 - Description of Dynamic,25
Schedule of Assessments,1403 - ber,26
Schedule of Assessments,1403 - Visit Label,26
Schedule of Assessments,1403 - Page Num,26
Schedule of Assessments,1403 - Page Label,26
Schedule of Assessments,1403 - Dynamic?,26
Schedule of Assessments,1403 - Description of Dynamic,26
Schedule of Assessments,Schedule_ET - ber,27
Schedule of Assessments,Schedule_ET - Visit Label,27
Schedule of Assessments,Schedule_ET - Page Num,27
Schedule of Assessments,Schedule_ET - Page Label,27
Schedule of Assessments,Schedule_ET - Dynamic?,27
Schedule of Assessments,Schedule_ET - Description of Dynamic,27
Schedule of Assessments,Visit Num - ber,27
Schedule of Assessments,Visit Num - Visit Label,27
Schedule of Assessments,Visit Num - Page Num,27
Schedule of Assessments,Visit Num - Page Label,27
Schedule of Assessments,Visit Num - Dynamic?,27
Schedule of Assessments,Visit Num - Description of Dynamic,27
Schedule of Assessments,ber - ber,27
Schedule of Assessments,ber - Visit Label,27
Schedule of Assessments,ber - Page Num,27
Schedule of Assessments,ber - Page Label,27
Schedule of Assessments,ber - Dynamic?,27
Schedule of Assessments,ber - Description of Dynamic,27
Schedule of Assessments,1900 - ber,27
Schedule of Assessments,1900 - Visit Label,27
Schedule of Assessments,1900 - Page Num,27
Schedule of Assessments,1900 - Page Label,27
Schedule of Assessments,1900 - Dynamic?,27
Schedule of Assessments,1900 - Description of Dynamic,27
Schedule of Assessments,Schedule_FU - ber,28
Schedule of Assessments,Schedule_FU - Visit Label,28
Schedule of Assessments,Schedule_FU - Page Num,28
Schedule of Assessments,Schedule_FU - Page Label,28
Schedule of Assessments,Schedule_FU - Dynamic?,28
Schedule of Assessments,Schedule_FU - Description of Dynamic,28
Schedule of Assessments,1990 - ber,29
Schedule of Assessments,1990 - Visit Label,29
Schedule of Assessments,1990 - Page Num,29
Schedule of Assessments,1990 - Page Label,29
Schedule of Assessments,1990 - Dynamic?,29
Schedule of Assessments,1990 - Description of Dynamic,29
Schedule of Assessments,Log Pages - ber,29
Schedule of Assessments,Log Pages - Visit Label,29
Schedule of Assessments,Log Pages - Page Num,29
Schedule of Assessments,Log Pages - Page Label,29
Schedule of Assessments,Log Pages - Dynamic?,29
Schedule of Assessments,Log Pages - Description of Dynamic,29
Schedule of Assessments,Page Label - ber,29
Schedule of Assessments,Page Label - Visit Label,29
Schedule of Assessments,Page Label - Page Num,29
Schedule of Assessments,Page Label - Page Label,29
Schedule of Assessments,Page Label - Dynamic?,29
Schedule of Assessments,Page Label - Description of Dynamic,29
Schedule of Assessments,Adverse Events - ber,29
Schedule of Assessments,Adverse Events - Visit Label,29
Schedule of Assessments,Adverse Events - Page Num,29
Schedule of Assessments,Adverse Events - Page Label,29
Schedule of Assessments,Adverse Events - Dynamic?,29
Schedule of Assessments,Adverse Events - Description of Dynamic,29
Schedule of Assessments,Prior and Concomitant Medications - ber,29
Schedule of Assessments,Prior and Concomitant Medications - Visit Label,29
Schedule of Assessments,Prior and Concomitant Medications - Page Num,29
Schedule of Assessments,Prior and Concomitant Medications - Page Label,29
Schedule of Assessments,Prior and Concomitant Medications - Dynamic?,29
Schedule of Assessments,Prior and Concomitant Medications - Description of Dynamic,29
Schedule of Assessments,Surgeries and medical procedures - ber,29
Schedule of Assessments,Surgeries and medical procedures - Visit Label,29
Schedule of Assessments,Surgeries and medical procedures - Page Num,29
Schedule of Assessments,Surgeries and medical procedures - Page Label,29
Schedule of Assessments,Surgeries and medical procedures - Dynamic?,29
Schedule of Assessments,Surgeries and medical procedures - Description of Dynamic,29
Schedule of Assessments,Withdrawal of Informed Consent - ber,29
Schedule of Assessments,Withdrawal of Informed Consent - Visit Label,29
Schedule of Assessments,Withdrawal of Informed Consent - Page Num,29
Schedule of Assessments,Withdrawal of Informed Consent - Page Label,29
Schedule of Assessments,Withdrawal of Informed Consent - Dynamic?,29
Schedule of Assessments,Withdrawal of Informed Consent - Description of Dynamic,29
Schedule of Assessments,IMP Missed Dose - ber,29
Schedule of Assessments,IMP Missed Dose - Visit Label,29
Schedule of Assessments,IMP Missed Dose - Page Num,29
Schedule of Assessments,IMP Missed Dose - Page Label,29
Schedule of Assessments,IMP Missed Dose - Dynamic?,29
Schedule of Assessments,IMP Missed Dose - Description of Dynamic,29
Schedule of Assessments,Protocol Deviation - ber,29
Schedule of Assessments,Protocol Deviation - Visit Label,29
Schedule of Assessments,Protocol Deviation - Page Num,29
Schedule of Assessments,Protocol Deviation - Page Label,29
Schedule of Assessments,Protocol Deviation - Dynamic?,29
Schedule of Assessments,Protocol Deviation - Description of Dynamic,29
Schedule of Assessments,Admission to clinic - ber,29
Schedule of Assessments,Admission to clinic - Visit Label,29
Schedule of Assessments,Admission to clinic - Page Num,29
Schedule of Assessments,Admission to clinic - Page Label,29
Schedule of Assessments,Admission to clinic - Dynamic?,29
Schedule of Assessments,Admission to clinic - Description of Dynamic,29
Schedule of Assessments,Discharge from clinic - ber,29
Schedule of Assessments,Discharge from clinic - Visit Label,29
Schedule of Assessments,Discharge from clinic - Page Num,29
Schedule of Assessments,Discharge from clinic - Page Label,29
Schedule of Assessments,Discharge from clinic - Dynamic?,29
Schedule of Assessments,Discharge from clinic - Description of Dynamic,29
Schedule of Assessments,Death - ber,29
Schedule of Assessments,Death - Visit Label,29
Schedule of Assessments,Death - Page Num,29
Schedule of Assessments,Death - Page Label,29
Schedule of Assessments,Death - Dynamic?,29
Schedule of Assessments,Death - Description of Dynamic,29
Schedule of Assessments,Drug Accountability - ber,29
Schedule of Assessments,Drug Accountability - Visit Label,29
Schedule of Assessments,Drug Accountability - Page Num,29
Schedule of Assessments,Drug Accountability - Page Label,29
Schedule of Assessments,Drug Accountability - Dynamic?,29
Schedule of Assessments,Drug Accountability - Description of Dynamic,29
Schedule of Assessments,Unscheduled Visits - ber,29
Schedule of Assessments,Unscheduled Visits - Visit Label,29
Schedule of Assessments,Unscheduled Visits - Page Num,29
Schedule of Assessments,Unscheduled Visits - Page Label,29
Schedule of Assessments,Unscheduled Visits - Dynamic?,29
Schedule of Assessments,Unscheduled Visits - Description of Dynamic,29
Schedule of Assessments,Visit Label - ber,29
Schedule of Assessments,Visit Label - Visit Label,29
Schedule of Assessments,Visit Label - Page Num,29
Schedule of Assessments,Visit Label - Page Label,29
Schedule of Assessments,Visit Label - Dynamic?,29
Schedule of Assessments,Visit Label - Description of Dynamic,29
Schedule of Assessments,Unscheduled Pages - ber,29
Schedule of Assessments,Unscheduled Pages - Visit Label,29
Schedule of Assessments,Unscheduled Pages - Page Num,29
Schedule of Assessments,Unscheduled Pages - Page Label,29
Schedule of Assessments,Unscheduled Pages - Dynamic?,29
Schedule of Assessments,Unscheduled Pages - Description of Dynamic,29
Schedule of Assessments,12-lead ECG - Repeat - ber,29
Schedule of Assessments,12-lead ECG - Repeat - Visit Label,29
Schedule of Assessments,12-lead ECG - Repeat - Page Num,29
Schedule of Assessments,12-lead ECG - Repeat - Page Label,29
Schedule of Assessments,12-lead ECG - Repeat - Dynamic?,29
Schedule of Assessments,12-lead ECG - Repeat - Description of Dynamic,29
Schedule of Assessments,Urine drug screen - Repeat - ber,29
Schedule of Assessments,Urine drug screen - Repeat - Visit Label,29
Schedule of Assessments,Urine drug screen - Repeat - Page Num,29
Schedule of Assessments,Urine drug screen - Repeat - Page Label,29
Schedule of Assessments,Urine drug screen - Repeat - Dynamic?,29
Schedule of Assessments,Urine drug screen - Repeat - Description of Dynamic,29
Schedule of Assessments,Cotinine Screen - Repeat - ber,29
Schedule of Assessments,Cotinine Screen - Repeat - Visit Label,29
Schedule of Assessments,Cotinine Screen - Repeat - Page Num,29
Schedule of Assessments,Cotinine Screen - Repeat - Page Label,29
Schedule of Assessments,Cotinine Screen - Repeat - Dynamic?,29
Schedule of Assessments,Cotinine Screen - Repeat - Description of Dynamic,29
Schedule of Assessments,Clinical Laboratory Assessments - Repeat - ber,29
Schedule of Assessments,Clinical Laboratory Assessments - Repeat - Visit Label,29
Schedule of Assessments,Clinical Laboratory Assessments - Repeat - Page Num,29
Schedule of Assessments,Clinical Laboratory Assessments - Repeat - Page Label,29
Schedule of Assessments,Clinical Laboratory Assessments - Repeat - Dynamic?,29
Schedule of Assessments,Clinical Laboratory Assessments - Repeat - Description of Dynamic,29
Schedule of Assessments,Laboratory Results Review - Repeat - ber,29
Schedule of Assessments,Laboratory Results Review - Repeat - Visit Label,29
Schedule of Assessments,Laboratory Results Review - Repeat - Page Num,29
Schedule of Assessments,Laboratory Results Review - Repeat - Page Label,29
Schedule of Assessments,Laboratory Results Review - Repeat - Dynamic?,29
Schedule of Assessments,Laboratory Results Review - Repeat - Description of Dynamic,29
Schedule of Assessments,Triplicate Orthostatic BP and HR - Repeat - ber,29
Schedule of Assessments,Triplicate Orthostatic BP and HR - Repeat - Visit Label,29
Schedule of Assessments,Triplicate Orthostatic BP and HR - Repeat - Page Num,29
Schedule of Assessments,Triplicate Orthostatic BP and HR - Repeat - Page Label,29
Schedule of Assessments,Triplicate Orthostatic BP and HR - Repeat - Dynamic?,29
Schedule of Assessments,Triplicate Orthostatic BP and HR - Repeat - Description of Dynamic,29
Schedule of Assessments,Glycated Hemoglobin - Repeat - ber,29
Schedule of Assessments,Glycated Hemoglobin - Repeat - Visit Label,29
Schedule of Assessments,Glycated Hemoglobin - Repeat - Page Num,29
Schedule of Assessments,Glycated Hemoglobin - Repeat - Page Label,29
Schedule of Assessments,Glycated Hemoglobin - Repeat - Dynamic?,29
Schedule of Assessments,Glycated Hemoglobin - Repeat - Description of Dynamic,29
Informed Consent,ICF Version Date,33
Informed Consent,Consent Obtained?,33
Informed Consent,Time of Consent,34
Informed Consent,Was a signed copy of the Informed Consent given to the subject for his/her records?,34
Informed Consent,Was Informed Consent signed prior to any study procedures being performed?,34
Informed Consent,ICF was reviewed and verified and the original ICF has been filed in with subject's source documents,34
Informed Consent,Clinician Consent Sign Date,34
Informed Consent,Clinician Consent Sign Time,35
Informed Consent,Subject Consent Sign Date UTC,35
Informed Consent,Clinician Consent Sign Date UTC,35
FBR Consent,Consent Obtained?,36
FBR Consent,Time of Consent,37
FBR Consent,Was a signed copy of the FBR consent given to the subject for his/her records?,37
Demography,Date of Birth,38
Demography,Age (Derived),38
Demography,What is the sex of the subject at the time of birth?,38
Demography,"If None of the above, Specify",39
Demography,Specify other race,39
Demography,Specify other ethnicity,40
Demography,Was the subject re-screened?,40
Demography,Prior screened number,40
Reproductive Status - Female,Date of Last Menstrual Cycle (All Females),41
Reproductive Status - Female,Years Since Last Cycle,41
Reproductive Status - Female,"Is this subject of childbearing potential? Note: Women of non-childbearing potential are defined as women who are documented as sterile (eg, have had a bilateral oophorectomy, or hysterectomy, or who have been postmenopausal for at least 12 months confirmed by FSH).",41
Reproductive Status - Female,Post Menopausal? (for at least 12 months (1 year) prior to screening),41
Reproductive Status - Female,Bilateral Tubal Ligation,42
Reproductive Status - Female,Abstinence (must remain abstinent from the time of screening until at least 90 days after the last dose of study drug),42
Reproductive Status - Female,Sexually Active?,42
Reproductive Status - Female,If sexually active does the subject commit to utilizing 2 different approved methods of birth control during the trial and for 30 days after the last dose of IMP?- mark the selected methods below,42
Reproductive Status - Female,•,42
Reproductive Status - Female,•,43
Reproductive Status - Female,Has any applicable reproductive status and/or medications been transcribed to the Medical History Page and/or Con Med Page?,43
Reproductive Status - Female,"If no, reason not transcribed to medical history",43
Reproductive Status - Male,Surgically Sterile(bilateral orchidectomy)? (please add to Surgeries and Medical Procedures log),44
Reproductive Status - Male,Abstinence (must remain abstinent from the time of screening until at least 180 days after the last dose of study drug),44
Reproductive Status - Male,Sexually Active?,44
Reproductive Status - Male,**If sexually active does the subject commit to utilizing 2 different approved methods of birth control during the trial and for 90 days after the last dose of IMP?- mark the selected methods below **,44
Reproductive Status - Male,•,45
Reproductive Status - Male,•,46
Reproductive Status - Male,Does the subject agree to refrain from sperm donation from the screening visit through 30 days after the last dose of IMP?,46
Reproductive Status - Male,Has any applicable reproductive status and/or medications been transcribed to the Medical History Page and/or Con Med Page?,46
Reproductive Status - Male,"If no, reason not transcribed to medical history",46
Medical/Psychiatric History,Has the subject experienced any past and/or concomitant diseases?,47
Medical/Psychiatric History,Term,48
Medical/Psychiatric History,Start Date,48
Medical/Psychiatric History,Ongoing?,48
Medical/Psychiatric History,End Date,48
Medical/Psychiatric History,Medical or Psychiatric History Term,49
Medical/Psychiatric History,Category of Medical or Psychiatric History Term,49
Medical/Psychiatric History,Is the Medical or Psychiatric History Disease/Condition or Event Still Ongoing?,49
Medical/Psychiatric History,Medication Taken?,49
Body Temperature and Respiratory Rate,Were Vital Signs Collected?,50
Body Temperature and Respiratory Rate,"If not collected, reason:",50
Body Temperature and Respiratory Rate,Collection Date,50
Body Temperature and Respiratory Rate,Planned Timepoint,50
Body Temperature and Respiratory Rate,Respiratory Rate (breaths/min),51
Body Temperature and Respiratory Rate,Body Temperature (celsius),51
Triplicate Orthostatic BP and HR - Central,Were Vital Signs Collected?,52
Triplicate Orthostatic BP and HR - Central,"If not collected, reason:",52
Triplicate Orthostatic BP and HR - Central,Collection Date,52
Triplicate Orthostatic BP and HR - Central,Planned Timepoint,52
Triplicate Orthostatic BP and HR - Central,Time Placed in Position,53
Triplicate Orthostatic BP and HR - Central,Time of Vitals Measurement #1,53
Triplicate Orthostatic BP and HR - Central,Time of Vitals Measurement #2,53
Triplicate Orthostatic BP and HR - Central,Time of Vitals Measurement #3,53
Triplicate Orthostatic BP and HR - Central,Time of Vitals Measurement #1,54
Triplicate Orthostatic BP and HR - Central,Time of Vitals Measurement #2,54
Triplicate Orthostatic BP and HR - Central,Time of Vitals Measurement #3,54
Height and Weight,Were Body Measurements Collected?,55
Height and Weight,"If not collected, reason:",55
Height and Weight,Collection Date,55
Physical Exam,Was the physical examination performed?,57
Physical Exam,Examination Date,57
Physical Exam,Examination Time,57
Physical Exam,Planned Timepoint,57
Physical Exam,HEENT - Abnormal Findings,58
Physical Exam,HEENT - Clinically Significant,58
Physical Exam,Thorax - Abnormal Findings,58
Physical Exam,Thorax - Clinically Significant,58
Physical Exam,Abdomen - Abnormal Findings,58
Physical Exam,Abdomen - Clinically Significant,58
Physical Exam,Skin and Mucosae - Abnormal Findings,58
Physical Exam,Skin and Mucosae - Clinically Significant,58
Physical Exam,Clinically Significant,58
Physical Exam,Region/Body System,58
Physical Exam,Abnormal Findings,58
Physical Exam,Neurological - Abnormal Findings,59
Physical Exam,Neurological - Clinically Significant,59
Physical Exam,Extremities - Abnormal Findings,59
Physical Exam,Extremities - Clinically Significant,59
Physical Exam,Urogenital - Abnormal Findings,59
Physical Exam,Urogenital - Clinically Significant,59
Physical Exam,Clinically Significant,59
Physical Exam,Region/Body System,59
Physical Exam,Normal,60
Physical Exam,Abnormal Findings,60
Physical Exam,Clinically Significant,60
Triplicate ECG Assessments,Were ECG measurements performed?,61
Triplicate ECG Assessments,"If no, Reason not done",61
Triplicate ECG Assessments,Time subject became supine:,61
Triplicate ECG Assessments,Time of ECG assessment # 1:,61
Triplicate ECG Assessments,Time of ECG assessment # 2:,62
Triplicate ECG Assessments,Time of ECG assessment # 3:,62
Triplicate ECG Assessments,Not Evaluable,62
Triplicate ECG Assessments,Abnormal Findings,62
Triplicate ECG Assessments,Was the ECG abnormality clinically significant?,62
Triplicate ECG Assessments,Are additional ECG assessments required?,62
Serology,HIV - Status,64
Serology,HIV - Reason not done,64
Serology,HIV - Date of Collection,64
Serology,HIV - Time of Collection,64
Serology,HIV - Barcode Number,64
Serology,HBsAg - Status,64
Serology,HBsAg - Reason not done,64
Serology,HBsAg - Date of Collection,64
Serology,HBsAg - Time of Collection,64
Serology,HBsAg - Barcode Number,64
Serology,Anti-HCV - Status,64
Serology,Anti-HCV - Reason not done,64
Serology,Anti-HCV - Date of Collection,64
Serology,Anti-HCV - Time of Collection,64
Serology,Anti-HCV - Barcode Number,64
Serology,Reason not done,64
Serology,Date of Collection,64
Serology,Time of Collection,64
Serology,Barcode Number,64
Serology,Status,65
Serology,Reason not done,65
Serology,Date of Collection,65
Serology,Time of Collection,65
Serology,Barcode Number,65
Glycated Hemoglobin,Reason not done,66
Glycated Hemoglobin,Glycated Hemoglobin - Date of Collection,67
Glycated Hemoglobin,Glycated Hemoglobin - Time of Collection,67
Glycated Hemoglobin,Glycated Hemoglobin - Barcode Number,67
Glycated Hemoglobin,Date of Collection,67
Glycated Hemoglobin,Time of Collection,67
Glycated Hemoglobin,Barcode Number,67
Clinical Laboratory Assessments,Hematology - Status,69
Clinical Laboratory Assessments,Hematology - Reason not done,69
Clinical Laboratory Assessments,Hematology - Date of Collection,69
Clinical Laboratory Assessments,Hematology - Time of Collection,69
Clinical Laboratory Assessments,Hematology - Barcode Number,69
Clinical Laboratory Assessments,Chemistry - Status,69
Clinical Laboratory Assessments,Chemistry - Reason not done,69
Clinical Laboratory Assessments,Chemistry - Date of Collection,69
Clinical Laboratory Assessments,Chemistry - Time of Collection,69
Clinical Laboratory Assessments,Chemistry - Barcode Number,69
Clinical Laboratory Assessments,Reason not done,69
Clinical Laboratory Assessments,Date of Collection,69
Clinical Laboratory Assessments,Time of Collection,69
Clinical Laboratory Assessments,Barcode Number,69
Clinical Laboratory Assessments,Status,70
Clinical Laboratory Assessments,Reason not done,70
Clinical Laboratory Assessments,Date of Collection,70
Clinical Laboratory Assessments,Time of Collection,70
Clinical Laboratory Assessments,Barcode Number,70
Laboratory results review,Laboratory collection date,71
Laboratory results review,Laboratory results review date,71
Laboratory results review,Has the investigator reviewed all laboratory results from this visit and assessed abnormal results clinical significance?,71
Laboratory results review,Were there any clinically significant abnormal results?,71
Laboratory results review,Were there any clinically significant abnormal chemistry results?,71
Laboratory results review,Urea nitrogen,73
Laboratory results review,Chemistry abnormal assay # 1 Investigator comment,73
Laboratory results review,Urea nitrogen,74
Laboratory results review,Chemistry abnormal assay # 2 Investigator comment,74
Laboratory results review,Urea nitrogen,75
Laboratory results review,Urea nitrogen,77
Laboratory results review,Chemistry abnormal assay # 4 Investigator comment,77
Laboratory results review,Urea nitrogen,78
Laboratory results review,Chemistry abnormal assay # 5 Investigator comment,78
Laboratory results review,Are there any additional clinically significant abnormal chemistry results to be entered?,78
Laboratory results review,Were there any clinically significant abnormal hematology results?,79
Laboratory results review,Glycated Hemoglobin,79
Laboratory results review,Hematology abnormal assay # 1 Investigator comment,79
Laboratory results review,Glycated Hemoglobin,80
Laboratory results review,Hematology abnormal assay # 2 Investigator comment,80
Laboratory results review,Hematology abnormal assay # 3 Investigator comment,80
Laboratory results review,Glycated Hemoglobin,81
Laboratory results review,Hematology abnormal assay # 4 Investigator comment,81
Laboratory results review,Glycated Hemoglobin,82
Laboratory results review,Hematology abnormal assay # 5 Investigator comment,82
Laboratory results review,Are there any additional clinically significant abnormal hematology results to be entered?,82
Laboratory results review,Were there any clinically significant abnormal urinalysis results?,82
Laboratory results review,Urinalysis abnormal assay # 1 Investigator comment,83
Laboratory results review,Urinalysis abnormal assay # 2 Investigator comment,84
Laboratory results review,Urinalysis clinically significant abnormal assay # 3,84
Laboratory results review,Urinalysis abnormal assay # 3 Investigator comment,85
Laboratory results review,Urinalysis abnormal assay # 4 Investigator comment,85
Laboratory results review,Urinalysis abnormal assay # 5 Investigator comment,86
Laboratory results review,Are there additional urinalysis clinically significant abnormal results to be entered?,86
Laboratory results review,Investigator`s signature for Local Laboratory Results Review,87
FSH Blood Sample,FSH Blood Sample - Status,89
FSH Blood Sample,FSH Blood Sample - Reason not done,89
FSH Blood Sample,FSH Blood Sample - Date of Collection,89
FSH Blood Sample,FSH Blood Sample - Time of Collection,89
FSH Blood Sample,FSH Blood Sample - Barcode Number,89
FSH Blood Sample,Reason not done,89
FSH Blood Sample,Date of Collection,89
FSH Blood Sample,Time of Collection,89
FSH Blood Sample,Barcode Number,89
Pregnancy test,Was a Pregnancy Test Performed?,90
Pregnancy test,If not done reason,90
Pregnancy test,Type of pregnancy test,90
Pregnancy test,Barcode Number,90
Pregnancy test,Kit Expiration Date,90
Pregnancy test,Kit Batch Number,90
Pregnancy test,Date of Sample,90
Tobacco Use,Substance Use Category,92
Tobacco Use,Cigarettes - Usage,93
Tobacco Use,Cigarettes - Usage Start Date,93
Tobacco Use,Cigarettes - Usage Stop Date,93
Tobacco Use,Cigarettes - Amount,93
Tobacco Use,Cigarettes - Frequency,93
Tobacco Use,Cigarettes - Unit,93
Tobacco Use,Cigar - Usage,93
Tobacco Use,Cigar - Usage Start Date,93
Tobacco Use,Cigar - Usage Stop Date,93
Tobacco Use,Cigar - Amount,93
Tobacco Use,Cigar - Frequency,93
Tobacco Use,Cigar - Unit,93
Tobacco Use,Pipe - Usage,93
Tobacco Use,Pipe - Usage Start Date,93
Tobacco Use,Pipe - Usage Stop Date,93
Tobacco Use,Pipe - Amount,93
Tobacco Use,Pipe - Frequency,93
Tobacco Use,Pipe - Unit,93
Tobacco Use,Substance Type,93
Tobacco Use,Usage Start Date,93
Tobacco Use,Usage Stop Date,93
Tobacco Use,e-Cigarettes - Usage,94
Tobacco Use,e-Cigarettes - Current,94
Tobacco Use,e-Cigarettes - Usage Start Date,94
Tobacco Use,e-Cigarettes - Usage Stop Date,94
Tobacco Use,e-Cigarettes - Amount,94
Tobacco Use,e-Cigarettes - Frequency,94
Tobacco Use,e-Cigarettes - Per Day,94
Tobacco Use,e-Cigarettes - Unit,94
Tobacco Use,e-Cigarettes - Pack,94
Tobacco Use,Vape - Usage,94
Tobacco Use,Vape - Current,94
Tobacco Use,Vape - Usage Start Date,94
Tobacco Use,Vape - Usage Stop Date,94
Tobacco Use,Vape - Amount,94
Tobacco Use,Vape - Frequency,94
Tobacco Use,Vape - Per Day,94
Tobacco Use,Vape - Unit,94
Tobacco Use,Vape - Pack,94
Tobacco Use,Substance Type,94
Tobacco Use,Usage,95
Tobacco Use,Never,95
Tobacco Use,Usage Start Date,95
Tobacco Use,Usage Stop Date,95
Tobacco Use,Amount,95
Tobacco Use,Frequency,95
Tobacco Use,Unit,95
Tobacco Use,Cartridge,95
Tobacco Use,Substance Type,95
Alcohol Use,Substance Use Category,96
Alcohol Use,Beer - Subject Usage,97
Alcohol Use,Beer - Usage Start Date,97
Alcohol Use,Beer - Usage Stop Date,97
Alcohol Use,Beer - Amount,97
Alcohol Use,Beer - Frequency,97
Alcohol Use,Beer - Unit,97
Alcohol Use,Wine - Subject Usage,97
Alcohol Use,Wine - Usage Start Date,97
Alcohol Use,Wine - Usage Stop Date,97
Alcohol Use,Wine - Amount,97
Alcohol Use,Wine - Frequency,97
Alcohol Use,Wine - Unit,97
Alcohol Use,Spirits - Subject Usage,97
Alcohol Use,Spirits - Usage Start Date,97
Alcohol Use,Spirits - Usage Stop Date,97
Alcohol Use,Spirits - Amount,97
Alcohol Use,Spirits - Frequency,97
Alcohol Use,Spirits - Unit,97
Alcohol Use,Substance Type,97
Alcohol Use,Usage Start Date,97
Alcohol Use,Usage Stop Date,97
Alcohol Use,Subject Usage,98
Alcohol Use,Former,98
Alcohol Use,Usage Start Date,98
Alcohol Use,Usage Stop Date,98
Alcohol Use,Amount,98
Alcohol Use,Frequency,98
Alcohol Use,Per Week,98
Alcohol Use,Unit,98
Alcohol Use,Can,98
Alcohol Use,Substance Type,98
Alcohol Screen - Urine or Breath,Was Test Performed?,99
Alcohol Screen - Urine or Breath,"If no, Reason Not Done",99
Alcohol Screen - Urine or Breath,Was a Repeat test performed?,100
Alcohol Screen - Urine or Breath,Time of Repeat Test,100
Alcohol Screen - Urine or Breath,Result of Repeat Test,100
Urine Drug Screen,Was Urine Drug Screen Performed?,101
Urine Drug Screen,If not done reason,101
Urine Drug Screen,Item #,101
Urine Drug Screen,Expiration Date,101
Urine Drug Screen,Date of Sample,101
Cotinine Screen,Was Cotinine Screen Performed?,106
Cotinine Screen,If not done reason,106
Cotinine Screen,Item #,106
Cotinine Screen,Expiration Date,106
Cotinine Screen,Time of Sample,107
C-SSRS - Screening/Baseline - Page 1,Was the Questionnaire Administered?,111
C-SSRS - Screening/Baseline - Page 1,Date of completion,111
C-SSRS - Screening/Baseline - Page 1,Rater's initials,111
C-SSRS - Screening/Baseline - Page 1,1. Wish to be dead - Row 1,112
C-SSRS - Screening/Baseline - Page 1,1. Wish to be dead - Lifetime,112
C-SSRS - Screening/Baseline - Page 1,1. Wish to be dead - Past 3 Month,112
C-SSRS - Screening/Baseline - Page 1,"Subject endorses thoughts about a wish to be dead or not alive anymore, or wish to fall asleep and not wake up. - Row 1",112
C-SSRS - Screening/Baseline - Page 1,"Subject endorses thoughts about a wish to be dead or not alive anymore, or wish to fall asleep and not wake up. - Lifetime",112
C-SSRS - Screening/Baseline - Page 1,"Subject endorses thoughts about a wish to be dead or not alive anymore, or wish to fall asleep and not wake up. - Past 3 Month",112
C-SSRS - Screening/Baseline - Page 1,Have you wished you were dead or wished you could go to sleep and not wake up? - Row 1,112
C-SSRS - Screening/Baseline - Page 1,Have you wished you were dead or wished you could go to sleep and not wake up? - Lifetime,112
C-SSRS - Screening/Baseline - Page 1,Have you wished you were dead or wished you could go to sleep and not wake up? - Past 3 Month,112
C-SSRS - Screening/Baseline - Page 1,"If Yes, describe - Row 1",112
C-SSRS - Screening/Baseline - Page 1,"If Yes, describe - Lifetime",112
C-SSRS - Screening/Baseline - Page 1,"If Yes, describe - Past 3 Month",112
C-SSRS - Screening/Baseline - Page 1,2. Non-specific active suicidal thoughts - Row 1,112
C-SSRS - Screening/Baseline - Page 1,2. Non-specific active suicidal thoughts - Lifetime,112
C-SSRS - Screening/Baseline - Page 1,2. Non-specific active suicidal thoughts - Past 3 Month,112
C-SSRS - Screening/Baseline - Page 1,"General non-specific thoughts of wanting to end one's life/commit suicide (e.g. ""I've thought about killing myself"") - Row 1",112
C-SSRS - Screening/Baseline - Page 1,"General non-specific thoughts of wanting to end one's life/commit suicide (e.g. ""I've thought about killing myself"") - Lifetime",112
C-SSRS - Screening/Baseline - Page 1,"General non-specific thoughts of wanting to end one's life/commit suicide (e.g. ""I've thought about killing myself"") - Past 3 Month",112
C-SSRS - Screening/Baseline - Page 1,"without thoughts of way to kill oneself/associated methods,intent or plan during the assessment period. - Row 1",112
C-SSRS - Screening/Baseline - Page 1,"without thoughts of way to kill oneself/associated methods,intent or plan during the assessment period. - Lifetime",112
C-SSRS - Screening/Baseline - Page 1,"without thoughts of way to kill oneself/associated methods,intent or plan during the assessment period. - Past 3 Month",112
C-SSRS - Screening/Baseline - Page 1,Have you wished you were dead or wished you could go to sleep and not wake up?,112
C-SSRS - Screening/Baseline - Page 1,Have you actually had any thoughts of killing yourself? - Lifetime,113
C-SSRS - Screening/Baseline - Page 1,Have you actually had any thoughts of killing yourself? - Past 3 Month,113
C-SSRS - Screening/Baseline - Page 1,"If Yes, describe - Lifetime",113
C-SSRS - Screening/Baseline - Page 1,"If Yes, describe - Past 3 Month",113
C-SSRS - Screening/Baseline - Page 1,3. Active suicidal ideation with any methods (not plan) without intent to act - Lifetime,113
C-SSRS - Screening/Baseline - Page 1,3. Active suicidal ideation with any methods (not plan) without intent to act - Past 3 Month,113
C-SSRS - Screening/Baseline - Page 1,Subject endorses thoughts of suicide and has thought of at least one method during the assessment period. This is - Lifetime,113
C-SSRS - Screening/Baseline - Page 1,Subject endorses thoughts of suicide and has thought of at least one method during the assessment period. This is - Past 3 Month,113
C-SSRS - Screening/Baseline - Page 1,"different than a specific plan with time, place or method details worked out (e.g. thought of method to kill self but not - Lifetime",113
C-SSRS - Screening/Baseline - Page 1,"different than a specific plan with time, place or method details worked out (e.g. thought of method to kill self but not - Past 3 Month",113
C-SSRS - Screening/Baseline - Page 1,"a specific plan). Includes person who would say: ""I thought about taking an overdose but I never made a specific plan - Lifetime",113
C-SSRS - Screening/Baseline - Page 1,"a specific plan). Includes person who would say: ""I thought about taking an overdose but I never made a specific plan - Past 3 Month",113
C-SSRS - Screening/Baseline - Page 1,"as to when, where or how I would actually do it. . . and I would never go through with it"" - Lifetime",113
C-SSRS - Screening/Baseline - Page 1,"as to when, where or how I would actually do it. . . and I would never go through with it"" - Past 3 Month",113
C-SSRS - Screening/Baseline - Page 1,Have you been thinking about how you might do this? - Lifetime,113
C-SSRS - Screening/Baseline - Page 1,Have you been thinking about how you might do this? - Past 3 Month,113
C-SSRS - Screening/Baseline - Page 1,Have you actually had any thoughts of killing yourself?,113
C-SSRS - Screening/Baseline - Page 1,"a specific plan). Includes person who would say: ""I thought about taking an overdose but I never made a specific plan as to when, where or how I would actually do it. . . and I would never go through with it""",113
C-SSRS - Screening/Baseline - Page 1,"If Yes, describe - Row 8",114
C-SSRS - Screening/Baseline - Page 1,"If Yes, describe - Lifetime",114
C-SSRS - Screening/Baseline - Page 1,"If Yes, describe - Past 3 Month",114
C-SSRS - Screening/Baseline - Page 1,"4. Active suicidal ideation with some intent to act, without specific plan - Row 8",114
C-SSRS - Screening/Baseline - Page 1,"4. Active suicidal ideation with some intent to act, without specific plan - Lifetime",114
C-SSRS - Screening/Baseline - Page 1,"4. Active suicidal ideation with some intent to act, without specific plan - Past 3 Month",114
C-SSRS - Screening/Baseline - Page 1,"Active suicidal thoughts of killing oneself and subject reports having some intent to act on such thoughts, as opposed - Row 8",114
C-SSRS - Screening/Baseline - Page 1,"Active suicidal thoughts of killing oneself and subject reports having some intent to act on such thoughts, as opposed - Lifetime",114
C-SSRS - Screening/Baseline - Page 1,"Active suicidal thoughts of killing oneself and subject reports having some intent to act on such thoughts, as opposed - Past 3 Month",114
C-SSRS - Screening/Baseline - Page 1,"to ""I have thoughts but I definitely will not do anything about them"" - Row 8",114
C-SSRS - Screening/Baseline - Page 1,"to ""I have thoughts but I definitely will not do anything about them"" - Lifetime",114
C-SSRS - Screening/Baseline - Page 1,"to ""I have thoughts but I definitely will not do anything about them"" - Past 3 Month",114
C-SSRS - Screening/Baseline - Page 1,Have you had these thoughts and had some intention of acting on them? - Row 8,114
C-SSRS - Screening/Baseline - Page 1,Have you had these thoughts and had some intention of acting on them? - Lifetime,114
C-SSRS - Screening/Baseline - Page 1,Have you had these thoughts and had some intention of acting on them? - Past 3 Month,114
C-SSRS - Screening/Baseline - Page 1,Have you had these thoughts and had some intention of acting on them?,114
C-SSRS - Screening/Baseline - Page 1,5. Active suicidal ideation with specific plan and intent - Row 12,115
C-SSRS - Screening/Baseline - Page 1,5. Active suicidal ideation with specific plan and intent - Lifetime,115
C-SSRS - Screening/Baseline - Page 1,5. Active suicidal ideation with specific plan and intent - Past 3 Month,115
C-SSRS - Screening/Baseline - Page 1,Thoughts of killing oneself with detail of plan fully or partially worked out and subject has some intent to carry it out. - Row 12,115
C-SSRS - Screening/Baseline - Page 1,Thoughts of killing oneself with detail of plan fully or partially worked out and subject has some intent to carry it out. - Lifetime,115
C-SSRS - Screening/Baseline - Page 1,Thoughts of killing oneself with detail of plan fully or partially worked out and subject has some intent to carry it out. - Past 3 Month,115
C-SSRS - Screening/Baseline - Page 1,Have you started to work out or worked out the details of how to kill yourself? Do you intend to carry out this plan? - Row 12,115
C-SSRS - Screening/Baseline - Page 1,Have you started to work out or worked out the details of how to kill yourself? Do you intend to carry out this plan? - Lifetime,115
C-SSRS - Screening/Baseline - Page 1,Have you started to work out or worked out the details of how to kill yourself? Do you intend to carry out this plan? - Past 3 Month,115
C-SSRS - Screening/Baseline - Page 1,"If Yes, describe - Row 12",115
C-SSRS - Screening/Baseline - Page 1,"If Yes, describe - Lifetime",115
C-SSRS - Screening/Baseline - Page 1,"If Yes, describe - Past 3 Month",115
C-SSRS - Screening/Baseline - Page 1,Have you started to work out or worked out the details of how to kill yourself? Do you intend to carry out this plan?,115
C-SSRS - Screening/Baseline - Page 1,Lifetime,116
C-SSRS - Screening/Baseline - Page 1,Past 3 Month,116
C-SSRS - Screening/Baseline - Page 2,"The following features should be rated with respect to the most severe type of ideation (i.e. 1-5 from above, with 1 - Row 1",118
C-SSRS - Screening/Baseline - Page 2,"The following features should be rated with respect to the most severe type of ideation (i.e. 1-5 from above, with 1 - Lifetime",118
C-SSRS - Screening/Baseline - Page 2,"The following features should be rated with respect to the most severe type of ideation (i.e. 1-5 from above, with 1 - Past 3 Month",118
C-SSRS - Screening/Baseline - Page 2,being the least severe and 5 being the most severe). Ask about time he/she was feeling the most suicidal. - Row 1,118
C-SSRS - Screening/Baseline - Page 2,being the least severe and 5 being the most severe). Ask about time he/she was feeling the most suicidal. - Lifetime,118
C-SSRS - Screening/Baseline - Page 2,being the least severe and 5 being the most severe). Ask about time he/she was feeling the most suicidal. - Past 3 Month,118
C-SSRS - Screening/Baseline - Page 2,Most severe ideation - Row 1,118
C-SSRS - Screening/Baseline - Page 2,Most severe ideation - Lifetime,118
C-SSRS - Screening/Baseline - Page 2,Most severe ideation - Past 3 Month,118
C-SSRS - Screening/Baseline - Page 2,plan and intent,118
C-SSRS - Screening/Baseline - Page 2,Description of Ideation - Lifetime,119
C-SSRS - Screening/Baseline - Page 2,Description of Ideation - Past 3 Month,119
C-SSRS - Screening/Baseline - Page 2,Frequency - Lifetime,119
C-SSRS - Screening/Baseline - Page 2,Frequency - Past 3 Month,119
C-SSRS - Screening/Baseline - Page 2,How many times have you had these thoughts? - Lifetime,119
C-SSRS - Screening/Baseline - Page 2,How many times have you had these thoughts? - Past 3 Month,119
C-SSRS - Screening/Baseline - Page 2,Description of Ideation,119
C-SSRS - Screening/Baseline - Page 2,(5) Many times each,119
C-SSRS - Screening/Baseline - Page 2,Duration - Lifetime,120
C-SSRS - Screening/Baseline - Page 2,Duration - Past 3 Month,120
C-SSRS - Screening/Baseline - Page 2,"When you have the thoughts, how long do they last? - Lifetime",120
C-SSRS - Screening/Baseline - Page 2,"When you have the thoughts, how long do they last? - Past 3 Month",120
C-SSRS - Screening/Baseline - Page 2,hours/persistent or,120
C-SSRS - Screening/Baseline - Page 2,Controllability - Lifetime,121
C-SSRS - Screening/Baseline - Page 2,Controllability - Past 3 Month,121
C-SSRS - Screening/Baseline - Page 2,Could/can you stop thinking about killing yourself or wanting to die if you want to? - Lifetime,121
C-SSRS - Screening/Baseline - Page 2,Could/can you stop thinking about killing yourself or wanting to die if you want to? - Past 3 Month,121
C-SSRS - Screening/Baseline - Page 2,to control thoughts,121
C-SSRS - Screening/Baseline - Page 2,Deterrents - Lifetime,122
C-SSRS - Screening/Baseline - Page 2,Deterrents - Past 3 Month,122
C-SSRS - Screening/Baseline - Page 2,Are there things - anyone or anything - that stopped you from wanting to die or acting on thoughts of committing - Lifetime,122
C-SSRS - Screening/Baseline - Page 2,Are there things - anyone or anything - that stopped you from wanting to die or acting on thoughts of committing - Past 3 Month,122
C-SSRS - Screening/Baseline - Page 2,suicide? - Lifetime,122
C-SSRS - Screening/Baseline - Page 2,suicide? - Past 3 Month,122
C-SSRS - Screening/Baseline - Page 2,Reasons for Ideation - Lifetime,123
C-SSRS - Screening/Baseline - Page 2,Reasons for Ideation - stop you,123
C-SSRS - Screening/Baseline - Page 2,Reasons for Ideation - Past 3 Month,123
C-SSRS - Screening/Baseline - Page 2,What sort of reasons did you have for thinking about wanting to die or killing yourself? Was it to end the pain or - Lifetime,123
C-SSRS - Screening/Baseline - Page 2,What sort of reasons did you have for thinking about wanting to die or killing yourself? Was it to end the pain or - stop you,123
C-SSRS - Screening/Baseline - Page 2,What sort of reasons did you have for thinking about wanting to die or killing yourself? Was it to end the pain or - Past 3 Month,123
C-SSRS - Screening/Baseline - Page 2,stop the way you were feeling (in other words you couldn't go on living with this pain or how you were feeling) or - Lifetime,123
C-SSRS - Screening/Baseline - Page 2,stop the way you were feeling (in other words you couldn't go on living with this pain or how you were feeling) or - stop you,123
C-SSRS - Screening/Baseline - Page 2,stop the way you were feeling (in other words you couldn't go on living with this pain or how you were feeling) or - Past 3 Month,123
C-SSRS - Screening/Baseline - Page 2,"was it to get attention, revenge or a reaction from others? or both? - Lifetime",123
C-SSRS - Screening/Baseline - Page 2,"was it to get attention, revenge or a reaction from others? or both? - stop you",123
C-SSRS - Screening/Baseline - Page 2,"was it to get attention, revenge or a reaction from others? or both? - Past 3 Month",123
C-SSRS - Screening/Baseline - Page 2,(0) Does not apply,123
C-SSRS - Screening/Baseline - Page 2,Lifetime,124
C-SSRS - Screening/Baseline - Page 2,(3) Equally to get,124
C-SSRS - Screening/Baseline - Page 2,Past 3 Month,124
C-SSRS - Screening/Baseline - Page 2,(0) Does not apply,124
C-SSRS - Screening/Baseline - Page 2,Lifetime,125
C-SSRS - Screening/Baseline - Page 2,Past 3 Month,125
C-SSRS - Screening/Baseline - Page 3,"Select all that apply, so long as these are separate events; must ask about all types - Row 1",127
C-SSRS - Screening/Baseline - Page 3,"Select all that apply, so long as these are separate events; must ask about all types - Lifetime",127
C-SSRS - Screening/Baseline - Page 3,"Select all that apply, so long as these are separate events; must ask about all types - Past 6 Month",127
C-SSRS - Screening/Baseline - Page 3,Actual attempt: - Row 1,127
C-SSRS - Screening/Baseline - Page 3,Actual attempt: - Lifetime,127
C-SSRS - Screening/Baseline - Page 3,Actual attempt: - Past 6 Month,127
C-SSRS - Screening/Baseline - Page 3,"A potentially self-injurious act committed with at least some wish to die, as a result of act. Behaviour was in part - Row 1",127
C-SSRS - Screening/Baseline - Page 3,"A potentially self-injurious act committed with at least some wish to die, as a result of act. Behaviour was in part - Lifetime",127
C-SSRS - Screening/Baseline - Page 3,"A potentially self-injurious act committed with at least some wish to die, as a result of act. Behaviour was in part - Past 6 Month",127
C-SSRS - Screening/Baseline - Page 3,thought of as method to kill oneself. Intent does not have to be 100%. If there is any intent/desire to die associated - Row 1,127
C-SSRS - Screening/Baseline - Page 3,thought of as method to kill oneself. Intent does not have to be 100%. If there is any intent/desire to die associated - Lifetime,127
C-SSRS - Screening/Baseline - Page 3,thought of as method to kill oneself. Intent does not have to be 100%. If there is any intent/desire to die associated - Past 6 Month,127
C-SSRS - Screening/Baseline - Page 3,"with the act, then it can be considered an actual suicide attempt. There does not have to be any injury or harm, just - Row 1",127
C-SSRS - Screening/Baseline - Page 3,"with the act, then it can be considered an actual suicide attempt. There does not have to be any injury or harm, just - Lifetime",127
C-SSRS - Screening/Baseline - Page 3,"with the act, then it can be considered an actual suicide attempt. There does not have to be any injury or harm, just - Past 6 Month",127
C-SSRS - Screening/Baseline - Page 3,the potential for injury or harm. If a person pulls the trigger while gun is in mouth but gun is broken so no injury - Row 1,127
C-SSRS - Screening/Baseline - Page 3,the potential for injury or harm. If a person pulls the trigger while gun is in mouth but gun is broken so no injury - Lifetime,127
C-SSRS - Screening/Baseline - Page 3,the potential for injury or harm. If a person pulls the trigger while gun is in mouth but gun is broken so no injury - Past 6 Month,127
C-SSRS - Screening/Baseline - Page 3,"results, this is considered an attempt. - Row 1",127
C-SSRS - Screening/Baseline - Page 3,"results, this is considered an attempt. - Lifetime",127
C-SSRS - Screening/Baseline - Page 3,"results, this is considered an attempt. - Past 6 Month",127
C-SSRS - Screening/Baseline - Page 3,"Inferring Intent: even if an individual denies intent/wish to die, it may be inferred clinically from the behaviour or - Row 1",127
C-SSRS - Screening/Baseline - Page 3,"Inferring Intent: even if an individual denies intent/wish to die, it may be inferred clinically from the behaviour or - Lifetime",127
C-SSRS - Screening/Baseline - Page 3,"Inferring Intent: even if an individual denies intent/wish to die, it may be inferred clinically from the behaviour or - Past 6 Month",127
C-SSRS - Screening/Baseline - Page 3,"circumstances. For example, a highly lethal act that is clearly not an accident so no other intent but suicide can be - Row 1",127
C-SSRS - Screening/Baseline - Page 3,"circumstances. For example, a highly lethal act that is clearly not an accident so no other intent but suicide can be - Lifetime",127
C-SSRS - Screening/Baseline - Page 3,"circumstances. For example, a highly lethal act that is clearly not an accident so no other intent but suicide can be - Past 6 Month",127
C-SSRS - Screening/Baseline - Page 3,"inferred (e.g. gunshot to the head, jumping from window of a high floor/story). Also, if someone denies intent to die, - Row 1",127
C-SSRS - Screening/Baseline - Page 3,"inferred (e.g. gunshot to the head, jumping from window of a high floor/story). Also, if someone denies intent to die, - Lifetime",127
C-SSRS - Screening/Baseline - Page 3,"inferred (e.g. gunshot to the head, jumping from window of a high floor/story). Also, if someone denies intent to die, - Past 6 Month",127
C-SSRS - Screening/Baseline - Page 3,"but they thought that what they did could be lethal, intent may be inferred. - Row 1",127
C-SSRS - Screening/Baseline - Page 3,"but they thought that what they did could be lethal, intent may be inferred. - Lifetime",127
C-SSRS - Screening/Baseline - Page 3,"but they thought that what they did could be lethal, intent may be inferred. - Past 6 Month",127
C-SSRS - Screening/Baseline - Page 3,Have you made a suicide attempt? - Row 1,127
C-SSRS - Screening/Baseline - Page 3,Have you made a suicide attempt? - Lifetime,127
C-SSRS - Screening/Baseline - Page 3,Have you made a suicide attempt? - Past 6 Month,127
C-SSRS - Screening/Baseline - Page 3,Have you done anything to harm yourself? - Row 1,127
C-SSRS - Screening/Baseline - Page 3,Have you done anything to harm yourself? - Lifetime,127
C-SSRS - Screening/Baseline - Page 3,Have you done anything to harm yourself? - Past 6 Month,127
C-SSRS - Screening/Baseline - Page 3,Have you done anything dangerous where you could have died? - Row 1,127
C-SSRS - Screening/Baseline - Page 3,Have you done anything dangerous where you could have died? - Lifetime,127
C-SSRS - Screening/Baseline - Page 3,Have you done anything dangerous where you could have died? - Past 6 Month,127
C-SSRS - Screening/Baseline - Page 3,What did you do? - Row 1,127
C-SSRS - Screening/Baseline - Page 3,What did you do? - Lifetime,127
C-SSRS - Screening/Baseline - Page 3,What did you do? - Past 6 Month,127
C-SSRS - Screening/Baseline - Page 3,Did you ______ as a way to end your life? - Row 1,127
C-SSRS - Screening/Baseline - Page 3,Did you ______ as a way to end your life? - Lifetime,127
C-SSRS - Screening/Baseline - Page 3,Did you ______ as a way to end your life? - Past 6 Month,127
C-SSRS - Screening/Baseline - Page 3,Actual attempt:,127
C-SSRS - Screening/Baseline - Page 3,Did you want to die (even a little) when you ____? - Lifetime,128
C-SSRS - Screening/Baseline - Page 3,Did you want to die (even a little) when you ____? - Past 6 Month,128
C-SSRS - Screening/Baseline - Page 3,Were trying to end your life when you ____? - Lifetime,128
C-SSRS - Screening/Baseline - Page 3,Were trying to end your life when you ____? - Past 6 Month,128
C-SSRS - Screening/Baseline - Page 3,Or did you think it was possible you could have died from ____? - Lifetime,128
C-SSRS - Screening/Baseline - Page 3,Or did you think it was possible you could have died from ____? - Past 6 Month,128
C-SSRS - Screening/Baseline - Page 3,"Or did you do it purely for other reasons/without ANY intention of killing yourself (like to relieve stress, feel - Lifetime",128
C-SSRS - Screening/Baseline - Page 3,"Or did you do it purely for other reasons/without ANY intention of killing yourself (like to relieve stress, feel - Past 6 Month",128
C-SSRS - Screening/Baseline - Page 3,"better, get sympathy, or get something else to happen? (Self-Injurious Behavior without suicidal intent) - Lifetime",128
C-SSRS - Screening/Baseline - Page 3,"better, get sympathy, or get something else to happen? (Self-Injurious Behavior without suicidal intent) - Past 6 Month",128
C-SSRS - Screening/Baseline - Page 3,"If Yes, Total number of attempts - Lifetime",128
C-SSRS - Screening/Baseline - Page 3,"If Yes, Total number of attempts - Past 6 Month",128
C-SSRS - Screening/Baseline - Page 3,"If Yes, describe - Lifetime",128
C-SSRS - Screening/Baseline - Page 3,"If Yes, describe - Past 6 Month",128
C-SSRS - Screening/Baseline - Page 3,"If Yes, Total number of attempts",128
C-SSRS - Screening/Baseline - Page 3,Has subject engaged in Non-Suicidal self-injurious behavior? - Row 6,129
C-SSRS - Screening/Baseline - Page 3,Has subject engaged in Non-Suicidal self-injurious behavior? - Lifetime,129
C-SSRS - Screening/Baseline - Page 3,Has subject engaged in Non-Suicidal self-injurious behavior? - Past 6 Month,129
C-SSRS - Screening/Baseline - Page 3,Interrupted attempt: - Row 6,129
C-SSRS - Screening/Baseline - Page 3,Interrupted attempt: - Lifetime,129
C-SSRS - Screening/Baseline - Page 3,Interrupted attempt: - Past 6 Month,129
C-SSRS - Screening/Baseline - Page 3,When the person is interrupted (by an outside circumstance) from starting the potentially self-injurious act (if not for - Row 6,129
C-SSRS - Screening/Baseline - Page 3,When the person is interrupted (by an outside circumstance) from starting the potentially self-injurious act (if not for - Lifetime,129
C-SSRS - Screening/Baseline - Page 3,When the person is interrupted (by an outside circumstance) from starting the potentially self-injurious act (if not for - Past 6 Month,129
C-SSRS - Screening/Baseline - Page 3,"that, actual attempt would have occurred). - Row 6",129
C-SSRS - Screening/Baseline - Page 3,"that, actual attempt would have occurred). - Lifetime",129
C-SSRS - Screening/Baseline - Page 3,"that, actual attempt would have occurred). - Past 6 Month",129
C-SSRS - Screening/Baseline - Page 3,Has there been a time when you started to do something to end your life but someone or something stopped you - Row 6,129
C-SSRS - Screening/Baseline - Page 3,Has there been a time when you started to do something to end your life but someone or something stopped you - Lifetime,129
C-SSRS - Screening/Baseline - Page 3,Has there been a time when you started to do something to end your life but someone or something stopped you - Past 6 Month,129
C-SSRS - Screening/Baseline - Page 3,before you actually did anything? - Row 6,129
C-SSRS - Screening/Baseline - Page 3,before you actually did anything? - Lifetime,129
C-SSRS - Screening/Baseline - Page 3,before you actually did anything? - Past 6 Month,129
C-SSRS - Screening/Baseline - Page 3,Has subject engaged in Non-Suicidal self-injurious behavior?,129
C-SSRS - Screening/Baseline - Page 3,Interrupted attempt:,129
C-SSRS - Screening/Baseline - Page 3,"If Yes, Total number of interrupted attempts - Lifetime",130
C-SSRS - Screening/Baseline - Page 3,"If Yes, Total number of interrupted attempts - Past 6 Month",130
C-SSRS - Screening/Baseline - Page 3,"If Yes, describe - Lifetime",130
C-SSRS - Screening/Baseline - Page 3,"If Yes, describe - Past 6 Month",130
C-SSRS - Screening/Baseline - Page 3,Aborted attempt: - Lifetime,130
C-SSRS - Screening/Baseline - Page 3,Aborted attempt: - Past 6 Month,130
C-SSRS - Screening/Baseline - Page 3,"When person begins to take steps toward making a suicide attempt, but stops themselves before they actually have - Lifetime",130
C-SSRS - Screening/Baseline - Page 3,"When person begins to take steps toward making a suicide attempt, but stops themselves before they actually have - Past 6 Month",130
C-SSRS - Screening/Baseline - Page 3,"engaged in any self destructive behaviour. Examples are similar to interrupted attempts, except that the individual - Lifetime",130
C-SSRS - Screening/Baseline - Page 3,"engaged in any self destructive behaviour. Examples are similar to interrupted attempts, except that the individual - Past 6 Month",130
C-SSRS - Screening/Baseline - Page 3,"stops him/herself, instead of being stopped by something else. - Lifetime",130
C-SSRS - Screening/Baseline - Page 3,"stops him/herself, instead of being stopped by something else. - Past 6 Month",130
C-SSRS - Screening/Baseline - Page 3,Has there been a time when you started to do something to try to end your life but you stopped yourself before you - Lifetime,130
C-SSRS - Screening/Baseline - Page 3,Has there been a time when you started to do something to try to end your life but you stopped yourself before you - Past 6 Month,130
C-SSRS - Screening/Baseline - Page 3,actually did anything? - Lifetime,130
C-SSRS - Screening/Baseline - Page 3,actually did anything? - Past 6 Month,130
C-SSRS - Screening/Baseline - Page 3,"If Yes, Total number of interrupted attempts",130
C-SSRS - Screening/Baseline - Page 3,Aborted attempt:,130
C-SSRS - Screening/Baseline - Page 3,"If Yes, Total number of aborted attempts - Row 12",131
C-SSRS - Screening/Baseline - Page 3,"If Yes, Total number of aborted attempts - Lifetime",131
C-SSRS - Screening/Baseline - Page 3,"If Yes, Total number of aborted attempts - Past 6 Month",131
C-SSRS - Screening/Baseline - Page 3,"If Yes, describe - Row 12",131
C-SSRS - Screening/Baseline - Page 3,"If Yes, describe - Lifetime",131
C-SSRS - Screening/Baseline - Page 3,"If Yes, describe - Past 6 Month",131
C-SSRS - Screening/Baseline - Page 3,Preparatory acts or behavior: - Row 12,131
C-SSRS - Screening/Baseline - Page 3,Preparatory acts or behavior: - Lifetime,131
C-SSRS - Screening/Baseline - Page 3,Preparatory acts or behavior: - Past 6 Month,131
C-SSRS - Screening/Baseline - Page 3,Acts or preparation towards imminently making a suicide attempt. This can include anything beyond a verbalization - Row 12,131
C-SSRS - Screening/Baseline - Page 3,Acts or preparation towards imminently making a suicide attempt. This can include anything beyond a verbalization - Lifetime,131
C-SSRS - Screening/Baseline - Page 3,Acts or preparation towards imminently making a suicide attempt. This can include anything beyond a verbalization - Past 6 Month,131
C-SSRS - Screening/Baseline - Page 3,"or thought such as assembling a specific method (e.g., buying pills, purchasing a gun) or preparing for one's death by - Row 12",131
C-SSRS - Screening/Baseline - Page 3,"or thought such as assembling a specific method (e.g., buying pills, purchasing a gun) or preparing for one's death by - Lifetime",131
C-SSRS - Screening/Baseline - Page 3,"or thought such as assembling a specific method (e.g., buying pills, purchasing a gun) or preparing for one's death by - Past 6 Month",131
C-SSRS - Screening/Baseline - Page 3,"suicide (e.g., giving things away, writing a suicide note) - Row 12",131
C-SSRS - Screening/Baseline - Page 3,"suicide (e.g., giving things away, writing a suicide note) - Lifetime",131
C-SSRS - Screening/Baseline - Page 3,"suicide (e.g., giving things away, writing a suicide note) - Past 6 Month",131
C-SSRS - Screening/Baseline - Page 3,"Have you taken any step towards making a suicide attempt or preparing to kill yourself (such as collecting pills, - Row 12",131
C-SSRS - Screening/Baseline - Page 3,"Have you taken any step towards making a suicide attempt or preparing to kill yourself (such as collecting pills, - Lifetime",131
C-SSRS - Screening/Baseline - Page 3,"Have you taken any step towards making a suicide attempt or preparing to kill yourself (such as collecting pills, - Past 6 Month",131
C-SSRS - Screening/Baseline - Page 3,"If Yes, Total number of aborted attempts",131
C-SSRS - Screening/Baseline - Page 3,Preparatory acts or behavior:,131
C-SSRS - Screening/Baseline - Page 3,"getting a gun, giving valuables away or writing a suicide note?) - Lifetime",132
C-SSRS - Screening/Baseline - Page 3,"getting a gun, giving valuables away or writing a suicide note?) - Past 6 Month",132
C-SSRS - Screening/Baseline - Page 3,"If Yes, describe - Lifetime",132
C-SSRS - Screening/Baseline - Page 3,"If Yes, describe - Past 6 Month",132
C-SSRS - Screening/Baseline - Page 3,Suicidal behavior: Suicidal behaviour was present during the assessment period? - Lifetime,132
C-SSRS - Screening/Baseline - Page 3,Suicidal behavior: Suicidal behaviour was present during the assessment period? - Past 6 Month,132
C-SSRS - Screening/Baseline - Page 3,Suicidal behavior: Suicidal behaviour was present during the assessment period?,132
C-SSRS - Screening/Baseline - Page 4,Date of Attempt - Row 1,134
C-SSRS - Screening/Baseline - Page 4,Date of Attempt - Most Recent Attempt,134
C-SSRS - Screening/Baseline - Page 4,Date of Attempt - Most Lethal Attempt,134
C-SSRS - Screening/Baseline - Page 4,Date of Attempt - Initial/First Attempt,134
C-SSRS - Screening/Baseline - Page 4,Actual Lethality/Medical Damage: - Row 1,134
C-SSRS - Screening/Baseline - Page 4,Actual Lethality/Medical Damage: - Most Recent Attempt,134
C-SSRS - Screening/Baseline - Page 4,Actual Lethality/Medical Damage: - Most Lethal Attempt,134
C-SSRS - Screening/Baseline - Page 4,Actual Lethality/Medical Damage: - Initial/First Attempt,134
C-SSRS - Screening/Baseline - Page 4,0) No physical damage or very minor physical damage (e.g. surface - Row 1,134
C-SSRS - Screening/Baseline - Page 4,0) No physical damage or very minor physical damage (e.g. surface - Most Recent Attempt,134
C-SSRS - Screening/Baseline - Page 4,0) No physical damage or very minor physical damage (e.g. surface - Most Lethal Attempt,134
C-SSRS - Screening/Baseline - Page 4,0) No physical damage or very minor physical damage (e.g. surface - Initial/First Attempt,134
C-SSRS - Screening/Baseline - Page 4,scratches) - Row 1,134
C-SSRS - Screening/Baseline - Page 4,scratches) - Most Recent Attempt,134
C-SSRS - Screening/Baseline - Page 4,scratches) - Most Lethal Attempt,134
C-SSRS - Screening/Baseline - Page 4,scratches) - Initial/First Attempt,134
C-SSRS - Screening/Baseline - Page 4,"1) Minor physical damage (e.g. lethargic speech, first-degree burns, mild - Row 1",134
C-SSRS - Screening/Baseline - Page 4,"1) Minor physical damage (e.g. lethargic speech, first-degree burns, mild - Most Recent Attempt",134
C-SSRS - Screening/Baseline - Page 4,"1) Minor physical damage (e.g. lethargic speech, first-degree burns, mild - Most Lethal Attempt",134
C-SSRS - Screening/Baseline - Page 4,"1) Minor physical damage (e.g. lethargic speech, first-degree burns, mild - Initial/First Attempt",134
C-SSRS - Screening/Baseline - Page 4,"bleeding, sprains) - Row 1",134
C-SSRS - Screening/Baseline - Page 4,"bleeding, sprains) - Most Recent Attempt",134
C-SSRS - Screening/Baseline - Page 4,"bleeding, sprains) - Most Lethal Attempt",134
C-SSRS - Screening/Baseline - Page 4,"bleeding, sprains) - Initial/First Attempt",134
C-SSRS - Screening/Baseline - Page 4,2) Moderate physical damage; medical attention needed (e.g. conscious but - Row 1,134
C-SSRS - Screening/Baseline - Page 4,2) Moderate physical damage; medical attention needed (e.g. conscious but - Most Recent Attempt,134
C-SSRS - Screening/Baseline - Page 4,2) Moderate physical damage; medical attention needed (e.g. conscious but - Most Lethal Attempt,134
C-SSRS - Screening/Baseline - Page 4,2) Moderate physical damage; medical attention needed (e.g. conscious but - Initial/First Attempt,134
C-SSRS - Screening/Baseline - Page 4,"sleepy; somewhat responsive, second-degree burns; bleeding of major vessel - Row 1",134
C-SSRS - Screening/Baseline - Page 4,"sleepy; somewhat responsive, second-degree burns; bleeding of major vessel - Most Recent Attempt",134
C-SSRS - Screening/Baseline - Page 4,"sleepy; somewhat responsive, second-degree burns; bleeding of major vessel - Most Lethal Attempt",134
C-SSRS - Screening/Baseline - Page 4,"sleepy; somewhat responsive, second-degree burns; bleeding of major vessel - Initial/First Attempt",134
C-SSRS - Screening/Baseline - Page 4,3) Moderately severe physical damage; medical hospitalization and likely - Row 1,134
C-SSRS - Screening/Baseline - Page 4,3) Moderately severe physical damage; medical hospitalization and likely - Most Recent Attempt,134
C-SSRS - Screening/Baseline - Page 4,3) Moderately severe physical damage; medical hospitalization and likely - Most Lethal Attempt,134
C-SSRS - Screening/Baseline - Page 4,3) Moderately severe physical damage; medical hospitalization and likely - Initial/First Attempt,134
C-SSRS - Screening/Baseline - Page 4,intensive care required (e.g. comatose with reflexes intact; third-degree burns - Row 1,134
C-SSRS - Screening/Baseline - Page 4,intensive care required (e.g. comatose with reflexes intact; third-degree burns - Most Recent Attempt,134
C-SSRS - Screening/Baseline - Page 4,intensive care required (e.g. comatose with reflexes intact; third-degree burns - Most Lethal Attempt,134
C-SSRS - Screening/Baseline - Page 4,intensive care required (e.g. comatose with reflexes intact; third-degree burns - Initial/First Attempt,134
C-SSRS - Screening/Baseline - Page 4,"less than 20% of body; extensive blood loss but can recover, major fractures) - Row 1",134
C-SSRS - Screening/Baseline - Page 4,"less than 20% of body; extensive blood loss but can recover, major fractures) - Most Recent Attempt",134
C-SSRS - Screening/Baseline - Page 4,"less than 20% of body; extensive blood loss but can recover, major fractures) - Most Lethal Attempt",134
C-SSRS - Screening/Baseline - Page 4,"less than 20% of body; extensive blood loss but can recover, major fractures) - Initial/First Attempt",134
C-SSRS - Screening/Baseline - Page 4,4) Severe physical damage; medical hospitalization with intensive care - Row 1,134
C-SSRS - Screening/Baseline - Page 4,4) Severe physical damage; medical hospitalization with intensive care - Most Recent Attempt,134
C-SSRS - Screening/Baseline - Page 4,4) Severe physical damage; medical hospitalization with intensive care - Most Lethal Attempt,134
C-SSRS - Screening/Baseline - Page 4,4) Severe physical damage; medical hospitalization with intensive care - Initial/First Attempt,134
C-SSRS - Screening/Baseline - Page 4,required (e.g. comatose without reflexes; third-degree burns over 20% of the - Row 1,134
C-SSRS - Screening/Baseline - Page 4,required (e.g. comatose without reflexes; third-degree burns over 20% of the - Most Recent Attempt,134
C-SSRS - Screening/Baseline - Page 4,required (e.g. comatose without reflexes; third-degree burns over 20% of the - Most Lethal Attempt,134
C-SSRS - Screening/Baseline - Page 4,required (e.g. comatose without reflexes; third-degree burns over 20% of the - Initial/First Attempt,134
C-SSRS - Screening/Baseline - Page 4,body; extensive blood loss with unstable vital signs; major damage to a vital - Row 1,134
C-SSRS - Screening/Baseline - Page 4,body; extensive blood loss with unstable vital signs; major damage to a vital - Most Recent Attempt,134
C-SSRS - Screening/Baseline - Page 4,body; extensive blood loss with unstable vital signs; major damage to a vital - Most Lethal Attempt,134
C-SSRS - Screening/Baseline - Page 4,body; extensive blood loss with unstable vital signs; major damage to a vital - Initial/First Attempt,134
C-SSRS - Screening/Baseline - Page 4,area - Row 1,134
C-SSRS - Screening/Baseline - Page 4,area - Most Recent Attempt,134
C-SSRS - Screening/Baseline - Page 4,area - Most Lethal Attempt,134
C-SSRS - Screening/Baseline - Page 4,area - Initial/First Attempt,134
C-SSRS - Screening/Baseline - Page 4,Date of Attempt,134
C-SSRS - Screening/Baseline - Page 4,Moderately severe physical damage; medical hospitalization and likely,134
C-SSRS - Screening/Baseline - Page 4,"Moderate physical damage; medical attention needed (e.g. conscious but sleepy; somewhat responsive, second-degree burns; bleeding of major vessel",134
C-SSRS - Screening/Baseline - Page 4,5) Death - Most Recent Attempt,135
C-SSRS - Screening/Baseline - Page 4,5) Death - Most Lethal Attempt,135
C-SSRS - Screening/Baseline - Page 4,5) Death - Initial/First Attempt,135
C-SSRS - Screening/Baseline - Page 4,Potential Lethality: Only answer if Actual Lethality=0 - Most Recent Attempt,135
C-SSRS - Screening/Baseline - Page 4,Potential Lethality: Only answer if Actual Lethality=0 - Most Lethal Attempt,135
C-SSRS - Screening/Baseline - Page 4,Potential Lethality: Only answer if Actual Lethality=0 - Initial/First Attempt,135
C-SSRS - Screening/Baseline - Page 4,Likely lethality of actual attempt if no medical damage (the following - Most Recent Attempt,135
C-SSRS - Screening/Baseline - Page 4,Likely lethality of actual attempt if no medical damage (the following - Most Lethal Attempt,135
C-SSRS - Screening/Baseline - Page 4,Likely lethality of actual attempt if no medical damage (the following - Initial/First Attempt,135
C-SSRS - Screening/Baseline - Page 4,"examples, while having no actual medical damage, had potential for very - Most Recent Attempt",135
C-SSRS - Screening/Baseline - Page 4,"examples, while having no actual medical damage, had potential for very - Most Lethal Attempt",135
C-SSRS - Screening/Baseline - Page 4,"examples, while having no actual medical damage, had potential for very - Initial/First Attempt",135
C-SSRS - Screening/Baseline - Page 4,serious lethality: put gun in mouth and pulled the trigger but gun fails to fire - Most Recent Attempt,135
C-SSRS - Screening/Baseline - Page 4,serious lethality: put gun in mouth and pulled the trigger but gun fails to fire - Most Lethal Attempt,135
C-SSRS - Screening/Baseline - Page 4,serious lethality: put gun in mouth and pulled the trigger but gun fails to fire - Initial/First Attempt,135
C-SSRS - Screening/Baseline - Page 4,so no medical damage; laying on train tracks with oncoming train but pulled - Most Recent Attempt,135
C-SSRS - Screening/Baseline - Page 4,so no medical damage; laying on train tracks with oncoming train but pulled - Most Lethal Attempt,135
C-SSRS - Screening/Baseline - Page 4,so no medical damage; laying on train tracks with oncoming train but pulled - Initial/First Attempt,135
C-SSRS - Screening/Baseline - Page 4,away before run over). - Most Recent Attempt,135
C-SSRS - Screening/Baseline - Page 4,away before run over). - Most Lethal Attempt,135
C-SSRS - Screening/Baseline - Page 4,away before run over). - Initial/First Attempt,135
C-SSRS - Screening/Baseline - Page 4,0) Behaviour not likely to result in injury 1) Behaviour like to result in injury - Most Recent Attempt,135
C-SSRS - Screening/Baseline - Page 4,0) Behaviour not likely to result in injury 1) Behaviour like to result in injury - Most Lethal Attempt,135
C-SSRS - Screening/Baseline - Page 4,0) Behaviour not likely to result in injury 1) Behaviour like to result in injury - Initial/First Attempt,135
C-SSRS - Screening/Baseline - Page 4,but not likely to cause death 2) Behaviour likely to result in death despite - Most Recent Attempt,135
C-SSRS - Screening/Baseline - Page 4,but not likely to cause death 2) Behaviour likely to result in death despite - Most Lethal Attempt,135
C-SSRS - Screening/Baseline - Page 4,but not likely to cause death 2) Behaviour likely to result in death despite - Initial/First Attempt,135
C-SSRS - Screening/Baseline - Page 4,available medical care - Most Recent Attempt,135
C-SSRS - Screening/Baseline - Page 4,available medical care - Most Lethal Attempt,135
C-SSRS - Screening/Baseline - Page 4,available medical care - Initial/First Attempt,135
C-SSRS - Screening/Baseline - Page 4,away before run over).,135
C-SSRS - Screening/Baseline - Page 4,"Likely lethality of actual attempt if no medical damage (the following examples, while having no actual medical damage, had potential for very serious lethality: put gun in mouth and pulled the trigger but gun fails to fire so no medical damage; laying on train tracks with oncoming train but pulled away before run over).",135
AE and CM prompt,Has the subject had any changes to their health since previous visit?,136
AE and CM prompt,Are there any changes in concomitant medications including dose changes to be reported?,136
Inclusion criteria,"If any answers to the Inclusion Criteria are “Not Met”, EXCLUDE subject from the study - Row 1",139
Inclusion criteria,"\1.\ Diagnosis of any of the below disorders, as determined by the Diagnostic and Statistical Manual of Mental Disorders, Fifth Edition (DSM-5) - Row 1",139
Inclusion criteria,"criteria, and are considered clinically stable per investigator’s judgment while currently receiving sertraline for at least 90 days and maintained on - Row 1",139
Inclusion criteria,stable sertraline doses of ≥ 100 mg/day for at least 30 days at the time of screening visit 1 and stable sertraline doses of ≥ 150 mg/day for at least 5 - Row 1,139
Inclusion criteria,days at the time of screening visit 2: - Row 1,139
Inclusion criteria,• MDD - Row 1,139
Inclusion criteria,• PTSD - Row 1,139
Inclusion criteria,• GAD - Row 1,139
Inclusion criteria,• SAD - Row 1,139
Inclusion criteria,• OCD - Row 1,139
Inclusion criteria,• Panic disorder - Row 1,139
Inclusion criteria,\2.\ Male or female subjects between 18 and 65 years of age (inclusive). - Row 1,139
Inclusion criteria,"criteria, and are considered clinically stable per investigator’s judgment while currently receiving sertraline for at least 90 days and maintained on",139
Inclusion criteria,\ Male or female subjects between 18 and 65 years of age (inclusive).,139
Inclusion criteria,\ Body mass index (BMI) between 19.0 to 35.0 kg/m2 (inclusive).,140
Inclusion criteria,\ In good health as determined by: a) Medical history b) Physical examination,140
Inclusion criteria,comply with all the requirements of the trial.,140
Inclusion criteria,"If any answers to the Inclusion Criteria are “Not Met”, EXCLUDE subject from the study - Row 1",151
Inclusion criteria,"\1.\ Diagnosis of any of the below disorders, as determined by the Diagnostic and Statistical Manual of Mental Disorders, Fifth Edition (DSM-5) - Row 1",151
Inclusion criteria,"criteria, and are considered clinically stable to participate per investigator’s judgment: - Row 1",151
Inclusion criteria,• MDD - Row 1,151
Inclusion criteria,• PTSD - Row 1,151
Inclusion criteria,• GAD - Row 1,151
Inclusion criteria,• SAD - Row 1,151
Inclusion criteria,• OCD - Row 1,151
Inclusion criteria,• Panic disorder - Row 1,151
Inclusion criteria,\2.\ Male or female subjects between 18 and 65 years of age (inclusive). - Row 1,151
Inclusion criteria,"criteria, and are considered clinically stable to participate per investigator’s judgment:",151
Inclusion criteria,\ Male or female subjects between 18 and 65 years of age (inclusive).,151
Exclusion criteria,washout of fluoxetine for at least 28 days.,162
Sertraline Titration,Is the Subject required to be Titrated ?,163
Washout and Sertraline Titration,Is the Subject required to be Titrated ?,165
Washout and Sertraline Titration,Is Washout ADT required?,165
End of Screening,Does the Subject Remain Eligible to Continue participation in the Study?,167
End of Screening,Date of Screen Failure,167
End of Screening,Withdrawal by subject,167
End of Screening,"Specify if: Adverse Event, Physician Decision, Protocol Deviation, Other",169
Visit Date,Skip to next visit,170
Drug dispensation- Titration period,Was sertraline dispensed for Titration period?,172
Drug dispensation- Titration period,"If no, Reason",172
Drug dispensation- Titration period,Date of dispensation,172
Visit Date,Skip to next visit,174
Drug dispensation- Titration period,Was sertraline dispensed for Titration period?,176
Drug dispensation- Titration period,"If no, Reason",176
Drug dispensation- Titration period,Date of dispensation,176
Triplicate Orthostatic BP and HR - Central,Were Vital Signs Collected?,180
Triplicate Orthostatic BP and HR - Central,"If not collected, reason:",180
Triplicate Orthostatic BP and HR - Central,Collection Date,180
Triplicate Orthostatic BP and HR - Central,Planned Timepoint,180
Triplicate Orthostatic BP and HR - Central,Time Placed in Position,181
Triplicate Orthostatic BP and HR - Central,Time of Vitals Measurement #1,181
Triplicate Orthostatic BP and HR - Central,Time of Vitals Measurement #2,181
Triplicate Orthostatic BP and HR - Central,Time of Vitals Measurement #3,181
Triplicate Orthostatic BP and HR - Central,Time of Vitals Measurement #1,182
Triplicate Orthostatic BP and HR - Central,Time of Vitals Measurement #2,182
Triplicate Orthostatic BP and HR - Central,Time of Vitals Measurement #3,182
PK Blood Draw - Sertraline,Was PK Collection Performed?,183
PK Blood Draw - Sertraline,"If not performed, Reason:",183
PK Blood Draw - Sertraline,Date of Collection,183
PK Blood Draw - Sertraline,Sertraline PK - Sample Status,184
PK Blood Draw - Sertraline,Sertraline PK - Time of,184
PK Blood Draw - Sertraline,Sertraline PK - Collection,184
PK Blood Draw - Sertraline,Sertraline PK - Barcode,184
PK Blood Draw - Sertraline,Sertraline PK - Number,184
PK Blood Draw - Sertraline,Sertraline PK - Backup,184
PK Blood Draw - Sertraline,"Sertraline PK, Sertraline PK, Propranolol PK, - Sample Status",184
PK Blood Draw - Sertraline,"Sertraline PK, Sertraline PK, Propranolol PK, - Time of",184
PK Blood Draw - Sertraline,"Sertraline PK, Sertraline PK, Propranolol PK, - Collection",184
PK Blood Draw - Sertraline,"Sertraline PK, Sertraline PK, Propranolol PK, - Barcode",184
PK Blood Draw - Sertraline,"Sertraline PK, Sertraline PK, Propranolol PK, - Number",184
PK Blood Draw - Sertraline,"Sertraline PK, Sertraline PK, Propranolol PK, - Backup",184
PK Blood Draw - Sertraline,Prazosin PK)] - Sample Status,184
PK Blood Draw - Sertraline,Prazosin PK)] - Time of,184
PK Blood Draw - Sertraline,Prazosin PK)] - Collection,184
PK Blood Draw - Sertraline,Prazosin PK)] - Barcode,184
PK Blood Draw - Sertraline,Prazosin PK)] - Number,184
PK Blood Draw - Sertraline,Prazosin PK)] - Backup,184
PK Blood Draw - Sertraline,Propranolol PK,184
Aicure Device - Distribution,Has the Aicure device been distributed?,185
Aicure Device - Distribution,Date of distribution,185
Water Restriction Start Prompt,Date subject started water restriction,187
Water Restriction Start Prompt,Time subject started water restriction,187
Drug administration- Titration Period,"Confirm, if the drug was taken as specified in last five days",189
Drug administration- Titration Period,"If No, Reason",189
ADT Washout,Did the subject complete the washout per protocol?,191
IMP Administration - Sertraline,Has subject been fasting (no food) for a minimum of 10 hours prior to the scheduled dosing?,193
IMP Administration - Sertraline,Was water restricted for 1 hour prior to dosing?,193
IMP Administration - Sertraline,Was Sertraline administered?,193
IMP Administration - Sertraline,"If no, reason",193
Dose,Date of Administration,194
Dose,Time of Administration,194
Dose,Dose amount administered,194
Dose,Dose Strength,194
Dose,Number of Tablets,194
Dose,Physician decision,195
Dose,Dosing Comments (optional),195
Water Restriction End Prompt,Date subject ended water restriction,196
Water Restriction End Prompt,Time subject ended water restriction,196
AE and CM prompt,Has the subject had any changes to their health since previous visit?,198
AE and CM prompt,Are there any changes in concomitant medications including dose changes to be reported?,198
End of Screening,Does the Subject Remain Eligible to Continue participation in the Study?,200
End of Screening,Date of Screen Failure,200
End of Screening,Withdrawal by subject,200
End of Screening,"Specify if: Adverse Event, Physician Decision, Protocol Deviation, Other",202
Triplicate Orthostatic BP and HR - Central,Were Vital Signs Collected?,205
Triplicate Orthostatic BP and HR - Central,"If not collected, reason:",205
Triplicate Orthostatic BP and HR - Central,Collection Date,205
Triplicate Orthostatic BP and HR - Central,Planned Timepoint,205
Triplicate Orthostatic BP and HR - Central,Time Placed in Position,206
Triplicate Orthostatic BP and HR - Central,Time of Vitals Measurement #1,206
Triplicate Orthostatic BP and HR - Central,Time of Vitals Measurement #2,206
Triplicate Orthostatic BP and HR - Central,Time of Vitals Measurement #3,206
Triplicate Orthostatic BP and HR - Central,Time of Vitals Measurement #1,207
Triplicate Orthostatic BP and HR - Central,Time of Vitals Measurement #2,207
Triplicate Orthostatic BP and HR - Central,Time of Vitals Measurement #3,207
Physical Exam,Was the physical examination performed?,208
Physical Exam,Examination Date,208
Physical Exam,Examination Time,208
Physical Exam,Planned Timepoint,208
Physical Exam,HEENT - Abnormal Findings,209
Physical Exam,HEENT - Clinically Significant,209
Physical Exam,Thorax - Abnormal Findings,209
Physical Exam,Thorax - Clinically Significant,209
Physical Exam,Abdomen - Abnormal Findings,209
Physical Exam,Abdomen - Clinically Significant,209
Physical Exam,Skin and Mucosae - Abnormal Findings,209
Physical Exam,Skin and Mucosae - Clinically Significant,209
Physical Exam,Clinically Significant,209
Physical Exam,Region/Body System,209
Physical Exam,Abnormal Findings,209
Physical Exam,Neurological - Abnormal Findings,210
Physical Exam,Neurological - Clinically Significant,210
Physical Exam,Extremities - Abnormal Findings,210
Physical Exam,Extremities - Clinically Significant,210
Physical Exam,Urogenital - Abnormal Findings,210
Physical Exam,Urogenital - Clinically Significant,210
Physical Exam,Clinically Significant,210
Physical Exam,Region/Body System,210
Physical Exam,Normal,211
Physical Exam,Abnormal Findings,211
Physical Exam,Clinically Significant,211
Clinical Laboratory Assessments,Hematology - Status,213
Clinical Laboratory Assessments,Hematology - Reason not done,213
Clinical Laboratory Assessments,Hematology - Date of Collection,213
Clinical Laboratory Assessments,Hematology - Time of Collection,213
Clinical Laboratory Assessments,Hematology - Barcode Number,213
Clinical Laboratory Assessments,Chemistry - Status,213
Clinical Laboratory Assessments,Chemistry - Reason not done,213
Clinical Laboratory Assessments,Chemistry - Date of Collection,213
Clinical Laboratory Assessments,Chemistry - Time of Collection,213
Clinical Laboratory Assessments,Chemistry - Barcode Number,213
Clinical Laboratory Assessments,Reason not done,213
Clinical Laboratory Assessments,Date of Collection,213
Clinical Laboratory Assessments,Time of Collection,213
Clinical Laboratory Assessments,Barcode Number,213
Clinical Laboratory Assessments,Status,214
Clinical Laboratory Assessments,Reason not done,214
Clinical Laboratory Assessments,Date of Collection,214
Clinical Laboratory Assessments,Time of Collection,214
Clinical Laboratory Assessments,Barcode Number,214
Laboratory results review,Laboratory collection date,215
Laboratory results review,Laboratory results review date,215
Laboratory results review,Has the investigator reviewed all laboratory results from this visit and assessed abnormal results clinical significance?,215
Laboratory results review,Were there any clinically significant abnormal results?,215
Laboratory results review,Were there any clinically significant abnormal chemistry results?,215
Laboratory results review,Urea nitrogen,217
Laboratory results review,Chemistry abnormal assay # 1 Investigator comment,217
Laboratory results review,Urea nitrogen,218
Laboratory results review,Chemistry abnormal assay # 2 Investigator comment,218
Laboratory results review,Urea nitrogen,219
Laboratory results review,Urea nitrogen,221
Laboratory results review,Chemistry abnormal assay # 4 Investigator comment,221
Laboratory results review,Urea nitrogen,222
Laboratory results review,Chemistry abnormal assay # 5 Investigator comment,222
Laboratory results review,Are there any additional clinically significant abnormal chemistry results to be entered?,222
Laboratory results review,Were there any clinically significant abnormal hematology results?,223
Laboratory results review,Glycated Hemoglobin,223
Laboratory results review,Hematology abnormal assay # 1 Investigator comment,223
Laboratory results review,Glycated Hemoglobin,224
Laboratory results review,Hematology abnormal assay # 2 Investigator comment,224
Laboratory results review,Hematology abnormal assay # 3 Investigator comment,224
Laboratory results review,Glycated Hemoglobin,225
Laboratory results review,Hematology abnormal assay # 4 Investigator comment,225
Laboratory results review,Glycated Hemoglobin,226
Laboratory results review,Hematology abnormal assay # 5 Investigator comment,226
Laboratory results review,Are there any additional clinically significant abnormal hematology results to be entered?,226
Laboratory results review,Were there any clinically significant abnormal urinalysis results?,226
Laboratory results review,Urinalysis abnormal assay # 1 Investigator comment,227
Laboratory results review,Urinalysis abnormal assay # 2 Investigator comment,228
Laboratory results review,Urinalysis clinically significant abnormal assay # 3,228
Laboratory results review,Urinalysis abnormal assay # 3 Investigator comment,229
Laboratory results review,Urinalysis abnormal assay # 4 Investigator comment,229
Laboratory results review,Urinalysis abnormal assay # 5 Investigator comment,230
Laboratory results review,Are there additional urinalysis clinically significant abnormal results to be entered?,230
Laboratory results review,Investigator`s signature for Local Laboratory Results Review,231
Pregnancy test,Was a Pregnancy Test Performed?,232
Pregnancy test,If not done reason,232
Pregnancy test,Type of pregnancy test,232
Pregnancy test,Barcode Number,232
Pregnancy test,Kit Expiration Date,232
Pregnancy test,Kit Batch Number,232
Pregnancy test,Date of Sample,232
Alcohol Screen - Urine or Breath,Was Test Performed?,234
Alcohol Screen - Urine or Breath,"If no, Reason Not Done",234
Alcohol Screen - Urine or Breath,Was a Repeat test performed?,235
Alcohol Screen - Urine or Breath,Time of Repeat Test,235
Alcohol Screen - Urine or Breath,Result of Repeat Test,235
Urine Drug Screen,Was Urine Drug Screen Performed?,236
Urine Drug Screen,If not done reason,236
Urine Drug Screen,Item #,236
Urine Drug Screen,Expiration Date,236
Urine Drug Screen,Date of Sample,236
Cotinine Screen,Was Cotinine Screen Performed?,241
Cotinine Screen,If not done reason,241
Cotinine Screen,Item #,241
Cotinine Screen,Expiration Date,241
Cotinine Screen,Time of Sample,242
PK Blood Draw - Sertraline,Was PK Collection Performed?,244
PK Blood Draw - Sertraline,"If not performed, Reason:",244
PK Blood Draw - Sertraline,Date of Collection,244
PK Blood Draw - Sertraline,Sertraline PK - Sample Status,245
PK Blood Draw - Sertraline,Sertraline PK - Time of,245
PK Blood Draw - Sertraline,Sertraline PK - Collection,245
PK Blood Draw - Sertraline,Sertraline PK - Barcode,245
PK Blood Draw - Sertraline,Sertraline PK - Number,245
PK Blood Draw - Sertraline,Sertraline PK - Backup,245
PK Blood Draw - Sertraline,"Sertraline PK, Sertraline PK, Propranolol PK, - Sample Status",245
PK Blood Draw - Sertraline,"Sertraline PK, Sertraline PK, Propranolol PK, - Time of",245
PK Blood Draw - Sertraline,"Sertraline PK, Sertraline PK, Propranolol PK, - Collection",245
PK Blood Draw - Sertraline,"Sertraline PK, Sertraline PK, Propranolol PK, - Barcode",245
PK Blood Draw - Sertraline,"Sertraline PK, Sertraline PK, Propranolol PK, - Number",245
PK Blood Draw - Sertraline,"Sertraline PK, Sertraline PK, Propranolol PK, - Backup",245
PK Blood Draw - Sertraline,Prazosin PK)] - Sample Status,245
PK Blood Draw - Sertraline,Prazosin PK)] - Time of,245
PK Blood Draw - Sertraline,Prazosin PK)] - Collection,245
PK Blood Draw - Sertraline,Prazosin PK)] - Barcode,245
PK Blood Draw - Sertraline,Prazosin PK)] - Number,245
PK Blood Draw - Sertraline,Prazosin PK)] - Backup,245
PK Blood Draw - Sertraline,Propranolol PK,245
PGx Blood Sample,Was PGx Blood Collection Performed?,246
PGx Blood Sample,"If not performed, Reason:",246
PGx Blood Sample,Date of Collection,246
PGx Blood Sample,PGx Sample - Sample Status,247
PGx Blood Sample,PGx Sample - Time of Collection,247
PGx Blood Sample,PGx Sample - Barcode Number,247
PGx Blood Sample,Sample Status,247
PGx Blood Sample,Time of Collection,247
PGx Blood Sample,Barcode Number,247
FBR Blood Sample,Was FBR Blood Collection Performed?,248
FBR Blood Sample,"If not performed, Reason:",248
FBR Blood Sample,Date of Collection,248
FBR Blood Sample,FBR Sample - Sample Status,249
FBR Blood Sample,FBR Sample - Time of Collection,249
FBR Blood Sample,FBR Sample - Barcode Number,249
FBR Blood Sample,Sample Status,249
FBR Blood Sample,Time of Collection,249
FBR Blood Sample,Barcode Number,249
C-SSRS since last visit - Page 1,Was the questionnaire administered?,252
C-SSRS since last visit - Page 1,Date of completion,252
C-SSRS since last visit - Page 1,Rater's initials,252
C-SSRS since last visit - Page 1,1. Wish to be dead - Row 1,253
C-SSRS since last visit - Page 1,1. Wish to be dead - Since Last Visit,253
C-SSRS since last visit - Page 1,"Subject endorses thoughts about a wish to be dead or not alive anymore, or wish to fall asleep and not wake up. - Row 1",253
C-SSRS since last visit - Page 1,"Subject endorses thoughts about a wish to be dead or not alive anymore, or wish to fall asleep and not wake up. - Since Last Visit",253
C-SSRS since last visit - Page 1,Have you wished you were dead or wished you could go to sleep and not wake up? - Row 1,253
C-SSRS since last visit - Page 1,Have you wished you were dead or wished you could go to sleep and not wake up? - Since Last Visit,253
C-SSRS since last visit - Page 1,"If Yes, describe - Row 1",253
C-SSRS since last visit - Page 1,"If Yes, describe - Since Last Visit",253
C-SSRS since last visit - Page 1,2. Non-specific active suicidal thoughts - Row 1,253
C-SSRS since last visit - Page 1,2. Non-specific active suicidal thoughts - Since Last Visit,253
C-SSRS since last visit - Page 1,"General non-specific thoughts of wanting to end one's life/commit suicide (e.g. ""I've thought about killing myself"") - Row 1",253
C-SSRS since last visit - Page 1,"General non-specific thoughts of wanting to end one's life/commit suicide (e.g. ""I've thought about killing myself"") - Since Last Visit",253
C-SSRS since last visit - Page 1,"without thoughts of way to kill oneself/associated methods,intent or plan during the assessment period. - Row 1",253
C-SSRS since last visit - Page 1,"without thoughts of way to kill oneself/associated methods,intent or plan during the assessment period. - Since Last Visit",253
C-SSRS since last visit - Page 1,Have you actually had any thoughts of killing yourself? - Row 1,253
C-SSRS since last visit - Page 1,Have you actually had any thoughts of killing yourself? - Since Last Visit,253
C-SSRS since last visit - Page 1,"Subject endorses thoughts about a wish to be dead or not alive anymore, or wish to fall asleep and not wake up.",253
C-SSRS since last visit - Page 1,"If Yes, describe",253
C-SSRS since last visit - Page 1,"General non-specific thoughts of wanting to end one's life/commit suicide (e.g. ""I've thought about killing myself"")",253
C-SSRS since last visit - Page 1,"If Yes, describe - Since Last Visit",254
C-SSRS since last visit - Page 1,3. Active suicidal ideation with any methods (not plan) without intent to act - Since Last Visit,254
C-SSRS since last visit - Page 1,Subject endorses thoughts of suicide and has thought of at least one method during the assessment period. This is - Since Last Visit,254
C-SSRS since last visit - Page 1,"different than a specific plan with a time, place or method details worked out (e.g. thought of method to kill self but - Since Last Visit",254
C-SSRS since last visit - Page 1,"not a specific plan). Includes a person who would say: ""I thought about taking an overdose but i never made a specific - Since Last Visit",254
C-SSRS since last visit - Page 1,"plan as to when, where or how I would actually do it. . . and I would never go through with it"" - Since Last Visit",254
C-SSRS since last visit - Page 1,Have you been thinking about how you might do this? - Since Last Visit,254
C-SSRS since last visit - Page 1,"4. Active suicidal ideation with some intent to act, without specific plan - Since Last Visit",254
C-SSRS since last visit - Page 1,"If Yes, describe",254
C-SSRS since last visit - Page 1,Subject endorses thoughts of suicide and has thought of at least one method during the assessment period. This is,254
C-SSRS since last visit - Page 1,"Active suicidal thoughts of killing oneself and subject reports having some intent to act on such thoughts, as opposed - Since Last Visit",255
C-SSRS since last visit - Page 1,"to ""I have thoughts but I definitely will not do anything about them"" - Since Last Visit",255
C-SSRS since last visit - Page 1,Have you had these thoughts and had some intention of acting on them? - Since Last Visit,255
C-SSRS since last visit - Page 1,"If Yes, describe - Since Last Visit",255
C-SSRS since last visit - Page 1,5. Active suicidal ideation with specific plan and intent - Since Last Visit,255
C-SSRS since last visit - Page 1,Thoughts of killing oneself with detail of plan fully or partially worked out and subject has some intent to carry it out. - Since Last Visit,255
C-SSRS since last visit - Page 1,Have you started to work out or worked out the details of how to kill yourself? Do you intend to carry out this plan? - Since Last Visit,255
C-SSRS since last visit - Page 1,"If Yes, describe",255
C-SSRS since last visit - Page 1,Thoughts of killing oneself with detail of plan fully or partially worked out and subject has some intent to carry it out.,255
C-SSRS since last visit - Page 2,"The following features should be rated with respect to the most severe type of ideation (i.e. 1-5 from above, with 1 - Row 1",257
C-SSRS since last visit - Page 2,"The following features should be rated with respect to the most severe type of ideation (i.e. 1-5 from above, with 1 - Since Last Visit",257
C-SSRS since last visit - Page 2,being the least severe and 5 being the most severe). Ask about time he/she was feeling the most suicidal. - Row 1,257
C-SSRS since last visit - Page 2,being the least severe and 5 being the most severe). Ask about time he/she was feeling the most suicidal. - Since Last Visit,257
C-SSRS since last visit - Page 2,Most severe ideation - Row 1,257
C-SSRS since last visit - Page 2,Most severe ideation - Since Last Visit,257
C-SSRS since last visit - Page 2,Description of Ideation - Row 1,257
C-SSRS since last visit - Page 2,Description of Ideation - Since Last Visit,257
C-SSRS since last visit - Page 2,(5) Active suicidal ideation w/ specific plan and intent,257
C-SSRS since last visit - Page 2,Description of Ideation,257
C-SSRS since last visit - Page 2,Frequency - Since Last Visit,258
C-SSRS since last visit - Page 2,How many times have you had these thoughts? - Since Last Visit,258
C-SSRS since last visit - Page 2,Duration - Since Last Visit,258
C-SSRS since last visit - Page 2,"When you have the thoughts, how long do they last? - Since Last Visit",258
C-SSRS since last visit - Page 2,Controllability - Since Last Visit,258
C-SSRS since last visit - Page 2,How many times have you had these thoughts?,258
C-SSRS since last visit - Page 2,"When you have the thoughts, how long do they last?",258
C-SSRS since last visit - Page 2,Could/can you stop thinking about killing yourself or wanting to die if you want to? - Since Last Visit,259
C-SSRS since last visit - Page 2,Could/can you stop thinking about killing yourself or wanting to die if you want to? - (1) Easily able to control thoughts,259
C-SSRS since last visit - Page 2,Deterrents - Since Last Visit,259
C-SSRS since last visit - Page 2,Deterrents - (1) Easily able to control thoughts,259
C-SSRS since last visit - Page 2,Are there things - anyone or anything - that stopped you from wanting to die or acting on thoughts of committing - Since Last Visit,259
C-SSRS since last visit - Page 2,Are there things - anyone or anything - that stopped you from wanting to die or acting on thoughts of committing - (1) Easily able to control thoughts,259
C-SSRS since last visit - Page 2,suicide? - Since Last Visit,259
C-SSRS since last visit - Page 2,suicide? - (1) Easily able to control thoughts,259
C-SSRS since last visit - Page 2,(0) Does not attempt to control thoughts,259
C-SSRS since last visit - Page 2,(0) Does not apply,259
C-SSRS since last visit - Page 2,Reasons for Ideation - Since Last Visit,260
C-SSRS since last visit - Page 2,What sort of reasons did you have for thinking about wanting to die or killing yourself? Was it to end the pain or - Since Last Visit,260
C-SSRS since last visit - Page 2,stop the way you were feeling (in other words you couldn't go on living with this pain or how you were feeling) or - Since Last Visit,260
C-SSRS since last visit - Page 2,"was it to get attention, revenge or a reaction from others? or both? - Since Last Visit",260
C-SSRS since last visit - Page 2,(0) Does not apply,260
C-SSRS since last visit - Page 2,Since Last Visit,261
C-SSRS since last visit - Page 3,Actual attempt: - Row 1,263
C-SSRS since last visit - Page 3,Actual attempt: - Since Last Visit,263
C-SSRS since last visit - Page 3,"A potentially self-injurious act committed with at least some wish to die, as a result of act. Behaviour was in part thought of as method to - Row 1",263
C-SSRS since last visit - Page 3,"A potentially self-injurious act committed with at least some wish to die, as a result of act. Behaviour was in part thought of as method to - Since Last Visit",263
C-SSRS since last visit - Page 3,"kill oneself. Intent does not have to be 100%. If there is any intent/desire to die associated with the act, then it can be considered an actual - Row 1",263
C-SSRS since last visit - Page 3,"kill oneself. Intent does not have to be 100%. If there is any intent/desire to die associated with the act, then it can be considered an actual - Since Last Visit",263
C-SSRS since last visit - Page 3,"suicide attempt. There does not have to be any injury or harm, just the potential for injury or harm. If a person pulls the trigger while gun - Row 1",263
C-SSRS since last visit - Page 3,"suicide attempt. There does not have to be any injury or harm, just the potential for injury or harm. If a person pulls the trigger while gun - Since Last Visit",263
C-SSRS since last visit - Page 3,"is in mouth but gun is broken so no injury results, this is considered an attempt. - Row 1",263
C-SSRS since last visit - Page 3,"is in mouth but gun is broken so no injury results, this is considered an attempt. - Since Last Visit",263
C-SSRS since last visit - Page 3,"Inferring Intent: even if an individual denies intent/wish to die, it may be inferred clinically from the behaviour or circumstances. For - Row 1",263
C-SSRS since last visit - Page 3,"Inferring Intent: even if an individual denies intent/wish to die, it may be inferred clinically from the behaviour or circumstances. For - Since Last Visit",263
C-SSRS since last visit - Page 3,"example, a highly lethal act that is clearly not an accident so no other intent but suicide can be inferred (e.g. gunshot to the head, jumping - Row 1",263
C-SSRS since last visit - Page 3,"example, a highly lethal act that is clearly not an accident so no other intent but suicide can be inferred (e.g. gunshot to the head, jumping - Since Last Visit",263
C-SSRS since last visit - Page 3,"from window of a high floor/story). Also, if someone denies intent to die, but they thought that what they did could be lethal, intent may - Row 1",263
C-SSRS since last visit - Page 3,"from window of a high floor/story). Also, if someone denies intent to die, but they thought that what they did could be lethal, intent may - Since Last Visit",263
C-SSRS since last visit - Page 3,be inferred. - Row 1,263
C-SSRS since last visit - Page 3,be inferred. - Since Last Visit,263
C-SSRS since last visit - Page 3,Have you made a suicide attempt? - Row 1,263
C-SSRS since last visit - Page 3,Have you made a suicide attempt? - Since Last Visit,263
C-SSRS since last visit - Page 3,Have you done anything to harm yourself? - Row 1,263
C-SSRS since last visit - Page 3,Have you done anything to harm yourself? - Since Last Visit,263
C-SSRS since last visit - Page 3,Have you done anything dangerous where you could have died? - Row 1,263
C-SSRS since last visit - Page 3,Have you done anything dangerous where you could have died? - Since Last Visit,263
C-SSRS since last visit - Page 3,What did you do? - Row 1,263
C-SSRS since last visit - Page 3,What did you do? - Since Last Visit,263
C-SSRS since last visit - Page 3,Did you ______ as a way to end your life? - Row 1,263
C-SSRS since last visit - Page 3,Did you ______ as a way to end your life? - Since Last Visit,263
C-SSRS since last visit - Page 3,Did you want to die (even a little) when you ____? - Row 1,263
C-SSRS since last visit - Page 3,Did you want to die (even a little) when you ____? - Since Last Visit,263
C-SSRS since last visit - Page 3,Were trying to end your life when you ____? - Row 1,263
C-SSRS since last visit - Page 3,Were trying to end your life when you ____? - Since Last Visit,263
C-SSRS since last visit - Page 3,Or did you think it was possible you could have died from ____? - Row 1,263
C-SSRS since last visit - Page 3,Or did you think it was possible you could have died from ____? - Since Last Visit,263
C-SSRS since last visit - Page 3,Actual attempt:,263
C-SSRS since last visit - Page 3,"Or did you do it purely for other reasons/without ANY intention of killing yourself (like to relieve stress, feel better, get sympathy, or - Since Last Visit",264
C-SSRS since last visit - Page 3,get something else to happen? (Self-Injurious Behavior without suicidal intent) - Since Last Visit,264
C-SSRS since last visit - Page 3,"If Yes, Total number of attempts - Since Last Visit",264
C-SSRS since last visit - Page 3,"If Yes, describe - Since Last Visit",264
C-SSRS since last visit - Page 3,Has subject engaged in Non-Suicidal self-injurious behavior? - Since Last Visit,264
C-SSRS since last visit - Page 3,"If Yes, Total number of attempts",264
C-SSRS since last visit - Page 3,"If Yes, describe",264
C-SSRS since last visit - Page 3,Has subject engaged in Non-Suicidal self-injurious behavior?,264
C-SSRS since last visit - Page 3,Interrupted attempt: - Since Last Visit,265
C-SSRS since last visit - Page 3,"When the person is interrupted (by an outside circumstance) from starting the potentially self-injurious act (if not for that, actual attempt - Since Last Visit",265
C-SSRS since last visit - Page 3,would have occurred). - Since Last Visit,265
C-SSRS since last visit - Page 3,Has there been a time when you started to do something to end your life but someone or something stopped you before you actually did - Since Last Visit,265
C-SSRS since last visit - Page 3,anything? - Since Last Visit,265
C-SSRS since last visit - Page 3,"If Yes, Total number of interrupted attempts - Since Last Visit",265
C-SSRS since last visit - Page 3,"If Yes, describe - Since Last Visit",265
C-SSRS since last visit - Page 3,Interrupted attempt:,265
C-SSRS since last visit - Page 3,"If Yes, Total number of interrupted attempts",265
C-SSRS since last visit - Page 3,"If Yes, describe",265
C-SSRS since last visit - Page 3,Aborted attempt: - Row 8,266
C-SSRS since last visit - Page 3,Aborted attempt: - Since Last Visit,266
C-SSRS since last visit - Page 3,"When person begins to take steps toward making a suicide attempt, but stops themselves before they actually have engaged in any self - Row 8",266
C-SSRS since last visit - Page 3,"When person begins to take steps toward making a suicide attempt, but stops themselves before they actually have engaged in any self - Since Last Visit",266
C-SSRS since last visit - Page 3,"destructive behaviour. Examples are similar to interrupted attempts, except that the individual stops him/herself, instead of being stopped - Row 8",266
C-SSRS since last visit - Page 3,"destructive behaviour. Examples are similar to interrupted attempts, except that the individual stops him/herself, instead of being stopped - Since Last Visit",266
C-SSRS since last visit - Page 3,by something else. - Row 8,266
C-SSRS since last visit - Page 3,by something else. - Since Last Visit,266
C-SSRS since last visit - Page 3,Has there been a time when you started to do something to try to end your life but you stopped yourself before you actually did - Row 8,266
C-SSRS since last visit - Page 3,Has there been a time when you started to do something to try to end your life but you stopped yourself before you actually did - Since Last Visit,266
C-SSRS since last visit - Page 3,anything? - Row 8,266
C-SSRS since last visit - Page 3,anything? - Since Last Visit,266
C-SSRS since last visit - Page 3,"If Yes, Total number of aborted attempts - Row 8",266
C-SSRS since last visit - Page 3,"If Yes, Total number of aborted attempts - Since Last Visit",266
C-SSRS since last visit - Page 3,"If Yes, describe - Row 8",266
C-SSRS since last visit - Page 3,"If Yes, describe - Since Last Visit",266
C-SSRS since last visit - Page 3,Aborted attempt:,266
C-SSRS since last visit - Page 3,"If Yes, Total number of aborted attempts",266
C-SSRS since last visit - Page 3,"If Yes, describe",266
C-SSRS since last visit - Page 3,Preparatory acts or behavior: - Since Last Visit,267
C-SSRS since last visit - Page 3,Acts or preparation towards imminently making a suicide attempt. This can include anything beyond a verbalization or thought such as - Since Last Visit,267
C-SSRS since last visit - Page 3,"assembling a specific method (e.g., buying pills, purchasing a gun) or preparing for one's death by suicide (e.g., giving things away, - Since Last Visit",267
C-SSRS since last visit - Page 3,writing a suicide note) - Since Last Visit,267
C-SSRS since last visit - Page 3,"Have you taken any step towards making a suicide attempt or preparing to kill yourself (such as collecting pills, getting a gun, giving - Since Last Visit",267
C-SSRS since last visit - Page 3,valuables away or writing a suicide note?) - Since Last Visit,267
C-SSRS since last visit - Page 3,"If Yes, describe - Since Last Visit",267
C-SSRS since last visit - Page 3,Suicidal behavior: - Since Last Visit,267
C-SSRS since last visit - Page 3,Suicidal behavior was present during the assessment period? - Since Last Visit,267
C-SSRS since last visit - Page 3,Suicide: - Since Last Visit,267
C-SSRS since last visit - Page 3,Preparatory acts or behavior:,267
C-SSRS since last visit - Page 3,"If Yes, describe",267
C-SSRS since last visit - Page 3,Suicidal behavior:,267
C-SSRS since last visit - Page 3,Suicide:,267
C-SSRS since last visit - Page 3,Since Last Visit,268
C-SSRS since last visit - Page 4,Date of Attempt - Row 1,270
C-SSRS since last visit - Page 4,Date of Attempt - Most Lethal Attempt,270
C-SSRS since last visit - Page 4,Actual Lethality/Medical Damage: - Row 1,270
C-SSRS since last visit - Page 4,Actual Lethality/Medical Damage: - Most Lethal Attempt,270
C-SSRS since last visit - Page 4,\0.\ No physical damage or very minor physical damage (e.g. surface scratches) \1.\ Minor physical damage (e.g. - Row 1,270
C-SSRS since last visit - Page 4,\0.\ No physical damage or very minor physical damage (e.g. surface scratches) \1.\ Minor physical damage (e.g. - Most Lethal Attempt,270
C-SSRS since last visit - Page 4,"lethargic speech, first-degree burns, mild bleeding, sprains) \2.\ Moderate physical damage; medical attention needed - Row 1",270
C-SSRS since last visit - Page 4,"lethargic speech, first-degree burns, mild bleeding, sprains) \2.\ Moderate physical damage; medical attention needed - Most Lethal Attempt",270
C-SSRS since last visit - Page 4,"(e.g. conscious but sleepy; somewhat responsive, second-degree burns; bleeding of major vessel \3.\ Moderately - Row 1",270
C-SSRS since last visit - Page 4,"(e.g. conscious but sleepy; somewhat responsive, second-degree burns; bleeding of major vessel \3.\ Moderately - Most Lethal Attempt",270
C-SSRS since last visit - Page 4,severe physical damage; medical hospitalization and likely intensive care required (e.g. comatose with reflexes intact; - Row 1,270
C-SSRS since last visit - Page 4,severe physical damage; medical hospitalization and likely intensive care required (e.g. comatose with reflexes intact; - Most Lethal Attempt,270
C-SSRS since last visit - Page 4,"third-degree burns less than 20% of body; extensive blood loss but can recover, major fractures) \4.\ Severe physical - Row 1",270
C-SSRS since last visit - Page 4,"third-degree burns less than 20% of body; extensive blood loss but can recover, major fractures) \4.\ Severe physical - Most Lethal Attempt",270
C-SSRS since last visit - Page 4,damage; medical hospitalization with intensive care required (e.g. comatose without reflexes; third-degree burns over - Row 1,270
C-SSRS since last visit - Page 4,damage; medical hospitalization with intensive care required (e.g. comatose without reflexes; third-degree burns over - Most Lethal Attempt,270
C-SSRS since last visit - Page 4,20% of the body; extensive blood loss with unstable vital signs; major damage to a vital area \5.\ Death - Row 1,270
C-SSRS since last visit - Page 4,20% of the body; extensive blood loss with unstable vital signs; major damage to a vital area \5.\ Death - Most Lethal Attempt,270
C-SSRS since last visit - Page 4,Potential Lethality: Only answer if Actual Lethality=0 - Row 1,270
C-SSRS since last visit - Page 4,Potential Lethality: Only answer if Actual Lethality=0 - Most Lethal Attempt,270
C-SSRS since last visit - Page 4,"Likely lethality of actual attempt if no medical damage (the following examples, while having no actual medical - Row 1",270
C-SSRS since last visit - Page 4,"Likely lethality of actual attempt if no medical damage (the following examples, while having no actual medical - Most Lethal Attempt",270
C-SSRS since last visit - Page 4,"damage, has potential for very serious lethality; put gun in mouth and pulled the trigger but gun fails to fire so no - Row 1",270
C-SSRS since last visit - Page 4,"damage, has potential for very serious lethality; put gun in mouth and pulled the trigger but gun fails to fire so no - Most Lethal Attempt",270
C-SSRS since last visit - Page 4,medical damage; laying on train tracks with oncoming train but pulled away before run over). - Row 1,270
C-SSRS since last visit - Page 4,medical damage; laying on train tracks with oncoming train but pulled away before run over). - Most Lethal Attempt,270
C-SSRS since last visit - Page 4,Date of Attempt,270
C-SSRS since last visit - Page 4,Actual Lethality/Medical Damage:,270
C-SSRS since last visit - Page 4,"Likely lethality of actual attempt if no medical damage (the following examples, while having no actual medical",270
C-SSRS since last visit - Page 4,\0.\ Behavior not likely to result in injury \1.\ Behavior like to result in injury but not likely to cause death \2.\ - Most Lethal Attempt,271
C-SSRS since last visit - Page 4,Behavior likely to result in death despite available medical care - Most Lethal Attempt,271
Water Restriction Start Prompt,Date subject started water restriction,272
Water Restriction Start Prompt,Time subject started water restriction,272
IMP Administration - Sertraline,Has subject been fasting (no food) for a minimum of 10 hours prior to the scheduled dosing?,274
IMP Administration - Sertraline,Was water restricted for 1 hour prior to dosing?,274
IMP Administration - Sertraline,Was Sertraline administered?,274
IMP Administration - Sertraline,"If no, reason",274
Dose,Date of Administration,275
Dose,Time of Administration,275
Dose,Physician decision,275
Dose,Was water restricted for 2 hours following dosing?,275
Water Restriction End Prompt,Date subject ended water restriction,277
Water Restriction End Prompt,Time subject ended water restriction,277
AE and CM prompt,Has the subject had any changes to their health since previous visit?,279
AE and CM prompt,Are there any changes in concomitant medications including dose changes to be reported?,279
Inclusion criteria,"If any answers to the Inclusion Criteria are “Not Met”, EXCLUDE subject from the study - Row 1",282
Inclusion criteria,"\1.\ Diagnosis of any of the below disorders, as determined by the Diagnostic and Statistical Manual of Mental Disorders, Fifth Edition (DSM-5) - Row 1",282
Inclusion criteria,"criteria, and are considered clinically stable per investigator’s judgment while currently receiving sertraline for at least 90 days and maintained on - Row 1",282
Inclusion criteria,stable sertraline doses of ≥ 100 mg/day for at least 30 days at the time of screening visit 1 and stable sertraline doses of ≥ 150 mg/day for at least 5 - Row 1,282
Inclusion criteria,days at the time of screening visit 2: - Row 1,282
Inclusion criteria,• MDD - Row 1,282
Inclusion criteria,• PTSD - Row 1,282
Inclusion criteria,• GAD - Row 1,282
Inclusion criteria,• SAD - Row 1,282
Inclusion criteria,• OCD - Row 1,282
Inclusion criteria,• Panic disorder - Row 1,282
Inclusion criteria,\2.\ Male or female subjects between 18 and 65 years of age (inclusive). - Row 1,282
Inclusion criteria,"criteria, and are considered clinically stable per investigator’s judgment while currently receiving sertraline for at least 90 days and maintained on",282
Inclusion criteria,\ Male or female subjects between 18 and 65 years of age (inclusive).,282
Inclusion criteria,\ Body mass index (BMI) between 19.0 to 35.0 kg/m2 (inclusive).,283
Inclusion criteria,\ In good health as determined by: a) Medical history b) Physical examination,283
Inclusion criteria,comply with all the requirements of the trial.,283
Inclusion criteria,"If any answers to the Inclusion Criteria are “Not Met”, EXCLUDE subject from the study - Row 1",294
Inclusion criteria,"\1.\ Diagnosis of any of the below disorders, as determined by the Diagnostic and Statistical Manual of Mental Disorders, Fifth Edition (DSM-5) - Row 1",294
Inclusion criteria,"criteria, and are considered clinically stable to participate per investigator’s judgment: - Row 1",294
Inclusion criteria,• MDD - Row 1,294
Inclusion criteria,• PTSD - Row 1,294
Inclusion criteria,• GAD - Row 1,294
Inclusion criteria,• SAD - Row 1,294
Inclusion criteria,• OCD - Row 1,294
Inclusion criteria,• Panic disorder - Row 1,294
Inclusion criteria,\2.\ Male or female subjects between 18 and 65 years of age (inclusive). - Row 1,294
Inclusion criteria,"criteria, and are considered clinically stable to participate per investigator’s judgment:",294
Inclusion criteria,\ Male or female subjects between 18 and 65 years of age (inclusive).,294
Exclusion criteria,washout of fluoxetine for at least 28 days.,305
End of Screening,Does the Subject Remain Eligible to Continue participation in the Study?,306
End of Screening,Date of Screen Failure,306
End of Screening,Withdrawal by subject,306
End of Screening,"Specify if: Adverse Event, Physician Decision, Protocol Deviation, Other",308
AE and CM prompt,Has the subject had any changes to their health since previous visit?,311
AE and CM prompt,Are there any changes in concomitant medications including dose changes to be reported?,311
Body Temperature and Respiratory Rate - Predose,Were Vital Signs Collected?,313
Body Temperature and Respiratory Rate - Predose,"If not collected, reason:",313
Body Temperature and Respiratory Rate - Predose,Collection Date,313
Body Temperature and Respiratory Rate - Predose,Planned Timepoint,313
Body Temperature and Respiratory Rate - Predose,Respiratory Rate (breaths/min),314
Body Temperature and Respiratory Rate - Predose,Body Temperature (celsius),314
Triplicate Orthostatic BP and HR - Predose,Were Vital Signs Collected?,315
Triplicate Orthostatic BP and HR - Predose,"If not collected, reason:",315
Triplicate Orthostatic BP and HR - Predose,Collection Date,315
Triplicate Orthostatic BP and HR - Predose,Planned Timepoint,315
Triplicate Orthostatic BP and HR - Predose,Time Placed in Position,316
Triplicate Orthostatic BP and HR - Predose,Time of Vitals Measurement #1,316
Triplicate Orthostatic BP and HR - Predose,Time of Vitals Measurement #2,316
Triplicate Orthostatic BP and HR - Predose,Time of Vitals Measurement #3,316
Triplicate Orthostatic BP and HR - Predose,Time of Vitals Measurement #1,317
Triplicate Orthostatic BP and HR - Predose,Time of Vitals Measurement #2,317
Triplicate Orthostatic BP and HR - Predose,Time of Vitals Measurement #3,317
Triplicate ECG Assessments - Predose,Were ECG measurements performed?,318
Triplicate ECG Assessments - Predose,"If no, Reason not done",318
Triplicate ECG Assessments - Predose,Time subject became supine:,318
Triplicate ECG Assessments - Predose,Time of ECG assessment # 1:,318
Triplicate ECG Assessments - Predose,Time of ECG assessment # 2:,319
Triplicate ECG Assessments - Predose,Time of ECG assessment # 3:,319
Triplicate ECG Assessments - Predose,Not Evaluable,319
Triplicate ECG Assessments - Predose,Abnormal Findings,319
Triplicate ECG Assessments - Predose,Was the ECG abnormality clinically significant?,319
Triplicate ECG Assessments - Predose,Are additional ECG assessments required?,319
C-SSRS since last visit - Page 1,Was the questionnaire administered?,322
C-SSRS since last visit - Page 1,Date of completion,322
C-SSRS since last visit - Page 1,Rater's initials,322
C-SSRS since last visit - Page 1,1. Wish to be dead - Row 1,323
C-SSRS since last visit - Page 1,1. Wish to be dead - Since Last Visit,323
C-SSRS since last visit - Page 1,"Subject endorses thoughts about a wish to be dead or not alive anymore, or wish to fall asleep and not wake up. - Row 1",323
C-SSRS since last visit - Page 1,"Subject endorses thoughts about a wish to be dead or not alive anymore, or wish to fall asleep and not wake up. - Since Last Visit",323
C-SSRS since last visit - Page 1,Have you wished you were dead or wished you could go to sleep and not wake up? - Row 1,323
C-SSRS since last visit - Page 1,Have you wished you were dead or wished you could go to sleep and not wake up? - Since Last Visit,323
C-SSRS since last visit - Page 1,"If Yes, describe - Row 1",323
C-SSRS since last visit - Page 1,"If Yes, describe - Since Last Visit",323
C-SSRS since last visit - Page 1,2. Non-specific active suicidal thoughts - Row 1,323
C-SSRS since last visit - Page 1,2. Non-specific active suicidal thoughts - Since Last Visit,323
C-SSRS since last visit - Page 1,"General non-specific thoughts of wanting to end one's life/commit suicide (e.g. ""I've thought about killing myself"") - Row 1",323
C-SSRS since last visit - Page 1,"General non-specific thoughts of wanting to end one's life/commit suicide (e.g. ""I've thought about killing myself"") - Since Last Visit",323
C-SSRS since last visit - Page 1,"without thoughts of way to kill oneself/associated methods,intent or plan during the assessment period. - Row 1",323
C-SSRS since last visit - Page 1,"without thoughts of way to kill oneself/associated methods,intent or plan during the assessment period. - Since Last Visit",323
C-SSRS since last visit - Page 1,Have you actually had any thoughts of killing yourself? - Row 1,323
C-SSRS since last visit - Page 1,Have you actually had any thoughts of killing yourself? - Since Last Visit,323
C-SSRS since last visit - Page 1,"Subject endorses thoughts about a wish to be dead or not alive anymore, or wish to fall asleep and not wake up.",323
C-SSRS since last visit - Page 1,"If Yes, describe",323
C-SSRS since last visit - Page 1,"General non-specific thoughts of wanting to end one's life/commit suicide (e.g. ""I've thought about killing myself"")",323
C-SSRS since last visit - Page 1,"If Yes, describe - Since Last Visit",324
C-SSRS since last visit - Page 1,3. Active suicidal ideation with any methods (not plan) without intent to act - Since Last Visit,324
C-SSRS since last visit - Page 1,Subject endorses thoughts of suicide and has thought of at least one method during the assessment period. This is - Since Last Visit,324
C-SSRS since last visit - Page 1,"different than a specific plan with a time, place or method details worked out (e.g. thought of method to kill self but - Since Last Visit",324
C-SSRS since last visit - Page 1,"not a specific plan). Includes a person who would say: ""I thought about taking an overdose but i never made a specific - Since Last Visit",324
C-SSRS since last visit - Page 1,"plan as to when, where or how I would actually do it. . . and I would never go through with it"" - Since Last Visit",324
C-SSRS since last visit - Page 1,Have you been thinking about how you might do this? - Since Last Visit,324
C-SSRS since last visit - Page 1,"4. Active suicidal ideation with some intent to act, without specific plan - Since Last Visit",324
C-SSRS since last visit - Page 1,"If Yes, describe",324
C-SSRS since last visit - Page 1,Subject endorses thoughts of suicide and has thought of at least one method during the assessment period. This is,324
C-SSRS since last visit - Page 1,"Active suicidal thoughts of killing oneself and subject reports having some intent to act on such thoughts, as opposed - Since Last Visit",325
C-SSRS since last visit - Page 1,"to ""I have thoughts but I definitely will not do anything about them"" - Since Last Visit",325
C-SSRS since last visit - Page 1,Have you had these thoughts and had some intention of acting on them? - Since Last Visit,325
C-SSRS since last visit - Page 1,"If Yes, describe - Since Last Visit",325
C-SSRS since last visit - Page 1,5. Active suicidal ideation with specific plan and intent - Since Last Visit,325
C-SSRS since last visit - Page 1,Thoughts of killing oneself with detail of plan fully or partially worked out and subject has some intent to carry it out. - Since Last Visit,325
C-SSRS since last visit - Page 1,Have you started to work out or worked out the details of how to kill yourself? Do you intend to carry out this plan? - Since Last Visit,325
C-SSRS since last visit - Page 1,"If Yes, describe",325
C-SSRS since last visit - Page 1,Thoughts of killing oneself with detail of plan fully or partially worked out and subject has some intent to carry it out.,325
C-SSRS since last visit - Page 2,"The following features should be rated with respect to the most severe type of ideation (i.e. 1-5 from above, with 1 - Row 1",327
C-SSRS since last visit - Page 2,"The following features should be rated with respect to the most severe type of ideation (i.e. 1-5 from above, with 1 - Since Last Visit",327
C-SSRS since last visit - Page 2,being the least severe and 5 being the most severe). Ask about time he/she was feeling the most suicidal. - Row 1,327
C-SSRS since last visit - Page 2,being the least severe and 5 being the most severe). Ask about time he/she was feeling the most suicidal. - Since Last Visit,327
C-SSRS since last visit - Page 2,Most severe ideation - Row 1,327
C-SSRS since last visit - Page 2,Most severe ideation - Since Last Visit,327
C-SSRS since last visit - Page 2,Description of Ideation - Row 1,327
C-SSRS since last visit - Page 2,Description of Ideation - Since Last Visit,327
C-SSRS since last visit - Page 2,(5) Active suicidal ideation w/ specific plan and intent,327
C-SSRS since last visit - Page 2,Description of Ideation,327
C-SSRS since last visit - Page 2,Frequency - Since Last Visit,328
C-SSRS since last visit - Page 2,How many times have you had these thoughts? - Since Last Visit,328
C-SSRS since last visit - Page 2,Duration - Since Last Visit,328
C-SSRS since last visit - Page 2,"When you have the thoughts, how long do they last? - Since Last Visit",328
C-SSRS since last visit - Page 2,Controllability - Since Last Visit,328
C-SSRS since last visit - Page 2,How many times have you had these thoughts?,328
C-SSRS since last visit - Page 2,"When you have the thoughts, how long do they last?",328
C-SSRS since last visit - Page 2,Could/can you stop thinking about killing yourself or wanting to die if you want to? - Since Last Visit,329
C-SSRS since last visit - Page 2,Could/can you stop thinking about killing yourself or wanting to die if you want to? - (1) Easily able to control thoughts,329
C-SSRS since last visit - Page 2,Deterrents - Since Last Visit,329
C-SSRS since last visit - Page 2,Deterrents - (1) Easily able to control thoughts,329
C-SSRS since last visit - Page 2,Are there things - anyone or anything - that stopped you from wanting to die or acting on thoughts of committing - Since Last Visit,329
C-SSRS since last visit - Page 2,Are there things - anyone or anything - that stopped you from wanting to die or acting on thoughts of committing - (1) Easily able to control thoughts,329
C-SSRS since last visit - Page 2,suicide? - Since Last Visit,329
C-SSRS since last visit - Page 2,suicide? - (1) Easily able to control thoughts,329
C-SSRS since last visit - Page 2,(0) Does not attempt to control thoughts,329
C-SSRS since last visit - Page 2,(0) Does not apply,329
C-SSRS since last visit - Page 2,Reasons for Ideation - Since Last Visit,330
C-SSRS since last visit - Page 2,What sort of reasons did you have for thinking about wanting to die or killing yourself? Was it to end the pain or - Since Last Visit,330
C-SSRS since last visit - Page 2,stop the way you were feeling (in other words you couldn't go on living with this pain or how you were feeling) or - Since Last Visit,330
C-SSRS since last visit - Page 2,"was it to get attention, revenge or a reaction from others? or both? - Since Last Visit",330
C-SSRS since last visit - Page 2,(0) Does not apply,330
C-SSRS since last visit - Page 2,Since Last Visit,331
C-SSRS since last visit - Page 3,Actual attempt: - Row 1,333
C-SSRS since last visit - Page 3,Actual attempt: - Since Last Visit,333
C-SSRS since last visit - Page 3,"A potentially self-injurious act committed with at least some wish to die, as a result of act. Behaviour was in part thought of as method to - Row 1",333
C-SSRS since last visit - Page 3,"A potentially self-injurious act committed with at least some wish to die, as a result of act. Behaviour was in part thought of as method to - Since Last Visit",333
C-SSRS since last visit - Page 3,"kill oneself. Intent does not have to be 100%. If there is any intent/desire to die associated with the act, then it can be considered an actual - Row 1",333
C-SSRS since last visit - Page 3,"kill oneself. Intent does not have to be 100%. If there is any intent/desire to die associated with the act, then it can be considered an actual - Since Last Visit",333
C-SSRS since last visit - Page 3,"suicide attempt. There does not have to be any injury or harm, just the potential for injury or harm. If a person pulls the trigger while gun - Row 1",333
C-SSRS since last visit - Page 3,"suicide attempt. There does not have to be any injury or harm, just the potential for injury or harm. If a person pulls the trigger while gun - Since Last Visit",333
C-SSRS since last visit - Page 3,"is in mouth but gun is broken so no injury results, this is considered an attempt. - Row 1",333
C-SSRS since last visit - Page 3,"is in mouth but gun is broken so no injury results, this is considered an attempt. - Since Last Visit",333
C-SSRS since last visit - Page 3,"Inferring Intent: even if an individual denies intent/wish to die, it may be inferred clinically from the behaviour or circumstances. For - Row 1",333
C-SSRS since last visit - Page 3,"Inferring Intent: even if an individual denies intent/wish to die, it may be inferred clinically from the behaviour or circumstances. For - Since Last Visit",333
C-SSRS since last visit - Page 3,"example, a highly lethal act that is clearly not an accident so no other intent but suicide can be inferred (e.g. gunshot to the head, jumping - Row 1",333
C-SSRS since last visit - Page 3,"example, a highly lethal act that is clearly not an accident so no other intent but suicide can be inferred (e.g. gunshot to the head, jumping - Since Last Visit",333
C-SSRS since last visit - Page 3,"from window of a high floor/story). Also, if someone denies intent to die, but they thought that what they did could be lethal, intent may - Row 1",333
C-SSRS since last visit - Page 3,"from window of a high floor/story). Also, if someone denies intent to die, but they thought that what they did could be lethal, intent may - Since Last Visit",333
C-SSRS since last visit - Page 3,be inferred. - Row 1,333
C-SSRS since last visit - Page 3,be inferred. - Since Last Visit,333
C-SSRS since last visit - Page 3,Have you made a suicide attempt? - Row 1,333
C-SSRS since last visit - Page 3,Have you made a suicide attempt? - Since Last Visit,333
C-SSRS since last visit - Page 3,Have you done anything to harm yourself? - Row 1,333
C-SSRS since last visit - Page 3,Have you done anything to harm yourself? - Since Last Visit,333
C-SSRS since last visit - Page 3,Have you done anything dangerous where you could have died? - Row 1,333
C-SSRS since last visit - Page 3,Have you done anything dangerous where you could have died? - Since Last Visit,333
C-SSRS since last visit - Page 3,What did you do? - Row 1,333
C-SSRS since last visit - Page 3,What did you do? - Since Last Visit,333
C-SSRS since last visit - Page 3,Did you ______ as a way to end your life? - Row 1,333
C-SSRS since last visit - Page 3,Did you ______ as a way to end your life? - Since Last Visit,333
C-SSRS since last visit - Page 3,Did you want to die (even a little) when you ____? - Row 1,333
C-SSRS since last visit - Page 3,Did you want to die (even a little) when you ____? - Since Last Visit,333
C-SSRS since last visit - Page 3,Were trying to end your life when you ____? - Row 1,333
C-SSRS since last visit - Page 3,Were trying to end your life when you ____? - Since Last Visit,333
C-SSRS since last visit - Page 3,Or did you think it was possible you could have died from ____? - Row 1,333
C-SSRS since last visit - Page 3,Or did you think it was possible you could have died from ____? - Since Last Visit,333
C-SSRS since last visit - Page 3,Actual attempt:,333
C-SSRS since last visit - Page 3,"Or did you do it purely for other reasons/without ANY intention of killing yourself (like to relieve stress, feel better, get sympathy, or - Since Last Visit",334
C-SSRS since last visit - Page 3,get something else to happen? (Self-Injurious Behavior without suicidal intent) - Since Last Visit,334
C-SSRS since last visit - Page 3,"If Yes, Total number of attempts - Since Last Visit",334
C-SSRS since last visit - Page 3,"If Yes, describe - Since Last Visit",334
C-SSRS since last visit - Page 3,Has subject engaged in Non-Suicidal self-injurious behavior? - Since Last Visit,334
C-SSRS since last visit - Page 3,"If Yes, Total number of attempts",334
C-SSRS since last visit - Page 3,"If Yes, describe",334
C-SSRS since last visit - Page 3,Has subject engaged in Non-Suicidal self-injurious behavior?,334
C-SSRS since last visit - Page 3,Interrupted attempt: - Since Last Visit,335
C-SSRS since last visit - Page 3,"When the person is interrupted (by an outside circumstance) from starting the potentially self-injurious act (if not for that, actual attempt - Since Last Visit",335
C-SSRS since last visit - Page 3,would have occurred). - Since Last Visit,335
C-SSRS since last visit - Page 3,Has there been a time when you started to do something to end your life but someone or something stopped you before you actually did - Since Last Visit,335
C-SSRS since last visit - Page 3,anything? - Since Last Visit,335
C-SSRS since last visit - Page 3,"If Yes, Total number of interrupted attempts - Since Last Visit",335
C-SSRS since last visit - Page 3,"If Yes, describe - Since Last Visit",335
C-SSRS since last visit - Page 3,Interrupted attempt:,335
C-SSRS since last visit - Page 3,"If Yes, Total number of interrupted attempts",335
C-SSRS since last visit - Page 3,"If Yes, describe",335
C-SSRS since last visit - Page 3,Aborted attempt: - Row 8,336
C-SSRS since last visit - Page 3,Aborted attempt: - Since Last Visit,336
C-SSRS since last visit - Page 3,"When person begins to take steps toward making a suicide attempt, but stops themselves before they actually have engaged in any self - Row 8",336
C-SSRS since last visit - Page 3,"When person begins to take steps toward making a suicide attempt, but stops themselves before they actually have engaged in any self - Since Last Visit",336
C-SSRS since last visit - Page 3,"destructive behaviour. Examples are similar to interrupted attempts, except that the individual stops him/herself, instead of being stopped - Row 8",336
C-SSRS since last visit - Page 3,"destructive behaviour. Examples are similar to interrupted attempts, except that the individual stops him/herself, instead of being stopped - Since Last Visit",336
C-SSRS since last visit - Page 3,by something else. - Row 8,336
C-SSRS since last visit - Page 3,by something else. - Since Last Visit,336
C-SSRS since last visit - Page 3,Has there been a time when you started to do something to try to end your life but you stopped yourself before you actually did - Row 8,336
C-SSRS since last visit - Page 3,Has there been a time when you started to do something to try to end your life but you stopped yourself before you actually did - Since Last Visit,336
C-SSRS since last visit - Page 3,anything? - Row 8,336
C-SSRS since last visit - Page 3,anything? - Since Last Visit,336
C-SSRS since last visit - Page 3,"If Yes, Total number of aborted attempts - Row 8",336
C-SSRS since last visit - Page 3,"If Yes, Total number of aborted attempts - Since Last Visit",336
C-SSRS since last visit - Page 3,"If Yes, describe - Row 8",336
C-SSRS since last visit - Page 3,"If Yes, describe - Since Last Visit",336
C-SSRS since last visit - Page 3,Aborted attempt:,336
C-SSRS since last visit - Page 3,"If Yes, Total number of aborted attempts",336
C-SSRS since last visit - Page 3,"If Yes, describe",336
C-SSRS since last visit - Page 3,Preparatory acts or behavior: - Since Last Visit,337
C-SSRS since last visit - Page 3,Acts or preparation towards imminently making a suicide attempt. This can include anything beyond a verbalization or thought such as - Since Last Visit,337
C-SSRS since last visit - Page 3,"assembling a specific method (e.g., buying pills, purchasing a gun) or preparing for one's death by suicide (e.g., giving things away, - Since Last Visit",337
C-SSRS since last visit - Page 3,writing a suicide note) - Since Last Visit,337
C-SSRS since last visit - Page 3,"Have you taken any step towards making a suicide attempt or preparing to kill yourself (such as collecting pills, getting a gun, giving - Since Last Visit",337
C-SSRS since last visit - Page 3,valuables away or writing a suicide note?) - Since Last Visit,337
C-SSRS since last visit - Page 3,"If Yes, describe - Since Last Visit",337
C-SSRS since last visit - Page 3,Suicidal behavior: - Since Last Visit,337
C-SSRS since last visit - Page 3,Suicidal behavior was present during the assessment period? - Since Last Visit,337
C-SSRS since last visit - Page 3,Suicide: - Since Last Visit,337
C-SSRS since last visit - Page 3,Preparatory acts or behavior:,337
C-SSRS since last visit - Page 3,"If Yes, describe",337
C-SSRS since last visit - Page 3,Suicidal behavior:,337
C-SSRS since last visit - Page 3,Suicide:,337
C-SSRS since last visit - Page 3,Since Last Visit,338
C-SSRS since last visit - Page 4,Date of Attempt - Row 1,340
C-SSRS since last visit - Page 4,Date of Attempt - Most Lethal Attempt,340
C-SSRS since last visit - Page 4,Actual Lethality/Medical Damage: - Row 1,340
C-SSRS since last visit - Page 4,Actual Lethality/Medical Damage: - Most Lethal Attempt,340
C-SSRS since last visit - Page 4,\0.\ No physical damage or very minor physical damage (e.g. surface scratches) \1.\ Minor physical damage (e.g. - Row 1,340
C-SSRS since last visit - Page 4,\0.\ No physical damage or very minor physical damage (e.g. surface scratches) \1.\ Minor physical damage (e.g. - Most Lethal Attempt,340
C-SSRS since last visit - Page 4,"lethargic speech, first-degree burns, mild bleeding, sprains) \2.\ Moderate physical damage; medical attention needed - Row 1",340
C-SSRS since last visit - Page 4,"lethargic speech, first-degree burns, mild bleeding, sprains) \2.\ Moderate physical damage; medical attention needed - Most Lethal Attempt",340
C-SSRS since last visit - Page 4,"(e.g. conscious but sleepy; somewhat responsive, second-degree burns; bleeding of major vessel \3.\ Moderately - Row 1",340
C-SSRS since last visit - Page 4,"(e.g. conscious but sleepy; somewhat responsive, second-degree burns; bleeding of major vessel \3.\ Moderately - Most Lethal Attempt",340
C-SSRS since last visit - Page 4,severe physical damage; medical hospitalization and likely intensive care required (e.g. comatose with reflexes intact; - Row 1,340
C-SSRS since last visit - Page 4,severe physical damage; medical hospitalization and likely intensive care required (e.g. comatose with reflexes intact; - Most Lethal Attempt,340
C-SSRS since last visit - Page 4,"third-degree burns less than 20% of body; extensive blood loss but can recover, major fractures) \4.\ Severe physical - Row 1",340
C-SSRS since last visit - Page 4,"third-degree burns less than 20% of body; extensive blood loss but can recover, major fractures) \4.\ Severe physical - Most Lethal Attempt",340
C-SSRS since last visit - Page 4,damage; medical hospitalization with intensive care required (e.g. comatose without reflexes; third-degree burns over - Row 1,340
C-SSRS since last visit - Page 4,damage; medical hospitalization with intensive care required (e.g. comatose without reflexes; third-degree burns over - Most Lethal Attempt,340
C-SSRS since last visit - Page 4,20% of the body; extensive blood loss with unstable vital signs; major damage to a vital area \5.\ Death - Row 1,340
C-SSRS since last visit - Page 4,20% of the body; extensive blood loss with unstable vital signs; major damage to a vital area \5.\ Death - Most Lethal Attempt,340
C-SSRS since last visit - Page 4,Potential Lethality: Only answer if Actual Lethality=0 - Row 1,340
C-SSRS since last visit - Page 4,Potential Lethality: Only answer if Actual Lethality=0 - Most Lethal Attempt,340
C-SSRS since last visit - Page 4,"Likely lethality of actual attempt if no medical damage (the following examples, while having no actual medical - Row 1",340
C-SSRS since last visit - Page 4,"Likely lethality of actual attempt if no medical damage (the following examples, while having no actual medical - Most Lethal Attempt",340
C-SSRS since last visit - Page 4,"damage, has potential for very serious lethality; put gun in mouth and pulled the trigger but gun fails to fire so no - Row 1",340
C-SSRS since last visit - Page 4,"damage, has potential for very serious lethality; put gun in mouth and pulled the trigger but gun fails to fire so no - Most Lethal Attempt",340
C-SSRS since last visit - Page 4,medical damage; laying on train tracks with oncoming train but pulled away before run over). - Row 1,340
C-SSRS since last visit - Page 4,medical damage; laying on train tracks with oncoming train but pulled away before run over). - Most Lethal Attempt,340
C-SSRS since last visit - Page 4,Date of Attempt,340
C-SSRS since last visit - Page 4,Actual Lethality/Medical Damage:,340
C-SSRS since last visit - Page 4,"Likely lethality of actual attempt if no medical damage (the following examples, while having no actual medical",340
C-SSRS since last visit - Page 4,\0.\ Behavior not likely to result in injury \1.\ Behavior like to result in injury but not likely to cause death \2.\ - Most Lethal Attempt,341
C-SSRS since last visit - Page 4,Behavior likely to result in death despite available medical care - Most Lethal Attempt,341
Water Restriction Start Prompt,Date subject started water restriction,342
Water Restriction Start Prompt,Time subject started water restriction,342
IMP Administration - Sertraline,Has subject been fasting (no food) for a minimum of 10 hours prior to the scheduled dosing?,344
IMP Administration - Sertraline,Was water restricted for 1 hour prior to dosing?,344
IMP Administration - Sertraline,Was Sertraline administered?,344
IMP Administration - Sertraline,"If no, reason",344
Dose,Date of Administration,345
Dose,Time of Administration,345
Dose,Physician decision,345
Dose,Was water restricted for 2 hours following dosing?,345
Water Restriction End Prompt,Date subject ended water restriction,347
Water Restriction End Prompt,Time subject ended water restriction,347
PK Blood Draw - Sertraline,Was PK Collection Performed?,349
PK Blood Draw - Sertraline,"If not performed, Reason:",349
PK Blood Draw - Sertraline,Date of Collection,349
PK Blood Draw - Sertraline,Sertraline PK - Sample Status,350
PK Blood Draw - Sertraline,Sertraline PK - Time of,350
PK Blood Draw - Sertraline,Sertraline PK - Collection,350
PK Blood Draw - Sertraline,Sertraline PK - Barcode,350
PK Blood Draw - Sertraline,Sertraline PK - Number,350
PK Blood Draw - Sertraline,Sertraline PK - Backup,350
PK Blood Draw - Sertraline,"Sertraline PK, Sertraline PK, Propranolol PK, - Sample Status",350
PK Blood Draw - Sertraline,"Sertraline PK, Sertraline PK, Propranolol PK, - Time of",350
PK Blood Draw - Sertraline,"Sertraline PK, Sertraline PK, Propranolol PK, - Collection",350
PK Blood Draw - Sertraline,"Sertraline PK, Sertraline PK, Propranolol PK, - Barcode",350
PK Blood Draw - Sertraline,"Sertraline PK, Sertraline PK, Propranolol PK, - Number",350
PK Blood Draw - Sertraline,"Sertraline PK, Sertraline PK, Propranolol PK, - Backup",350
PK Blood Draw - Sertraline,Prazosin PK)] - Sample Status,350
PK Blood Draw - Sertraline,Prazosin PK)] - Time of,350
PK Blood Draw - Sertraline,Prazosin PK)] - Collection,350
PK Blood Draw - Sertraline,Prazosin PK)] - Barcode,350
PK Blood Draw - Sertraline,Prazosin PK)] - Number,350
PK Blood Draw - Sertraline,Prazosin PK)] - Backup,350
PK Blood Draw - Sertraline,Propranolol PK,350
PK Blood Draw - Sertraline,"Sertraline PK, Sertraline PK, Propranolol PK, - Sample Status",351
PK Blood Draw - Sertraline,"Sertraline PK, Sertraline PK, Propranolol PK, - Time of",351
PK Blood Draw - Sertraline,"Sertraline PK, Sertraline PK, Propranolol PK, - Collection",351
PK Blood Draw - Sertraline,"Sertraline PK, Sertraline PK, Propranolol PK, - Barcode",351
PK Blood Draw - Sertraline,"Sertraline PK, Sertraline PK, Propranolol PK, - Number",351
PK Blood Draw - Sertraline,"Sertraline PK, Sertraline PK, Propranolol PK, - Backup",351
PK Blood Draw - Sertraline,Prazosin PK)] - Sample Status,351
PK Blood Draw - Sertraline,Prazosin PK)] - Time of,351
PK Blood Draw - Sertraline,Prazosin PK)] - Collection,351
PK Blood Draw - Sertraline,Prazosin PK)] - Barcode,351
PK Blood Draw - Sertraline,Prazosin PK)] - Number,351
PK Blood Draw - Sertraline,Prazosin PK)] - Backup,351
PK Blood Draw - Sertraline,Sertraline PK - Sample Status,351
PK Blood Draw - Sertraline,Sertraline PK - Time of,351
PK Blood Draw - Sertraline,Sertraline PK - Collection,351
PK Blood Draw - Sertraline,Sertraline PK - Barcode,351
PK Blood Draw - Sertraline,Sertraline PK - Number,351
PK Blood Draw - Sertraline,Sertraline PK - Backup,351
PK Blood Draw - Sertraline,Propranolol PK,351
PK Blood Draw - Sertraline,"Sertraline PK, Sertraline PK, Propranolol PK, - Sample Status",352
PK Blood Draw - Sertraline,"Sertraline PK, Sertraline PK, Propranolol PK, - Time of",352
PK Blood Draw - Sertraline,"Sertraline PK, Sertraline PK, Propranolol PK, - Collection",352
PK Blood Draw - Sertraline,"Sertraline PK, Sertraline PK, Propranolol PK, - Barcode",352
PK Blood Draw - Sertraline,"Sertraline PK, Sertraline PK, Propranolol PK, - Number",352
PK Blood Draw - Sertraline,"Sertraline PK, Sertraline PK, Propranolol PK, - Backup",352
PK Blood Draw - Sertraline,Prazosin PK)] - Sample Status,352
PK Blood Draw - Sertraline,Prazosin PK)] - Time of,352
PK Blood Draw - Sertraline,Prazosin PK)] - Collection,352
PK Blood Draw - Sertraline,Prazosin PK)] - Barcode,352
PK Blood Draw - Sertraline,Prazosin PK)] - Number,352
PK Blood Draw - Sertraline,Prazosin PK)] - Backup,352
PK Blood Draw - Sertraline,Sertraline PK - Sample Status,352
PK Blood Draw - Sertraline,Sertraline PK - Time of,352
PK Blood Draw - Sertraline,Sertraline PK - Collection,352
PK Blood Draw - Sertraline,Sertraline PK - Barcode,352
PK Blood Draw - Sertraline,Sertraline PK - Number,352
PK Blood Draw - Sertraline,Sertraline PK - Backup,352
PK Blood Draw - Sertraline,Propranolol PK,352
Triplicate Orthostatic BP and HR - 1h Postdose,Were Vital Signs Collected?,353
Triplicate Orthostatic BP and HR - 1h Postdose,"If not collected, reason:",353
Triplicate Orthostatic BP and HR - 1h Postdose,Collection Date,353
Triplicate Orthostatic BP and HR - 1h Postdose,Planned Timepoint,353
Triplicate Orthostatic BP and HR - 1h Postdose,Time Placed in Position,354
Triplicate Orthostatic BP and HR - 1h Postdose,Time of Vitals Measurement #1,354
Triplicate Orthostatic BP and HR - 1h Postdose,Time of Vitals Measurement #2,354
Triplicate Orthostatic BP and HR - 1h Postdose,Time of Vitals Measurement #3,354
Triplicate Orthostatic BP and HR - 1h Postdose,Time of Vitals Measurement #1,355
Triplicate Orthostatic BP and HR - 1h Postdose,Time of Vitals Measurement #2,355
Triplicate Orthostatic BP and HR - 1h Postdose,Time of Vitals Measurement #3,355
Triplicate Orthostatic BP and HR - 1.5h Postdose,Were Vital Signs Collected?,356
Triplicate Orthostatic BP and HR - 1.5h Postdose,"If not collected, reason:",356
Triplicate Orthostatic BP and HR - 1.5h Postdose,Collection Date,356
Triplicate Orthostatic BP and HR - 1.5h Postdose,Planned Timepoint,356
Triplicate Orthostatic BP and HR - 1.5h Postdose,Time Placed in Position,357
Triplicate Orthostatic BP and HR - 1.5h Postdose,Time of Vitals Measurement #1,357
Triplicate Orthostatic BP and HR - 1.5h Postdose,Time of Vitals Measurement #2,357
Triplicate Orthostatic BP and HR - 1.5h Postdose,Time of Vitals Measurement #3,357
Triplicate Orthostatic BP and HR - 1.5h Postdose,Time of Vitals Measurement #1,358
Triplicate Orthostatic BP and HR - 1.5h Postdose,Time of Vitals Measurement #2,358
Triplicate Orthostatic BP and HR - 1.5h Postdose,Time of Vitals Measurement #3,358
Triplicate Orthostatic BP and HR - 2h Postdose,Were Vital Signs Collected?,359
Triplicate Orthostatic BP and HR - 2h Postdose,"If not collected, reason:",359
Triplicate Orthostatic BP and HR - 2h Postdose,Collection Date,359
Triplicate Orthostatic BP and HR - 2h Postdose,Planned Timepoint,359
Triplicate Orthostatic BP and HR - 2h Postdose,Time Placed in Position,360
Triplicate Orthostatic BP and HR - 2h Postdose,Time of Vitals Measurement #1,360
Triplicate Orthostatic BP and HR - 2h Postdose,Time of Vitals Measurement #2,360
Triplicate Orthostatic BP and HR - 2h Postdose,Time of Vitals Measurement #3,360
Triplicate Orthostatic BP and HR - 2h Postdose,Time of Vitals Measurement #1,361
Triplicate Orthostatic BP and HR - 2h Postdose,Time of Vitals Measurement #2,361
Triplicate Orthostatic BP and HR - 2h Postdose,Time of Vitals Measurement #3,361
Triplicate Orthostatic BP and HR - 2.5h Postdose,Were Vital Signs Collected?,362
Triplicate Orthostatic BP and HR - 2.5h Postdose,"If not collected, reason:",362
Triplicate Orthostatic BP and HR - 2.5h Postdose,Collection Date,362
Triplicate Orthostatic BP and HR - 2.5h Postdose,Planned Timepoint,362
Triplicate Orthostatic BP and HR - 2.5h Postdose,Time Placed in Position,363
Triplicate Orthostatic BP and HR - 2.5h Postdose,Time of Vitals Measurement #1,363
Triplicate Orthostatic BP and HR - 2.5h Postdose,Time of Vitals Measurement #2,363
Triplicate Orthostatic BP and HR - 2.5h Postdose,Time of Vitals Measurement #3,363
Triplicate Orthostatic BP and HR - 2.5h Postdose,Time of Vitals Measurement #1,364
Triplicate Orthostatic BP and HR - 2.5h Postdose,Time of Vitals Measurement #2,364
Triplicate Orthostatic BP and HR - 2.5h Postdose,Time of Vitals Measurement #3,364
Triplicate Orthostatic BP and HR - 3h Postdose,Were Vital Signs Collected?,365
Triplicate Orthostatic BP and HR - 3h Postdose,"If not collected, reason:",365
Triplicate Orthostatic BP and HR - 3h Postdose,Collection Date,365
Triplicate Orthostatic BP and HR - 3h Postdose,Planned Timepoint,365
Triplicate Orthostatic BP and HR - 3h Postdose,Time Placed in Position,366
Triplicate Orthostatic BP and HR - 3h Postdose,Time of Vitals Measurement #1,366
Triplicate Orthostatic BP and HR - 3h Postdose,Time of Vitals Measurement #2,366
Triplicate Orthostatic BP and HR - 3h Postdose,Time of Vitals Measurement #3,366
Triplicate Orthostatic BP and HR - 3h Postdose,Time of Vitals Measurement #1,367
Triplicate Orthostatic BP and HR - 3h Postdose,Time of Vitals Measurement #2,367
Triplicate Orthostatic BP and HR - 3h Postdose,Time of Vitals Measurement #3,367
Triplicate Orthostatic BP and HR - 4h Postdose,Were Vital Signs Collected?,368
Triplicate Orthostatic BP and HR - 4h Postdose,"If not collected, reason:",368
Triplicate Orthostatic BP and HR - 4h Postdose,Collection Date,368
Triplicate Orthostatic BP and HR - 4h Postdose,Planned Timepoint,368
Triplicate Orthostatic BP and HR - 4h Postdose,Time Placed in Position,369
Triplicate Orthostatic BP and HR - 4h Postdose,Time of Vitals Measurement #1,369
Triplicate Orthostatic BP and HR - 4h Postdose,Time of Vitals Measurement #2,369
Triplicate Orthostatic BP and HR - 4h Postdose,Time of Vitals Measurement #3,369
Triplicate Orthostatic BP and HR - 4h Postdose,Time of Vitals Measurement #1,370
Triplicate Orthostatic BP and HR - 4h Postdose,Time of Vitals Measurement #2,370
Triplicate Orthostatic BP and HR - 4h Postdose,Time of Vitals Measurement #3,370
Triplicate Orthostatic BP and HR - 6h Postdose,Were Vital Signs Collected?,371
Triplicate Orthostatic BP and HR - 6h Postdose,"If not collected, reason:",371
Triplicate Orthostatic BP and HR - 6h Postdose,Collection Date,371
Triplicate Orthostatic BP and HR - 6h Postdose,Planned Timepoint,371
Triplicate Orthostatic BP and HR - 6h Postdose,Time Placed in Position,372
Triplicate Orthostatic BP and HR - 6h Postdose,Time of Vitals Measurement #1,372
Triplicate Orthostatic BP and HR - 6h Postdose,Time of Vitals Measurement #2,372
Triplicate Orthostatic BP and HR - 6h Postdose,Time of Vitals Measurement #3,372
Triplicate Orthostatic BP and HR - 6h Postdose,Time of Vitals Measurement #1,373
Triplicate Orthostatic BP and HR - 6h Postdose,Time of Vitals Measurement #2,373
Triplicate Orthostatic BP and HR - 6h Postdose,Time of Vitals Measurement #3,373
Triplicate Orthostatic BP and HR - 8h Postdose,Were Vital Signs Collected?,374
Triplicate Orthostatic BP and HR - 8h Postdose,"If not collected, reason:",374
Triplicate Orthostatic BP and HR - 8h Postdose,Collection Date,374
Triplicate Orthostatic BP and HR - 8h Postdose,Planned Timepoint,374
Triplicate Orthostatic BP and HR - 8h Postdose,Time Placed in Position,375
Triplicate Orthostatic BP and HR - 8h Postdose,Time of Vitals Measurement #1,375
Triplicate Orthostatic BP and HR - 8h Postdose,Time of Vitals Measurement #2,375
Triplicate Orthostatic BP and HR - 8h Postdose,Time of Vitals Measurement #3,375
Triplicate Orthostatic BP and HR - 8h Postdose,Time of Vitals Measurement #1,376
Triplicate Orthostatic BP and HR - 8h Postdose,Time of Vitals Measurement #2,376
Triplicate Orthostatic BP and HR - 8h Postdose,Time of Vitals Measurement #3,376
Visit Date,Skip to next visit,377
Visit Date,Skip to Early Termination visit,377
AE and CM prompt,Has the subject had any changes to their health since previous visit?,379
AE and CM prompt,Are there any changes in concomitant medications including dose changes to be reported?,379
Body Temperature and Respiratory Rate,Were Vital Signs Collected?,381
Body Temperature and Respiratory Rate,"If not collected, reason:",381
Body Temperature and Respiratory Rate,Collection Date,381
Body Temperature and Respiratory Rate,Planned Timepoint,381
Body Temperature and Respiratory Rate,Respiratory Rate (breaths/min),382
Body Temperature and Respiratory Rate,Body Temperature (celsius),382
Triplicate Orthostatic BP and HR - Predose,Were Vital Signs Collected?,383
Triplicate Orthostatic BP and HR - Predose,"If not collected, reason:",383
Triplicate Orthostatic BP and HR - Predose,Collection Date,383
Triplicate Orthostatic BP and HR - Predose,Planned Timepoint,383
Triplicate Orthostatic BP and HR - Predose,Time Placed in Position,384
Triplicate Orthostatic BP and HR - Predose,Time of Vitals Measurement #1,384
Triplicate Orthostatic BP and HR - Predose,Time of Vitals Measurement #2,384
Triplicate Orthostatic BP and HR - Predose,Time of Vitals Measurement #3,384
Triplicate Orthostatic BP and HR - Predose,Time of Vitals Measurement #1,385
Triplicate Orthostatic BP and HR - Predose,Time of Vitals Measurement #2,385
Triplicate Orthostatic BP and HR - Predose,Time of Vitals Measurement #3,385
C-SSRS since last visit - Page 1,Was the questionnaire administered?,388
C-SSRS since last visit - Page 1,Date of completion,388
C-SSRS since last visit - Page 1,Rater's initials,388
C-SSRS since last visit - Page 1,1. Wish to be dead - Row 1,389
C-SSRS since last visit - Page 1,1. Wish to be dead - Since Last Visit,389
C-SSRS since last visit - Page 1,"Subject endorses thoughts about a wish to be dead or not alive anymore, or wish to fall asleep and not wake up. - Row 1",389
C-SSRS since last visit - Page 1,"Subject endorses thoughts about a wish to be dead or not alive anymore, or wish to fall asleep and not wake up. - Since Last Visit",389
C-SSRS since last visit - Page 1,Have you wished you were dead or wished you could go to sleep and not wake up? - Row 1,389
C-SSRS since last visit - Page 1,Have you wished you were dead or wished you could go to sleep and not wake up? - Since Last Visit,389
C-SSRS since last visit - Page 1,"If Yes, describe - Row 1",389
C-SSRS since last visit - Page 1,"If Yes, describe - Since Last Visit",389
C-SSRS since last visit - Page 1,2. Non-specific active suicidal thoughts - Row 1,389
C-SSRS since last visit - Page 1,2. Non-specific active suicidal thoughts - Since Last Visit,389
C-SSRS since last visit - Page 1,"General non-specific thoughts of wanting to end one's life/commit suicide (e.g. ""I've thought about killing myself"") - Row 1",389
C-SSRS since last visit - Page 1,"General non-specific thoughts of wanting to end one's life/commit suicide (e.g. ""I've thought about killing myself"") - Since Last Visit",389
C-SSRS since last visit - Page 1,"without thoughts of way to kill oneself/associated methods,intent or plan during the assessment period. - Row 1",389
C-SSRS since last visit - Page 1,"without thoughts of way to kill oneself/associated methods,intent or plan during the assessment period. - Since Last Visit",389
C-SSRS since last visit - Page 1,Have you actually had any thoughts of killing yourself? - Row 1,389
C-SSRS since last visit - Page 1,Have you actually had any thoughts of killing yourself? - Since Last Visit,389
C-SSRS since last visit - Page 1,"Subject endorses thoughts about a wish to be dead or not alive anymore, or wish to fall asleep and not wake up.",389
C-SSRS since last visit - Page 1,"If Yes, describe",389
C-SSRS since last visit - Page 1,"General non-specific thoughts of wanting to end one's life/commit suicide (e.g. ""I've thought about killing myself"")",389
C-SSRS since last visit - Page 1,"If Yes, describe - Since Last Visit",390
C-SSRS since last visit - Page 1,3. Active suicidal ideation with any methods (not plan) without intent to act - Since Last Visit,390
C-SSRS since last visit - Page 1,Subject endorses thoughts of suicide and has thought of at least one method during the assessment period. This is - Since Last Visit,390
C-SSRS since last visit - Page 1,"different than a specific plan with a time, place or method details worked out (e.g. thought of method to kill self but - Since Last Visit",390
C-SSRS since last visit - Page 1,"not a specific plan). Includes a person who would say: ""I thought about taking an overdose but i never made a specific - Since Last Visit",390
C-SSRS since last visit - Page 1,"plan as to when, where or how I would actually do it. . . and I would never go through with it"" - Since Last Visit",390
C-SSRS since last visit - Page 1,Have you been thinking about how you might do this? - Since Last Visit,390
C-SSRS since last visit - Page 1,"4. Active suicidal ideation with some intent to act, without specific plan - Since Last Visit",390
C-SSRS since last visit - Page 1,"If Yes, describe",390
C-SSRS since last visit - Page 1,Subject endorses thoughts of suicide and has thought of at least one method during the assessment period. This is,390
C-SSRS since last visit - Page 1,"Active suicidal thoughts of killing oneself and subject reports having some intent to act on such thoughts, as opposed - Since Last Visit",391
C-SSRS since last visit - Page 1,"to ""I have thoughts but I definitely will not do anything about them"" - Since Last Visit",391
C-SSRS since last visit - Page 1,Have you had these thoughts and had some intention of acting on them? - Since Last Visit,391
C-SSRS since last visit - Page 1,"If Yes, describe - Since Last Visit",391
C-SSRS since last visit - Page 1,5. Active suicidal ideation with specific plan and intent - Since Last Visit,391
C-SSRS since last visit - Page 1,Thoughts of killing oneself with detail of plan fully or partially worked out and subject has some intent to carry it out. - Since Last Visit,391
C-SSRS since last visit - Page 1,Have you started to work out or worked out the details of how to kill yourself? Do you intend to carry out this plan? - Since Last Visit,391
C-SSRS since last visit - Page 1,"If Yes, describe",391
C-SSRS since last visit - Page 1,Thoughts of killing oneself with detail of plan fully or partially worked out and subject has some intent to carry it out.,391
C-SSRS since last visit - Page 2,"The following features should be rated with respect to the most severe type of ideation (i.e. 1-5 from above, with 1 - Row 1",393
C-SSRS since last visit - Page 2,"The following features should be rated with respect to the most severe type of ideation (i.e. 1-5 from above, with 1 - Since Last Visit",393
C-SSRS since last visit - Page 2,being the least severe and 5 being the most severe). Ask about time he/she was feeling the most suicidal. - Row 1,393
C-SSRS since last visit - Page 2,being the least severe and 5 being the most severe). Ask about time he/she was feeling the most suicidal. - Since Last Visit,393
C-SSRS since last visit - Page 2,Most severe ideation - Row 1,393
C-SSRS since last visit - Page 2,Most severe ideation - Since Last Visit,393
C-SSRS since last visit - Page 2,Description of Ideation - Row 1,393
C-SSRS since last visit - Page 2,Description of Ideation - Since Last Visit,393
C-SSRS since last visit - Page 2,(5) Active suicidal ideation w/ specific plan and intent,393
C-SSRS since last visit - Page 2,Description of Ideation,393
C-SSRS since last visit - Page 2,Frequency - Since Last Visit,394
C-SSRS since last visit - Page 2,How many times have you had these thoughts? - Since Last Visit,394
C-SSRS since last visit - Page 2,Duration - Since Last Visit,394
C-SSRS since last visit - Page 2,"When you have the thoughts, how long do they last? - Since Last Visit",394
C-SSRS since last visit - Page 2,Controllability - Since Last Visit,394
C-SSRS since last visit - Page 2,How many times have you had these thoughts?,394
C-SSRS since last visit - Page 2,"When you have the thoughts, how long do they last?",394
C-SSRS since last visit - Page 2,Could/can you stop thinking about killing yourself or wanting to die if you want to? - Since Last Visit,395
C-SSRS since last visit - Page 2,Could/can you stop thinking about killing yourself or wanting to die if you want to? - (1) Easily able to control thoughts,395
C-SSRS since last visit - Page 2,Deterrents - Since Last Visit,395
C-SSRS since last visit - Page 2,Deterrents - (1) Easily able to control thoughts,395
C-SSRS since last visit - Page 2,Are there things - anyone or anything - that stopped you from wanting to die or acting on thoughts of committing - Since Last Visit,395
C-SSRS since last visit - Page 2,Are there things - anyone or anything - that stopped you from wanting to die or acting on thoughts of committing - (1) Easily able to control thoughts,395
C-SSRS since last visit - Page 2,suicide? - Since Last Visit,395
C-SSRS since last visit - Page 2,suicide? - (1) Easily able to control thoughts,395
C-SSRS since last visit - Page 2,(0) Does not attempt to control thoughts,395
C-SSRS since last visit - Page 2,(0) Does not apply,395
C-SSRS since last visit - Page 2,Reasons for Ideation - Since Last Visit,396
C-SSRS since last visit - Page 2,What sort of reasons did you have for thinking about wanting to die or killing yourself? Was it to end the pain or - Since Last Visit,396
C-SSRS since last visit - Page 2,stop the way you were feeling (in other words you couldn't go on living with this pain or how you were feeling) or - Since Last Visit,396
C-SSRS since last visit - Page 2,"was it to get attention, revenge or a reaction from others? or both? - Since Last Visit",396
C-SSRS since last visit - Page 2,(0) Does not apply,396
C-SSRS since last visit - Page 2,Since Last Visit,397
C-SSRS since last visit - Page 3,Actual attempt: - Row 1,399
C-SSRS since last visit - Page 3,Actual attempt: - Since Last Visit,399
C-SSRS since last visit - Page 3,"A potentially self-injurious act committed with at least some wish to die, as a result of act. Behaviour was in part thought of as method to - Row 1",399
C-SSRS since last visit - Page 3,"A potentially self-injurious act committed with at least some wish to die, as a result of act. Behaviour was in part thought of as method to - Since Last Visit",399
C-SSRS since last visit - Page 3,"kill oneself. Intent does not have to be 100%. If there is any intent/desire to die associated with the act, then it can be considered an actual - Row 1",399
C-SSRS since last visit - Page 3,"kill oneself. Intent does not have to be 100%. If there is any intent/desire to die associated with the act, then it can be considered an actual - Since Last Visit",399
C-SSRS since last visit - Page 3,"suicide attempt. There does not have to be any injury or harm, just the potential for injury or harm. If a person pulls the trigger while gun - Row 1",399
C-SSRS since last visit - Page 3,"suicide attempt. There does not have to be any injury or harm, just the potential for injury or harm. If a person pulls the trigger while gun - Since Last Visit",399
C-SSRS since last visit - Page 3,"is in mouth but gun is broken so no injury results, this is considered an attempt. - Row 1",399
C-SSRS since last visit - Page 3,"is in mouth but gun is broken so no injury results, this is considered an attempt. - Since Last Visit",399
C-SSRS since last visit - Page 3,"Inferring Intent: even if an individual denies intent/wish to die, it may be inferred clinically from the behaviour or circumstances. For - Row 1",399
C-SSRS since last visit - Page 3,"Inferring Intent: even if an individual denies intent/wish to die, it may be inferred clinically from the behaviour or circumstances. For - Since Last Visit",399
C-SSRS since last visit - Page 3,"example, a highly lethal act that is clearly not an accident so no other intent but suicide can be inferred (e.g. gunshot to the head, jumping - Row 1",399
C-SSRS since last visit - Page 3,"example, a highly lethal act that is clearly not an accident so no other intent but suicide can be inferred (e.g. gunshot to the head, jumping - Since Last Visit",399
C-SSRS since last visit - Page 3,"from window of a high floor/story). Also, if someone denies intent to die, but they thought that what they did could be lethal, intent may - Row 1",399
C-SSRS since last visit - Page 3,"from window of a high floor/story). Also, if someone denies intent to die, but they thought that what they did could be lethal, intent may - Since Last Visit",399
C-SSRS since last visit - Page 3,be inferred. - Row 1,399
C-SSRS since last visit - Page 3,be inferred. - Since Last Visit,399
C-SSRS since last visit - Page 3,Have you made a suicide attempt? - Row 1,399
C-SSRS since last visit - Page 3,Have you made a suicide attempt? - Since Last Visit,399
C-SSRS since last visit - Page 3,Have you done anything to harm yourself? - Row 1,399
C-SSRS since last visit - Page 3,Have you done anything to harm yourself? - Since Last Visit,399
C-SSRS since last visit - Page 3,Have you done anything dangerous where you could have died? - Row 1,399
C-SSRS since last visit - Page 3,Have you done anything dangerous where you could have died? - Since Last Visit,399
C-SSRS since last visit - Page 3,What did you do? - Row 1,399
C-SSRS since last visit - Page 3,What did you do? - Since Last Visit,399
C-SSRS since last visit - Page 3,Did you ______ as a way to end your life? - Row 1,399
C-SSRS since last visit - Page 3,Did you ______ as a way to end your life? - Since Last Visit,399
C-SSRS since last visit - Page 3,Did you want to die (even a little) when you ____? - Row 1,399
C-SSRS since last visit - Page 3,Did you want to die (even a little) when you ____? - Since Last Visit,399
C-SSRS since last visit - Page 3,Were trying to end your life when you ____? - Row 1,399
C-SSRS since last visit - Page 3,Were trying to end your life when you ____? - Since Last Visit,399
C-SSRS since last visit - Page 3,Or did you think it was possible you could have died from ____? - Row 1,399
C-SSRS since last visit - Page 3,Or did you think it was possible you could have died from ____? - Since Last Visit,399
C-SSRS since last visit - Page 3,Actual attempt:,399
C-SSRS since last visit - Page 3,"Or did you do it purely for other reasons/without ANY intention of killing yourself (like to relieve stress, feel better, get sympathy, or - Since Last Visit",400
C-SSRS since last visit - Page 3,get something else to happen? (Self-Injurious Behavior without suicidal intent) - Since Last Visit,400
C-SSRS since last visit - Page 3,"If Yes, Total number of attempts - Since Last Visit",400
C-SSRS since last visit - Page 3,"If Yes, describe - Since Last Visit",400
C-SSRS since last visit - Page 3,Has subject engaged in Non-Suicidal self-injurious behavior? - Since Last Visit,400
C-SSRS since last visit - Page 3,"If Yes, Total number of attempts",400
C-SSRS since last visit - Page 3,"If Yes, describe",400
C-SSRS since last visit - Page 3,Has subject engaged in Non-Suicidal self-injurious behavior?,400
C-SSRS since last visit - Page 3,Interrupted attempt: - Since Last Visit,401
C-SSRS since last visit - Page 3,"When the person is interrupted (by an outside circumstance) from starting the potentially self-injurious act (if not for that, actual attempt - Since Last Visit",401
C-SSRS since last visit - Page 3,would have occurred). - Since Last Visit,401
C-SSRS since last visit - Page 3,Has there been a time when you started to do something to end your life but someone or something stopped you before you actually did - Since Last Visit,401
C-SSRS since last visit - Page 3,anything? - Since Last Visit,401
C-SSRS since last visit - Page 3,"If Yes, Total number of interrupted attempts - Since Last Visit",401
C-SSRS since last visit - Page 3,"If Yes, describe - Since Last Visit",401
C-SSRS since last visit - Page 3,Interrupted attempt:,401
C-SSRS since last visit - Page 3,"If Yes, Total number of interrupted attempts",401
C-SSRS since last visit - Page 3,"If Yes, describe",401
C-SSRS since last visit - Page 3,Aborted attempt: - Row 8,402
C-SSRS since last visit - Page 3,Aborted attempt: - Since Last Visit,402
C-SSRS since last visit - Page 3,"When person begins to take steps toward making a suicide attempt, but stops themselves before they actually have engaged in any self - Row 8",402
C-SSRS since last visit - Page 3,"When person begins to take steps toward making a suicide attempt, but stops themselves before they actually have engaged in any self - Since Last Visit",402
C-SSRS since last visit - Page 3,"destructive behaviour. Examples are similar to interrupted attempts, except that the individual stops him/herself, instead of being stopped - Row 8",402
C-SSRS since last visit - Page 3,"destructive behaviour. Examples are similar to interrupted attempts, except that the individual stops him/herself, instead of being stopped - Since Last Visit",402
C-SSRS since last visit - Page 3,by something else. - Row 8,402
C-SSRS since last visit - Page 3,by something else. - Since Last Visit,402
C-SSRS since last visit - Page 3,Has there been a time when you started to do something to try to end your life but you stopped yourself before you actually did - Row 8,402
C-SSRS since last visit - Page 3,Has there been a time when you started to do something to try to end your life but you stopped yourself before you actually did - Since Last Visit,402
C-SSRS since last visit - Page 3,anything? - Row 8,402
C-SSRS since last visit - Page 3,anything? - Since Last Visit,402
C-SSRS since last visit - Page 3,"If Yes, Total number of aborted attempts - Row 8",402
C-SSRS since last visit - Page 3,"If Yes, Total number of aborted attempts - Since Last Visit",402
C-SSRS since last visit - Page 3,"If Yes, describe - Row 8",402
C-SSRS since last visit - Page 3,"If Yes, describe - Since Last Visit",402
C-SSRS since last visit - Page 3,Aborted attempt:,402
C-SSRS since last visit - Page 3,"If Yes, Total number of aborted attempts",402
C-SSRS since last visit - Page 3,"If Yes, describe",402
C-SSRS since last visit - Page 3,Preparatory acts or behavior: - Since Last Visit,403
C-SSRS since last visit - Page 3,Acts or preparation towards imminently making a suicide attempt. This can include anything beyond a verbalization or thought such as - Since Last Visit,403
C-SSRS since last visit - Page 3,"assembling a specific method (e.g., buying pills, purchasing a gun) or preparing for one's death by suicide (e.g., giving things away, - Since Last Visit",403
C-SSRS since last visit - Page 3,writing a suicide note) - Since Last Visit,403
C-SSRS since last visit - Page 3,"Have you taken any step towards making a suicide attempt or preparing to kill yourself (such as collecting pills, getting a gun, giving - Since Last Visit",403
C-SSRS since last visit - Page 3,valuables away or writing a suicide note?) - Since Last Visit,403
C-SSRS since last visit - Page 3,"If Yes, describe - Since Last Visit",403
C-SSRS since last visit - Page 3,Suicidal behavior: - Since Last Visit,403
C-SSRS since last visit - Page 3,Suicidal behavior was present during the assessment period? - Since Last Visit,403
C-SSRS since last visit - Page 3,Suicide: - Since Last Visit,403
C-SSRS since last visit - Page 3,Preparatory acts or behavior:,403
C-SSRS since last visit - Page 3,"If Yes, describe",403
C-SSRS since last visit - Page 3,Suicidal behavior:,403
C-SSRS since last visit - Page 3,Suicide:,403
C-SSRS since last visit - Page 3,Since Last Visit,404
C-SSRS since last visit - Page 4,Date of Attempt - Row 1,406
C-SSRS since last visit - Page 4,Date of Attempt - Most Lethal Attempt,406
C-SSRS since last visit - Page 4,Actual Lethality/Medical Damage: - Row 1,406
C-SSRS since last visit - Page 4,Actual Lethality/Medical Damage: - Most Lethal Attempt,406
C-SSRS since last visit - Page 4,\0.\ No physical damage or very minor physical damage (e.g. surface scratches) \1.\ Minor physical damage (e.g. - Row 1,406
C-SSRS since last visit - Page 4,\0.\ No physical damage or very minor physical damage (e.g. surface scratches) \1.\ Minor physical damage (e.g. - Most Lethal Attempt,406
C-SSRS since last visit - Page 4,"lethargic speech, first-degree burns, mild bleeding, sprains) \2.\ Moderate physical damage; medical attention needed - Row 1",406
C-SSRS since last visit - Page 4,"lethargic speech, first-degree burns, mild bleeding, sprains) \2.\ Moderate physical damage; medical attention needed - Most Lethal Attempt",406
C-SSRS since last visit - Page 4,"(e.g. conscious but sleepy; somewhat responsive, second-degree burns; bleeding of major vessel \3.\ Moderately - Row 1",406
C-SSRS since last visit - Page 4,"(e.g. conscious but sleepy; somewhat responsive, second-degree burns; bleeding of major vessel \3.\ Moderately - Most Lethal Attempt",406
C-SSRS since last visit - Page 4,severe physical damage; medical hospitalization and likely intensive care required (e.g. comatose with reflexes intact; - Row 1,406
C-SSRS since last visit - Page 4,severe physical damage; medical hospitalization and likely intensive care required (e.g. comatose with reflexes intact; - Most Lethal Attempt,406
C-SSRS since last visit - Page 4,"third-degree burns less than 20% of body; extensive blood loss but can recover, major fractures) \4.\ Severe physical - Row 1",406
C-SSRS since last visit - Page 4,"third-degree burns less than 20% of body; extensive blood loss but can recover, major fractures) \4.\ Severe physical - Most Lethal Attempt",406
C-SSRS since last visit - Page 4,damage; medical hospitalization with intensive care required (e.g. comatose without reflexes; third-degree burns over - Row 1,406
C-SSRS since last visit - Page 4,damage; medical hospitalization with intensive care required (e.g. comatose without reflexes; third-degree burns over - Most Lethal Attempt,406
C-SSRS since last visit - Page 4,20% of the body; extensive blood loss with unstable vital signs; major damage to a vital area \5.\ Death - Row 1,406
C-SSRS since last visit - Page 4,20% of the body; extensive blood loss with unstable vital signs; major damage to a vital area \5.\ Death - Most Lethal Attempt,406
C-SSRS since last visit - Page 4,Potential Lethality: Only answer if Actual Lethality=0 - Row 1,406
C-SSRS since last visit - Page 4,Potential Lethality: Only answer if Actual Lethality=0 - Most Lethal Attempt,406
C-SSRS since last visit - Page 4,"Likely lethality of actual attempt if no medical damage (the following examples, while having no actual medical - Row 1",406
C-SSRS since last visit - Page 4,"Likely lethality of actual attempt if no medical damage (the following examples, while having no actual medical - Most Lethal Attempt",406
C-SSRS since last visit - Page 4,"damage, has potential for very serious lethality; put gun in mouth and pulled the trigger but gun fails to fire so no - Row 1",406
C-SSRS since last visit - Page 4,"damage, has potential for very serious lethality; put gun in mouth and pulled the trigger but gun fails to fire so no - Most Lethal Attempt",406
C-SSRS since last visit - Page 4,medical damage; laying on train tracks with oncoming train but pulled away before run over). - Row 1,406
C-SSRS since last visit - Page 4,medical damage; laying on train tracks with oncoming train but pulled away before run over). - Most Lethal Attempt,406
C-SSRS since last visit - Page 4,Date of Attempt,406
C-SSRS since last visit - Page 4,Actual Lethality/Medical Damage:,406
C-SSRS since last visit - Page 4,"Likely lethality of actual attempt if no medical damage (the following examples, while having no actual medical",406
C-SSRS since last visit - Page 4,\0.\ Behavior not likely to result in injury \1.\ Behavior like to result in injury but not likely to cause death \2.\ - Most Lethal Attempt,407
C-SSRS since last visit - Page 4,Behavior likely to result in death despite available medical care - Most Lethal Attempt,407
Water Restriction Start Prompt,Date subject started water restriction,408
Water Restriction Start Prompt,Time subject started water restriction,408
IMP Administration - Sertraline and Prazosin,Has subject been fasting (no food) for a minimum of 10 hours prior to the scheduled dosing?,410
IMP Administration - Sertraline and Prazosin,Was water restricted for 1 hour prior to dosing?,410
IMP Administration - Sertraline and Prazosin,Was Sertraline administered?,410
IMP Administration - Sertraline and Prazosin,"If no, reason",410
IMP Administration - Sertraline and Prazosin,Date of Administration,411
IMP Administration - Sertraline and Prazosin,Time of Administration,411
IMP Administration - Sertraline and Prazosin,Physician decision,411
IMP Administration - Sertraline and Prazosin,Dosing Comments (optional),411
Prazosin Dose,Was Prazosin administered?,412
Prazosin Dose,"If no, reason",412
Prazosin Dose,Date of Administration,412
Prazosin Dose,Time of Administration,412
Prazosin Dose,Physician decision,413
Prazosin Dose,Was water restricted for 2 hours following dosing?,413
Prazosin Dose,Dosing Comments (optional),413
Water Restriction End Prompt,Date subject ended water restriction,414
Water Restriction End Prompt,Time subject ended water restriction,414
PK Blood Draw - Sertraline,Was PK Collection Performed?,416
PK Blood Draw - Sertraline,"If not performed, Reason:",416
PK Blood Draw - Sertraline,Date of Collection,416
PK Blood Draw - Sertraline,Sertraline PK - Sample Status,417
PK Blood Draw - Sertraline,Sertraline PK - Time of,417
PK Blood Draw - Sertraline,Sertraline PK - Collection,417
PK Blood Draw - Sertraline,Sertraline PK - Barcode,417
PK Blood Draw - Sertraline,Sertraline PK - Number,417
PK Blood Draw - Sertraline,Sertraline PK - Backup,417
PK Blood Draw - Sertraline,"Sertraline PK, Sertraline PK, Propranolol PK, - Sample Status",417
PK Blood Draw - Sertraline,"Sertraline PK, Sertraline PK, Propranolol PK, - Time of",417
PK Blood Draw - Sertraline,"Sertraline PK, Sertraline PK, Propranolol PK, - Collection",417
PK Blood Draw - Sertraline,"Sertraline PK, Sertraline PK, Propranolol PK, - Barcode",417
PK Blood Draw - Sertraline,"Sertraline PK, Sertraline PK, Propranolol PK, - Number",417
PK Blood Draw - Sertraline,"Sertraline PK, Sertraline PK, Propranolol PK, - Backup",417
PK Blood Draw - Sertraline,Prazosin PK)] - Sample Status,417
PK Blood Draw - Sertraline,Prazosin PK)] - Time of,417
PK Blood Draw - Sertraline,Prazosin PK)] - Collection,417
PK Blood Draw - Sertraline,Prazosin PK)] - Barcode,417
PK Blood Draw - Sertraline,Prazosin PK)] - Number,417
PK Blood Draw - Sertraline,Prazosin PK)] - Backup,417
PK Blood Draw - Sertraline,Propranolol PK,417
PK Blood Draw - Sertraline,"Sertraline PK, Sertraline PK, Propranolol PK, - Sample Status",418
PK Blood Draw - Sertraline,"Sertraline PK, Sertraline PK, Propranolol PK, - Time of",418
PK Blood Draw - Sertraline,"Sertraline PK, Sertraline PK, Propranolol PK, - Collection",418
PK Blood Draw - Sertraline,"Sertraline PK, Sertraline PK, Propranolol PK, - Barcode",418
PK Blood Draw - Sertraline,"Sertraline PK, Sertraline PK, Propranolol PK, - Number",418
PK Blood Draw - Sertraline,"Sertraline PK, Sertraline PK, Propranolol PK, - Backup",418
PK Blood Draw - Sertraline,Prazosin PK)] - Sample Status,418
PK Blood Draw - Sertraline,Prazosin PK)] - Time of,418
PK Blood Draw - Sertraline,Prazosin PK)] - Collection,418
PK Blood Draw - Sertraline,Prazosin PK)] - Barcode,418
PK Blood Draw - Sertraline,Prazosin PK)] - Number,418
PK Blood Draw - Sertraline,Prazosin PK)] - Backup,418
PK Blood Draw - Sertraline,Sertraline PK - Sample Status,418
PK Blood Draw - Sertraline,Sertraline PK - Time of,418
PK Blood Draw - Sertraline,Sertraline PK - Collection,418
PK Blood Draw - Sertraline,Sertraline PK - Barcode,418
PK Blood Draw - Sertraline,Sertraline PK - Number,418
PK Blood Draw - Sertraline,Sertraline PK - Backup,418
PK Blood Draw - Sertraline,Propranolol PK,418
PK Blood Draw - Sertraline,"Sertraline PK, Sertraline PK, Propranolol PK, - Sample Status",419
PK Blood Draw - Sertraline,"Sertraline PK, Sertraline PK, Propranolol PK, - Time of",419
PK Blood Draw - Sertraline,"Sertraline PK, Sertraline PK, Propranolol PK, - Collection",419
PK Blood Draw - Sertraline,"Sertraline PK, Sertraline PK, Propranolol PK, - Barcode",419
PK Blood Draw - Sertraline,"Sertraline PK, Sertraline PK, Propranolol PK, - Number",419
PK Blood Draw - Sertraline,"Sertraline PK, Sertraline PK, Propranolol PK, - Backup",419
PK Blood Draw - Sertraline,Prazosin PK)] - Sample Status,419
PK Blood Draw - Sertraline,Prazosin PK)] - Time of,419
PK Blood Draw - Sertraline,Prazosin PK)] - Collection,419
PK Blood Draw - Sertraline,Prazosin PK)] - Barcode,419
PK Blood Draw - Sertraline,Prazosin PK)] - Number,419
PK Blood Draw - Sertraline,Prazosin PK)] - Backup,419
PK Blood Draw - Sertraline,Sertraline PK - Sample Status,419
PK Blood Draw - Sertraline,Sertraline PK - Time of,419
PK Blood Draw - Sertraline,Sertraline PK - Collection,419
PK Blood Draw - Sertraline,Sertraline PK - Barcode,419
PK Blood Draw - Sertraline,Sertraline PK - Number,419
PK Blood Draw - Sertraline,Sertraline PK - Backup,419
PK Blood Draw - Sertraline,Propranolol PK,419
PK Blood Draw - Prazosin,Was PK Collection Performed?,420
PK Blood Draw - Prazosin,"If not performed, Reason:",420
PK Blood Draw - Prazosin,Date of Collection,420
PK Blood Draw - Prazosin,Prazosin PK - Sample Status,421
PK Blood Draw - Prazosin,Prazosin PK - Time of,421
PK Blood Draw - Prazosin,Prazosin PK - Collection,421
PK Blood Draw - Prazosin,Prazosin PK - Barcode,421
PK Blood Draw - Prazosin,Prazosin PK - Number,421
PK Blood Draw - Prazosin,Prazosin PK - Backup,421
PK Blood Draw - Prazosin,"Sertraline PK, Sertraline PK, Propranolol PK, - Sample Status",421
PK Blood Draw - Prazosin,"Sertraline PK, Sertraline PK, Propranolol PK, - Time of",421
PK Blood Draw - Prazosin,"Sertraline PK, Sertraline PK, Propranolol PK, - Collection",421
PK Blood Draw - Prazosin,"Sertraline PK, Sertraline PK, Propranolol PK, - Barcode",421
PK Blood Draw - Prazosin,"Sertraline PK, Sertraline PK, Propranolol PK, - Number",421
PK Blood Draw - Prazosin,"Sertraline PK, Sertraline PK, Propranolol PK, - Backup",421
PK Blood Draw - Prazosin,Prazosin PK)] - Sample Status,421
PK Blood Draw - Prazosin,Prazosin PK)] - Time of,421
PK Blood Draw - Prazosin,Prazosin PK)] - Collection,421
PK Blood Draw - Prazosin,Prazosin PK)] - Barcode,421
PK Blood Draw - Prazosin,Prazosin PK)] - Number,421
PK Blood Draw - Prazosin,Prazosin PK)] - Backup,421
PK Blood Draw - Prazosin,Propranolol PK,421
PK Blood Draw - Prazosin,"Sertraline PK, Sertraline PK, Propranolol PK, - Sample Status",422
PK Blood Draw - Prazosin,"Sertraline PK, Sertraline PK, Propranolol PK, - Time of",422
PK Blood Draw - Prazosin,"Sertraline PK, Sertraline PK, Propranolol PK, - Collection",422
PK Blood Draw - Prazosin,"Sertraline PK, Sertraline PK, Propranolol PK, - Barcode",422
PK Blood Draw - Prazosin,"Sertraline PK, Sertraline PK, Propranolol PK, - Number",422
PK Blood Draw - Prazosin,"Sertraline PK, Sertraline PK, Propranolol PK, - Backup",422
PK Blood Draw - Prazosin,Prazosin PK)] - Sample Status,422
PK Blood Draw - Prazosin,Prazosin PK)] - Time of,422
PK Blood Draw - Prazosin,Prazosin PK)] - Collection,422
PK Blood Draw - Prazosin,Prazosin PK)] - Barcode,422
PK Blood Draw - Prazosin,Prazosin PK)] - Number,422
PK Blood Draw - Prazosin,Prazosin PK)] - Backup,422
PK Blood Draw - Prazosin,Prazosin PK - Sample Status,422
PK Blood Draw - Prazosin,Prazosin PK - Time of,422
PK Blood Draw - Prazosin,Prazosin PK - Collection,422
PK Blood Draw - Prazosin,Prazosin PK - Barcode,422
PK Blood Draw - Prazosin,Prazosin PK - Number,422
PK Blood Draw - Prazosin,Prazosin PK - Backup,422
PK Blood Draw - Prazosin,Propranolol PK,422
PK Blood Draw - Prazosin,"Sertraline PK, Sertraline PK, Propranolol PK, - Sample Status",423
PK Blood Draw - Prazosin,"Sertraline PK, Sertraline PK, Propranolol PK, - Time of",423
PK Blood Draw - Prazosin,"Sertraline PK, Sertraline PK, Propranolol PK, - Collection",423
PK Blood Draw - Prazosin,"Sertraline PK, Sertraline PK, Propranolol PK, - Barcode",423
PK Blood Draw - Prazosin,"Sertraline PK, Sertraline PK, Propranolol PK, - Number",423
PK Blood Draw - Prazosin,"Sertraline PK, Sertraline PK, Propranolol PK, - Backup",423
PK Blood Draw - Prazosin,Prazosin PK)] - Sample Status,423
PK Blood Draw - Prazosin,Prazosin PK)] - Time of,423
PK Blood Draw - Prazosin,Prazosin PK)] - Collection,423
PK Blood Draw - Prazosin,Prazosin PK)] - Barcode,423
PK Blood Draw - Prazosin,Prazosin PK)] - Number,423
PK Blood Draw - Prazosin,Prazosin PK)] - Backup,423
PK Blood Draw - Prazosin,Prazosin PK - Sample Status,423
PK Blood Draw - Prazosin,Prazosin PK - Time of,423
PK Blood Draw - Prazosin,Prazosin PK - Collection,423
PK Blood Draw - Prazosin,Prazosin PK - Barcode,423
PK Blood Draw - Prazosin,Prazosin PK - Number,423
PK Blood Draw - Prazosin,Prazosin PK - Backup,423
PK Blood Draw - Prazosin,Propranolol PK,423
Triplicate Orthostatic BP and HR - 1h Postdose,Were Vital Signs Collected?,424
Triplicate Orthostatic BP and HR - 1h Postdose,"If not collected, reason:",424
Triplicate Orthostatic BP and HR - 1h Postdose,Collection Date,424
Triplicate Orthostatic BP and HR - 1h Postdose,Planned Timepoint,424
Triplicate Orthostatic BP and HR - 1h Postdose,Time Placed in Position,425
Triplicate Orthostatic BP and HR - 1h Postdose,Time of Vitals Measurement #1,425
Triplicate Orthostatic BP and HR - 1h Postdose,Time of Vitals Measurement #2,425
Triplicate Orthostatic BP and HR - 1h Postdose,Time of Vitals Measurement #3,425
Triplicate Orthostatic BP and HR - 1h Postdose,Time of Vitals Measurement #1,426
Triplicate Orthostatic BP and HR - 1h Postdose,Time of Vitals Measurement #2,426
Triplicate Orthostatic BP and HR - 1h Postdose,Time of Vitals Measurement #3,426
Triplicate Orthostatic BP and HR - 1.5h Postdose,Were Vital Signs Collected?,427
Triplicate Orthostatic BP and HR - 1.5h Postdose,"If not collected, reason:",427
Triplicate Orthostatic BP and HR - 1.5h Postdose,Collection Date,427
Triplicate Orthostatic BP and HR - 1.5h Postdose,Planned Timepoint,427
Triplicate Orthostatic BP and HR - 1.5h Postdose,Time Placed in Position,428
Triplicate Orthostatic BP and HR - 1.5h Postdose,Time of Vitals Measurement #1,428
Triplicate Orthostatic BP and HR - 1.5h Postdose,Time of Vitals Measurement #2,428
Triplicate Orthostatic BP and HR - 1.5h Postdose,Time of Vitals Measurement #3,428
Triplicate Orthostatic BP and HR - 1.5h Postdose,Time of Vitals Measurement #1,429
Triplicate Orthostatic BP and HR - 1.5h Postdose,Time of Vitals Measurement #2,429
Triplicate Orthostatic BP and HR - 1.5h Postdose,Time of Vitals Measurement #3,429
Triplicate Orthostatic BP and HR - 2h Postdose,Were Vital Signs Collected?,430
Triplicate Orthostatic BP and HR - 2h Postdose,"If not collected, reason:",430
Triplicate Orthostatic BP and HR - 2h Postdose,Collection Date,430
Triplicate Orthostatic BP and HR - 2h Postdose,Planned Timepoint,430
Triplicate Orthostatic BP and HR - 2h Postdose,Time Placed in Position,431
Triplicate Orthostatic BP and HR - 2h Postdose,Time of Vitals Measurement #1,431
Triplicate Orthostatic BP and HR - 2h Postdose,Time of Vitals Measurement #2,431
Triplicate Orthostatic BP and HR - 2h Postdose,Time of Vitals Measurement #3,431
Triplicate Orthostatic BP and HR - 2h Postdose,Time of Vitals Measurement #1,432
Triplicate Orthostatic BP and HR - 2h Postdose,Time of Vitals Measurement #2,432
Triplicate Orthostatic BP and HR - 2h Postdose,Time of Vitals Measurement #3,432
Triplicate Orthostatic BP and HR - 2.5h Postdose,Were Vital Signs Collected?,433
Triplicate Orthostatic BP and HR - 2.5h Postdose,"If not collected, reason:",433
Triplicate Orthostatic BP and HR - 2.5h Postdose,Collection Date,433
Triplicate Orthostatic BP and HR - 2.5h Postdose,Planned Timepoint,433
Triplicate Orthostatic BP and HR - 2.5h Postdose,Time Placed in Position,434
Triplicate Orthostatic BP and HR - 2.5h Postdose,Time of Vitals Measurement #1,434
Triplicate Orthostatic BP and HR - 2.5h Postdose,Time of Vitals Measurement #2,434
Triplicate Orthostatic BP and HR - 2.5h Postdose,Time of Vitals Measurement #3,434
Triplicate Orthostatic BP and HR - 2.5h Postdose,Time of Vitals Measurement #1,435
Triplicate Orthostatic BP and HR - 2.5h Postdose,Time of Vitals Measurement #2,435
Triplicate Orthostatic BP and HR - 2.5h Postdose,Time of Vitals Measurement #3,435
Triplicate Orthostatic BP and HR - 3h Postdose,Were Vital Signs Collected?,436
Triplicate Orthostatic BP and HR - 3h Postdose,"If not collected, reason:",436
Triplicate Orthostatic BP and HR - 3h Postdose,Collection Date,436
Triplicate Orthostatic BP and HR - 3h Postdose,Planned Timepoint,436
Triplicate Orthostatic BP and HR - 3h Postdose,Time Placed in Position,437
Triplicate Orthostatic BP and HR - 3h Postdose,Time of Vitals Measurement #1,437
Triplicate Orthostatic BP and HR - 3h Postdose,Time of Vitals Measurement #2,437
Triplicate Orthostatic BP and HR - 3h Postdose,Time of Vitals Measurement #3,437
Triplicate Orthostatic BP and HR - 3h Postdose,Time of Vitals Measurement #1,438
Triplicate Orthostatic BP and HR - 3h Postdose,Time of Vitals Measurement #2,438
Triplicate Orthostatic BP and HR - 3h Postdose,Time of Vitals Measurement #3,438
Triplicate Orthostatic BP and HR - 4h Postdose,Were Vital Signs Collected?,439
Triplicate Orthostatic BP and HR - 4h Postdose,"If not collected, reason:",439
Triplicate Orthostatic BP and HR - 4h Postdose,Collection Date,439
Triplicate Orthostatic BP and HR - 4h Postdose,Planned Timepoint,439
Triplicate Orthostatic BP and HR - 4h Postdose,Time Placed in Position,440
Triplicate Orthostatic BP and HR - 4h Postdose,Time of Vitals Measurement #1,440
Triplicate Orthostatic BP and HR - 4h Postdose,Time of Vitals Measurement #2,440
Triplicate Orthostatic BP and HR - 4h Postdose,Time of Vitals Measurement #3,440
Triplicate Orthostatic BP and HR - 4h Postdose,Time of Vitals Measurement #1,441
Triplicate Orthostatic BP and HR - 4h Postdose,Time of Vitals Measurement #2,441
Triplicate Orthostatic BP and HR - 4h Postdose,Time of Vitals Measurement #3,441
Triplicate Orthostatic BP and HR - 6h Postdose,Were Vital Signs Collected?,442
Triplicate Orthostatic BP and HR - 6h Postdose,"If not collected, reason:",442
Triplicate Orthostatic BP and HR - 6h Postdose,Collection Date,442
Triplicate Orthostatic BP and HR - 6h Postdose,Planned Timepoint,442
Triplicate Orthostatic BP and HR - 6h Postdose,Time Placed in Position,443
Triplicate Orthostatic BP and HR - 6h Postdose,Time of Vitals Measurement #1,443
Triplicate Orthostatic BP and HR - 6h Postdose,Time of Vitals Measurement #2,443
Triplicate Orthostatic BP and HR - 6h Postdose,Time of Vitals Measurement #3,443
Triplicate Orthostatic BP and HR - 6h Postdose,Time of Vitals Measurement #1,444
Triplicate Orthostatic BP and HR - 6h Postdose,Time of Vitals Measurement #2,444
Triplicate Orthostatic BP and HR - 6h Postdose,Time of Vitals Measurement #3,444
Triplicate Orthostatic BP and HR - 8h Postdose,Were Vital Signs Collected?,445
Triplicate Orthostatic BP and HR - 8h Postdose,"If not collected, reason:",445
Triplicate Orthostatic BP and HR - 8h Postdose,Collection Date,445
Triplicate Orthostatic BP and HR - 8h Postdose,Planned Timepoint,445
Triplicate Orthostatic BP and HR - 8h Postdose,Time Placed in Position,446
Triplicate Orthostatic BP and HR - 8h Postdose,Time of Vitals Measurement #1,446
Triplicate Orthostatic BP and HR - 8h Postdose,Time of Vitals Measurement #2,446
Triplicate Orthostatic BP and HR - 8h Postdose,Time of Vitals Measurement #3,446
Triplicate Orthostatic BP and HR - 8h Postdose,Time of Vitals Measurement #1,447
Triplicate Orthostatic BP and HR - 8h Postdose,Time of Vitals Measurement #2,447
Triplicate Orthostatic BP and HR - 8h Postdose,Time of Vitals Measurement #3,447
Visit Date,Skip to next visit,448
Visit Date,Skip to Early Termination visit,448
AE and CM prompt,Has the subject had any changes to their health since previous visit?,450
AE and CM prompt,Are there any changes in concomitant medications including dose changes to be reported?,450
Body Temperature and Respiratory Rate - Predose,Were Vital Signs Collected?,452
Body Temperature and Respiratory Rate - Predose,"If not collected, reason:",452
Body Temperature and Respiratory Rate - Predose,Collection Date,452
Body Temperature and Respiratory Rate - Predose,Planned Timepoint,452
Body Temperature and Respiratory Rate - Predose,Respiratory Rate (breaths/min),453
Body Temperature and Respiratory Rate - Predose,Body Temperature (celsius),453
Triplicate Orthostatic BP and HR - Predose,Were Vital Signs Collected?,454
Triplicate Orthostatic BP and HR - Predose,"If not collected, reason:",454
Triplicate Orthostatic BP and HR - Predose,Collection Date,454
Triplicate Orthostatic BP and HR - Predose,Planned Timepoint,454
Triplicate Orthostatic BP and HR - Predose,Time Placed in Position,455
Triplicate Orthostatic BP and HR - Predose,Time of Vitals Measurement #1,455
Triplicate Orthostatic BP and HR - Predose,Time of Vitals Measurement #2,455
Triplicate Orthostatic BP and HR - Predose,Time of Vitals Measurement #3,455
Triplicate Orthostatic BP and HR - Predose,Time of Vitals Measurement #1,456
Triplicate Orthostatic BP and HR - Predose,Time of Vitals Measurement #2,456
Triplicate Orthostatic BP and HR - Predose,Time of Vitals Measurement #3,456
12-lead ECG - Discharge,Was 12 Lead ECG Performed?,457
12-lead ECG - Discharge,"If no, Reason not done",457
12-lead ECG - Discharge,Time subject became supine:,457
12-lead ECG - Discharge,Time of ECG assessment,457
12-lead ECG - Discharge,Not Evaluable,458
12-lead ECG - Discharge,Abnormal Findings,458
12-lead ECG - Discharge,Was the ECG abnormality clinically significant?,458
12-lead ECG - Discharge,Are additional ECG assessments required?,458
Clinical Laboratory Assessments,Hematology - Status,460
Clinical Laboratory Assessments,Hematology - Reason not done,460
Clinical Laboratory Assessments,Hematology - Date of Collection,460
Clinical Laboratory Assessments,Hematology - Time of Collection,460
Clinical Laboratory Assessments,Hematology - Barcode Number,460
Clinical Laboratory Assessments,Chemistry - Status,460
Clinical Laboratory Assessments,Chemistry - Reason not done,460
Clinical Laboratory Assessments,Chemistry - Date of Collection,460
Clinical Laboratory Assessments,Chemistry - Time of Collection,460
Clinical Laboratory Assessments,Chemistry - Barcode Number,460
Clinical Laboratory Assessments,Reason not done,460
Clinical Laboratory Assessments,Date of Collection,460
Clinical Laboratory Assessments,Time of Collection,460
Clinical Laboratory Assessments,Barcode Number,460
Clinical Laboratory Assessments,Status,461
Clinical Laboratory Assessments,Reason not done,461
Clinical Laboratory Assessments,Date of Collection,461
Clinical Laboratory Assessments,Time of Collection,461
Clinical Laboratory Assessments,Barcode Number,461
Laboratory results review,Laboratory collection date,462
Laboratory results review,Laboratory results review date,462
Laboratory results review,Has the investigator reviewed all laboratory results from this visit and assessed abnormal results clinical significance?,462
Laboratory results review,Were there any clinically significant abnormal results?,462
Laboratory results review,Were there any clinically significant abnormal chemistry results?,462
Laboratory results review,Urea nitrogen,464
Laboratory results review,Chemistry abnormal assay # 1 Investigator comment,464
Laboratory results review,Urea nitrogen,465
Laboratory results review,Chemistry abnormal assay # 2 Investigator comment,465
Laboratory results review,Urea nitrogen,466
Laboratory results review,Urea nitrogen,468
Laboratory results review,Chemistry abnormal assay # 4 Investigator comment,468
Laboratory results review,Urea nitrogen,469
Laboratory results review,Chemistry abnormal assay # 5 Investigator comment,469
Laboratory results review,Are there any additional clinically significant abnormal chemistry results to be entered?,469
Laboratory results review,Were there any clinically significant abnormal hematology results?,470
Laboratory results review,Glycated Hemoglobin,470
Laboratory results review,Hematology abnormal assay # 1 Investigator comment,470
Laboratory results review,Glycated Hemoglobin,471
Laboratory results review,Hematology abnormal assay # 2 Investigator comment,471
Laboratory results review,Hematology abnormal assay # 3 Investigator comment,471
Laboratory results review,Glycated Hemoglobin,472
Laboratory results review,Hematology abnormal assay # 4 Investigator comment,472
Laboratory results review,Glycated Hemoglobin,473
Laboratory results review,Hematology abnormal assay # 5 Investigator comment,473
Laboratory results review,Are there any additional clinically significant abnormal hematology results to be entered?,473
Laboratory results review,Were there any clinically significant abnormal urinalysis results?,473
Laboratory results review,Urinalysis abnormal assay # 1 Investigator comment,474
Laboratory results review,Urinalysis abnormal assay # 2 Investigator comment,475
Laboratory results review,Urinalysis clinically significant abnormal assay # 3,475
Laboratory results review,Urinalysis abnormal assay # 3 Investigator comment,476
Laboratory results review,Urinalysis abnormal assay # 4 Investigator comment,476
Laboratory results review,Urinalysis abnormal assay # 5 Investigator comment,477
Laboratory results review,Are there additional urinalysis clinically significant abnormal results to be entered?,477
Laboratory results review,Investigator`s signature for Local Laboratory Results Review,478
C-SSRS since last visit - Page 1,Was the questionnaire administered?,481
C-SSRS since last visit - Page 1,Date of completion,481
C-SSRS since last visit - Page 1,Rater's initials,481
C-SSRS since last visit - Page 1,1. Wish to be dead - Row 1,482
C-SSRS since last visit - Page 1,1. Wish to be dead - Since Last Visit,482
C-SSRS since last visit - Page 1,"Subject endorses thoughts about a wish to be dead or not alive anymore, or wish to fall asleep and not wake up. - Row 1",482
C-SSRS since last visit - Page 1,"Subject endorses thoughts about a wish to be dead or not alive anymore, or wish to fall asleep and not wake up. - Since Last Visit",482
C-SSRS since last visit - Page 1,Have you wished you were dead or wished you could go to sleep and not wake up? - Row 1,482
C-SSRS since last visit - Page 1,Have you wished you were dead or wished you could go to sleep and not wake up? - Since Last Visit,482
C-SSRS since last visit - Page 1,"If Yes, describe - Row 1",482
C-SSRS since last visit - Page 1,"If Yes, describe - Since Last Visit",482
C-SSRS since last visit - Page 1,2. Non-specific active suicidal thoughts - Row 1,482
C-SSRS since last visit - Page 1,2. Non-specific active suicidal thoughts - Since Last Visit,482
C-SSRS since last visit - Page 1,"General non-specific thoughts of wanting to end one's life/commit suicide (e.g. ""I've thought about killing myself"") - Row 1",482
C-SSRS since last visit - Page 1,"General non-specific thoughts of wanting to end one's life/commit suicide (e.g. ""I've thought about killing myself"") - Since Last Visit",482
C-SSRS since last visit - Page 1,"without thoughts of way to kill oneself/associated methods,intent or plan during the assessment period. - Row 1",482
C-SSRS since last visit - Page 1,"without thoughts of way to kill oneself/associated methods,intent or plan during the assessment period. - Since Last Visit",482
C-SSRS since last visit - Page 1,Have you actually had any thoughts of killing yourself? - Row 1,482
C-SSRS since last visit - Page 1,Have you actually had any thoughts of killing yourself? - Since Last Visit,482
C-SSRS since last visit - Page 1,"Subject endorses thoughts about a wish to be dead or not alive anymore, or wish to fall asleep and not wake up.",482
C-SSRS since last visit - Page 1,"If Yes, describe",482
C-SSRS since last visit - Page 1,"General non-specific thoughts of wanting to end one's life/commit suicide (e.g. ""I've thought about killing myself"")",482
C-SSRS since last visit - Page 1,"If Yes, describe - Since Last Visit",483
C-SSRS since last visit - Page 1,3. Active suicidal ideation with any methods (not plan) without intent to act - Since Last Visit,483
C-SSRS since last visit - Page 1,Subject endorses thoughts of suicide and has thought of at least one method during the assessment period. This is - Since Last Visit,483
C-SSRS since last visit - Page 1,"different than a specific plan with a time, place or method details worked out (e.g. thought of method to kill self but - Since Last Visit",483
C-SSRS since last visit - Page 1,"not a specific plan). Includes a person who would say: ""I thought about taking an overdose but i never made a specific - Since Last Visit",483
C-SSRS since last visit - Page 1,"plan as to when, where or how I would actually do it. . . and I would never go through with it"" - Since Last Visit",483
C-SSRS since last visit - Page 1,Have you been thinking about how you might do this? - Since Last Visit,483
C-SSRS since last visit - Page 1,"4. Active suicidal ideation with some intent to act, without specific plan - Since Last Visit",483
C-SSRS since last visit - Page 1,"If Yes, describe",483
C-SSRS since last visit - Page 1,Subject endorses thoughts of suicide and has thought of at least one method during the assessment period. This is,483
C-SSRS since last visit - Page 1,"Active suicidal thoughts of killing oneself and subject reports having some intent to act on such thoughts, as opposed - Since Last Visit",484
C-SSRS since last visit - Page 1,"to ""I have thoughts but I definitely will not do anything about them"" - Since Last Visit",484
C-SSRS since last visit - Page 1,Have you had these thoughts and had some intention of acting on them? - Since Last Visit,484
C-SSRS since last visit - Page 1,"If Yes, describe - Since Last Visit",484
C-SSRS since last visit - Page 1,5. Active suicidal ideation with specific plan and intent - Since Last Visit,484
C-SSRS since last visit - Page 1,Thoughts of killing oneself with detail of plan fully or partially worked out and subject has some intent to carry it out. - Since Last Visit,484
C-SSRS since last visit - Page 1,Have you started to work out or worked out the details of how to kill yourself? Do you intend to carry out this plan? - Since Last Visit,484
C-SSRS since last visit - Page 1,"If Yes, describe",484
C-SSRS since last visit - Page 1,Thoughts of killing oneself with detail of plan fully or partially worked out and subject has some intent to carry it out.,484
C-SSRS since last visit - Page 2,"The following features should be rated with respect to the most severe type of ideation (i.e. 1-5 from above, with 1 - Row 1",486
C-SSRS since last visit - Page 2,"The following features should be rated with respect to the most severe type of ideation (i.e. 1-5 from above, with 1 - Since Last Visit",486
C-SSRS since last visit - Page 2,being the least severe and 5 being the most severe). Ask about time he/she was feeling the most suicidal. - Row 1,486
C-SSRS since last visit - Page 2,being the least severe and 5 being the most severe). Ask about time he/she was feeling the most suicidal. - Since Last Visit,486
C-SSRS since last visit - Page 2,Most severe ideation - Row 1,486
C-SSRS since last visit - Page 2,Most severe ideation - Since Last Visit,486
C-SSRS since last visit - Page 2,Description of Ideation - Row 1,486
C-SSRS since last visit - Page 2,Description of Ideation - Since Last Visit,486
C-SSRS since last visit - Page 2,(5) Active suicidal ideation w/ specific plan and intent,486
C-SSRS since last visit - Page 2,Description of Ideation,486
C-SSRS since last visit - Page 2,Frequency - Since Last Visit,487
C-SSRS since last visit - Page 2,How many times have you had these thoughts? - Since Last Visit,487
C-SSRS since last visit - Page 2,Duration - Since Last Visit,487
C-SSRS since last visit - Page 2,"When you have the thoughts, how long do they last? - Since Last Visit",487
C-SSRS since last visit - Page 2,Controllability - Since Last Visit,487
C-SSRS since last visit - Page 2,How many times have you had these thoughts?,487
C-SSRS since last visit - Page 2,"When you have the thoughts, how long do they last?",487
C-SSRS since last visit - Page 2,Could/can you stop thinking about killing yourself or wanting to die if you want to? - Since Last Visit,488
C-SSRS since last visit - Page 2,Could/can you stop thinking about killing yourself or wanting to die if you want to? - (1) Easily able to control thoughts,488
C-SSRS since last visit - Page 2,Deterrents - Since Last Visit,488
C-SSRS since last visit - Page 2,Deterrents - (1) Easily able to control thoughts,488
C-SSRS since last visit - Page 2,Are there things - anyone or anything - that stopped you from wanting to die or acting on thoughts of committing - Since Last Visit,488
C-SSRS since last visit - Page 2,Are there things - anyone or anything - that stopped you from wanting to die or acting on thoughts of committing - (1) Easily able to control thoughts,488
C-SSRS since last visit - Page 2,suicide? - Since Last Visit,488
C-SSRS since last visit - Page 2,suicide? - (1) Easily able to control thoughts,488
C-SSRS since last visit - Page 2,(0) Does not attempt to control thoughts,488
C-SSRS since last visit - Page 2,(0) Does not apply,488
C-SSRS since last visit - Page 2,Reasons for Ideation - Since Last Visit,489
C-SSRS since last visit - Page 2,What sort of reasons did you have for thinking about wanting to die or killing yourself? Was it to end the pain or - Since Last Visit,489
C-SSRS since last visit - Page 2,stop the way you were feeling (in other words you couldn't go on living with this pain or how you were feeling) or - Since Last Visit,489
C-SSRS since last visit - Page 2,"was it to get attention, revenge or a reaction from others? or both? - Since Last Visit",489
C-SSRS since last visit - Page 2,(0) Does not apply,489
C-SSRS since last visit - Page 2,Since Last Visit,490
C-SSRS since last visit - Page 3,Actual attempt: - Row 1,492
C-SSRS since last visit - Page 3,Actual attempt: - Since Last Visit,492
C-SSRS since last visit - Page 3,"A potentially self-injurious act committed with at least some wish to die, as a result of act. Behaviour was in part thought of as method to - Row 1",492
C-SSRS since last visit - Page 3,"A potentially self-injurious act committed with at least some wish to die, as a result of act. Behaviour was in part thought of as method to - Since Last Visit",492
C-SSRS since last visit - Page 3,"kill oneself. Intent does not have to be 100%. If there is any intent/desire to die associated with the act, then it can be considered an actual - Row 1",492
C-SSRS since last visit - Page 3,"kill oneself. Intent does not have to be 100%. If there is any intent/desire to die associated with the act, then it can be considered an actual - Since Last Visit",492
C-SSRS since last visit - Page 3,"suicide attempt. There does not have to be any injury or harm, just the potential for injury or harm. If a person pulls the trigger while gun - Row 1",492
C-SSRS since last visit - Page 3,"suicide attempt. There does not have to be any injury or harm, just the potential for injury or harm. If a person pulls the trigger while gun - Since Last Visit",492
C-SSRS since last visit - Page 3,"is in mouth but gun is broken so no injury results, this is considered an attempt. - Row 1",492
C-SSRS since last visit - Page 3,"is in mouth but gun is broken so no injury results, this is considered an attempt. - Since Last Visit",492
C-SSRS since last visit - Page 3,"Inferring Intent: even if an individual denies intent/wish to die, it may be inferred clinically from the behaviour or circumstances. For - Row 1",492
C-SSRS since last visit - Page 3,"Inferring Intent: even if an individual denies intent/wish to die, it may be inferred clinically from the behaviour or circumstances. For - Since Last Visit",492
C-SSRS since last visit - Page 3,"example, a highly lethal act that is clearly not an accident so no other intent but suicide can be inferred (e.g. gunshot to the head, jumping - Row 1",492
C-SSRS since last visit - Page 3,"example, a highly lethal act that is clearly not an accident so no other intent but suicide can be inferred (e.g. gunshot to the head, jumping - Since Last Visit",492
C-SSRS since last visit - Page 3,"from window of a high floor/story). Also, if someone denies intent to die, but they thought that what they did could be lethal, intent may - Row 1",492
C-SSRS since last visit - Page 3,"from window of a high floor/story). Also, if someone denies intent to die, but they thought that what they did could be lethal, intent may - Since Last Visit",492
C-SSRS since last visit - Page 3,be inferred. - Row 1,492
C-SSRS since last visit - Page 3,be inferred. - Since Last Visit,492
C-SSRS since last visit - Page 3,Have you made a suicide attempt? - Row 1,492
C-SSRS since last visit - Page 3,Have you made a suicide attempt? - Since Last Visit,492
C-SSRS since last visit - Page 3,Have you done anything to harm yourself? - Row 1,492
C-SSRS since last visit - Page 3,Have you done anything to harm yourself? - Since Last Visit,492
C-SSRS since last visit - Page 3,Have you done anything dangerous where you could have died? - Row 1,492
C-SSRS since last visit - Page 3,Have you done anything dangerous where you could have died? - Since Last Visit,492
C-SSRS since last visit - Page 3,What did you do? - Row 1,492
C-SSRS since last visit - Page 3,What did you do? - Since Last Visit,492
C-SSRS since last visit - Page 3,Did you ______ as a way to end your life? - Row 1,492
C-SSRS since last visit - Page 3,Did you ______ as a way to end your life? - Since Last Visit,492
C-SSRS since last visit - Page 3,Did you want to die (even a little) when you ____? - Row 1,492
C-SSRS since last visit - Page 3,Did you want to die (even a little) when you ____? - Since Last Visit,492
C-SSRS since last visit - Page 3,Were trying to end your life when you ____? - Row 1,492
C-SSRS since last visit - Page 3,Were trying to end your life when you ____? - Since Last Visit,492
C-SSRS since last visit - Page 3,Or did you think it was possible you could have died from ____? - Row 1,492
C-SSRS since last visit - Page 3,Or did you think it was possible you could have died from ____? - Since Last Visit,492
C-SSRS since last visit - Page 3,Actual attempt:,492
C-SSRS since last visit - Page 3,"Or did you do it purely for other reasons/without ANY intention of killing yourself (like to relieve stress, feel better, get sympathy, or - Since Last Visit",493
C-SSRS since last visit - Page 3,get something else to happen? (Self-Injurious Behavior without suicidal intent) - Since Last Visit,493
C-SSRS since last visit - Page 3,"If Yes, Total number of attempts - Since Last Visit",493
C-SSRS since last visit - Page 3,"If Yes, describe - Since Last Visit",493
C-SSRS since last visit - Page 3,Has subject engaged in Non-Suicidal self-injurious behavior? - Since Last Visit,493
C-SSRS since last visit - Page 3,"If Yes, Total number of attempts",493
C-SSRS since last visit - Page 3,"If Yes, describe",493
C-SSRS since last visit - Page 3,Has subject engaged in Non-Suicidal self-injurious behavior?,493
C-SSRS since last visit - Page 3,Interrupted attempt: - Since Last Visit,494
C-SSRS since last visit - Page 3,"When the person is interrupted (by an outside circumstance) from starting the potentially self-injurious act (if not for that, actual attempt - Since Last Visit",494
C-SSRS since last visit - Page 3,would have occurred). - Since Last Visit,494
C-SSRS since last visit - Page 3,Has there been a time when you started to do something to end your life but someone or something stopped you before you actually did - Since Last Visit,494
C-SSRS since last visit - Page 3,anything? - Since Last Visit,494
C-SSRS since last visit - Page 3,"If Yes, Total number of interrupted attempts - Since Last Visit",494
C-SSRS since last visit - Page 3,"If Yes, describe - Since Last Visit",494
C-SSRS since last visit - Page 3,Interrupted attempt:,494
C-SSRS since last visit - Page 3,"If Yes, Total number of interrupted attempts",494
C-SSRS since last visit - Page 3,"If Yes, describe",494
C-SSRS since last visit - Page 3,Aborted attempt: - Row 8,495
C-SSRS since last visit - Page 3,Aborted attempt: - Since Last Visit,495
C-SSRS since last visit - Page 3,"When person begins to take steps toward making a suicide attempt, but stops themselves before they actually have engaged in any self - Row 8",495
C-SSRS since last visit - Page 3,"When person begins to take steps toward making a suicide attempt, but stops themselves before they actually have engaged in any self - Since Last Visit",495
C-SSRS since last visit - Page 3,"destructive behaviour. Examples are similar to interrupted attempts, except that the individual stops him/herself, instead of being stopped - Row 8",495
C-SSRS since last visit - Page 3,"destructive behaviour. Examples are similar to interrupted attempts, except that the individual stops him/herself, instead of being stopped - Since Last Visit",495
C-SSRS since last visit - Page 3,by something else. - Row 8,495
C-SSRS since last visit - Page 3,by something else. - Since Last Visit,495
C-SSRS since last visit - Page 3,Has there been a time when you started to do something to try to end your life but you stopped yourself before you actually did - Row 8,495
C-SSRS since last visit - Page 3,Has there been a time when you started to do something to try to end your life but you stopped yourself before you actually did - Since Last Visit,495
C-SSRS since last visit - Page 3,anything? - Row 8,495
C-SSRS since last visit - Page 3,anything? - Since Last Visit,495
C-SSRS since last visit - Page 3,"If Yes, Total number of aborted attempts - Row 8",495
C-SSRS since last visit - Page 3,"If Yes, Total number of aborted attempts - Since Last Visit",495
C-SSRS since last visit - Page 3,"If Yes, describe - Row 8",495
C-SSRS since last visit - Page 3,"If Yes, describe - Since Last Visit",495
C-SSRS since last visit - Page 3,Aborted attempt:,495
C-SSRS since last visit - Page 3,"If Yes, Total number of aborted attempts",495
C-SSRS since last visit - Page 3,"If Yes, describe",495
C-SSRS since last visit - Page 3,Preparatory acts or behavior: - Since Last Visit,496
C-SSRS since last visit - Page 3,Acts or preparation towards imminently making a suicide attempt. This can include anything beyond a verbalization or thought such as - Since Last Visit,496
C-SSRS since last visit - Page 3,"assembling a specific method (e.g., buying pills, purchasing a gun) or preparing for one's death by suicide (e.g., giving things away, - Since Last Visit",496
C-SSRS since last visit - Page 3,writing a suicide note) - Since Last Visit,496
C-SSRS since last visit - Page 3,"Have you taken any step towards making a suicide attempt or preparing to kill yourself (such as collecting pills, getting a gun, giving - Since Last Visit",496
C-SSRS since last visit - Page 3,valuables away or writing a suicide note?) - Since Last Visit,496
C-SSRS since last visit - Page 3,"If Yes, describe - Since Last Visit",496
C-SSRS since last visit - Page 3,Suicidal behavior: - Since Last Visit,496
C-SSRS since last visit - Page 3,Suicidal behavior was present during the assessment period? - Since Last Visit,496
C-SSRS since last visit - Page 3,Suicide: - Since Last Visit,496
C-SSRS since last visit - Page 3,Preparatory acts or behavior:,496
C-SSRS since last visit - Page 3,"If Yes, describe",496
C-SSRS since last visit - Page 3,Suicidal behavior:,496
C-SSRS since last visit - Page 3,Suicide:,496
C-SSRS since last visit - Page 3,Since Last Visit,497
C-SSRS since last visit - Page 4,Date of Attempt - Row 1,499
C-SSRS since last visit - Page 4,Date of Attempt - Most Lethal Attempt,499
C-SSRS since last visit - Page 4,Actual Lethality/Medical Damage: - Row 1,499
C-SSRS since last visit - Page 4,Actual Lethality/Medical Damage: - Most Lethal Attempt,499
C-SSRS since last visit - Page 4,\0.\ No physical damage or very minor physical damage (e.g. surface scratches) \1.\ Minor physical damage (e.g. - Row 1,499
C-SSRS since last visit - Page 4,\0.\ No physical damage or very minor physical damage (e.g. surface scratches) \1.\ Minor physical damage (e.g. - Most Lethal Attempt,499
C-SSRS since last visit - Page 4,"lethargic speech, first-degree burns, mild bleeding, sprains) \2.\ Moderate physical damage; medical attention needed - Row 1",499
C-SSRS since last visit - Page 4,"lethargic speech, first-degree burns, mild bleeding, sprains) \2.\ Moderate physical damage; medical attention needed - Most Lethal Attempt",499
C-SSRS since last visit - Page 4,"(e.g. conscious but sleepy; somewhat responsive, second-degree burns; bleeding of major vessel \3.\ Moderately - Row 1",499
C-SSRS since last visit - Page 4,"(e.g. conscious but sleepy; somewhat responsive, second-degree burns; bleeding of major vessel \3.\ Moderately - Most Lethal Attempt",499
C-SSRS since last visit - Page 4,severe physical damage; medical hospitalization and likely intensive care required (e.g. comatose with reflexes intact; - Row 1,499
C-SSRS since last visit - Page 4,severe physical damage; medical hospitalization and likely intensive care required (e.g. comatose with reflexes intact; - Most Lethal Attempt,499
C-SSRS since last visit - Page 4,"third-degree burns less than 20% of body; extensive blood loss but can recover, major fractures) \4.\ Severe physical - Row 1",499
C-SSRS since last visit - Page 4,"third-degree burns less than 20% of body; extensive blood loss but can recover, major fractures) \4.\ Severe physical - Most Lethal Attempt",499
C-SSRS since last visit - Page 4,damage; medical hospitalization with intensive care required (e.g. comatose without reflexes; third-degree burns over - Row 1,499
C-SSRS since last visit - Page 4,damage; medical hospitalization with intensive care required (e.g. comatose without reflexes; third-degree burns over - Most Lethal Attempt,499
C-SSRS since last visit - Page 4,20% of the body; extensive blood loss with unstable vital signs; major damage to a vital area \5.\ Death - Row 1,499
C-SSRS since last visit - Page 4,20% of the body; extensive blood loss with unstable vital signs; major damage to a vital area \5.\ Death - Most Lethal Attempt,499
C-SSRS since last visit - Page 4,Potential Lethality: Only answer if Actual Lethality=0 - Row 1,499
C-SSRS since last visit - Page 4,Potential Lethality: Only answer if Actual Lethality=0 - Most Lethal Attempt,499
C-SSRS since last visit - Page 4,"Likely lethality of actual attempt if no medical damage (the following examples, while having no actual medical - Row 1",499
C-SSRS since last visit - Page 4,"Likely lethality of actual attempt if no medical damage (the following examples, while having no actual medical - Most Lethal Attempt",499
C-SSRS since last visit - Page 4,"damage, has potential for very serious lethality; put gun in mouth and pulled the trigger but gun fails to fire so no - Row 1",499
C-SSRS since last visit - Page 4,"damage, has potential for very serious lethality; put gun in mouth and pulled the trigger but gun fails to fire so no - Most Lethal Attempt",499
C-SSRS since last visit - Page 4,medical damage; laying on train tracks with oncoming train but pulled away before run over). - Row 1,499
C-SSRS since last visit - Page 4,medical damage; laying on train tracks with oncoming train but pulled away before run over). - Most Lethal Attempt,499
C-SSRS since last visit - Page 4,Date of Attempt,499
C-SSRS since last visit - Page 4,Actual Lethality/Medical Damage:,499
C-SSRS since last visit - Page 4,"Likely lethality of actual attempt if no medical damage (the following examples, while having no actual medical",499
C-SSRS since last visit - Page 4,\0.\ Behavior not likely to result in injury \1.\ Behavior like to result in injury but not likely to cause death \2.\ - Most Lethal Attempt,500
C-SSRS since last visit - Page 4,Behavior likely to result in death despite available medical care - Most Lethal Attempt,500
Water Restriction Start Prompt,Date subject started water restriction,501
Water Restriction Start Prompt,Time subject started water restriction,501
IMP Administration - Sertraline and Propranolol,Has subject been fasting (no food) for a minimum of 10 hours prior to the scheduled dosing?,503
IMP Administration - Sertraline and Propranolol,Was water restricted for 1 hour prior to dosing?,503
IMP Administration - Sertraline and Propranolol,Was Sertraline administered?,503
IMP Administration - Sertraline and Propranolol,"If no, reason",503
IMP Administration - Sertraline and Propranolol,Date of Administration,504
IMP Administration - Sertraline and Propranolol,Time of Administration,504
IMP Administration - Sertraline and Propranolol,Physician decision,504
IMP Administration - Sertraline and Propranolol,Dosing Comments (optional),504
Propranol Dose,Was Propranol administered?,505
Propranol Dose,"If no, reason",505
Propranol Dose,Date of Administration,505
Propranol Dose,Time of Administration,505
Propranol Dose,Physician decision,506
Propranol Dose,Was water restricted for 2 hours following dosing?,506
Propranol Dose,Dosing Comments (optional),506
Water Restriction End Prompt,Date subject ended water restriction,507
Water Restriction End Prompt,Time subject ended water restriction,507
PK Blood Draw - Sertraline,Was PK Collection Performed?,509
PK Blood Draw - Sertraline,"If not performed, Reason:",509
PK Blood Draw - Sertraline,Date of Collection,509
PK Blood Draw - Sertraline,Sertraline PK - Sample Status,510
PK Blood Draw - Sertraline,Sertraline PK - Time of,510
PK Blood Draw - Sertraline,Sertraline PK - Collection,510
PK Blood Draw - Sertraline,Sertraline PK - Barcode,510
PK Blood Draw - Sertraline,Sertraline PK - Number,510
PK Blood Draw - Sertraline,Sertraline PK - Backup,510
PK Blood Draw - Sertraline,"Sertraline PK, Sertraline PK, Propranolol PK, - Sample Status",510
PK Blood Draw - Sertraline,"Sertraline PK, Sertraline PK, Propranolol PK, - Time of",510
PK Blood Draw - Sertraline,"Sertraline PK, Sertraline PK, Propranolol PK, - Collection",510
PK Blood Draw - Sertraline,"Sertraline PK, Sertraline PK, Propranolol PK, - Barcode",510
PK Blood Draw - Sertraline,"Sertraline PK, Sertraline PK, Propranolol PK, - Number",510
PK Blood Draw - Sertraline,"Sertraline PK, Sertraline PK, Propranolol PK, - Backup",510
PK Blood Draw - Sertraline,Prazosin PK)] - Sample Status,510
PK Blood Draw - Sertraline,Prazosin PK)] - Time of,510
PK Blood Draw - Sertraline,Prazosin PK)] - Collection,510
PK Blood Draw - Sertraline,Prazosin PK)] - Barcode,510
PK Blood Draw - Sertraline,Prazosin PK)] - Number,510
PK Blood Draw - Sertraline,Prazosin PK)] - Backup,510
PK Blood Draw - Sertraline,Propranolol PK,510
PK Blood Draw - Sertraline,"Sertraline PK, Sertraline PK, Propranolol PK, - Sample Status",511
PK Blood Draw - Sertraline,"Sertraline PK, Sertraline PK, Propranolol PK, - Time of",511
PK Blood Draw - Sertraline,"Sertraline PK, Sertraline PK, Propranolol PK, - Collection",511
PK Blood Draw - Sertraline,"Sertraline PK, Sertraline PK, Propranolol PK, - Barcode",511
PK Blood Draw - Sertraline,"Sertraline PK, Sertraline PK, Propranolol PK, - Number",511
PK Blood Draw - Sertraline,"Sertraline PK, Sertraline PK, Propranolol PK, - Backup",511
PK Blood Draw - Sertraline,Prazosin PK)] - Sample Status,511
PK Blood Draw - Sertraline,Prazosin PK)] - Time of,511
PK Blood Draw - Sertraline,Prazosin PK)] - Collection,511
PK Blood Draw - Sertraline,Prazosin PK)] - Barcode,511
PK Blood Draw - Sertraline,Prazosin PK)] - Number,511
PK Blood Draw - Sertraline,Prazosin PK)] - Backup,511
PK Blood Draw - Sertraline,Sertraline PK - Sample Status,511
PK Blood Draw - Sertraline,Sertraline PK - Time of,511
PK Blood Draw - Sertraline,Sertraline PK - Collection,511
PK Blood Draw - Sertraline,Sertraline PK - Barcode,511
PK Blood Draw - Sertraline,Sertraline PK - Number,511
PK Blood Draw - Sertraline,Sertraline PK - Backup,511
PK Blood Draw - Sertraline,Propranolol PK,511
PK Blood Draw - Sertraline,"Sertraline PK, Sertraline PK, Propranolol PK, - Sample Status",512
PK Blood Draw - Sertraline,"Sertraline PK, Sertraline PK, Propranolol PK, - Time of",512
PK Blood Draw - Sertraline,"Sertraline PK, Sertraline PK, Propranolol PK, - Collection",512
PK Blood Draw - Sertraline,"Sertraline PK, Sertraline PK, Propranolol PK, - Barcode",512
PK Blood Draw - Sertraline,"Sertraline PK, Sertraline PK, Propranolol PK, - Number",512
PK Blood Draw - Sertraline,"Sertraline PK, Sertraline PK, Propranolol PK, - Backup",512
PK Blood Draw - Sertraline,Prazosin PK)] - Sample Status,512
PK Blood Draw - Sertraline,Prazosin PK)] - Time of,512
PK Blood Draw - Sertraline,Prazosin PK)] - Collection,512
PK Blood Draw - Sertraline,Prazosin PK)] - Barcode,512
PK Blood Draw - Sertraline,Prazosin PK)] - Number,512
PK Blood Draw - Sertraline,Prazosin PK)] - Backup,512
PK Blood Draw - Sertraline,Sertraline PK - Sample Status,512
PK Blood Draw - Sertraline,Sertraline PK - Time of,512
PK Blood Draw - Sertraline,Sertraline PK - Collection,512
PK Blood Draw - Sertraline,Sertraline PK - Barcode,512
PK Blood Draw - Sertraline,Sertraline PK - Number,512
PK Blood Draw - Sertraline,Sertraline PK - Backup,512
PK Blood Draw - Sertraline,Propranolol PK,512
PK Blood Draw - Propranolol,Was PK Collection Performed?,513
PK Blood Draw - Propranolol,"If not performed, Reason:",513
PK Blood Draw - Propranolol,Date of Collection,513
PK Blood Draw - Propranolol,Propranolol PK - Sample Status,514
PK Blood Draw - Propranolol,Propranolol PK - Time of,514
PK Blood Draw - Propranolol,Propranolol PK - Collection,514
PK Blood Draw - Propranolol,Propranolol PK - Barcode,514
PK Blood Draw - Propranolol,Propranolol PK - Number,514
PK Blood Draw - Propranolol,Propranolol PK - Backup,514
PK Blood Draw - Propranolol,"Sertraline PK, Sertraline PK, Propranolol PK, - Sample Status",514
PK Blood Draw - Propranolol,"Sertraline PK, Sertraline PK, Propranolol PK, - Time of",514
PK Blood Draw - Propranolol,"Sertraline PK, Sertraline PK, Propranolol PK, - Collection",514
PK Blood Draw - Propranolol,"Sertraline PK, Sertraline PK, Propranolol PK, - Barcode",514
PK Blood Draw - Propranolol,"Sertraline PK, Sertraline PK, Propranolol PK, - Number",514
PK Blood Draw - Propranolol,"Sertraline PK, Sertraline PK, Propranolol PK, - Backup",514
PK Blood Draw - Propranolol,Prazosin PK)] - Sample Status,514
PK Blood Draw - Propranolol,Prazosin PK)] - Time of,514
PK Blood Draw - Propranolol,Prazosin PK)] - Collection,514
PK Blood Draw - Propranolol,Prazosin PK)] - Barcode,514
PK Blood Draw - Propranolol,Prazosin PK)] - Number,514
PK Blood Draw - Propranolol,Prazosin PK)] - Backup,514
PK Blood Draw - Propranolol,Propranolol PK,514
PK Blood Draw - Propranolol,"Sertraline PK, Sertraline PK, Propranolol PK, - Sample Status",515
PK Blood Draw - Propranolol,"Sertraline PK, Sertraline PK, Propranolol PK, - Time of",515
PK Blood Draw - Propranolol,"Sertraline PK, Sertraline PK, Propranolol PK, - Collection",515
PK Blood Draw - Propranolol,"Sertraline PK, Sertraline PK, Propranolol PK, - Barcode",515
PK Blood Draw - Propranolol,"Sertraline PK, Sertraline PK, Propranolol PK, - Number",515
PK Blood Draw - Propranolol,"Sertraline PK, Sertraline PK, Propranolol PK, - Backup",515
PK Blood Draw - Propranolol,Prazosin PK)] - Sample Status,515
PK Blood Draw - Propranolol,Prazosin PK)] - Time of,515
PK Blood Draw - Propranolol,Prazosin PK)] - Collection,515
PK Blood Draw - Propranolol,Prazosin PK)] - Barcode,515
PK Blood Draw - Propranolol,Prazosin PK)] - Number,515
PK Blood Draw - Propranolol,Prazosin PK)] - Backup,515
PK Blood Draw - Propranolol,Propranolol PK - Sample Status,515
PK Blood Draw - Propranolol,Propranolol PK - Time of,515
PK Blood Draw - Propranolol,Propranolol PK - Collection,515
PK Blood Draw - Propranolol,Propranolol PK - Barcode,515
PK Blood Draw - Propranolol,Propranolol PK - Number,515
PK Blood Draw - Propranolol,Propranolol PK - Backup,515
PK Blood Draw - Propranolol,Propranolol PK,515
PK Blood Draw - Propranolol,"Sertraline PK, Sertraline PK, Propranolol PK, - Sample Status",516
PK Blood Draw - Propranolol,"Sertraline PK, Sertraline PK, Propranolol PK, - Time of",516
PK Blood Draw - Propranolol,"Sertraline PK, Sertraline PK, Propranolol PK, - Collection",516
PK Blood Draw - Propranolol,"Sertraline PK, Sertraline PK, Propranolol PK, - Barcode",516
PK Blood Draw - Propranolol,"Sertraline PK, Sertraline PK, Propranolol PK, - Number",516
PK Blood Draw - Propranolol,"Sertraline PK, Sertraline PK, Propranolol PK, - Backup",516
PK Blood Draw - Propranolol,Prazosin PK)] - Sample Status,516
PK Blood Draw - Propranolol,Prazosin PK)] - Time of,516
PK Blood Draw - Propranolol,Prazosin PK)] - Collection,516
PK Blood Draw - Propranolol,Prazosin PK)] - Barcode,516
PK Blood Draw - Propranolol,Prazosin PK)] - Number,516
PK Blood Draw - Propranolol,Prazosin PK)] - Backup,516
PK Blood Draw - Propranolol,Propranolol PK - Sample Status,516
PK Blood Draw - Propranolol,Propranolol PK - Time of,516
PK Blood Draw - Propranolol,Propranolol PK - Collection,516
PK Blood Draw - Propranolol,Propranolol PK - Barcode,516
PK Blood Draw - Propranolol,Propranolol PK - Number,516
PK Blood Draw - Propranolol,Propranolol PK - Backup,516
PK Blood Draw - Propranolol,Propranolol PK,516
Triplicate Orthostatic BP and HR - 1h Postdose,Were Vital Signs Collected?,517
Triplicate Orthostatic BP and HR - 1h Postdose,"If not collected, reason:",517
Triplicate Orthostatic BP and HR - 1h Postdose,Collection Date,517
Triplicate Orthostatic BP and HR - 1h Postdose,Planned Timepoint,517
Triplicate Orthostatic BP and HR - 1h Postdose,Time Placed in Position,518
Triplicate Orthostatic BP and HR - 1h Postdose,Time of Vitals Measurement #1,518
Triplicate Orthostatic BP and HR - 1h Postdose,Time of Vitals Measurement #2,518
Triplicate Orthostatic BP and HR - 1h Postdose,Time of Vitals Measurement #3,518
Triplicate Orthostatic BP and HR - 1h Postdose,Time of Vitals Measurement #1,519
Triplicate Orthostatic BP and HR - 1h Postdose,Time of Vitals Measurement #2,519
Triplicate Orthostatic BP and HR - 1h Postdose,Time of Vitals Measurement #3,519
Triplicate Orthostatic BP and HR - 1.5h Postdose,Were Vital Signs Collected?,520
Triplicate Orthostatic BP and HR - 1.5h Postdose,"If not collected, reason:",520
Triplicate Orthostatic BP and HR - 1.5h Postdose,Collection Date,520
Triplicate Orthostatic BP and HR - 1.5h Postdose,Planned Timepoint,520
Triplicate Orthostatic BP and HR - 1.5h Postdose,Time Placed in Position,521
Triplicate Orthostatic BP and HR - 1.5h Postdose,Time of Vitals Measurement #1,521
Triplicate Orthostatic BP and HR - 1.5h Postdose,Time of Vitals Measurement #2,521
Triplicate Orthostatic BP and HR - 1.5h Postdose,Time of Vitals Measurement #3,521
Triplicate Orthostatic BP and HR - 1.5h Postdose,Time of Vitals Measurement #1,522
Triplicate Orthostatic BP and HR - 1.5h Postdose,Time of Vitals Measurement #2,522
Triplicate Orthostatic BP and HR - 1.5h Postdose,Time of Vitals Measurement #3,522
Triplicate Orthostatic BP and HR - 2h Postdose,Were Vital Signs Collected?,523
Triplicate Orthostatic BP and HR - 2h Postdose,"If not collected, reason:",523
Triplicate Orthostatic BP and HR - 2h Postdose,Collection Date,523
Triplicate Orthostatic BP and HR - 2h Postdose,Planned Timepoint,523
Triplicate Orthostatic BP and HR - 2h Postdose,Time Placed in Position,524
Triplicate Orthostatic BP and HR - 2h Postdose,Time of Vitals Measurement #1,524
Triplicate Orthostatic BP and HR - 2h Postdose,Time of Vitals Measurement #2,524
Triplicate Orthostatic BP and HR - 2h Postdose,Time of Vitals Measurement #3,524
Triplicate Orthostatic BP and HR - 2h Postdose,Time of Vitals Measurement #1,525
Triplicate Orthostatic BP and HR - 2h Postdose,Time of Vitals Measurement #2,525
Triplicate Orthostatic BP and HR - 2h Postdose,Time of Vitals Measurement #3,525
Triplicate Orthostatic BP and HR - 2.5h Postdose,Were Vital Signs Collected?,526
Triplicate Orthostatic BP and HR - 2.5h Postdose,"If not collected, reason:",526
Triplicate Orthostatic BP and HR - 2.5h Postdose,Collection Date,526
Triplicate Orthostatic BP and HR - 2.5h Postdose,Planned Timepoint,526
Triplicate Orthostatic BP and HR - 2.5h Postdose,Time Placed in Position,527
Triplicate Orthostatic BP and HR - 2.5h Postdose,Time of Vitals Measurement #1,527
Triplicate Orthostatic BP and HR - 2.5h Postdose,Time of Vitals Measurement #2,527
Triplicate Orthostatic BP and HR - 2.5h Postdose,Time of Vitals Measurement #3,527
Triplicate Orthostatic BP and HR - 2.5h Postdose,Time of Vitals Measurement #1,528
Triplicate Orthostatic BP and HR - 2.5h Postdose,Time of Vitals Measurement #2,528
Triplicate Orthostatic BP and HR - 2.5h Postdose,Time of Vitals Measurement #3,528
Triplicate Orthostatic BP and HR - 3h Postdose,Were Vital Signs Collected?,529
Triplicate Orthostatic BP and HR - 3h Postdose,"If not collected, reason:",529
Triplicate Orthostatic BP and HR - 3h Postdose,Collection Date,529
Triplicate Orthostatic BP and HR - 3h Postdose,Planned Timepoint,529
Triplicate Orthostatic BP and HR - 3h Postdose,Time Placed in Position,530
Triplicate Orthostatic BP and HR - 3h Postdose,Time of Vitals Measurement #1,530
Triplicate Orthostatic BP and HR - 3h Postdose,Time of Vitals Measurement #2,530
Triplicate Orthostatic BP and HR - 3h Postdose,Time of Vitals Measurement #3,530
Triplicate Orthostatic BP and HR - 3h Postdose,Time of Vitals Measurement #1,531
Triplicate Orthostatic BP and HR - 3h Postdose,Time of Vitals Measurement #2,531
Triplicate Orthostatic BP and HR - 3h Postdose,Time of Vitals Measurement #3,531
Triplicate Orthostatic BP and HR - 4h Postdose,Were Vital Signs Collected?,532
Triplicate Orthostatic BP and HR - 4h Postdose,"If not collected, reason:",532
Triplicate Orthostatic BP and HR - 4h Postdose,Collection Date,532
Triplicate Orthostatic BP and HR - 4h Postdose,Planned Timepoint,532
Triplicate Orthostatic BP and HR - 4h Postdose,Time Placed in Position,533
Triplicate Orthostatic BP and HR - 4h Postdose,Time of Vitals Measurement #1,533
Triplicate Orthostatic BP and HR - 4h Postdose,Time of Vitals Measurement #2,533
Triplicate Orthostatic BP and HR - 4h Postdose,Time of Vitals Measurement #3,533
Triplicate Orthostatic BP and HR - 4h Postdose,Time of Vitals Measurement #1,534
Triplicate Orthostatic BP and HR - 4h Postdose,Time of Vitals Measurement #2,534
Triplicate Orthostatic BP and HR - 4h Postdose,Time of Vitals Measurement #3,534
Triplicate Orthostatic BP and HR - 6h Postdose,Were Vital Signs Collected?,535
Triplicate Orthostatic BP and HR - 6h Postdose,"If not collected, reason:",535
Triplicate Orthostatic BP and HR - 6h Postdose,Collection Date,535
Triplicate Orthostatic BP and HR - 6h Postdose,Planned Timepoint,535
Triplicate Orthostatic BP and HR - 6h Postdose,Time Placed in Position,536
Triplicate Orthostatic BP and HR - 6h Postdose,Time of Vitals Measurement #1,536
Triplicate Orthostatic BP and HR - 6h Postdose,Time of Vitals Measurement #2,536
Triplicate Orthostatic BP and HR - 6h Postdose,Time of Vitals Measurement #3,536
Triplicate Orthostatic BP and HR - 6h Postdose,Time of Vitals Measurement #1,537
Triplicate Orthostatic BP and HR - 6h Postdose,Time of Vitals Measurement #2,537
Triplicate Orthostatic BP and HR - 6h Postdose,Time of Vitals Measurement #3,537
Triplicate Orthostatic BP and HR - 8h Postdose,Were Vital Signs Collected?,538
Triplicate Orthostatic BP and HR - 8h Postdose,"If not collected, reason:",538
Triplicate Orthostatic BP and HR - 8h Postdose,Collection Date,538
Triplicate Orthostatic BP and HR - 8h Postdose,Planned Timepoint,538
Triplicate Orthostatic BP and HR - 8h Postdose,Time Placed in Position,539
Triplicate Orthostatic BP and HR - 8h Postdose,Time of Vitals Measurement #1,539
Triplicate Orthostatic BP and HR - 8h Postdose,Time of Vitals Measurement #2,539
Triplicate Orthostatic BP and HR - 8h Postdose,Time of Vitals Measurement #3,539
Triplicate Orthostatic BP and HR - 8h Postdose,Time of Vitals Measurement #1,540
Triplicate Orthostatic BP and HR - 8h Postdose,Time of Vitals Measurement #2,540
Triplicate Orthostatic BP and HR - 8h Postdose,Time of Vitals Measurement #3,540
Visit Date,Skip to next visit,541
Visit Date,Skip to Early Termination visit,541
AE and CM prompt,Has the subject had any changes to their health since previous visit?,543
AE and CM prompt,Are there any changes in concomitant medications including dose changes to be reported?,543
Extension of Brexpiprazole Steady-state Attainment Period,Did the subject extend the at-home dosing of the brexpiprazole steady-state attainment period?,545
Extension of Brexpiprazole Steady-state Attainment Period,"If yes, by how many days did the subject extend?",545
Triplicate Orthostatic BP and HR - Predose,Were Vital Signs Collected?,547
Triplicate Orthostatic BP and HR - Predose,"If not collected, reason:",547
Triplicate Orthostatic BP and HR - Predose,Collection Date,547
Triplicate Orthostatic BP and HR - Predose,Planned Timepoint,547
Triplicate Orthostatic BP and HR - Predose,Time Placed in Position,548
Triplicate Orthostatic BP and HR - Predose,Time of Vitals Measurement #1,548
Triplicate Orthostatic BP and HR - Predose,Time of Vitals Measurement #2,548
Triplicate Orthostatic BP and HR - Predose,Time of Vitals Measurement #3,548
Triplicate Orthostatic BP and HR - Predose,Time of Vitals Measurement #1,549
Triplicate Orthostatic BP and HR - Predose,Time of Vitals Measurement #2,549
Triplicate Orthostatic BP and HR - Predose,Time of Vitals Measurement #3,549
Physical Exam,Was the physical examination performed?,550
Physical Exam,Examination Date,550
Physical Exam,Examination Time,550
Physical Exam,Planned Timepoint,550
Physical Exam,HEENT - Abnormal Findings,551
Physical Exam,HEENT - Clinically Significant,551
Physical Exam,Thorax - Abnormal Findings,551
Physical Exam,Thorax - Clinically Significant,551
Physical Exam,Abdomen - Abnormal Findings,551
Physical Exam,Abdomen - Clinically Significant,551
Physical Exam,Skin and Mucosae - Abnormal Findings,551
Physical Exam,Skin and Mucosae - Clinically Significant,551
Physical Exam,Clinically Significant,551
Physical Exam,Region/Body System,551
Physical Exam,Abnormal Findings,551
Physical Exam,Neurological - Abnormal Findings,552
Physical Exam,Neurological - Clinically Significant,552
Physical Exam,Extremities - Abnormal Findings,552
Physical Exam,Extremities - Clinically Significant,552
Physical Exam,Urogenital - Abnormal Findings,552
Physical Exam,Urogenital - Clinically Significant,552
Physical Exam,Clinically Significant,552
Physical Exam,Region/Body System,552
Physical Exam,Normal,553
Physical Exam,Abnormal Findings,553
Physical Exam,Clinically Significant,553
Clinical Laboratory Assessments,Hematology - Status,555
Clinical Laboratory Assessments,Hematology - Reason not done,555
Clinical Laboratory Assessments,Hematology - Date of Collection,555
Clinical Laboratory Assessments,Hematology - Time of Collection,555
Clinical Laboratory Assessments,Hematology - Barcode Number,555
Clinical Laboratory Assessments,Chemistry - Status,555
Clinical Laboratory Assessments,Chemistry - Reason not done,555
Clinical Laboratory Assessments,Chemistry - Date of Collection,555
Clinical Laboratory Assessments,Chemistry - Time of Collection,555
Clinical Laboratory Assessments,Chemistry - Barcode Number,555
Clinical Laboratory Assessments,Reason not done,555
Clinical Laboratory Assessments,Date of Collection,555
Clinical Laboratory Assessments,Time of Collection,555
Clinical Laboratory Assessments,Barcode Number,555
Clinical Laboratory Assessments,Status,556
Clinical Laboratory Assessments,Reason not done,556
Clinical Laboratory Assessments,Date of Collection,556
Clinical Laboratory Assessments,Time of Collection,556
Clinical Laboratory Assessments,Barcode Number,556
Laboratory results review,Laboratory collection date,557
Laboratory results review,Laboratory results review date,557
Laboratory results review,Has the investigator reviewed all laboratory results from this visit and assessed abnormal results clinical significance?,557
Laboratory results review,Were there any clinically significant abnormal results?,557
Laboratory results review,Were there any clinically significant abnormal chemistry results?,557
Laboratory results review,Urea nitrogen,559
Laboratory results review,Chemistry abnormal assay # 1 Investigator comment,559
Laboratory results review,Urea nitrogen,560
Laboratory results review,Chemistry abnormal assay # 2 Investigator comment,560
Laboratory results review,Urea nitrogen,561
Laboratory results review,Urea nitrogen,563
Laboratory results review,Chemistry abnormal assay # 4 Investigator comment,563
Laboratory results review,Urea nitrogen,564
Laboratory results review,Chemistry abnormal assay # 5 Investigator comment,564
Laboratory results review,Are there any additional clinically significant abnormal chemistry results to be entered?,564
Laboratory results review,Were there any clinically significant abnormal hematology results?,565
Laboratory results review,Glycated Hemoglobin,565
Laboratory results review,Hematology abnormal assay # 1 Investigator comment,565
Laboratory results review,Glycated Hemoglobin,566
Laboratory results review,Hematology abnormal assay # 2 Investigator comment,566
Laboratory results review,Hematology abnormal assay # 3 Investigator comment,566
Laboratory results review,Glycated Hemoglobin,567
Laboratory results review,Hematology abnormal assay # 4 Investigator comment,567
Laboratory results review,Glycated Hemoglobin,568
Laboratory results review,Hematology abnormal assay # 5 Investigator comment,568
Laboratory results review,Are there any additional clinically significant abnormal hematology results to be entered?,568
Laboratory results review,Were there any clinically significant abnormal urinalysis results?,568
Laboratory results review,Urinalysis abnormal assay # 1 Investigator comment,569
Laboratory results review,Urinalysis abnormal assay # 2 Investigator comment,570
Laboratory results review,Urinalysis clinically significant abnormal assay # 3,570
Laboratory results review,Urinalysis abnormal assay # 3 Investigator comment,571
Laboratory results review,Urinalysis abnormal assay # 4 Investigator comment,571
Laboratory results review,Urinalysis abnormal assay # 5 Investigator comment,572
Laboratory results review,Are there additional urinalysis clinically significant abnormal results to be entered?,572
Laboratory results review,Investigator`s signature for Local Laboratory Results Review,573
Pregnancy test,Was a Pregnancy Test Performed?,574
Pregnancy test,If not done reason,574
Pregnancy test,Type of pregnancy test,574
Pregnancy test,Barcode Number,574
Pregnancy test,Kit Expiration Date,574
Pregnancy test,Kit Batch Number,574
Pregnancy test,Date of Sample,574
Alcohol Screen - Urine or Breath,Was Test Performed?,576
Alcohol Screen - Urine or Breath,"If no, Reason Not Done",576
Alcohol Screen - Urine or Breath,Was a Repeat test performed?,577
Alcohol Screen - Urine or Breath,Time of Repeat Test,577
Alcohol Screen - Urine or Breath,Result of Repeat Test,577
Urine Drug Screen,Was Urine Drug Screen Performed?,578
Urine Drug Screen,If not done reason,578
Urine Drug Screen,Item #,578
Urine Drug Screen,Expiration Date,578
Urine Drug Screen,Date of Sample,578
Cotinine Screen,Was Cotinine Screen Performed?,583
Cotinine Screen,If not done reason,583
Cotinine Screen,Item #,583
Cotinine Screen,Expiration Date,583
Cotinine Screen,Time of Sample,584
Water Restriction Start Prompt,Date subject started water restriction,586
Water Restriction Start Prompt,Time subject started water restriction,586
IMP Administration - Sertraline and Brexpiprazole,Has subject been fasting (no food) for a minimum of 10 hours prior to the scheduled dosing?,588
IMP Administration - Sertraline and Brexpiprazole,Was water restricted for 1 hour prior to dosing?,588
IMP Administration - Sertraline and Brexpiprazole,Was Sertraline administered?,588
IMP Administration - Sertraline and Brexpiprazole,"If no, reason",588
IMP Administration - Sertraline and Brexpiprazole,Date of Administration,589
IMP Administration - Sertraline and Brexpiprazole,Time of Administration,589
IMP Administration - Sertraline and Brexpiprazole,Physician decision,589
IMP Administration - Sertraline and Brexpiprazole,Dosing Comments (optional),589
Brexpiprazole Dose,Was Brexpiprazole administered?,590
Brexpiprazole Dose,"If no, reason",590
Brexpiprazole Dose,Date of Administration,590
Brexpiprazole Dose,Time of Administration,590
Brexpiprazole Dose,Physician decision,591
Brexpiprazole Dose,Was water restricted for 2 hours following dosing?,591
Brexpiprazole Dose,Dosing Comments (optional),591
Water Restriction End Prompt,Date subject ended water restriction,592
Water Restriction End Prompt,Time subject ended water restriction,592
PK Blood Draw - Brexpiprazole/Sertraline,Was PK Collection Performed?,594
PK Blood Draw - Brexpiprazole/Sertraline,"If not performed, Reason:",594
PK Blood Draw - Brexpiprazole/Sertraline,Date of Collection,594
PK Blood Draw - Brexpiprazole/Sertraline,Brexpiprazole/Sertraline PK - Sample Status,595
PK Blood Draw - Brexpiprazole/Sertraline,Brexpiprazole/Sertraline PK - Time of,595
PK Blood Draw - Brexpiprazole/Sertraline,Brexpiprazole/Sertraline PK - Collection,595
PK Blood Draw - Brexpiprazole/Sertraline,Brexpiprazole/Sertraline PK - Barcode,595
PK Blood Draw - Brexpiprazole/Sertraline,Brexpiprazole/Sertraline PK - Number,595
PK Blood Draw - Brexpiprazole/Sertraline,Brexpiprazole/Sertraline PK - Backup,595
PK Blood Draw - Brexpiprazole/Sertraline,"Sertraline PK, Sertraline PK, Propranolol PK, - Sample Status",595
PK Blood Draw - Brexpiprazole/Sertraline,"Sertraline PK, Sertraline PK, Propranolol PK, - Time of",595
PK Blood Draw - Brexpiprazole/Sertraline,"Sertraline PK, Sertraline PK, Propranolol PK, - Collection",595
PK Blood Draw - Brexpiprazole/Sertraline,"Sertraline PK, Sertraline PK, Propranolol PK, - Barcode",595
PK Blood Draw - Brexpiprazole/Sertraline,"Sertraline PK, Sertraline PK, Propranolol PK, - Number",595
PK Blood Draw - Brexpiprazole/Sertraline,"Sertraline PK, Sertraline PK, Propranolol PK, - Backup",595
PK Blood Draw - Brexpiprazole/Sertraline,Prazosin PK)] - Sample Status,595
PK Blood Draw - Brexpiprazole/Sertraline,Prazosin PK)] - Time of,595
PK Blood Draw - Brexpiprazole/Sertraline,Prazosin PK)] - Collection,595
PK Blood Draw - Brexpiprazole/Sertraline,Prazosin PK)] - Barcode,595
PK Blood Draw - Brexpiprazole/Sertraline,Prazosin PK)] - Number,595
PK Blood Draw - Brexpiprazole/Sertraline,Prazosin PK)] - Backup,595
PK Blood Draw - Brexpiprazole/Sertraline,Propranolol PK,595
Visit Date,Skip to next visit,596
Visit Date,Skip to Early Termination visit,596
AE and CM prompt,Has the subject had any changes to their health since previous visit?,598
AE and CM prompt,Are there any changes in concomitant medications including dose changes to be reported?,598
Body Temperature and Respiratory Rate - Predose,Were Vital Signs Collected?,600
Body Temperature and Respiratory Rate - Predose,"If not collected, reason:",600
Body Temperature and Respiratory Rate - Predose,Collection Date,600
Body Temperature and Respiratory Rate - Predose,Planned Timepoint,600
Body Temperature and Respiratory Rate - Predose,Respiratory Rate (breaths/min),601
Body Temperature and Respiratory Rate - Predose,Body Temperature (celsius),601
Triplicate Orthostatic BP and HR - Predose,Were Vital Signs Collected?,602
Triplicate Orthostatic BP and HR - Predose,"If not collected, reason:",602
Triplicate Orthostatic BP and HR - Predose,Collection Date,602
Triplicate Orthostatic BP and HR - Predose,Planned Timepoint,602
Triplicate Orthostatic BP and HR - Predose,Time Placed in Position,603
Triplicate Orthostatic BP and HR - Predose,Time of Vitals Measurement #1,603
Triplicate Orthostatic BP and HR - Predose,Time of Vitals Measurement #2,603
Triplicate Orthostatic BP and HR - Predose,Time of Vitals Measurement #3,603
Triplicate Orthostatic BP and HR - Predose,Time of Vitals Measurement #1,604
Triplicate Orthostatic BP and HR - Predose,Time of Vitals Measurement #2,604
Triplicate Orthostatic BP and HR - Predose,Time of Vitals Measurement #3,604
C-SSRS since last visit - Page 1,Was the questionnaire administered?,607
C-SSRS since last visit - Page 1,Date of completion,607
C-SSRS since last visit - Page 1,Rater's initials,607
C-SSRS since last visit - Page 1,1. Wish to be dead - Row 1,608
C-SSRS since last visit - Page 1,1. Wish to be dead - Since Last Visit,608
C-SSRS since last visit - Page 1,"Subject endorses thoughts about a wish to be dead or not alive anymore, or wish to fall asleep and not wake up. - Row 1",608
C-SSRS since last visit - Page 1,"Subject endorses thoughts about a wish to be dead or not alive anymore, or wish to fall asleep and not wake up. - Since Last Visit",608
C-SSRS since last visit - Page 1,Have you wished you were dead or wished you could go to sleep and not wake up? - Row 1,608
C-SSRS since last visit - Page 1,Have you wished you were dead or wished you could go to sleep and not wake up? - Since Last Visit,608
C-SSRS since last visit - Page 1,"If Yes, describe - Row 1",608
C-SSRS since last visit - Page 1,"If Yes, describe - Since Last Visit",608
C-SSRS since last visit - Page 1,2. Non-specific active suicidal thoughts - Row 1,608
C-SSRS since last visit - Page 1,2. Non-specific active suicidal thoughts - Since Last Visit,608
C-SSRS since last visit - Page 1,"General non-specific thoughts of wanting to end one's life/commit suicide (e.g. ""I've thought about killing myself"") - Row 1",608
C-SSRS since last visit - Page 1,"General non-specific thoughts of wanting to end one's life/commit suicide (e.g. ""I've thought about killing myself"") - Since Last Visit",608
C-SSRS since last visit - Page 1,"without thoughts of way to kill oneself/associated methods,intent or plan during the assessment period. - Row 1",608
C-SSRS since last visit - Page 1,"without thoughts of way to kill oneself/associated methods,intent or plan during the assessment period. - Since Last Visit",608
C-SSRS since last visit - Page 1,Have you actually had any thoughts of killing yourself? - Row 1,608
C-SSRS since last visit - Page 1,Have you actually had any thoughts of killing yourself? - Since Last Visit,608
C-SSRS since last visit - Page 1,"Subject endorses thoughts about a wish to be dead or not alive anymore, or wish to fall asleep and not wake up.",608
C-SSRS since last visit - Page 1,"If Yes, describe",608
C-SSRS since last visit - Page 1,"General non-specific thoughts of wanting to end one's life/commit suicide (e.g. ""I've thought about killing myself"")",608
C-SSRS since last visit - Page 1,"If Yes, describe - Since Last Visit",609
C-SSRS since last visit - Page 1,3. Active suicidal ideation with any methods (not plan) without intent to act - Since Last Visit,609
C-SSRS since last visit - Page 1,Subject endorses thoughts of suicide and has thought of at least one method during the assessment period. This is - Since Last Visit,609
C-SSRS since last visit - Page 1,"different than a specific plan with a time, place or method details worked out (e.g. thought of method to kill self but - Since Last Visit",609
C-SSRS since last visit - Page 1,"not a specific plan). Includes a person who would say: ""I thought about taking an overdose but i never made a specific - Since Last Visit",609
C-SSRS since last visit - Page 1,"plan as to when, where or how I would actually do it. . . and I would never go through with it"" - Since Last Visit",609
C-SSRS since last visit - Page 1,Have you been thinking about how you might do this? - Since Last Visit,609
C-SSRS since last visit - Page 1,"4. Active suicidal ideation with some intent to act, without specific plan - Since Last Visit",609
C-SSRS since last visit - Page 1,"If Yes, describe",609
C-SSRS since last visit - Page 1,Subject endorses thoughts of suicide and has thought of at least one method during the assessment period. This is,609
C-SSRS since last visit - Page 1,"Active suicidal thoughts of killing oneself and subject reports having some intent to act on such thoughts, as opposed - Since Last Visit",610
C-SSRS since last visit - Page 1,"to ""I have thoughts but I definitely will not do anything about them"" - Since Last Visit",610
C-SSRS since last visit - Page 1,Have you had these thoughts and had some intention of acting on them? - Since Last Visit,610
C-SSRS since last visit - Page 1,"If Yes, describe - Since Last Visit",610
C-SSRS since last visit - Page 1,5. Active suicidal ideation with specific plan and intent - Since Last Visit,610
C-SSRS since last visit - Page 1,Thoughts of killing oneself with detail of plan fully or partially worked out and subject has some intent to carry it out. - Since Last Visit,610
C-SSRS since last visit - Page 1,Have you started to work out or worked out the details of how to kill yourself? Do you intend to carry out this plan? - Since Last Visit,610
C-SSRS since last visit - Page 1,"If Yes, describe",610
C-SSRS since last visit - Page 1,Thoughts of killing oneself with detail of plan fully or partially worked out and subject has some intent to carry it out.,610
C-SSRS since last visit - Page 2,"The following features should be rated with respect to the most severe type of ideation (i.e. 1-5 from above, with 1 - Row 1",612
C-SSRS since last visit - Page 2,"The following features should be rated with respect to the most severe type of ideation (i.e. 1-5 from above, with 1 - Since Last Visit",612
C-SSRS since last visit - Page 2,being the least severe and 5 being the most severe). Ask about time he/she was feeling the most suicidal. - Row 1,612
C-SSRS since last visit - Page 2,being the least severe and 5 being the most severe). Ask about time he/she was feeling the most suicidal. - Since Last Visit,612
C-SSRS since last visit - Page 2,Most severe ideation - Row 1,612
C-SSRS since last visit - Page 2,Most severe ideation - Since Last Visit,612
C-SSRS since last visit - Page 2,Description of Ideation - Row 1,612
C-SSRS since last visit - Page 2,Description of Ideation - Since Last Visit,612
C-SSRS since last visit - Page 2,(5) Active suicidal ideation w/ specific plan and intent,612
C-SSRS since last visit - Page 2,Description of Ideation,612
C-SSRS since last visit - Page 2,Frequency - Since Last Visit,613
C-SSRS since last visit - Page 2,How many times have you had these thoughts? - Since Last Visit,613
C-SSRS since last visit - Page 2,Duration - Since Last Visit,613
C-SSRS since last visit - Page 2,"When you have the thoughts, how long do they last? - Since Last Visit",613
C-SSRS since last visit - Page 2,Controllability - Since Last Visit,613
C-SSRS since last visit - Page 2,How many times have you had these thoughts?,613
C-SSRS since last visit - Page 2,"When you have the thoughts, how long do they last?",613
C-SSRS since last visit - Page 2,Could/can you stop thinking about killing yourself or wanting to die if you want to? - Since Last Visit,614
C-SSRS since last visit - Page 2,Could/can you stop thinking about killing yourself or wanting to die if you want to? - (1) Easily able to control thoughts,614
C-SSRS since last visit - Page 2,Deterrents - Since Last Visit,614
C-SSRS since last visit - Page 2,Deterrents - (1) Easily able to control thoughts,614
C-SSRS since last visit - Page 2,Are there things - anyone or anything - that stopped you from wanting to die or acting on thoughts of committing - Since Last Visit,614
C-SSRS since last visit - Page 2,Are there things - anyone or anything - that stopped you from wanting to die or acting on thoughts of committing - (1) Easily able to control thoughts,614
C-SSRS since last visit - Page 2,suicide? - Since Last Visit,614
C-SSRS since last visit - Page 2,suicide? - (1) Easily able to control thoughts,614
C-SSRS since last visit - Page 2,(0) Does not attempt to control thoughts,614
C-SSRS since last visit - Page 2,(0) Does not apply,614
C-SSRS since last visit - Page 2,Reasons for Ideation - Since Last Visit,615
C-SSRS since last visit - Page 2,What sort of reasons did you have for thinking about wanting to die or killing yourself? Was it to end the pain or - Since Last Visit,615
C-SSRS since last visit - Page 2,stop the way you were feeling (in other words you couldn't go on living with this pain or how you were feeling) or - Since Last Visit,615
C-SSRS since last visit - Page 2,"was it to get attention, revenge or a reaction from others? or both? - Since Last Visit",615
C-SSRS since last visit - Page 2,(0) Does not apply,615
C-SSRS since last visit - Page 2,Since Last Visit,616
C-SSRS since last visit - Page 3,Actual attempt: - Row 1,618
C-SSRS since last visit - Page 3,Actual attempt: - Since Last Visit,618
C-SSRS since last visit - Page 3,"A potentially self-injurious act committed with at least some wish to die, as a result of act. Behaviour was in part thought of as method to - Row 1",618
C-SSRS since last visit - Page 3,"A potentially self-injurious act committed with at least some wish to die, as a result of act. Behaviour was in part thought of as method to - Since Last Visit",618
C-SSRS since last visit - Page 3,"kill oneself. Intent does not have to be 100%. If there is any intent/desire to die associated with the act, then it can be considered an actual - Row 1",618
C-SSRS since last visit - Page 3,"kill oneself. Intent does not have to be 100%. If there is any intent/desire to die associated with the act, then it can be considered an actual - Since Last Visit",618
C-SSRS since last visit - Page 3,"suicide attempt. There does not have to be any injury or harm, just the potential for injury or harm. If a person pulls the trigger while gun - Row 1",618
C-SSRS since last visit - Page 3,"suicide attempt. There does not have to be any injury or harm, just the potential for injury or harm. If a person pulls the trigger while gun - Since Last Visit",618
C-SSRS since last visit - Page 3,"is in mouth but gun is broken so no injury results, this is considered an attempt. - Row 1",618
C-SSRS since last visit - Page 3,"is in mouth but gun is broken so no injury results, this is considered an attempt. - Since Last Visit",618
C-SSRS since last visit - Page 3,"Inferring Intent: even if an individual denies intent/wish to die, it may be inferred clinically from the behaviour or circumstances. For - Row 1",618
C-SSRS since last visit - Page 3,"Inferring Intent: even if an individual denies intent/wish to die, it may be inferred clinically from the behaviour or circumstances. For - Since Last Visit",618
C-SSRS since last visit - Page 3,"example, a highly lethal act that is clearly not an accident so no other intent but suicide can be inferred (e.g. gunshot to the head, jumping - Row 1",618
C-SSRS since last visit - Page 3,"example, a highly lethal act that is clearly not an accident so no other intent but suicide can be inferred (e.g. gunshot to the head, jumping - Since Last Visit",618
C-SSRS since last visit - Page 3,"from window of a high floor/story). Also, if someone denies intent to die, but they thought that what they did could be lethal, intent may - Row 1",618
C-SSRS since last visit - Page 3,"from window of a high floor/story). Also, if someone denies intent to die, but they thought that what they did could be lethal, intent may - Since Last Visit",618
C-SSRS since last visit - Page 3,be inferred. - Row 1,618
C-SSRS since last visit - Page 3,be inferred. - Since Last Visit,618
C-SSRS since last visit - Page 3,Have you made a suicide attempt? - Row 1,618
C-SSRS since last visit - Page 3,Have you made a suicide attempt? - Since Last Visit,618
C-SSRS since last visit - Page 3,Have you done anything to harm yourself? - Row 1,618
C-SSRS since last visit - Page 3,Have you done anything to harm yourself? - Since Last Visit,618
C-SSRS since last visit - Page 3,Have you done anything dangerous where you could have died? - Row 1,618
C-SSRS since last visit - Page 3,Have you done anything dangerous where you could have died? - Since Last Visit,618
C-SSRS since last visit - Page 3,What did you do? - Row 1,618
C-SSRS since last visit - Page 3,What did you do? - Since Last Visit,618
C-SSRS since last visit - Page 3,Did you ______ as a way to end your life? - Row 1,618
C-SSRS since last visit - Page 3,Did you ______ as a way to end your life? - Since Last Visit,618
C-SSRS since last visit - Page 3,Did you want to die (even a little) when you ____? - Row 1,618
C-SSRS since last visit - Page 3,Did you want to die (even a little) when you ____? - Since Last Visit,618
C-SSRS since last visit - Page 3,Were trying to end your life when you ____? - Row 1,618
C-SSRS since last visit - Page 3,Were trying to end your life when you ____? - Since Last Visit,618
C-SSRS since last visit - Page 3,Or did you think it was possible you could have died from ____? - Row 1,618
C-SSRS since last visit - Page 3,Or did you think it was possible you could have died from ____? - Since Last Visit,618
C-SSRS since last visit - Page 3,Actual attempt:,618
C-SSRS since last visit - Page 3,"Or did you do it purely for other reasons/without ANY intention of killing yourself (like to relieve stress, feel better, get sympathy, or - Since Last Visit",619
C-SSRS since last visit - Page 3,get something else to happen? (Self-Injurious Behavior without suicidal intent) - Since Last Visit,619
C-SSRS since last visit - Page 3,"If Yes, Total number of attempts - Since Last Visit",619
C-SSRS since last visit - Page 3,"If Yes, describe - Since Last Visit",619
C-SSRS since last visit - Page 3,Has subject engaged in Non-Suicidal self-injurious behavior? - Since Last Visit,619
C-SSRS since last visit - Page 3,"If Yes, Total number of attempts",619
C-SSRS since last visit - Page 3,"If Yes, describe",619
C-SSRS since last visit - Page 3,Has subject engaged in Non-Suicidal self-injurious behavior?,619
C-SSRS since last visit - Page 3,Interrupted attempt: - Since Last Visit,620
C-SSRS since last visit - Page 3,"When the person is interrupted (by an outside circumstance) from starting the potentially self-injurious act (if not for that, actual attempt - Since Last Visit",620
C-SSRS since last visit - Page 3,would have occurred). - Since Last Visit,620
C-SSRS since last visit - Page 3,Has there been a time when you started to do something to end your life but someone or something stopped you before you actually did - Since Last Visit,620
C-SSRS since last visit - Page 3,anything? - Since Last Visit,620
C-SSRS since last visit - Page 3,"If Yes, Total number of interrupted attempts - Since Last Visit",620
C-SSRS since last visit - Page 3,"If Yes, describe - Since Last Visit",620
C-SSRS since last visit - Page 3,Interrupted attempt:,620
C-SSRS since last visit - Page 3,"If Yes, Total number of interrupted attempts",620
C-SSRS since last visit - Page 3,"If Yes, describe",620
C-SSRS since last visit - Page 3,Aborted attempt: - Row 8,621
C-SSRS since last visit - Page 3,Aborted attempt: - Since Last Visit,621
C-SSRS since last visit - Page 3,"When person begins to take steps toward making a suicide attempt, but stops themselves before they actually have engaged in any self - Row 8",621
C-SSRS since last visit - Page 3,"When person begins to take steps toward making a suicide attempt, but stops themselves before they actually have engaged in any self - Since Last Visit",621
C-SSRS since last visit - Page 3,"destructive behaviour. Examples are similar to interrupted attempts, except that the individual stops him/herself, instead of being stopped - Row 8",621
C-SSRS since last visit - Page 3,"destructive behaviour. Examples are similar to interrupted attempts, except that the individual stops him/herself, instead of being stopped - Since Last Visit",621
C-SSRS since last visit - Page 3,by something else. - Row 8,621
C-SSRS since last visit - Page 3,by something else. - Since Last Visit,621
C-SSRS since last visit - Page 3,Has there been a time when you started to do something to try to end your life but you stopped yourself before you actually did - Row 8,621
C-SSRS since last visit - Page 3,Has there been a time when you started to do something to try to end your life but you stopped yourself before you actually did - Since Last Visit,621
C-SSRS since last visit - Page 3,anything? - Row 8,621
C-SSRS since last visit - Page 3,anything? - Since Last Visit,621
C-SSRS since last visit - Page 3,"If Yes, Total number of aborted attempts - Row 8",621
C-SSRS since last visit - Page 3,"If Yes, Total number of aborted attempts - Since Last Visit",621
C-SSRS since last visit - Page 3,"If Yes, describe - Row 8",621
C-SSRS since last visit - Page 3,"If Yes, describe - Since Last Visit",621
C-SSRS since last visit - Page 3,Aborted attempt:,621
C-SSRS since last visit - Page 3,"If Yes, Total number of aborted attempts",621
C-SSRS since last visit - Page 3,"If Yes, describe",621
C-SSRS since last visit - Page 3,Preparatory acts or behavior: - Since Last Visit,622
C-SSRS since last visit - Page 3,Acts or preparation towards imminently making a suicide attempt. This can include anything beyond a verbalization or thought such as - Since Last Visit,622
C-SSRS since last visit - Page 3,"assembling a specific method (e.g., buying pills, purchasing a gun) or preparing for one's death by suicide (e.g., giving things away, - Since Last Visit",622
C-SSRS since last visit - Page 3,writing a suicide note) - Since Last Visit,622
C-SSRS since last visit - Page 3,"Have you taken any step towards making a suicide attempt or preparing to kill yourself (such as collecting pills, getting a gun, giving - Since Last Visit",622
C-SSRS since last visit - Page 3,valuables away or writing a suicide note?) - Since Last Visit,622
C-SSRS since last visit - Page 3,"If Yes, describe - Since Last Visit",622
C-SSRS since last visit - Page 3,Suicidal behavior: - Since Last Visit,622
C-SSRS since last visit - Page 3,Suicidal behavior was present during the assessment period? - Since Last Visit,622
C-SSRS since last visit - Page 3,Suicide: - Since Last Visit,622
C-SSRS since last visit - Page 3,Preparatory acts or behavior:,622
C-SSRS since last visit - Page 3,"If Yes, describe",622
C-SSRS since last visit - Page 3,Suicidal behavior:,622
C-SSRS since last visit - Page 3,Suicide:,622
C-SSRS since last visit - Page 3,Since Last Visit,623
C-SSRS since last visit - Page 4,Date of Attempt - Row 1,625
C-SSRS since last visit - Page 4,Date of Attempt - Most Lethal Attempt,625
C-SSRS since last visit - Page 4,Actual Lethality/Medical Damage: - Row 1,625
C-SSRS since last visit - Page 4,Actual Lethality/Medical Damage: - Most Lethal Attempt,625
C-SSRS since last visit - Page 4,\0.\ No physical damage or very minor physical damage (e.g. surface scratches) \1.\ Minor physical damage (e.g. - Row 1,625
C-SSRS since last visit - Page 4,\0.\ No physical damage or very minor physical damage (e.g. surface scratches) \1.\ Minor physical damage (e.g. - Most Lethal Attempt,625
C-SSRS since last visit - Page 4,"lethargic speech, first-degree burns, mild bleeding, sprains) \2.\ Moderate physical damage; medical attention needed - Row 1",625
C-SSRS since last visit - Page 4,"lethargic speech, first-degree burns, mild bleeding, sprains) \2.\ Moderate physical damage; medical attention needed - Most Lethal Attempt",625
C-SSRS since last visit - Page 4,"(e.g. conscious but sleepy; somewhat responsive, second-degree burns; bleeding of major vessel \3.\ Moderately - Row 1",625
C-SSRS since last visit - Page 4,"(e.g. conscious but sleepy; somewhat responsive, second-degree burns; bleeding of major vessel \3.\ Moderately - Most Lethal Attempt",625
C-SSRS since last visit - Page 4,severe physical damage; medical hospitalization and likely intensive care required (e.g. comatose with reflexes intact; - Row 1,625
C-SSRS since last visit - Page 4,severe physical damage; medical hospitalization and likely intensive care required (e.g. comatose with reflexes intact; - Most Lethal Attempt,625
C-SSRS since last visit - Page 4,"third-degree burns less than 20% of body; extensive blood loss but can recover, major fractures) \4.\ Severe physical - Row 1",625
C-SSRS since last visit - Page 4,"third-degree burns less than 20% of body; extensive blood loss but can recover, major fractures) \4.\ Severe physical - Most Lethal Attempt",625
C-SSRS since last visit - Page 4,damage; medical hospitalization with intensive care required (e.g. comatose without reflexes; third-degree burns over - Row 1,625
C-SSRS since last visit - Page 4,damage; medical hospitalization with intensive care required (e.g. comatose without reflexes; third-degree burns over - Most Lethal Attempt,625
C-SSRS since last visit - Page 4,20% of the body; extensive blood loss with unstable vital signs; major damage to a vital area \5.\ Death - Row 1,625
C-SSRS since last visit - Page 4,20% of the body; extensive blood loss with unstable vital signs; major damage to a vital area \5.\ Death - Most Lethal Attempt,625
C-SSRS since last visit - Page 4,Potential Lethality: Only answer if Actual Lethality=0 - Row 1,625
C-SSRS since last visit - Page 4,Potential Lethality: Only answer if Actual Lethality=0 - Most Lethal Attempt,625
C-SSRS since last visit - Page 4,"Likely lethality of actual attempt if no medical damage (the following examples, while having no actual medical - Row 1",625
C-SSRS since last visit - Page 4,"Likely lethality of actual attempt if no medical damage (the following examples, while having no actual medical - Most Lethal Attempt",625
C-SSRS since last visit - Page 4,"damage, has potential for very serious lethality; put gun in mouth and pulled the trigger but gun fails to fire so no - Row 1",625
C-SSRS since last visit - Page 4,"damage, has potential for very serious lethality; put gun in mouth and pulled the trigger but gun fails to fire so no - Most Lethal Attempt",625
C-SSRS since last visit - Page 4,medical damage; laying on train tracks with oncoming train but pulled away before run over). - Row 1,625
C-SSRS since last visit - Page 4,medical damage; laying on train tracks with oncoming train but pulled away before run over). - Most Lethal Attempt,625
C-SSRS since last visit - Page 4,Date of Attempt,625
C-SSRS since last visit - Page 4,Actual Lethality/Medical Damage:,625
C-SSRS since last visit - Page 4,"Likely lethality of actual attempt if no medical damage (the following examples, while having no actual medical",625
C-SSRS since last visit - Page 4,\0.\ Behavior not likely to result in injury \1.\ Behavior like to result in injury but not likely to cause death \2.\ - Most Lethal Attempt,626
C-SSRS since last visit - Page 4,Behavior likely to result in death despite available medical care - Most Lethal Attempt,626
Water Restriction Start Prompt,Date subject started water restriction,627
Water Restriction Start Prompt,Time subject started water restriction,627
IMP Administration - Sertraline and Brexpiprazole,Has subject been fasting (no food) for a minimum of 10 hours prior to the scheduled dosing?,629
IMP Administration - Sertraline and Brexpiprazole,Was water restricted for 1 hour prior to dosing?,629
IMP Administration - Sertraline and Brexpiprazole,Was Sertraline administered?,629
IMP Administration - Sertraline and Brexpiprazole,"If no, reason",629
IMP Administration - Sertraline and Brexpiprazole,Date of Administration,630
IMP Administration - Sertraline and Brexpiprazole,Time of Administration,630
IMP Administration - Sertraline and Brexpiprazole,Physician decision,630
IMP Administration - Sertraline and Brexpiprazole,Dosing Comments (optional),630
Brexpiprazole Dose,Was Brexpiprazole administered?,631
Brexpiprazole Dose,"If no, reason",631
Brexpiprazole Dose,Date of Administration,631
Brexpiprazole Dose,Time of Administration,631
Brexpiprazole Dose,Physician decision,632
Brexpiprazole Dose,Was water restricted for 2 hours following dosing?,632
Brexpiprazole Dose,Dosing Comments (optional),632
Water Restriction End Prompt,Date subject ended water restriction,633
Water Restriction End Prompt,Time subject ended water restriction,633
PK Blood Draw - Brexpiprazole/Sertraline,Was PK Collection Performed?,635
PK Blood Draw - Brexpiprazole/Sertraline,"If not performed, Reason:",635
PK Blood Draw - Brexpiprazole/Sertraline,Date of Collection,635
PK Blood Draw - Brexpiprazole/Sertraline,Brexpiprazole/Sertraline PK - Sample Status,636
PK Blood Draw - Brexpiprazole/Sertraline,Brexpiprazole/Sertraline PK - Time of,636
PK Blood Draw - Brexpiprazole/Sertraline,Brexpiprazole/Sertraline PK - Collection,636
PK Blood Draw - Brexpiprazole/Sertraline,Brexpiprazole/Sertraline PK - Barcode,636
PK Blood Draw - Brexpiprazole/Sertraline,Brexpiprazole/Sertraline PK - Number,636
PK Blood Draw - Brexpiprazole/Sertraline,Brexpiprazole/Sertraline PK - Backup,636
PK Blood Draw - Brexpiprazole/Sertraline,"Sertraline PK, Sertraline PK, Propranolol PK, - Sample Status",636
PK Blood Draw - Brexpiprazole/Sertraline,"Sertraline PK, Sertraline PK, Propranolol PK, - Time of",636
PK Blood Draw - Brexpiprazole/Sertraline,"Sertraline PK, Sertraline PK, Propranolol PK, - Collection",636
PK Blood Draw - Brexpiprazole/Sertraline,"Sertraline PK, Sertraline PK, Propranolol PK, - Barcode",636
PK Blood Draw - Brexpiprazole/Sertraline,"Sertraline PK, Sertraline PK, Propranolol PK, - Number",636
PK Blood Draw - Brexpiprazole/Sertraline,"Sertraline PK, Sertraline PK, Propranolol PK, - Backup",636
PK Blood Draw - Brexpiprazole/Sertraline,Prazosin PK)] - Sample Status,636
PK Blood Draw - Brexpiprazole/Sertraline,Prazosin PK)] - Time of,636
PK Blood Draw - Brexpiprazole/Sertraline,Prazosin PK)] - Collection,636
PK Blood Draw - Brexpiprazole/Sertraline,Prazosin PK)] - Barcode,636
PK Blood Draw - Brexpiprazole/Sertraline,Prazosin PK)] - Number,636
PK Blood Draw - Brexpiprazole/Sertraline,Prazosin PK)] - Backup,636
PK Blood Draw - Brexpiprazole/Sertraline,Propranolol PK,636
PK Blood Draw - Brexpiprazole/Sertraline,"Sertraline PK, Sertraline PK, Propranolol PK, - Sample Status",637
PK Blood Draw - Brexpiprazole/Sertraline,"Sertraline PK, Sertraline PK, Propranolol PK, - Time of",637
PK Blood Draw - Brexpiprazole/Sertraline,"Sertraline PK, Sertraline PK, Propranolol PK, - Collection",637
PK Blood Draw - Brexpiprazole/Sertraline,"Sertraline PK, Sertraline PK, Propranolol PK, - Barcode",637
PK Blood Draw - Brexpiprazole/Sertraline,"Sertraline PK, Sertraline PK, Propranolol PK, - Number",637
PK Blood Draw - Brexpiprazole/Sertraline,"Sertraline PK, Sertraline PK, Propranolol PK, - Backup",637
PK Blood Draw - Brexpiprazole/Sertraline,Prazosin PK)] - Sample Status,637
PK Blood Draw - Brexpiprazole/Sertraline,Prazosin PK)] - Time of,637
PK Blood Draw - Brexpiprazole/Sertraline,Prazosin PK)] - Collection,637
PK Blood Draw - Brexpiprazole/Sertraline,Prazosin PK)] - Barcode,637
PK Blood Draw - Brexpiprazole/Sertraline,Prazosin PK)] - Number,637
PK Blood Draw - Brexpiprazole/Sertraline,Prazosin PK)] - Backup,637
PK Blood Draw - Brexpiprazole/Sertraline,Brexpiprazole/Sertraline PK - Sample Status,637
PK Blood Draw - Brexpiprazole/Sertraline,Brexpiprazole/Sertraline PK - Time of,637
PK Blood Draw - Brexpiprazole/Sertraline,Brexpiprazole/Sertraline PK - Collection,637
PK Blood Draw - Brexpiprazole/Sertraline,Brexpiprazole/Sertraline PK - Barcode,637
PK Blood Draw - Brexpiprazole/Sertraline,Brexpiprazole/Sertraline PK - Number,637
PK Blood Draw - Brexpiprazole/Sertraline,Brexpiprazole/Sertraline PK - Backup,637
PK Blood Draw - Brexpiprazole/Sertraline,Propranolol PK,637
PK Blood Draw - Brexpiprazole/Sertraline,"Sertraline PK, Sertraline PK, Propranolol PK, - Sample Status",638
PK Blood Draw - Brexpiprazole/Sertraline,"Sertraline PK, Sertraline PK, Propranolol PK, - Time of",638
PK Blood Draw - Brexpiprazole/Sertraline,"Sertraline PK, Sertraline PK, Propranolol PK, - Collection",638
PK Blood Draw - Brexpiprazole/Sertraline,"Sertraline PK, Sertraline PK, Propranolol PK, - Barcode",638
PK Blood Draw - Brexpiprazole/Sertraline,"Sertraline PK, Sertraline PK, Propranolol PK, - Number",638
PK Blood Draw - Brexpiprazole/Sertraline,"Sertraline PK, Sertraline PK, Propranolol PK, - Backup",638
PK Blood Draw - Brexpiprazole/Sertraline,Prazosin PK)] - Sample Status,638
PK Blood Draw - Brexpiprazole/Sertraline,Prazosin PK)] - Time of,638
PK Blood Draw - Brexpiprazole/Sertraline,Prazosin PK)] - Collection,638
PK Blood Draw - Brexpiprazole/Sertraline,Prazosin PK)] - Barcode,638
PK Blood Draw - Brexpiprazole/Sertraline,Prazosin PK)] - Number,638
PK Blood Draw - Brexpiprazole/Sertraline,Prazosin PK)] - Backup,638
PK Blood Draw - Brexpiprazole/Sertraline,Brexpiprazole/Sertraline PK - Sample Status,638
PK Blood Draw - Brexpiprazole/Sertraline,Brexpiprazole/Sertraline PK - Time of,638
PK Blood Draw - Brexpiprazole/Sertraline,Brexpiprazole/Sertraline PK - Collection,638
PK Blood Draw - Brexpiprazole/Sertraline,Brexpiprazole/Sertraline PK - Barcode,638
PK Blood Draw - Brexpiprazole/Sertraline,Brexpiprazole/Sertraline PK - Number,638
PK Blood Draw - Brexpiprazole/Sertraline,Brexpiprazole/Sertraline PK - Backup,638
PK Blood Draw - Brexpiprazole/Sertraline,Propranolol PK,638
Triplicate Orthostatic BP and HR - 1h Postdose,Were Vital Signs Collected?,639
Triplicate Orthostatic BP and HR - 1h Postdose,"If not collected, reason:",639
Triplicate Orthostatic BP and HR - 1h Postdose,Collection Date,639
Triplicate Orthostatic BP and HR - 1h Postdose,Planned Timepoint,639
Triplicate Orthostatic BP and HR - 1h Postdose,Time Placed in Position,640
Triplicate Orthostatic BP and HR - 1h Postdose,Time of Vitals Measurement #1,640
Triplicate Orthostatic BP and HR - 1h Postdose,Time of Vitals Measurement #2,640
Triplicate Orthostatic BP and HR - 1h Postdose,Time of Vitals Measurement #3,640
Triplicate Orthostatic BP and HR - 1h Postdose,Time of Vitals Measurement #1,641
Triplicate Orthostatic BP and HR - 1h Postdose,Time of Vitals Measurement #2,641
Triplicate Orthostatic BP and HR - 1h Postdose,Time of Vitals Measurement #3,641
Triplicate Orthostatic BP and HR - 1.5h Postdose,Were Vital Signs Collected?,642
Triplicate Orthostatic BP and HR - 1.5h Postdose,"If not collected, reason:",642
Triplicate Orthostatic BP and HR - 1.5h Postdose,Collection Date,642
Triplicate Orthostatic BP and HR - 1.5h Postdose,Planned Timepoint,642
Triplicate Orthostatic BP and HR - 1.5h Postdose,Time Placed in Position,643
Triplicate Orthostatic BP and HR - 1.5h Postdose,Time of Vitals Measurement #1,643
Triplicate Orthostatic BP and HR - 1.5h Postdose,Time of Vitals Measurement #2,643
Triplicate Orthostatic BP and HR - 1.5h Postdose,Time of Vitals Measurement #3,643
Triplicate Orthostatic BP and HR - 1.5h Postdose,Time of Vitals Measurement #1,644
Triplicate Orthostatic BP and HR - 1.5h Postdose,Time of Vitals Measurement #2,644
Triplicate Orthostatic BP and HR - 1.5h Postdose,Time of Vitals Measurement #3,644
Triplicate Orthostatic BP and HR - 2h Postdose,Were Vital Signs Collected?,645
Triplicate Orthostatic BP and HR - 2h Postdose,"If not collected, reason:",645
Triplicate Orthostatic BP and HR - 2h Postdose,Collection Date,645
Triplicate Orthostatic BP and HR - 2h Postdose,Planned Timepoint,645
Triplicate Orthostatic BP and HR - 2h Postdose,Time Placed in Position,646
Triplicate Orthostatic BP and HR - 2h Postdose,Time of Vitals Measurement #1,646
Triplicate Orthostatic BP and HR - 2h Postdose,Time of Vitals Measurement #2,646
Triplicate Orthostatic BP and HR - 2h Postdose,Time of Vitals Measurement #3,646
Triplicate Orthostatic BP and HR - 2h Postdose,Time of Vitals Measurement #1,647
Triplicate Orthostatic BP and HR - 2h Postdose,Time of Vitals Measurement #2,647
Triplicate Orthostatic BP and HR - 2h Postdose,Time of Vitals Measurement #3,647
Triplicate Orthostatic BP and HR - 2.5h Postdose,Were Vital Signs Collected?,648
Triplicate Orthostatic BP and HR - 2.5h Postdose,"If not collected, reason:",648
Triplicate Orthostatic BP and HR - 2.5h Postdose,Collection Date,648
Triplicate Orthostatic BP and HR - 2.5h Postdose,Planned Timepoint,648
Triplicate Orthostatic BP and HR - 2.5h Postdose,Time Placed in Position,649
Triplicate Orthostatic BP and HR - 2.5h Postdose,Time of Vitals Measurement #1,649
Triplicate Orthostatic BP and HR - 2.5h Postdose,Time of Vitals Measurement #2,649
Triplicate Orthostatic BP and HR - 2.5h Postdose,Time of Vitals Measurement #3,649
Triplicate Orthostatic BP and HR - 2.5h Postdose,Time of Vitals Measurement #1,650
Triplicate Orthostatic BP and HR - 2.5h Postdose,Time of Vitals Measurement #2,650
Triplicate Orthostatic BP and HR - 2.5h Postdose,Time of Vitals Measurement #3,650
Triplicate Orthostatic BP and HR - 3h Postdose,Were Vital Signs Collected?,651
Triplicate Orthostatic BP and HR - 3h Postdose,"If not collected, reason:",651
Triplicate Orthostatic BP and HR - 3h Postdose,Collection Date,651
Triplicate Orthostatic BP and HR - 3h Postdose,Planned Timepoint,651
Triplicate Orthostatic BP and HR - 3h Postdose,Time Placed in Position,652
Triplicate Orthostatic BP and HR - 3h Postdose,Time of Vitals Measurement #1,652
Triplicate Orthostatic BP and HR - 3h Postdose,Time of Vitals Measurement #2,652
Triplicate Orthostatic BP and HR - 3h Postdose,Time of Vitals Measurement #3,652
Triplicate Orthostatic BP and HR - 3h Postdose,Time of Vitals Measurement #1,653
Triplicate Orthostatic BP and HR - 3h Postdose,Time of Vitals Measurement #2,653
Triplicate Orthostatic BP and HR - 3h Postdose,Time of Vitals Measurement #3,653
Triplicate Orthostatic BP and HR - 4h Postdose,Were Vital Signs Collected?,654
Triplicate Orthostatic BP and HR - 4h Postdose,"If not collected, reason:",654
Triplicate Orthostatic BP and HR - 4h Postdose,Collection Date,654
Triplicate Orthostatic BP and HR - 4h Postdose,Planned Timepoint,654
Triplicate Orthostatic BP and HR - 4h Postdose,Time Placed in Position,655
Triplicate Orthostatic BP and HR - 4h Postdose,Time of Vitals Measurement #1,655
Triplicate Orthostatic BP and HR - 4h Postdose,Time of Vitals Measurement #2,655
Triplicate Orthostatic BP and HR - 4h Postdose,Time of Vitals Measurement #3,655
Triplicate Orthostatic BP and HR - 4h Postdose,Time of Vitals Measurement #1,656
Triplicate Orthostatic BP and HR - 4h Postdose,Time of Vitals Measurement #2,656
Triplicate Orthostatic BP and HR - 4h Postdose,Time of Vitals Measurement #3,656
12-lead ECG - 4h Postdose,Was 12 Lead ECG Performed?,657
12-lead ECG - 4h Postdose,"If no, Reason not done",657
12-lead ECG - 4h Postdose,Time subject became supine:,657
12-lead ECG - 4h Postdose,Time of ECG assessment,657
12-lead ECG - 4h Postdose,Not Evaluable,658
12-lead ECG - 4h Postdose,Abnormal Findings,658
12-lead ECG - 4h Postdose,Was the ECG abnormality clinically significant?,658
12-lead ECG - 4h Postdose,Are additional ECG assessments required?,658
Triplicate Orthostatic BP and HR - 6h Postdose,Were Vital Signs Collected?,659
Triplicate Orthostatic BP and HR - 6h Postdose,"If not collected, reason:",659
Triplicate Orthostatic BP and HR - 6h Postdose,Collection Date,659
Triplicate Orthostatic BP and HR - 6h Postdose,Planned Timepoint,659
Triplicate Orthostatic BP and HR - 6h Postdose,Time Placed in Position,660
Triplicate Orthostatic BP and HR - 6h Postdose,Time of Vitals Measurement #1,660
Triplicate Orthostatic BP and HR - 6h Postdose,Time of Vitals Measurement #2,660
Triplicate Orthostatic BP and HR - 6h Postdose,Time of Vitals Measurement #3,660
Triplicate Orthostatic BP and HR - 6h Postdose,Time of Vitals Measurement #1,661
Triplicate Orthostatic BP and HR - 6h Postdose,Time of Vitals Measurement #2,661
Triplicate Orthostatic BP and HR - 6h Postdose,Time of Vitals Measurement #3,661
Triplicate Orthostatic BP and HR - 8h Postdose,Were Vital Signs Collected?,662
Triplicate Orthostatic BP and HR - 8h Postdose,"If not collected, reason:",662
Triplicate Orthostatic BP and HR - 8h Postdose,Collection Date,662
Triplicate Orthostatic BP and HR - 8h Postdose,Planned Timepoint,662
Triplicate Orthostatic BP and HR - 8h Postdose,Time Placed in Position,663
Triplicate Orthostatic BP and HR - 8h Postdose,Time of Vitals Measurement #1,663
Triplicate Orthostatic BP and HR - 8h Postdose,Time of Vitals Measurement #2,663
Triplicate Orthostatic BP and HR - 8h Postdose,Time of Vitals Measurement #3,663
Triplicate Orthostatic BP and HR - 8h Postdose,Time of Vitals Measurement #1,664
Triplicate Orthostatic BP and HR - 8h Postdose,Time of Vitals Measurement #2,664
Triplicate Orthostatic BP and HR - 8h Postdose,Time of Vitals Measurement #3,664
Visit Date,Skip to next visit,665
Visit Date,Skip to Early Termination visit,665
AE and CM prompt,Has the subject had any changes to their health since previous visit?,667
AE and CM prompt,Are there any changes in concomitant medications including dose changes to be reported?,667
Body Temperature and Respiratory Rate - Predose,Were Vital Signs Collected?,669
Body Temperature and Respiratory Rate - Predose,"If not collected, reason:",669
Body Temperature and Respiratory Rate - Predose,Collection Date,669
Body Temperature and Respiratory Rate - Predose,Planned Timepoint,669
Body Temperature and Respiratory Rate - Predose,Respiratory Rate (breaths/min),670
Body Temperature and Respiratory Rate - Predose,Body Temperature (celsius),670
Triplicate Orthostatic BP and HR - Predose,Were Vital Signs Collected?,671
Triplicate Orthostatic BP and HR - Predose,"If not collected, reason:",671
Triplicate Orthostatic BP and HR - Predose,Collection Date,671
Triplicate Orthostatic BP and HR - Predose,Planned Timepoint,671
Triplicate Orthostatic BP and HR - Predose,Time Placed in Position,672
Triplicate Orthostatic BP and HR - Predose,Time of Vitals Measurement #1,672
Triplicate Orthostatic BP and HR - Predose,Time of Vitals Measurement #2,672
Triplicate Orthostatic BP and HR - Predose,Time of Vitals Measurement #3,672
Triplicate Orthostatic BP and HR - Predose,Time of Vitals Measurement #1,673
Triplicate Orthostatic BP and HR - Predose,Time of Vitals Measurement #2,673
Triplicate Orthostatic BP and HR - Predose,Time of Vitals Measurement #3,673
C-SSRS since last visit - Page 1,Was the questionnaire administered?,676
C-SSRS since last visit - Page 1,Date of completion,676
C-SSRS since last visit - Page 1,Rater's initials,676
C-SSRS since last visit - Page 1,1. Wish to be dead - Row 1,677
C-SSRS since last visit - Page 1,1. Wish to be dead - Since Last Visit,677
C-SSRS since last visit - Page 1,"Subject endorses thoughts about a wish to be dead or not alive anymore, or wish to fall asleep and not wake up. - Row 1",677
C-SSRS since last visit - Page 1,"Subject endorses thoughts about a wish to be dead or not alive anymore, or wish to fall asleep and not wake up. - Since Last Visit",677
C-SSRS since last visit - Page 1,Have you wished you were dead or wished you could go to sleep and not wake up? - Row 1,677
C-SSRS since last visit - Page 1,Have you wished you were dead or wished you could go to sleep and not wake up? - Since Last Visit,677
C-SSRS since last visit - Page 1,"If Yes, describe - Row 1",677
C-SSRS since last visit - Page 1,"If Yes, describe - Since Last Visit",677
C-SSRS since last visit - Page 1,2. Non-specific active suicidal thoughts - Row 1,677
C-SSRS since last visit - Page 1,2. Non-specific active suicidal thoughts - Since Last Visit,677
C-SSRS since last visit - Page 1,"General non-specific thoughts of wanting to end one's life/commit suicide (e.g. ""I've thought about killing myself"") - Row 1",677
C-SSRS since last visit - Page 1,"General non-specific thoughts of wanting to end one's life/commit suicide (e.g. ""I've thought about killing myself"") - Since Last Visit",677
C-SSRS since last visit - Page 1,"without thoughts of way to kill oneself/associated methods,intent or plan during the assessment period. - Row 1",677
C-SSRS since last visit - Page 1,"without thoughts of way to kill oneself/associated methods,intent or plan during the assessment period. - Since Last Visit",677
C-SSRS since last visit - Page 1,Have you actually had any thoughts of killing yourself? - Row 1,677
C-SSRS since last visit - Page 1,Have you actually had any thoughts of killing yourself? - Since Last Visit,677
C-SSRS since last visit - Page 1,"Subject endorses thoughts about a wish to be dead or not alive anymore, or wish to fall asleep and not wake up.",677
C-SSRS since last visit - Page 1,"If Yes, describe",677
C-SSRS since last visit - Page 1,"General non-specific thoughts of wanting to end one's life/commit suicide (e.g. ""I've thought about killing myself"")",677
C-SSRS since last visit - Page 1,"If Yes, describe - Since Last Visit",678
C-SSRS since last visit - Page 1,3. Active suicidal ideation with any methods (not plan) without intent to act - Since Last Visit,678
C-SSRS since last visit - Page 1,Subject endorses thoughts of suicide and has thought of at least one method during the assessment period. This is - Since Last Visit,678
C-SSRS since last visit - Page 1,"different than a specific plan with a time, place or method details worked out (e.g. thought of method to kill self but - Since Last Visit",678
C-SSRS since last visit - Page 1,"not a specific plan). Includes a person who would say: ""I thought about taking an overdose but i never made a specific - Since Last Visit",678
C-SSRS since last visit - Page 1,"plan as to when, where or how I would actually do it. . . and I would never go through with it"" - Since Last Visit",678
C-SSRS since last visit - Page 1,Have you been thinking about how you might do this? - Since Last Visit,678
C-SSRS since last visit - Page 1,"4. Active suicidal ideation with some intent to act, without specific plan - Since Last Visit",678
C-SSRS since last visit - Page 1,"If Yes, describe",678
C-SSRS since last visit - Page 1,Subject endorses thoughts of suicide and has thought of at least one method during the assessment period. This is,678
C-SSRS since last visit - Page 1,"Active suicidal thoughts of killing oneself and subject reports having some intent to act on such thoughts, as opposed - Since Last Visit",679
C-SSRS since last visit - Page 1,"to ""I have thoughts but I definitely will not do anything about them"" - Since Last Visit",679
C-SSRS since last visit - Page 1,Have you had these thoughts and had some intention of acting on them? - Since Last Visit,679
C-SSRS since last visit - Page 1,"If Yes, describe - Since Last Visit",679
C-SSRS since last visit - Page 1,5. Active suicidal ideation with specific plan and intent - Since Last Visit,679
C-SSRS since last visit - Page 1,Thoughts of killing oneself with detail of plan fully or partially worked out and subject has some intent to carry it out. - Since Last Visit,679
C-SSRS since last visit - Page 1,Have you started to work out or worked out the details of how to kill yourself? Do you intend to carry out this plan? - Since Last Visit,679
C-SSRS since last visit - Page 1,"If Yes, describe",679
C-SSRS since last visit - Page 1,Thoughts of killing oneself with detail of plan fully or partially worked out and subject has some intent to carry it out.,679
C-SSRS since last visit - Page 2,"The following features should be rated with respect to the most severe type of ideation (i.e. 1-5 from above, with 1 - Row 1",681
C-SSRS since last visit - Page 2,"The following features should be rated with respect to the most severe type of ideation (i.e. 1-5 from above, with 1 - Since Last Visit",681
C-SSRS since last visit - Page 2,being the least severe and 5 being the most severe). Ask about time he/she was feeling the most suicidal. - Row 1,681
C-SSRS since last visit - Page 2,being the least severe and 5 being the most severe). Ask about time he/she was feeling the most suicidal. - Since Last Visit,681
C-SSRS since last visit - Page 2,Most severe ideation - Row 1,681
C-SSRS since last visit - Page 2,Most severe ideation - Since Last Visit,681
C-SSRS since last visit - Page 2,Description of Ideation - Row 1,681
C-SSRS since last visit - Page 2,Description of Ideation - Since Last Visit,681
C-SSRS since last visit - Page 2,(5) Active suicidal ideation w/ specific plan and intent,681
C-SSRS since last visit - Page 2,Description of Ideation,681
C-SSRS since last visit - Page 2,Frequency - Since Last Visit,682
C-SSRS since last visit - Page 2,How many times have you had these thoughts? - Since Last Visit,682
C-SSRS since last visit - Page 2,Duration - Since Last Visit,682
C-SSRS since last visit - Page 2,"When you have the thoughts, how long do they last? - Since Last Visit",682
C-SSRS since last visit - Page 2,Controllability - Since Last Visit,682
C-SSRS since last visit - Page 2,How many times have you had these thoughts?,682
C-SSRS since last visit - Page 2,"When you have the thoughts, how long do they last?",682
C-SSRS since last visit - Page 2,Could/can you stop thinking about killing yourself or wanting to die if you want to? - Since Last Visit,683
C-SSRS since last visit - Page 2,Could/can you stop thinking about killing yourself or wanting to die if you want to? - (1) Easily able to control thoughts,683
C-SSRS since last visit - Page 2,Deterrents - Since Last Visit,683
C-SSRS since last visit - Page 2,Deterrents - (1) Easily able to control thoughts,683
C-SSRS since last visit - Page 2,Are there things - anyone or anything - that stopped you from wanting to die or acting on thoughts of committing - Since Last Visit,683
C-SSRS since last visit - Page 2,Are there things - anyone or anything - that stopped you from wanting to die or acting on thoughts of committing - (1) Easily able to control thoughts,683
C-SSRS since last visit - Page 2,suicide? - Since Last Visit,683
C-SSRS since last visit - Page 2,suicide? - (1) Easily able to control thoughts,683
C-SSRS since last visit - Page 2,(0) Does not attempt to control thoughts,683
C-SSRS since last visit - Page 2,(0) Does not apply,683
C-SSRS since last visit - Page 2,Reasons for Ideation - Since Last Visit,684
C-SSRS since last visit - Page 2,What sort of reasons did you have for thinking about wanting to die or killing yourself? Was it to end the pain or - Since Last Visit,684
C-SSRS since last visit - Page 2,stop the way you were feeling (in other words you couldn't go on living with this pain or how you were feeling) or - Since Last Visit,684
C-SSRS since last visit - Page 2,"was it to get attention, revenge or a reaction from others? or both? - Since Last Visit",684
C-SSRS since last visit - Page 2,(0) Does not apply,684
C-SSRS since last visit - Page 2,Since Last Visit,685
C-SSRS since last visit - Page 3,Actual attempt: - Row 1,687
C-SSRS since last visit - Page 3,Actual attempt: - Since Last Visit,687
C-SSRS since last visit - Page 3,"A potentially self-injurious act committed with at least some wish to die, as a result of act. Behaviour was in part thought of as method to - Row 1",687
C-SSRS since last visit - Page 3,"A potentially self-injurious act committed with at least some wish to die, as a result of act. Behaviour was in part thought of as method to - Since Last Visit",687
C-SSRS since last visit - Page 3,"kill oneself. Intent does not have to be 100%. If there is any intent/desire to die associated with the act, then it can be considered an actual - Row 1",687
C-SSRS since last visit - Page 3,"kill oneself. Intent does not have to be 100%. If there is any intent/desire to die associated with the act, then it can be considered an actual - Since Last Visit",687
C-SSRS since last visit - Page 3,"suicide attempt. There does not have to be any injury or harm, just the potential for injury or harm. If a person pulls the trigger while gun - Row 1",687
C-SSRS since last visit - Page 3,"suicide attempt. There does not have to be any injury or harm, just the potential for injury or harm. If a person pulls the trigger while gun - Since Last Visit",687
C-SSRS since last visit - Page 3,"is in mouth but gun is broken so no injury results, this is considered an attempt. - Row 1",687
C-SSRS since last visit - Page 3,"is in mouth but gun is broken so no injury results, this is considered an attempt. - Since Last Visit",687
C-SSRS since last visit - Page 3,"Inferring Intent: even if an individual denies intent/wish to die, it may be inferred clinically from the behaviour or circumstances. For - Row 1",687
C-SSRS since last visit - Page 3,"Inferring Intent: even if an individual denies intent/wish to die, it may be inferred clinically from the behaviour or circumstances. For - Since Last Visit",687
C-SSRS since last visit - Page 3,"example, a highly lethal act that is clearly not an accident so no other intent but suicide can be inferred (e.g. gunshot to the head, jumping - Row 1",687
C-SSRS since last visit - Page 3,"example, a highly lethal act that is clearly not an accident so no other intent but suicide can be inferred (e.g. gunshot to the head, jumping - Since Last Visit",687
C-SSRS since last visit - Page 3,"from window of a high floor/story). Also, if someone denies intent to die, but they thought that what they did could be lethal, intent may - Row 1",687
C-SSRS since last visit - Page 3,"from window of a high floor/story). Also, if someone denies intent to die, but they thought that what they did could be lethal, intent may - Since Last Visit",687
C-SSRS since last visit - Page 3,be inferred. - Row 1,687
C-SSRS since last visit - Page 3,be inferred. - Since Last Visit,687
C-SSRS since last visit - Page 3,Have you made a suicide attempt? - Row 1,687
C-SSRS since last visit - Page 3,Have you made a suicide attempt? - Since Last Visit,687
C-SSRS since last visit - Page 3,Have you done anything to harm yourself? - Row 1,687
C-SSRS since last visit - Page 3,Have you done anything to harm yourself? - Since Last Visit,687
C-SSRS since last visit - Page 3,Have you done anything dangerous where you could have died? - Row 1,687
C-SSRS since last visit - Page 3,Have you done anything dangerous where you could have died? - Since Last Visit,687
C-SSRS since last visit - Page 3,What did you do? - Row 1,687
C-SSRS since last visit - Page 3,What did you do? - Since Last Visit,687
C-SSRS since last visit - Page 3,Did you ______ as a way to end your life? - Row 1,687
C-SSRS since last visit - Page 3,Did you ______ as a way to end your life? - Since Last Visit,687
C-SSRS since last visit - Page 3,Did you want to die (even a little) when you ____? - Row 1,687
C-SSRS since last visit - Page 3,Did you want to die (even a little) when you ____? - Since Last Visit,687
C-SSRS since last visit - Page 3,Were trying to end your life when you ____? - Row 1,687
C-SSRS since last visit - Page 3,Were trying to end your life when you ____? - Since Last Visit,687
C-SSRS since last visit - Page 3,Or did you think it was possible you could have died from ____? - Row 1,687
C-SSRS since last visit - Page 3,Or did you think it was possible you could have died from ____? - Since Last Visit,687
C-SSRS since last visit - Page 3,Actual attempt:,687
C-SSRS since last visit - Page 3,"Or did you do it purely for other reasons/without ANY intention of killing yourself (like to relieve stress, feel better, get sympathy, or - Since Last Visit",688
C-SSRS since last visit - Page 3,get something else to happen? (Self-Injurious Behavior without suicidal intent) - Since Last Visit,688
C-SSRS since last visit - Page 3,"If Yes, Total number of attempts - Since Last Visit",688
C-SSRS since last visit - Page 3,"If Yes, describe - Since Last Visit",688
C-SSRS since last visit - Page 3,Has subject engaged in Non-Suicidal self-injurious behavior? - Since Last Visit,688
C-SSRS since last visit - Page 3,"If Yes, Total number of attempts",688
C-SSRS since last visit - Page 3,"If Yes, describe",688
C-SSRS since last visit - Page 3,Has subject engaged in Non-Suicidal self-injurious behavior?,688
C-SSRS since last visit - Page 3,Interrupted attempt: - Since Last Visit,689
C-SSRS since last visit - Page 3,"When the person is interrupted (by an outside circumstance) from starting the potentially self-injurious act (if not for that, actual attempt - Since Last Visit",689
C-SSRS since last visit - Page 3,would have occurred). - Since Last Visit,689
C-SSRS since last visit - Page 3,Has there been a time when you started to do something to end your life but someone or something stopped you before you actually did - Since Last Visit,689
C-SSRS since last visit - Page 3,anything? - Since Last Visit,689
C-SSRS since last visit - Page 3,"If Yes, Total number of interrupted attempts - Since Last Visit",689
C-SSRS since last visit - Page 3,"If Yes, describe - Since Last Visit",689
C-SSRS since last visit - Page 3,Interrupted attempt:,689
C-SSRS since last visit - Page 3,"If Yes, Total number of interrupted attempts",689
C-SSRS since last visit - Page 3,"If Yes, describe",689
C-SSRS since last visit - Page 3,Aborted attempt: - Row 8,690
C-SSRS since last visit - Page 3,Aborted attempt: - Since Last Visit,690
C-SSRS since last visit - Page 3,"When person begins to take steps toward making a suicide attempt, but stops themselves before they actually have engaged in any self - Row 8",690
C-SSRS since last visit - Page 3,"When person begins to take steps toward making a suicide attempt, but stops themselves before they actually have engaged in any self - Since Last Visit",690
C-SSRS since last visit - Page 3,"destructive behaviour. Examples are similar to interrupted attempts, except that the individual stops him/herself, instead of being stopped - Row 8",690
C-SSRS since last visit - Page 3,"destructive behaviour. Examples are similar to interrupted attempts, except that the individual stops him/herself, instead of being stopped - Since Last Visit",690
C-SSRS since last visit - Page 3,by something else. - Row 8,690
C-SSRS since last visit - Page 3,by something else. - Since Last Visit,690
C-SSRS since last visit - Page 3,Has there been a time when you started to do something to try to end your life but you stopped yourself before you actually did - Row 8,690
C-SSRS since last visit - Page 3,Has there been a time when you started to do something to try to end your life but you stopped yourself before you actually did - Since Last Visit,690
C-SSRS since last visit - Page 3,anything? - Row 8,690
C-SSRS since last visit - Page 3,anything? - Since Last Visit,690
C-SSRS since last visit - Page 3,"If Yes, Total number of aborted attempts - Row 8",690
C-SSRS since last visit - Page 3,"If Yes, Total number of aborted attempts - Since Last Visit",690
C-SSRS since last visit - Page 3,"If Yes, describe - Row 8",690
C-SSRS since last visit - Page 3,"If Yes, describe - Since Last Visit",690
C-SSRS since last visit - Page 3,Aborted attempt:,690
C-SSRS since last visit - Page 3,"If Yes, Total number of aborted attempts",690
C-SSRS since last visit - Page 3,"If Yes, describe",690
C-SSRS since last visit - Page 3,Preparatory acts or behavior: - Since Last Visit,691
C-SSRS since last visit - Page 3,Acts or preparation towards imminently making a suicide attempt. This can include anything beyond a verbalization or thought such as - Since Last Visit,691
C-SSRS since last visit - Page 3,"assembling a specific method (e.g., buying pills, purchasing a gun) or preparing for one's death by suicide (e.g., giving things away, - Since Last Visit",691
C-SSRS since last visit - Page 3,writing a suicide note) - Since Last Visit,691
C-SSRS since last visit - Page 3,"Have you taken any step towards making a suicide attempt or preparing to kill yourself (such as collecting pills, getting a gun, giving - Since Last Visit",691
C-SSRS since last visit - Page 3,valuables away or writing a suicide note?) - Since Last Visit,691
C-SSRS since last visit - Page 3,"If Yes, describe - Since Last Visit",691
C-SSRS since last visit - Page 3,Suicidal behavior: - Since Last Visit,691
C-SSRS since last visit - Page 3,Suicidal behavior was present during the assessment period? - Since Last Visit,691
C-SSRS since last visit - Page 3,Suicide: - Since Last Visit,691
C-SSRS since last visit - Page 3,Preparatory acts or behavior:,691
C-SSRS since last visit - Page 3,"If Yes, describe",691
C-SSRS since last visit - Page 3,Suicidal behavior:,691
C-SSRS since last visit - Page 3,Suicide:,691
C-SSRS since last visit - Page 3,Since Last Visit,692
C-SSRS since last visit - Page 4,Date of Attempt - Row 1,694
C-SSRS since last visit - Page 4,Date of Attempt - Most Lethal Attempt,694
C-SSRS since last visit - Page 4,Actual Lethality/Medical Damage: - Row 1,694
C-SSRS since last visit - Page 4,Actual Lethality/Medical Damage: - Most Lethal Attempt,694
C-SSRS since last visit - Page 4,\0.\ No physical damage or very minor physical damage (e.g. surface scratches) \1.\ Minor physical damage (e.g. - Row 1,694
C-SSRS since last visit - Page 4,\0.\ No physical damage or very minor physical damage (e.g. surface scratches) \1.\ Minor physical damage (e.g. - Most Lethal Attempt,694
C-SSRS since last visit - Page 4,"lethargic speech, first-degree burns, mild bleeding, sprains) \2.\ Moderate physical damage; medical attention needed - Row 1",694
C-SSRS since last visit - Page 4,"lethargic speech, first-degree burns, mild bleeding, sprains) \2.\ Moderate physical damage; medical attention needed - Most Lethal Attempt",694
C-SSRS since last visit - Page 4,"(e.g. conscious but sleepy; somewhat responsive, second-degree burns; bleeding of major vessel \3.\ Moderately - Row 1",694
C-SSRS since last visit - Page 4,"(e.g. conscious but sleepy; somewhat responsive, second-degree burns; bleeding of major vessel \3.\ Moderately - Most Lethal Attempt",694
C-SSRS since last visit - Page 4,severe physical damage; medical hospitalization and likely intensive care required (e.g. comatose with reflexes intact; - Row 1,694
C-SSRS since last visit - Page 4,severe physical damage; medical hospitalization and likely intensive care required (e.g. comatose with reflexes intact; - Most Lethal Attempt,694
C-SSRS since last visit - Page 4,"third-degree burns less than 20% of body; extensive blood loss but can recover, major fractures) \4.\ Severe physical - Row 1",694
C-SSRS since last visit - Page 4,"third-degree burns less than 20% of body; extensive blood loss but can recover, major fractures) \4.\ Severe physical - Most Lethal Attempt",694
C-SSRS since last visit - Page 4,damage; medical hospitalization with intensive care required (e.g. comatose without reflexes; third-degree burns over - Row 1,694
C-SSRS since last visit - Page 4,damage; medical hospitalization with intensive care required (e.g. comatose without reflexes; third-degree burns over - Most Lethal Attempt,694
C-SSRS since last visit - Page 4,20% of the body; extensive blood loss with unstable vital signs; major damage to a vital area \5.\ Death - Row 1,694
C-SSRS since last visit - Page 4,20% of the body; extensive blood loss with unstable vital signs; major damage to a vital area \5.\ Death - Most Lethal Attempt,694
C-SSRS since last visit - Page 4,Potential Lethality: Only answer if Actual Lethality=0 - Row 1,694
C-SSRS since last visit - Page 4,Potential Lethality: Only answer if Actual Lethality=0 - Most Lethal Attempt,694
C-SSRS since last visit - Page 4,"Likely lethality of actual attempt if no medical damage (the following examples, while having no actual medical - Row 1",694
C-SSRS since last visit - Page 4,"Likely lethality of actual attempt if no medical damage (the following examples, while having no actual medical - Most Lethal Attempt",694
C-SSRS since last visit - Page 4,"damage, has potential for very serious lethality; put gun in mouth and pulled the trigger but gun fails to fire so no - Row 1",694
C-SSRS since last visit - Page 4,"damage, has potential for very serious lethality; put gun in mouth and pulled the trigger but gun fails to fire so no - Most Lethal Attempt",694
C-SSRS since last visit - Page 4,medical damage; laying on train tracks with oncoming train but pulled away before run over). - Row 1,694
C-SSRS since last visit - Page 4,medical damage; laying on train tracks with oncoming train but pulled away before run over). - Most Lethal Attempt,694
C-SSRS since last visit - Page 4,Date of Attempt,694
C-SSRS since last visit - Page 4,Actual Lethality/Medical Damage:,694
C-SSRS since last visit - Page 4,"Likely lethality of actual attempt if no medical damage (the following examples, while having no actual medical",694
C-SSRS since last visit - Page 4,\0.\ Behavior not likely to result in injury \1.\ Behavior like to result in injury but not likely to cause death \2.\ - Most Lethal Attempt,695
C-SSRS since last visit - Page 4,Behavior likely to result in death despite available medical care - Most Lethal Attempt,695
Water Restriction Start Prompt,Date subject started water restriction,696
Water Restriction Start Prompt,Time subject started water restriction,696
"IMP Administration - Sertraline, Brexpiprazole and Prazosin",Has subject been fasting (no food) for a minimum of 10 hours prior to the scheduled dosing?,698
"IMP Administration - Sertraline, Brexpiprazole and Prazosin",Was water restricted for 1 hour prior to dosing?,698
"IMP Administration - Sertraline, Brexpiprazole and Prazosin",Was Sertraline administered?,698
"IMP Administration - Sertraline, Brexpiprazole and Prazosin","If no, reason",698
"IMP Administration - Sertraline, Brexpiprazole and Prazosin",Date of Administration,699
"IMP Administration - Sertraline, Brexpiprazole and Prazosin",Time of Administration,699
"IMP Administration - Sertraline, Brexpiprazole and Prazosin",Physician decision,699
"IMP Administration - Sertraline, Brexpiprazole and Prazosin",Dosing Comments (optional),699
Brexpiprazole Dose,Was Brexpiprazole administered?,700
Brexpiprazole Dose,"If no, reason",700
Brexpiprazole Dose,Date of Administration,700
Brexpiprazole Dose,Time of Administration,700
Brexpiprazole Dose,Physician decision,701
Brexpiprazole Dose,Dosing Comments (optional),701
Brexpiprazole Dose,Was Prazosin administered?,701
Brexpiprazole Dose,"If no, reason",701
Brexpiprazole Dose,Date of Administration,702
Brexpiprazole Dose,Time of Administration,702
Brexpiprazole Dose,Physician decision,702
Brexpiprazole Dose,Was water restricted for 2 hours following dosing?,703
Brexpiprazole Dose,Dosing Comments (optional),703
Water Restriction End Prompt,Date subject ended water restriction,704
Water Restriction End Prompt,Time subject ended water restriction,704
PK Blood Draw - Brexpiprazole/Sertraline,Was PK Collection Performed?,706
PK Blood Draw - Brexpiprazole/Sertraline,"If not performed, Reason:",706
PK Blood Draw - Brexpiprazole/Sertraline,Date of Collection,706
PK Blood Draw - Brexpiprazole/Sertraline,Brexpiprazole/Sertraline PK - Sample Status,707
PK Blood Draw - Brexpiprazole/Sertraline,Brexpiprazole/Sertraline PK - Time of,707
PK Blood Draw - Brexpiprazole/Sertraline,Brexpiprazole/Sertraline PK - Collection,707
PK Blood Draw - Brexpiprazole/Sertraline,Brexpiprazole/Sertraline PK - Barcode,707
PK Blood Draw - Brexpiprazole/Sertraline,Brexpiprazole/Sertraline PK - Number,707
PK Blood Draw - Brexpiprazole/Sertraline,Brexpiprazole/Sertraline PK - Backup,707
PK Blood Draw - Brexpiprazole/Sertraline,"Sertraline PK, Sertraline PK, Propranolol PK, - Sample Status",707
PK Blood Draw - Brexpiprazole/Sertraline,"Sertraline PK, Sertraline PK, Propranolol PK, - Time of",707
PK Blood Draw - Brexpiprazole/Sertraline,"Sertraline PK, Sertraline PK, Propranolol PK, - Collection",707
PK Blood Draw - Brexpiprazole/Sertraline,"Sertraline PK, Sertraline PK, Propranolol PK, - Barcode",707
PK Blood Draw - Brexpiprazole/Sertraline,"Sertraline PK, Sertraline PK, Propranolol PK, - Number",707
PK Blood Draw - Brexpiprazole/Sertraline,"Sertraline PK, Sertraline PK, Propranolol PK, - Backup",707
PK Blood Draw - Brexpiprazole/Sertraline,Prazosin PK)] - Sample Status,707
PK Blood Draw - Brexpiprazole/Sertraline,Prazosin PK)] - Time of,707
PK Blood Draw - Brexpiprazole/Sertraline,Prazosin PK)] - Collection,707
PK Blood Draw - Brexpiprazole/Sertraline,Prazosin PK)] - Barcode,707
PK Blood Draw - Brexpiprazole/Sertraline,Prazosin PK)] - Number,707
PK Blood Draw - Brexpiprazole/Sertraline,Prazosin PK)] - Backup,707
PK Blood Draw - Brexpiprazole/Sertraline,Propranolol PK,707
PK Blood Draw - Brexpiprazole/Sertraline,"Sertraline PK, Sertraline PK, Propranolol PK, - Sample Status",708
PK Blood Draw - Brexpiprazole/Sertraline,"Sertraline PK, Sertraline PK, Propranolol PK, - Time of",708
PK Blood Draw - Brexpiprazole/Sertraline,"Sertraline PK, Sertraline PK, Propranolol PK, - Collection",708
PK Blood Draw - Brexpiprazole/Sertraline,"Sertraline PK, Sertraline PK, Propranolol PK, - Barcode",708
PK Blood Draw - Brexpiprazole/Sertraline,"Sertraline PK, Sertraline PK, Propranolol PK, - Number",708
PK Blood Draw - Brexpiprazole/Sertraline,"Sertraline PK, Sertraline PK, Propranolol PK, - Backup",708
PK Blood Draw - Brexpiprazole/Sertraline,Prazosin PK)] - Sample Status,708
PK Blood Draw - Brexpiprazole/Sertraline,Prazosin PK)] - Time of,708
PK Blood Draw - Brexpiprazole/Sertraline,Prazosin PK)] - Collection,708
PK Blood Draw - Brexpiprazole/Sertraline,Prazosin PK)] - Barcode,708
PK Blood Draw - Brexpiprazole/Sertraline,Prazosin PK)] - Number,708
PK Blood Draw - Brexpiprazole/Sertraline,Prazosin PK)] - Backup,708
PK Blood Draw - Brexpiprazole/Sertraline,Brexpiprazole/Sertraline PK - Sample Status,708
PK Blood Draw - Brexpiprazole/Sertraline,Brexpiprazole/Sertraline PK - Time of,708
PK Blood Draw - Brexpiprazole/Sertraline,Brexpiprazole/Sertraline PK - Collection,708
PK Blood Draw - Brexpiprazole/Sertraline,Brexpiprazole/Sertraline PK - Barcode,708
PK Blood Draw - Brexpiprazole/Sertraline,Brexpiprazole/Sertraline PK - Number,708
PK Blood Draw - Brexpiprazole/Sertraline,Brexpiprazole/Sertraline PK - Backup,708
PK Blood Draw - Brexpiprazole/Sertraline,Propranolol PK,708
PK Blood Draw - Brexpiprazole/Sertraline,"Sertraline PK, Sertraline PK, Propranolol PK, - Sample Status",709
PK Blood Draw - Brexpiprazole/Sertraline,"Sertraline PK, Sertraline PK, Propranolol PK, - Time of",709
PK Blood Draw - Brexpiprazole/Sertraline,"Sertraline PK, Sertraline PK, Propranolol PK, - Collection",709
PK Blood Draw - Brexpiprazole/Sertraline,"Sertraline PK, Sertraline PK, Propranolol PK, - Barcode",709
PK Blood Draw - Brexpiprazole/Sertraline,"Sertraline PK, Sertraline PK, Propranolol PK, - Number",709
PK Blood Draw - Brexpiprazole/Sertraline,"Sertraline PK, Sertraline PK, Propranolol PK, - Backup",709
PK Blood Draw - Brexpiprazole/Sertraline,Prazosin PK)] - Sample Status,709
PK Blood Draw - Brexpiprazole/Sertraline,Prazosin PK)] - Time of,709
PK Blood Draw - Brexpiprazole/Sertraline,Prazosin PK)] - Collection,709
PK Blood Draw - Brexpiprazole/Sertraline,Prazosin PK)] - Barcode,709
PK Blood Draw - Brexpiprazole/Sertraline,Prazosin PK)] - Number,709
PK Blood Draw - Brexpiprazole/Sertraline,Prazosin PK)] - Backup,709
PK Blood Draw - Brexpiprazole/Sertraline,Brexpiprazole/Sertraline PK - Sample Status,709
PK Blood Draw - Brexpiprazole/Sertraline,Brexpiprazole/Sertraline PK - Time of,709
PK Blood Draw - Brexpiprazole/Sertraline,Brexpiprazole/Sertraline PK - Collection,709
PK Blood Draw - Brexpiprazole/Sertraline,Brexpiprazole/Sertraline PK - Barcode,709
PK Blood Draw - Brexpiprazole/Sertraline,Brexpiprazole/Sertraline PK - Number,709
PK Blood Draw - Brexpiprazole/Sertraline,Brexpiprazole/Sertraline PK - Backup,709
PK Blood Draw - Brexpiprazole/Sertraline,Propranolol PK,709
PK Blood Draw - Prazosin,Was PK Collection Performed?,710
PK Blood Draw - Prazosin,"If not performed, Reason:",710
PK Blood Draw - Prazosin,Date of Collection,710
PK Blood Draw - Prazosin,Prazosin PK - Sample Status,711
PK Blood Draw - Prazosin,Prazosin PK - Time of,711
PK Blood Draw - Prazosin,Prazosin PK - Collection,711
PK Blood Draw - Prazosin,Prazosin PK - Barcode,711
PK Blood Draw - Prazosin,Prazosin PK - Number,711
PK Blood Draw - Prazosin,Prazosin PK - Backup,711
PK Blood Draw - Prazosin,"Sertraline PK, Sertraline PK, Propranolol PK, - Sample Status",711
PK Blood Draw - Prazosin,"Sertraline PK, Sertraline PK, Propranolol PK, - Time of",711
PK Blood Draw - Prazosin,"Sertraline PK, Sertraline PK, Propranolol PK, - Collection",711
PK Blood Draw - Prazosin,"Sertraline PK, Sertraline PK, Propranolol PK, - Barcode",711
PK Blood Draw - Prazosin,"Sertraline PK, Sertraline PK, Propranolol PK, - Number",711
PK Blood Draw - Prazosin,"Sertraline PK, Sertraline PK, Propranolol PK, - Backup",711
PK Blood Draw - Prazosin,Prazosin PK)] - Sample Status,711
PK Blood Draw - Prazosin,Prazosin PK)] - Time of,711
PK Blood Draw - Prazosin,Prazosin PK)] - Collection,711
PK Blood Draw - Prazosin,Prazosin PK)] - Barcode,711
PK Blood Draw - Prazosin,Prazosin PK)] - Number,711
PK Blood Draw - Prazosin,Prazosin PK)] - Backup,711
PK Blood Draw - Prazosin,Propranolol PK,711
PK Blood Draw - Prazosin,"Sertraline PK, Sertraline PK, Propranolol PK, - Sample Status",712
PK Blood Draw - Prazosin,"Sertraline PK, Sertraline PK, Propranolol PK, - Time of",712
PK Blood Draw - Prazosin,"Sertraline PK, Sertraline PK, Propranolol PK, - Collection",712
PK Blood Draw - Prazosin,"Sertraline PK, Sertraline PK, Propranolol PK, - Barcode",712
PK Blood Draw - Prazosin,"Sertraline PK, Sertraline PK, Propranolol PK, - Number",712
PK Blood Draw - Prazosin,"Sertraline PK, Sertraline PK, Propranolol PK, - Backup",712
PK Blood Draw - Prazosin,Prazosin PK)] - Sample Status,712
PK Blood Draw - Prazosin,Prazosin PK)] - Time of,712
PK Blood Draw - Prazosin,Prazosin PK)] - Collection,712
PK Blood Draw - Prazosin,Prazosin PK)] - Barcode,712
PK Blood Draw - Prazosin,Prazosin PK)] - Number,712
PK Blood Draw - Prazosin,Prazosin PK)] - Backup,712
PK Blood Draw - Prazosin,Prazosin PK - Sample Status,712
PK Blood Draw - Prazosin,Prazosin PK - Time of,712
PK Blood Draw - Prazosin,Prazosin PK - Collection,712
PK Blood Draw - Prazosin,Prazosin PK - Barcode,712
PK Blood Draw - Prazosin,Prazosin PK - Number,712
PK Blood Draw - Prazosin,Prazosin PK - Backup,712
PK Blood Draw - Prazosin,Propranolol PK,712
PK Blood Draw - Prazosin,"Sertraline PK, Sertraline PK, Propranolol PK, - Sample Status",713
PK Blood Draw - Prazosin,"Sertraline PK, Sertraline PK, Propranolol PK, - Time of",713
PK Blood Draw - Prazosin,"Sertraline PK, Sertraline PK, Propranolol PK, - Collection",713
PK Blood Draw - Prazosin,"Sertraline PK, Sertraline PK, Propranolol PK, - Barcode",713
PK Blood Draw - Prazosin,"Sertraline PK, Sertraline PK, Propranolol PK, - Number",713
PK Blood Draw - Prazosin,"Sertraline PK, Sertraline PK, Propranolol PK, - Backup",713
PK Blood Draw - Prazosin,Prazosin PK)] - Sample Status,713
PK Blood Draw - Prazosin,Prazosin PK)] - Time of,713
PK Blood Draw - Prazosin,Prazosin PK)] - Collection,713
PK Blood Draw - Prazosin,Prazosin PK)] - Barcode,713
PK Blood Draw - Prazosin,Prazosin PK)] - Number,713
PK Blood Draw - Prazosin,Prazosin PK)] - Backup,713
PK Blood Draw - Prazosin,Prazosin PK - Sample Status,713
PK Blood Draw - Prazosin,Prazosin PK - Time of,713
PK Blood Draw - Prazosin,Prazosin PK - Collection,713
PK Blood Draw - Prazosin,Prazosin PK - Barcode,713
PK Blood Draw - Prazosin,Prazosin PK - Number,713
PK Blood Draw - Prazosin,Prazosin PK - Backup,713
PK Blood Draw - Prazosin,Propranolol PK,713
Triplicate Orthostatic BP and HR - 1h Postdose,Were Vital Signs Collected?,714
Triplicate Orthostatic BP and HR - 1h Postdose,"If not collected, reason:",714
Triplicate Orthostatic BP and HR - 1h Postdose,Collection Date,714
Triplicate Orthostatic BP and HR - 1h Postdose,Planned Timepoint,714
Triplicate Orthostatic BP and HR - 1h Postdose,Time Placed in Position,715
Triplicate Orthostatic BP and HR - 1h Postdose,Time of Vitals Measurement #1,715
Triplicate Orthostatic BP and HR - 1h Postdose,Time of Vitals Measurement #2,715
Triplicate Orthostatic BP and HR - 1h Postdose,Time of Vitals Measurement #3,715
Triplicate Orthostatic BP and HR - 1h Postdose,Time of Vitals Measurement #1,716
Triplicate Orthostatic BP and HR - 1h Postdose,Time of Vitals Measurement #2,716
Triplicate Orthostatic BP and HR - 1h Postdose,Time of Vitals Measurement #3,716
Triplicate Orthostatic BP and HR - 1.5h Postdose,Were Vital Signs Collected?,717
Triplicate Orthostatic BP and HR - 1.5h Postdose,"If not collected, reason:",717
Triplicate Orthostatic BP and HR - 1.5h Postdose,Collection Date,717
Triplicate Orthostatic BP and HR - 1.5h Postdose,Planned Timepoint,717
Triplicate Orthostatic BP and HR - 1.5h Postdose,Time Placed in Position,718
Triplicate Orthostatic BP and HR - 1.5h Postdose,Time of Vitals Measurement #1,718
Triplicate Orthostatic BP and HR - 1.5h Postdose,Time of Vitals Measurement #2,718
Triplicate Orthostatic BP and HR - 1.5h Postdose,Time of Vitals Measurement #3,718
Triplicate Orthostatic BP and HR - 1.5h Postdose,Time of Vitals Measurement #1,719
Triplicate Orthostatic BP and HR - 1.5h Postdose,Time of Vitals Measurement #2,719
Triplicate Orthostatic BP and HR - 1.5h Postdose,Time of Vitals Measurement #3,719
Triplicate Orthostatic BP and HR - 2h Postdose,Were Vital Signs Collected?,720
Triplicate Orthostatic BP and HR - 2h Postdose,"If not collected, reason:",720
Triplicate Orthostatic BP and HR - 2h Postdose,Collection Date,720
Triplicate Orthostatic BP and HR - 2h Postdose,Planned Timepoint,720
Triplicate Orthostatic BP and HR - 2h Postdose,Time Placed in Position,721
Triplicate Orthostatic BP and HR - 2h Postdose,Time of Vitals Measurement #1,721
Triplicate Orthostatic BP and HR - 2h Postdose,Time of Vitals Measurement #2,721
Triplicate Orthostatic BP and HR - 2h Postdose,Time of Vitals Measurement #3,721
Triplicate Orthostatic BP and HR - 2h Postdose,Time of Vitals Measurement #1,722
Triplicate Orthostatic BP and HR - 2h Postdose,Time of Vitals Measurement #2,722
Triplicate Orthostatic BP and HR - 2h Postdose,Time of Vitals Measurement #3,722
Triplicate Orthostatic BP and HR - 2.5h Postdose,Were Vital Signs Collected?,723
Triplicate Orthostatic BP and HR - 2.5h Postdose,"If not collected, reason:",723
Triplicate Orthostatic BP and HR - 2.5h Postdose,Collection Date,723
Triplicate Orthostatic BP and HR - 2.5h Postdose,Planned Timepoint,723
Triplicate Orthostatic BP and HR - 2.5h Postdose,Time Placed in Position,724
Triplicate Orthostatic BP and HR - 2.5h Postdose,Time of Vitals Measurement #1,724
Triplicate Orthostatic BP and HR - 2.5h Postdose,Time of Vitals Measurement #2,724
Triplicate Orthostatic BP and HR - 2.5h Postdose,Time of Vitals Measurement #3,724
Triplicate Orthostatic BP and HR - 2.5h Postdose,Time of Vitals Measurement #1,725
Triplicate Orthostatic BP and HR - 2.5h Postdose,Time of Vitals Measurement #2,725
Triplicate Orthostatic BP and HR - 2.5h Postdose,Time of Vitals Measurement #3,725
Triplicate Orthostatic BP and HR - 3h Postdose,Were Vital Signs Collected?,726
Triplicate Orthostatic BP and HR - 3h Postdose,"If not collected, reason:",726
Triplicate Orthostatic BP and HR - 3h Postdose,Collection Date,726
Triplicate Orthostatic BP and HR - 3h Postdose,Planned Timepoint,726
Triplicate Orthostatic BP and HR - 3h Postdose,Time Placed in Position,727
Triplicate Orthostatic BP and HR - 3h Postdose,Time of Vitals Measurement #1,727
Triplicate Orthostatic BP and HR - 3h Postdose,Time of Vitals Measurement #2,727
Triplicate Orthostatic BP and HR - 3h Postdose,Time of Vitals Measurement #3,727
Triplicate Orthostatic BP and HR - 3h Postdose,Time of Vitals Measurement #1,728
Triplicate Orthostatic BP and HR - 3h Postdose,Time of Vitals Measurement #2,728
Triplicate Orthostatic BP and HR - 3h Postdose,Time of Vitals Measurement #3,728
Triplicate Orthostatic BP and HR - 4h Postdose,Were Vital Signs Collected?,729
Triplicate Orthostatic BP and HR - 4h Postdose,"If not collected, reason:",729
Triplicate Orthostatic BP and HR - 4h Postdose,Collection Date,729
Triplicate Orthostatic BP and HR - 4h Postdose,Planned Timepoint,729
Triplicate Orthostatic BP and HR - 4h Postdose,Time Placed in Position,730
Triplicate Orthostatic BP and HR - 4h Postdose,Time of Vitals Measurement #1,730
Triplicate Orthostatic BP and HR - 4h Postdose,Time of Vitals Measurement #2,730
Triplicate Orthostatic BP and HR - 4h Postdose,Time of Vitals Measurement #3,730
Triplicate Orthostatic BP and HR - 4h Postdose,Time of Vitals Measurement #1,731
Triplicate Orthostatic BP and HR - 4h Postdose,Time of Vitals Measurement #2,731
Triplicate Orthostatic BP and HR - 4h Postdose,Time of Vitals Measurement #3,731
Triplicate Orthostatic BP and HR - 6h Postdose,Were Vital Signs Collected?,732
Triplicate Orthostatic BP and HR - 6h Postdose,"If not collected, reason:",732
Triplicate Orthostatic BP and HR - 6h Postdose,Collection Date,732
Triplicate Orthostatic BP and HR - 6h Postdose,Planned Timepoint,732
Triplicate Orthostatic BP and HR - 6h Postdose,Time Placed in Position,733
Triplicate Orthostatic BP and HR - 6h Postdose,Time of Vitals Measurement #1,733
Triplicate Orthostatic BP and HR - 6h Postdose,Time of Vitals Measurement #2,733
Triplicate Orthostatic BP and HR - 6h Postdose,Time of Vitals Measurement #3,733
Triplicate Orthostatic BP and HR - 6h Postdose,Time of Vitals Measurement #1,734
Triplicate Orthostatic BP and HR - 6h Postdose,Time of Vitals Measurement #2,734
Triplicate Orthostatic BP and HR - 6h Postdose,Time of Vitals Measurement #3,734
Triplicate Orthostatic BP and HR - 8h Postdose,Were Vital Signs Collected?,735
Triplicate Orthostatic BP and HR - 8h Postdose,"If not collected, reason:",735
Triplicate Orthostatic BP and HR - 8h Postdose,Collection Date,735
Triplicate Orthostatic BP and HR - 8h Postdose,Planned Timepoint,735
Triplicate Orthostatic BP and HR - 8h Postdose,Time Placed in Position,736
Triplicate Orthostatic BP and HR - 8h Postdose,Time of Vitals Measurement #1,736
Triplicate Orthostatic BP and HR - 8h Postdose,Time of Vitals Measurement #2,736
Triplicate Orthostatic BP and HR - 8h Postdose,Time of Vitals Measurement #3,736
Triplicate Orthostatic BP and HR - 8h Postdose,Time of Vitals Measurement #1,737
Triplicate Orthostatic BP and HR - 8h Postdose,Time of Vitals Measurement #2,737
Triplicate Orthostatic BP and HR - 8h Postdose,Time of Vitals Measurement #3,737
Visit Date,Skip to next visit,738
Visit Date,Skip to Early Termination visit,738
AE and CM prompt,Has the subject had any changes to their health since previous visit?,740
AE and CM prompt,Are there any changes in concomitant medications including dose changes to be reported?,740
Body Temperature and Respiratory Rate - Predose,Were Vital Signs Collected?,742
Body Temperature and Respiratory Rate - Predose,"If not collected, reason:",742
Body Temperature and Respiratory Rate - Predose,Collection Date,742
Body Temperature and Respiratory Rate - Predose,Planned Timepoint,742
Body Temperature and Respiratory Rate - Predose,Respiratory Rate (breaths/min),743
Body Temperature and Respiratory Rate - Predose,Body Temperature (celsius),743
Triplicate Orthostatic BP and HR - Predose,Were Vital Signs Collected?,744
Triplicate Orthostatic BP and HR - Predose,"If not collected, reason:",744
Triplicate Orthostatic BP and HR - Predose,Collection Date,744
Triplicate Orthostatic BP and HR - Predose,Planned Timepoint,744
Triplicate Orthostatic BP and HR - Predose,Time Placed in Position,745
Triplicate Orthostatic BP and HR - Predose,Time of Vitals Measurement #1,745
Triplicate Orthostatic BP and HR - Predose,Time of Vitals Measurement #2,745
Triplicate Orthostatic BP and HR - Predose,Time of Vitals Measurement #3,745
Triplicate Orthostatic BP and HR - Predose,Time of Vitals Measurement #1,746
Triplicate Orthostatic BP and HR - Predose,Time of Vitals Measurement #2,746
Triplicate Orthostatic BP and HR - Predose,Time of Vitals Measurement #3,746
Physical Exam,Was the physical examination performed?,747
Physical Exam,Examination Date,747
Physical Exam,Examination Time,747
Physical Exam,Planned Timepoint,747
Physical Exam,HEENT - Abnormal Findings,748
Physical Exam,HEENT - Clinically Significant,748
Physical Exam,Thorax - Abnormal Findings,748
Physical Exam,Thorax - Clinically Significant,748
Physical Exam,Abdomen - Abnormal Findings,748
Physical Exam,Abdomen - Clinically Significant,748
Physical Exam,Skin and Mucosae - Abnormal Findings,748
Physical Exam,Skin and Mucosae - Clinically Significant,748
Physical Exam,Clinically Significant,748
Physical Exam,Region/Body System,748
Physical Exam,Abnormal Findings,748
Physical Exam,Neurological - Abnormal Findings,749
Physical Exam,Neurological - Clinically Significant,749
Physical Exam,Extremities - Abnormal Findings,749
Physical Exam,Extremities - Clinically Significant,749
Physical Exam,Urogenital - Abnormal Findings,749
Physical Exam,Urogenital - Clinically Significant,749
Physical Exam,Clinically Significant,749
Physical Exam,Region/Body System,749
Physical Exam,Normal,750
Physical Exam,Abnormal Findings,750
Physical Exam,Clinically Significant,750
12-lead ECG - Discharge,Was 12 Lead ECG Performed?,751
12-lead ECG - Discharge,"If no, Reason not done",751
12-lead ECG - Discharge,Time subject became supine:,751
12-lead ECG - Discharge,Time of ECG assessment,751
12-lead ECG - Discharge,Not Evaluable,752
12-lead ECG - Discharge,Abnormal Findings,752
12-lead ECG - Discharge,Was the ECG abnormality clinically significant?,752
12-lead ECG - Discharge,Are additional ECG assessments required?,752
Glycated Hemoglobin,Reason not done,753
Glycated Hemoglobin,Glycated Hemoglobin - Date of Collection,754
Glycated Hemoglobin,Glycated Hemoglobin - Time of Collection,754
Glycated Hemoglobin,Glycated Hemoglobin - Barcode Number,754
Glycated Hemoglobin,Date of Collection,754
Glycated Hemoglobin,Time of Collection,754
Glycated Hemoglobin,Barcode Number,754
Clinical Laboratory Assessments,Hematology - Status,756
Clinical Laboratory Assessments,Hematology - Reason not done,756
Clinical Laboratory Assessments,Hematology - Date of Collection,756
Clinical Laboratory Assessments,Hematology - Time of Collection,756
Clinical Laboratory Assessments,Hematology - Barcode Number,756
Clinical Laboratory Assessments,Chemistry - Status,756
Clinical Laboratory Assessments,Chemistry - Reason not done,756
Clinical Laboratory Assessments,Chemistry - Date of Collection,756
Clinical Laboratory Assessments,Chemistry - Time of Collection,756
Clinical Laboratory Assessments,Chemistry - Barcode Number,756
Clinical Laboratory Assessments,Reason not done,756
Clinical Laboratory Assessments,Date of Collection,756
Clinical Laboratory Assessments,Time of Collection,756
Clinical Laboratory Assessments,Barcode Number,756
Clinical Laboratory Assessments,Status,757
Clinical Laboratory Assessments,Reason not done,757
Clinical Laboratory Assessments,Date of Collection,757
Clinical Laboratory Assessments,Time of Collection,757
Clinical Laboratory Assessments,Barcode Number,757
Laboratory results review,Laboratory collection date,758
Laboratory results review,Laboratory results review date,758
Laboratory results review,Has the investigator reviewed all laboratory results from this visit and assessed abnormal results clinical significance?,758
Laboratory results review,Were there any clinically significant abnormal results?,758
Laboratory results review,Were there any clinically significant abnormal chemistry results?,758
Laboratory results review,Urea nitrogen,760
Laboratory results review,Chemistry abnormal assay # 1 Investigator comment,760
Laboratory results review,Urea nitrogen,761
Laboratory results review,Chemistry abnormal assay # 2 Investigator comment,761
Laboratory results review,Urea nitrogen,762
Laboratory results review,Urea nitrogen,764
Laboratory results review,Chemistry abnormal assay # 4 Investigator comment,764
Laboratory results review,Urea nitrogen,765
Laboratory results review,Chemistry abnormal assay # 5 Investigator comment,765
Laboratory results review,Are there any additional clinically significant abnormal chemistry results to be entered?,765
Laboratory results review,Were there any clinically significant abnormal hematology results?,766
Laboratory results review,Glycated Hemoglobin,766
Laboratory results review,Hematology abnormal assay # 1 Investigator comment,766
Laboratory results review,Glycated Hemoglobin,767
Laboratory results review,Hematology abnormal assay # 2 Investigator comment,767
Laboratory results review,Hematology abnormal assay # 3 Investigator comment,767
Laboratory results review,Glycated Hemoglobin,768
Laboratory results review,Hematology abnormal assay # 4 Investigator comment,768
Laboratory results review,Glycated Hemoglobin,769
Laboratory results review,Hematology abnormal assay # 5 Investigator comment,769
Laboratory results review,Are there any additional clinically significant abnormal hematology results to be entered?,769
Laboratory results review,Were there any clinically significant abnormal urinalysis results?,769
Laboratory results review,Urinalysis abnormal assay # 1 Investigator comment,770
Laboratory results review,Urinalysis abnormal assay # 2 Investigator comment,771
Laboratory results review,Urinalysis clinically significant abnormal assay # 3,771
Laboratory results review,Urinalysis abnormal assay # 3 Investigator comment,772
Laboratory results review,Urinalysis abnormal assay # 4 Investigator comment,772
Laboratory results review,Urinalysis abnormal assay # 5 Investigator comment,773
Laboratory results review,Are there additional urinalysis clinically significant abnormal results to be entered?,773
Laboratory results review,Investigator`s signature for Local Laboratory Results Review,774
Aicure Device - Return,Has the Aicure device been returned?,775
Aicure Device - Return,Date of return,775
C-SSRS since last visit - Page 1,Was the questionnaire administered?,779
C-SSRS since last visit - Page 1,Date of completion,779
C-SSRS since last visit - Page 1,Rater's initials,779
C-SSRS since last visit - Page 1,1. Wish to be dead - Row 1,780
C-SSRS since last visit - Page 1,1. Wish to be dead - Since Last Visit,780
C-SSRS since last visit - Page 1,"Subject endorses thoughts about a wish to be dead or not alive anymore, or wish to fall asleep and not wake up. - Row 1",780
C-SSRS since last visit - Page 1,"Subject endorses thoughts about a wish to be dead or not alive anymore, or wish to fall asleep and not wake up. - Since Last Visit",780
C-SSRS since last visit - Page 1,Have you wished you were dead or wished you could go to sleep and not wake up? - Row 1,780
C-SSRS since last visit - Page 1,Have you wished you were dead or wished you could go to sleep and not wake up? - Since Last Visit,780
C-SSRS since last visit - Page 1,"If Yes, describe - Row 1",780
C-SSRS since last visit - Page 1,"If Yes, describe - Since Last Visit",780
C-SSRS since last visit - Page 1,2. Non-specific active suicidal thoughts - Row 1,780
C-SSRS since last visit - Page 1,2. Non-specific active suicidal thoughts - Since Last Visit,780
C-SSRS since last visit - Page 1,"General non-specific thoughts of wanting to end one's life/commit suicide (e.g. ""I've thought about killing myself"") - Row 1",780
C-SSRS since last visit - Page 1,"General non-specific thoughts of wanting to end one's life/commit suicide (e.g. ""I've thought about killing myself"") - Since Last Visit",780
C-SSRS since last visit - Page 1,"without thoughts of way to kill oneself/associated methods,intent or plan during the assessment period. - Row 1",780
C-SSRS since last visit - Page 1,"without thoughts of way to kill oneself/associated methods,intent or plan during the assessment period. - Since Last Visit",780
C-SSRS since last visit - Page 1,Have you actually had any thoughts of killing yourself? - Row 1,780
C-SSRS since last visit - Page 1,Have you actually had any thoughts of killing yourself? - Since Last Visit,780
C-SSRS since last visit - Page 1,"Subject endorses thoughts about a wish to be dead or not alive anymore, or wish to fall asleep and not wake up.",780
C-SSRS since last visit - Page 1,"If Yes, describe",780
C-SSRS since last visit - Page 1,"General non-specific thoughts of wanting to end one's life/commit suicide (e.g. ""I've thought about killing myself"")",780
C-SSRS since last visit - Page 1,"If Yes, describe - Since Last Visit",781
C-SSRS since last visit - Page 1,3. Active suicidal ideation with any methods (not plan) without intent to act - Since Last Visit,781
C-SSRS since last visit - Page 1,Subject endorses thoughts of suicide and has thought of at least one method during the assessment period. This is - Since Last Visit,781
C-SSRS since last visit - Page 1,"different than a specific plan with a time, place or method details worked out (e.g. thought of method to kill self but - Since Last Visit",781
C-SSRS since last visit - Page 1,"not a specific plan). Includes a person who would say: ""I thought about taking an overdose but i never made a specific - Since Last Visit",781
C-SSRS since last visit - Page 1,"plan as to when, where or how I would actually do it. . . and I would never go through with it"" - Since Last Visit",781
C-SSRS since last visit - Page 1,Have you been thinking about how you might do this? - Since Last Visit,781
C-SSRS since last visit - Page 1,"4. Active suicidal ideation with some intent to act, without specific plan - Since Last Visit",781
C-SSRS since last visit - Page 1,"If Yes, describe",781
C-SSRS since last visit - Page 1,Subject endorses thoughts of suicide and has thought of at least one method during the assessment period. This is,781
C-SSRS since last visit - Page 1,"Active suicidal thoughts of killing oneself and subject reports having some intent to act on such thoughts, as opposed - Since Last Visit",782
C-SSRS since last visit - Page 1,"to ""I have thoughts but I definitely will not do anything about them"" - Since Last Visit",782
C-SSRS since last visit - Page 1,Have you had these thoughts and had some intention of acting on them? - Since Last Visit,782
C-SSRS since last visit - Page 1,"If Yes, describe - Since Last Visit",782
C-SSRS since last visit - Page 1,5. Active suicidal ideation with specific plan and intent - Since Last Visit,782
C-SSRS since last visit - Page 1,Thoughts of killing oneself with detail of plan fully or partially worked out and subject has some intent to carry it out. - Since Last Visit,782
C-SSRS since last visit - Page 1,Have you started to work out or worked out the details of how to kill yourself? Do you intend to carry out this plan? - Since Last Visit,782
C-SSRS since last visit - Page 1,"If Yes, describe",782
C-SSRS since last visit - Page 1,Thoughts of killing oneself with detail of plan fully or partially worked out and subject has some intent to carry it out.,782
C-SSRS since last visit - Page 2,"The following features should be rated with respect to the most severe type of ideation (i.e. 1-5 from above, with 1 - Row 1",784
C-SSRS since last visit - Page 2,"The following features should be rated with respect to the most severe type of ideation (i.e. 1-5 from above, with 1 - Since Last Visit",784
C-SSRS since last visit - Page 2,being the least severe and 5 being the most severe). Ask about time he/she was feeling the most suicidal. - Row 1,784
C-SSRS since last visit - Page 2,being the least severe and 5 being the most severe). Ask about time he/she was feeling the most suicidal. - Since Last Visit,784
C-SSRS since last visit - Page 2,Most severe ideation - Row 1,784
C-SSRS since last visit - Page 2,Most severe ideation - Since Last Visit,784
C-SSRS since last visit - Page 2,Description of Ideation - Row 1,784
C-SSRS since last visit - Page 2,Description of Ideation - Since Last Visit,784
C-SSRS since last visit - Page 2,(5) Active suicidal ideation w/ specific plan and intent,784
C-SSRS since last visit - Page 2,Description of Ideation,784
C-SSRS since last visit - Page 2,Frequency - Since Last Visit,785
C-SSRS since last visit - Page 2,How many times have you had these thoughts? - Since Last Visit,785
C-SSRS since last visit - Page 2,Duration - Since Last Visit,785
C-SSRS since last visit - Page 2,"When you have the thoughts, how long do they last? - Since Last Visit",785
C-SSRS since last visit - Page 2,Controllability - Since Last Visit,785
C-SSRS since last visit - Page 2,How many times have you had these thoughts?,785
C-SSRS since last visit - Page 2,"When you have the thoughts, how long do they last?",785
C-SSRS since last visit - Page 2,Could/can you stop thinking about killing yourself or wanting to die if you want to? - Since Last Visit,786
C-SSRS since last visit - Page 2,Could/can you stop thinking about killing yourself or wanting to die if you want to? - (1) Easily able to control thoughts,786
C-SSRS since last visit - Page 2,Deterrents - Since Last Visit,786
C-SSRS since last visit - Page 2,Deterrents - (1) Easily able to control thoughts,786
C-SSRS since last visit - Page 2,Are there things - anyone or anything - that stopped you from wanting to die or acting on thoughts of committing - Since Last Visit,786
C-SSRS since last visit - Page 2,Are there things - anyone or anything - that stopped you from wanting to die or acting on thoughts of committing - (1) Easily able to control thoughts,786
C-SSRS since last visit - Page 2,suicide? - Since Last Visit,786
C-SSRS since last visit - Page 2,suicide? - (1) Easily able to control thoughts,786
C-SSRS since last visit - Page 2,(0) Does not attempt to control thoughts,786
C-SSRS since last visit - Page 2,(0) Does not apply,786
C-SSRS since last visit - Page 2,Reasons for Ideation - Since Last Visit,787
C-SSRS since last visit - Page 2,What sort of reasons did you have for thinking about wanting to die or killing yourself? Was it to end the pain or - Since Last Visit,787
C-SSRS since last visit - Page 2,stop the way you were feeling (in other words you couldn't go on living with this pain or how you were feeling) or - Since Last Visit,787
C-SSRS since last visit - Page 2,"was it to get attention, revenge or a reaction from others? or both? - Since Last Visit",787
C-SSRS since last visit - Page 2,(0) Does not apply,787
C-SSRS since last visit - Page 2,Since Last Visit,788
C-SSRS since last visit - Page 3,Actual attempt: - Row 1,790
C-SSRS since last visit - Page 3,Actual attempt: - Since Last Visit,790
C-SSRS since last visit - Page 3,"A potentially self-injurious act committed with at least some wish to die, as a result of act. Behaviour was in part thought of as method to - Row 1",790
C-SSRS since last visit - Page 3,"A potentially self-injurious act committed with at least some wish to die, as a result of act. Behaviour was in part thought of as method to - Since Last Visit",790
C-SSRS since last visit - Page 3,"kill oneself. Intent does not have to be 100%. If there is any intent/desire to die associated with the act, then it can be considered an actual - Row 1",790
C-SSRS since last visit - Page 3,"kill oneself. Intent does not have to be 100%. If there is any intent/desire to die associated with the act, then it can be considered an actual - Since Last Visit",790
C-SSRS since last visit - Page 3,"suicide attempt. There does not have to be any injury or harm, just the potential for injury or harm. If a person pulls the trigger while gun - Row 1",790
C-SSRS since last visit - Page 3,"suicide attempt. There does not have to be any injury or harm, just the potential for injury or harm. If a person pulls the trigger while gun - Since Last Visit",790
C-SSRS since last visit - Page 3,"is in mouth but gun is broken so no injury results, this is considered an attempt. - Row 1",790
C-SSRS since last visit - Page 3,"is in mouth but gun is broken so no injury results, this is considered an attempt. - Since Last Visit",790
C-SSRS since last visit - Page 3,"Inferring Intent: even if an individual denies intent/wish to die, it may be inferred clinically from the behaviour or circumstances. For - Row 1",790
C-SSRS since last visit - Page 3,"Inferring Intent: even if an individual denies intent/wish to die, it may be inferred clinically from the behaviour or circumstances. For - Since Last Visit",790
C-SSRS since last visit - Page 3,"example, a highly lethal act that is clearly not an accident so no other intent but suicide can be inferred (e.g. gunshot to the head, jumping - Row 1",790
C-SSRS since last visit - Page 3,"example, a highly lethal act that is clearly not an accident so no other intent but suicide can be inferred (e.g. gunshot to the head, jumping - Since Last Visit",790
C-SSRS since last visit - Page 3,"from window of a high floor/story). Also, if someone denies intent to die, but they thought that what they did could be lethal, intent may - Row 1",790
C-SSRS since last visit - Page 3,"from window of a high floor/story). Also, if someone denies intent to die, but they thought that what they did could be lethal, intent may - Since Last Visit",790
C-SSRS since last visit - Page 3,be inferred. - Row 1,790
C-SSRS since last visit - Page 3,be inferred. - Since Last Visit,790
C-SSRS since last visit - Page 3,Have you made a suicide attempt? - Row 1,790
C-SSRS since last visit - Page 3,Have you made a suicide attempt? - Since Last Visit,790
C-SSRS since last visit - Page 3,Have you done anything to harm yourself? - Row 1,790
C-SSRS since last visit - Page 3,Have you done anything to harm yourself? - Since Last Visit,790
C-SSRS since last visit - Page 3,Have you done anything dangerous where you could have died? - Row 1,790
C-SSRS since last visit - Page 3,Have you done anything dangerous where you could have died? - Since Last Visit,790
C-SSRS since last visit - Page 3,What did you do? - Row 1,790
C-SSRS since last visit - Page 3,What did you do? - Since Last Visit,790
C-SSRS since last visit - Page 3,Did you ______ as a way to end your life? - Row 1,790
C-SSRS since last visit - Page 3,Did you ______ as a way to end your life? - Since Last Visit,790
C-SSRS since last visit - Page 3,Did you want to die (even a little) when you ____? - Row 1,790
C-SSRS since last visit - Page 3,Did you want to die (even a little) when you ____? - Since Last Visit,790
C-SSRS since last visit - Page 3,Were trying to end your life when you ____? - Row 1,790
C-SSRS since last visit - Page 3,Were trying to end your life when you ____? - Since Last Visit,790
C-SSRS since last visit - Page 3,Or did you think it was possible you could have died from ____? - Row 1,790
C-SSRS since last visit - Page 3,Or did you think it was possible you could have died from ____? - Since Last Visit,790
C-SSRS since last visit - Page 3,Actual attempt:,790
C-SSRS since last visit - Page 3,"Or did you do it purely for other reasons/without ANY intention of killing yourself (like to relieve stress, feel better, get sympathy, or - Since Last Visit",791
C-SSRS since last visit - Page 3,get something else to happen? (Self-Injurious Behavior without suicidal intent) - Since Last Visit,791
C-SSRS since last visit - Page 3,"If Yes, Total number of attempts - Since Last Visit",791
C-SSRS since last visit - Page 3,"If Yes, describe - Since Last Visit",791
C-SSRS since last visit - Page 3,Has subject engaged in Non-Suicidal self-injurious behavior? - Since Last Visit,791
C-SSRS since last visit - Page 3,"If Yes, Total number of attempts",791
C-SSRS since last visit - Page 3,"If Yes, describe",791
C-SSRS since last visit - Page 3,Has subject engaged in Non-Suicidal self-injurious behavior?,791
C-SSRS since last visit - Page 3,Interrupted attempt: - Since Last Visit,792
C-SSRS since last visit - Page 3,"When the person is interrupted (by an outside circumstance) from starting the potentially self-injurious act (if not for that, actual attempt - Since Last Visit",792
C-SSRS since last visit - Page 3,would have occurred). - Since Last Visit,792
C-SSRS since last visit - Page 3,Has there been a time when you started to do something to end your life but someone or something stopped you before you actually did - Since Last Visit,792
C-SSRS since last visit - Page 3,anything? - Since Last Visit,792
C-SSRS since last visit - Page 3,"If Yes, Total number of interrupted attempts - Since Last Visit",792
C-SSRS since last visit - Page 3,"If Yes, describe - Since Last Visit",792
C-SSRS since last visit - Page 3,Interrupted attempt:,792
C-SSRS since last visit - Page 3,"If Yes, Total number of interrupted attempts",792
C-SSRS since last visit - Page 3,"If Yes, describe",792
C-SSRS since last visit - Page 3,Aborted attempt: - Row 8,793
C-SSRS since last visit - Page 3,Aborted attempt: - Since Last Visit,793
C-SSRS since last visit - Page 3,"When person begins to take steps toward making a suicide attempt, but stops themselves before they actually have engaged in any self - Row 8",793
C-SSRS since last visit - Page 3,"When person begins to take steps toward making a suicide attempt, but stops themselves before they actually have engaged in any self - Since Last Visit",793
C-SSRS since last visit - Page 3,"destructive behaviour. Examples are similar to interrupted attempts, except that the individual stops him/herself, instead of being stopped - Row 8",793
C-SSRS since last visit - Page 3,"destructive behaviour. Examples are similar to interrupted attempts, except that the individual stops him/herself, instead of being stopped - Since Last Visit",793
C-SSRS since last visit - Page 3,by something else. - Row 8,793
C-SSRS since last visit - Page 3,by something else. - Since Last Visit,793
C-SSRS since last visit - Page 3,Has there been a time when you started to do something to try to end your life but you stopped yourself before you actually did - Row 8,793
C-SSRS since last visit - Page 3,Has there been a time when you started to do something to try to end your life but you stopped yourself before you actually did - Since Last Visit,793
C-SSRS since last visit - Page 3,anything? - Row 8,793
C-SSRS since last visit - Page 3,anything? - Since Last Visit,793
C-SSRS since last visit - Page 3,"If Yes, Total number of aborted attempts - Row 8",793
C-SSRS since last visit - Page 3,"If Yes, Total number of aborted attempts - Since Last Visit",793
C-SSRS since last visit - Page 3,"If Yes, describe - Row 8",793
C-SSRS since last visit - Page 3,"If Yes, describe - Since Last Visit",793
C-SSRS since last visit - Page 3,Aborted attempt:,793
C-SSRS since last visit - Page 3,"If Yes, Total number of aborted attempts",793
C-SSRS since last visit - Page 3,"If Yes, describe",793
C-SSRS since last visit - Page 3,Preparatory acts or behavior: - Since Last Visit,794
C-SSRS since last visit - Page 3,Acts or preparation towards imminently making a suicide attempt. This can include anything beyond a verbalization or thought such as - Since Last Visit,794
C-SSRS since last visit - Page 3,"assembling a specific method (e.g., buying pills, purchasing a gun) or preparing for one's death by suicide (e.g., giving things away, - Since Last Visit",794
C-SSRS since last visit - Page 3,writing a suicide note) - Since Last Visit,794
C-SSRS since last visit - Page 3,"Have you taken any step towards making a suicide attempt or preparing to kill yourself (such as collecting pills, getting a gun, giving - Since Last Visit",794
C-SSRS since last visit - Page 3,valuables away or writing a suicide note?) - Since Last Visit,794
C-SSRS since last visit - Page 3,"If Yes, describe - Since Last Visit",794
C-SSRS since last visit - Page 3,Suicidal behavior: - Since Last Visit,794
C-SSRS since last visit - Page 3,Suicidal behavior was present during the assessment period? - Since Last Visit,794
C-SSRS since last visit - Page 3,Suicide: - Since Last Visit,794
C-SSRS since last visit - Page 3,Preparatory acts or behavior:,794
C-SSRS since last visit - Page 3,"If Yes, describe",794
C-SSRS since last visit - Page 3,Suicidal behavior:,794
C-SSRS since last visit - Page 3,Suicide:,794
C-SSRS since last visit - Page 3,Since Last Visit,795
C-SSRS since last visit - Page 4,Date of Attempt - Row 1,797
C-SSRS since last visit - Page 4,Date of Attempt - Most Lethal Attempt,797
C-SSRS since last visit - Page 4,Actual Lethality/Medical Damage: - Row 1,797
C-SSRS since last visit - Page 4,Actual Lethality/Medical Damage: - Most Lethal Attempt,797
C-SSRS since last visit - Page 4,\0.\ No physical damage or very minor physical damage (e.g. surface scratches) \1.\ Minor physical damage (e.g. - Row 1,797
C-SSRS since last visit - Page 4,\0.\ No physical damage or very minor physical damage (e.g. surface scratches) \1.\ Minor physical damage (e.g. - Most Lethal Attempt,797
C-SSRS since last visit - Page 4,"lethargic speech, first-degree burns, mild bleeding, sprains) \2.\ Moderate physical damage; medical attention needed - Row 1",797
C-SSRS since last visit - Page 4,"lethargic speech, first-degree burns, mild bleeding, sprains) \2.\ Moderate physical damage; medical attention needed - Most Lethal Attempt",797
C-SSRS since last visit - Page 4,"(e.g. conscious but sleepy; somewhat responsive, second-degree burns; bleeding of major vessel \3.\ Moderately - Row 1",797
C-SSRS since last visit - Page 4,"(e.g. conscious but sleepy; somewhat responsive, second-degree burns; bleeding of major vessel \3.\ Moderately - Most Lethal Attempt",797
C-SSRS since last visit - Page 4,severe physical damage; medical hospitalization and likely intensive care required (e.g. comatose with reflexes intact; - Row 1,797
C-SSRS since last visit - Page 4,severe physical damage; medical hospitalization and likely intensive care required (e.g. comatose with reflexes intact; - Most Lethal Attempt,797
C-SSRS since last visit - Page 4,"third-degree burns less than 20% of body; extensive blood loss but can recover, major fractures) \4.\ Severe physical - Row 1",797
C-SSRS since last visit - Page 4,"third-degree burns less than 20% of body; extensive blood loss but can recover, major fractures) \4.\ Severe physical - Most Lethal Attempt",797
C-SSRS since last visit - Page 4,damage; medical hospitalization with intensive care required (e.g. comatose without reflexes; third-degree burns over - Row 1,797
C-SSRS since last visit - Page 4,damage; medical hospitalization with intensive care required (e.g. comatose without reflexes; third-degree burns over - Most Lethal Attempt,797
C-SSRS since last visit - Page 4,20% of the body; extensive blood loss with unstable vital signs; major damage to a vital area \5.\ Death - Row 1,797
C-SSRS since last visit - Page 4,20% of the body; extensive blood loss with unstable vital signs; major damage to a vital area \5.\ Death - Most Lethal Attempt,797
C-SSRS since last visit - Page 4,Potential Lethality: Only answer if Actual Lethality=0 - Row 1,797
C-SSRS since last visit - Page 4,Potential Lethality: Only answer if Actual Lethality=0 - Most Lethal Attempt,797
C-SSRS since last visit - Page 4,"Likely lethality of actual attempt if no medical damage (the following examples, while having no actual medical - Row 1",797
C-SSRS since last visit - Page 4,"Likely lethality of actual attempt if no medical damage (the following examples, while having no actual medical - Most Lethal Attempt",797
C-SSRS since last visit - Page 4,"damage, has potential for very serious lethality; put gun in mouth and pulled the trigger but gun fails to fire so no - Row 1",797
C-SSRS since last visit - Page 4,"damage, has potential for very serious lethality; put gun in mouth and pulled the trigger but gun fails to fire so no - Most Lethal Attempt",797
C-SSRS since last visit - Page 4,medical damage; laying on train tracks with oncoming train but pulled away before run over). - Row 1,797
C-SSRS since last visit - Page 4,medical damage; laying on train tracks with oncoming train but pulled away before run over). - Most Lethal Attempt,797
C-SSRS since last visit - Page 4,Date of Attempt,797
C-SSRS since last visit - Page 4,Actual Lethality/Medical Damage:,797
C-SSRS since last visit - Page 4,"Likely lethality of actual attempt if no medical damage (the following examples, while having no actual medical",797
C-SSRS since last visit - Page 4,\0.\ Behavior not likely to result in injury \1.\ Behavior like to result in injury but not likely to cause death \2.\ - Most Lethal Attempt,798
C-SSRS since last visit - Page 4,Behavior likely to result in death despite available medical care - Most Lethal Attempt,798
Water Restriction Start Prompt,Date subject started water restriction,799
Water Restriction Start Prompt,Time subject started water restriction,799
"IMP Administration - Sertraline, Brexpiprazole and Propranolol",Has subject been fasting (no food) for a minimum of 10 hours prior to the scheduled dosing?,801
"IMP Administration - Sertraline, Brexpiprazole and Propranolol",Was water restricted for 1 hour prior to dosing?,801
"IMP Administration - Sertraline, Brexpiprazole and Propranolol",Was Sertraline administered?,801
"IMP Administration - Sertraline, Brexpiprazole and Propranolol","If no, reason",801
"IMP Administration - Sertraline, Brexpiprazole and Propranolol",Date of Administration,802
"IMP Administration - Sertraline, Brexpiprazole and Propranolol",Time of Administration,802
"IMP Administration - Sertraline, Brexpiprazole and Propranolol",Physician decision,802
"IMP Administration - Sertraline, Brexpiprazole and Propranolol",Dosing Comments (optional),802
Brexpiprazole Dose,Was Brexpiprazole administered?,803
Brexpiprazole Dose,"If no, reason",803
Brexpiprazole Dose,Date of Administration,803
Brexpiprazole Dose,Time of Administration,803
Brexpiprazole Dose,Physician decision,804
Brexpiprazole Dose,Dosing Comments (optional),804
Brexpiprazole Dose,Was Propranolol administered?,804
Brexpiprazole Dose,"If no, reason",804
Brexpiprazole Dose,Date of Administration,805
Brexpiprazole Dose,Time of Administration,805
Brexpiprazole Dose,Physician decision,805
Brexpiprazole Dose,Was water restricted for 2 hours following dosing?,806
Brexpiprazole Dose,Dosing Comments (optional),806
Water Restriction End Prompt,Date subject ended water restriction,807
Water Restriction End Prompt,Time subject ended water restriction,807
PK Blood Draw - Brexpiprazole/Sertraline,Was PK Collection Performed?,809
PK Blood Draw - Brexpiprazole/Sertraline,"If not performed, Reason:",809
PK Blood Draw - Brexpiprazole/Sertraline,Date of Collection,809
PK Blood Draw - Brexpiprazole/Sertraline,Brexpiprazole/Sertraline PK - Sample Status,810
PK Blood Draw - Brexpiprazole/Sertraline,Brexpiprazole/Sertraline PK - Time of,810
PK Blood Draw - Brexpiprazole/Sertraline,Brexpiprazole/Sertraline PK - Collection,810
PK Blood Draw - Brexpiprazole/Sertraline,Brexpiprazole/Sertraline PK - Barcode,810
PK Blood Draw - Brexpiprazole/Sertraline,Brexpiprazole/Sertraline PK - Number,810
PK Blood Draw - Brexpiprazole/Sertraline,Brexpiprazole/Sertraline PK - Backup,810
PK Blood Draw - Brexpiprazole/Sertraline,"Sertraline PK, Sertraline PK, Propranolol PK, - Sample Status",810
PK Blood Draw - Brexpiprazole/Sertraline,"Sertraline PK, Sertraline PK, Propranolol PK, - Time of",810
PK Blood Draw - Brexpiprazole/Sertraline,"Sertraline PK, Sertraline PK, Propranolol PK, - Collection",810
PK Blood Draw - Brexpiprazole/Sertraline,"Sertraline PK, Sertraline PK, Propranolol PK, - Barcode",810
PK Blood Draw - Brexpiprazole/Sertraline,"Sertraline PK, Sertraline PK, Propranolol PK, - Number",810
PK Blood Draw - Brexpiprazole/Sertraline,"Sertraline PK, Sertraline PK, Propranolol PK, - Backup",810
PK Blood Draw - Brexpiprazole/Sertraline,Prazosin PK)] - Sample Status,810
PK Blood Draw - Brexpiprazole/Sertraline,Prazosin PK)] - Time of,810
PK Blood Draw - Brexpiprazole/Sertraline,Prazosin PK)] - Collection,810
PK Blood Draw - Brexpiprazole/Sertraline,Prazosin PK)] - Barcode,810
PK Blood Draw - Brexpiprazole/Sertraline,Prazosin PK)] - Number,810
PK Blood Draw - Brexpiprazole/Sertraline,Prazosin PK)] - Backup,810
PK Blood Draw - Brexpiprazole/Sertraline,Propranolol PK,810
PK Blood Draw - Brexpiprazole/Sertraline,"Sertraline PK, Sertraline PK, Propranolol PK, - Sample Status",811
PK Blood Draw - Brexpiprazole/Sertraline,"Sertraline PK, Sertraline PK, Propranolol PK, - Time of",811
PK Blood Draw - Brexpiprazole/Sertraline,"Sertraline PK, Sertraline PK, Propranolol PK, - Collection",811
PK Blood Draw - Brexpiprazole/Sertraline,"Sertraline PK, Sertraline PK, Propranolol PK, - Barcode",811
PK Blood Draw - Brexpiprazole/Sertraline,"Sertraline PK, Sertraline PK, Propranolol PK, - Number",811
PK Blood Draw - Brexpiprazole/Sertraline,"Sertraline PK, Sertraline PK, Propranolol PK, - Backup",811
PK Blood Draw - Brexpiprazole/Sertraline,Prazosin PK)] - Sample Status,811
PK Blood Draw - Brexpiprazole/Sertraline,Prazosin PK)] - Time of,811
PK Blood Draw - Brexpiprazole/Sertraline,Prazosin PK)] - Collection,811
PK Blood Draw - Brexpiprazole/Sertraline,Prazosin PK)] - Barcode,811
PK Blood Draw - Brexpiprazole/Sertraline,Prazosin PK)] - Number,811
PK Blood Draw - Brexpiprazole/Sertraline,Prazosin PK)] - Backup,811
PK Blood Draw - Brexpiprazole/Sertraline,Brexpiprazole/Sertraline PK - Sample Status,811
PK Blood Draw - Brexpiprazole/Sertraline,Brexpiprazole/Sertraline PK - Time of,811
PK Blood Draw - Brexpiprazole/Sertraline,Brexpiprazole/Sertraline PK - Collection,811
PK Blood Draw - Brexpiprazole/Sertraline,Brexpiprazole/Sertraline PK - Barcode,811
PK Blood Draw - Brexpiprazole/Sertraline,Brexpiprazole/Sertraline PK - Number,811
PK Blood Draw - Brexpiprazole/Sertraline,Brexpiprazole/Sertraline PK - Backup,811
PK Blood Draw - Brexpiprazole/Sertraline,Propranolol PK,811
PK Blood Draw - Brexpiprazole/Sertraline,"Sertraline PK, Sertraline PK, Propranolol PK, - Sample Status",812
PK Blood Draw - Brexpiprazole/Sertraline,"Sertraline PK, Sertraline PK, Propranolol PK, - Time of",812
PK Blood Draw - Brexpiprazole/Sertraline,"Sertraline PK, Sertraline PK, Propranolol PK, - Collection",812
PK Blood Draw - Brexpiprazole/Sertraline,"Sertraline PK, Sertraline PK, Propranolol PK, - Barcode",812
PK Blood Draw - Brexpiprazole/Sertraline,"Sertraline PK, Sertraline PK, Propranolol PK, - Number",812
PK Blood Draw - Brexpiprazole/Sertraline,"Sertraline PK, Sertraline PK, Propranolol PK, - Backup",812
PK Blood Draw - Brexpiprazole/Sertraline,Prazosin PK)] - Sample Status,812
PK Blood Draw - Brexpiprazole/Sertraline,Prazosin PK)] - Time of,812
PK Blood Draw - Brexpiprazole/Sertraline,Prazosin PK)] - Collection,812
PK Blood Draw - Brexpiprazole/Sertraline,Prazosin PK)] - Barcode,812
PK Blood Draw - Brexpiprazole/Sertraline,Prazosin PK)] - Number,812
PK Blood Draw - Brexpiprazole/Sertraline,Prazosin PK)] - Backup,812
PK Blood Draw - Brexpiprazole/Sertraline,Brexpiprazole/Sertraline PK - Sample Status,812
PK Blood Draw - Brexpiprazole/Sertraline,Brexpiprazole/Sertraline PK - Time of,812
PK Blood Draw - Brexpiprazole/Sertraline,Brexpiprazole/Sertraline PK - Collection,812
PK Blood Draw - Brexpiprazole/Sertraline,Brexpiprazole/Sertraline PK - Barcode,812
PK Blood Draw - Brexpiprazole/Sertraline,Brexpiprazole/Sertraline PK - Number,812
PK Blood Draw - Brexpiprazole/Sertraline,Brexpiprazole/Sertraline PK - Backup,812
PK Blood Draw - Brexpiprazole/Sertraline,Propranolol PK,812
PK Blood Draw - Propranolol,Was PK Collection Performed?,813
PK Blood Draw - Propranolol,"If not performed, Reason:",813
PK Blood Draw - Propranolol,Date of Collection,813
PK Blood Draw - Propranolol,Propranolol PK - Sample Status,814
PK Blood Draw - Propranolol,Propranolol PK - Time of,814
PK Blood Draw - Propranolol,Propranolol PK - Collection,814
PK Blood Draw - Propranolol,Propranolol PK - Barcode,814
PK Blood Draw - Propranolol,Propranolol PK - Number,814
PK Blood Draw - Propranolol,Propranolol PK - Backup,814
PK Blood Draw - Propranolol,"Sertraline PK, Sertraline PK, Propranolol PK, - Sample Status",814
PK Blood Draw - Propranolol,"Sertraline PK, Sertraline PK, Propranolol PK, - Time of",814
PK Blood Draw - Propranolol,"Sertraline PK, Sertraline PK, Propranolol PK, - Collection",814
PK Blood Draw - Propranolol,"Sertraline PK, Sertraline PK, Propranolol PK, - Barcode",814
PK Blood Draw - Propranolol,"Sertraline PK, Sertraline PK, Propranolol PK, - Number",814
PK Blood Draw - Propranolol,"Sertraline PK, Sertraline PK, Propranolol PK, - Backup",814
PK Blood Draw - Propranolol,Prazosin PK)] - Sample Status,814
PK Blood Draw - Propranolol,Prazosin PK)] - Time of,814
PK Blood Draw - Propranolol,Prazosin PK)] - Collection,814
PK Blood Draw - Propranolol,Prazosin PK)] - Barcode,814
PK Blood Draw - Propranolol,Prazosin PK)] - Number,814
PK Blood Draw - Propranolol,Prazosin PK)] - Backup,814
PK Blood Draw - Propranolol,Propranolol PK,814
PK Blood Draw - Propranolol,"Sertraline PK, Sertraline PK, Propranolol PK, - Sample Status",815
PK Blood Draw - Propranolol,"Sertraline PK, Sertraline PK, Propranolol PK, - Time of",815
PK Blood Draw - Propranolol,"Sertraline PK, Sertraline PK, Propranolol PK, - Collection",815
PK Blood Draw - Propranolol,"Sertraline PK, Sertraline PK, Propranolol PK, - Barcode",815
PK Blood Draw - Propranolol,"Sertraline PK, Sertraline PK, Propranolol PK, - Number",815
PK Blood Draw - Propranolol,"Sertraline PK, Sertraline PK, Propranolol PK, - Backup",815
PK Blood Draw - Propranolol,Prazosin PK)] - Sample Status,815
PK Blood Draw - Propranolol,Prazosin PK)] - Time of,815
PK Blood Draw - Propranolol,Prazosin PK)] - Collection,815
PK Blood Draw - Propranolol,Prazosin PK)] - Barcode,815
PK Blood Draw - Propranolol,Prazosin PK)] - Number,815
PK Blood Draw - Propranolol,Prazosin PK)] - Backup,815
PK Blood Draw - Propranolol,Propranolol PK - Sample Status,815
PK Blood Draw - Propranolol,Propranolol PK - Time of,815
PK Blood Draw - Propranolol,Propranolol PK - Collection,815
PK Blood Draw - Propranolol,Propranolol PK - Barcode,815
PK Blood Draw - Propranolol,Propranolol PK - Number,815
PK Blood Draw - Propranolol,Propranolol PK - Backup,815
PK Blood Draw - Propranolol,Propranolol PK,815
PK Blood Draw - Propranolol,"Sertraline PK, Sertraline PK, Propranolol PK, - Sample Status",816
PK Blood Draw - Propranolol,"Sertraline PK, Sertraline PK, Propranolol PK, - Time of",816
PK Blood Draw - Propranolol,"Sertraline PK, Sertraline PK, Propranolol PK, - Collection",816
PK Blood Draw - Propranolol,"Sertraline PK, Sertraline PK, Propranolol PK, - Barcode",816
PK Blood Draw - Propranolol,"Sertraline PK, Sertraline PK, Propranolol PK, - Number",816
PK Blood Draw - Propranolol,"Sertraline PK, Sertraline PK, Propranolol PK, - Backup",816
PK Blood Draw - Propranolol,Prazosin PK)] - Sample Status,816
PK Blood Draw - Propranolol,Prazosin PK)] - Time of,816
PK Blood Draw - Propranolol,Prazosin PK)] - Collection,816
PK Blood Draw - Propranolol,Prazosin PK)] - Barcode,816
PK Blood Draw - Propranolol,Prazosin PK)] - Number,816
PK Blood Draw - Propranolol,Prazosin PK)] - Backup,816
PK Blood Draw - Propranolol,Propranolol PK - Sample Status,816
PK Blood Draw - Propranolol,Propranolol PK - Time of,816
PK Blood Draw - Propranolol,Propranolol PK - Collection,816
PK Blood Draw - Propranolol,Propranolol PK - Barcode,816
PK Blood Draw - Propranolol,Propranolol PK - Number,816
PK Blood Draw - Propranolol,Propranolol PK - Backup,816
PK Blood Draw - Propranolol,Propranolol PK,816
Triplicate Orthostatic BP and HR - 1h Postdose,Were Vital Signs Collected?,817
Triplicate Orthostatic BP and HR - 1h Postdose,"If not collected, reason:",817
Triplicate Orthostatic BP and HR - 1h Postdose,Collection Date,817
Triplicate Orthostatic BP and HR - 1h Postdose,Planned Timepoint,817
Triplicate Orthostatic BP and HR - 1h Postdose,Time Placed in Position,818
Triplicate Orthostatic BP and HR - 1h Postdose,Time of Vitals Measurement #1,818
Triplicate Orthostatic BP and HR - 1h Postdose,Time of Vitals Measurement #2,818
Triplicate Orthostatic BP and HR - 1h Postdose,Time of Vitals Measurement #3,818
Triplicate Orthostatic BP and HR - 1h Postdose,Time of Vitals Measurement #1,819
Triplicate Orthostatic BP and HR - 1h Postdose,Time of Vitals Measurement #2,819
Triplicate Orthostatic BP and HR - 1h Postdose,Time of Vitals Measurement #3,819
Triplicate Orthostatic BP and HR - 1.5h Postdose,Were Vital Signs Collected?,820
Triplicate Orthostatic BP and HR - 1.5h Postdose,"If not collected, reason:",820
Triplicate Orthostatic BP and HR - 1.5h Postdose,Collection Date,820
Triplicate Orthostatic BP and HR - 1.5h Postdose,Planned Timepoint,820
Triplicate Orthostatic BP and HR - 1.5h Postdose,Time Placed in Position,821
Triplicate Orthostatic BP and HR - 1.5h Postdose,Time of Vitals Measurement #1,821
Triplicate Orthostatic BP and HR - 1.5h Postdose,Time of Vitals Measurement #2,821
Triplicate Orthostatic BP and HR - 1.5h Postdose,Time of Vitals Measurement #3,821
Triplicate Orthostatic BP and HR - 1.5h Postdose,Time of Vitals Measurement #1,822
Triplicate Orthostatic BP and HR - 1.5h Postdose,Time of Vitals Measurement #2,822
Triplicate Orthostatic BP and HR - 1.5h Postdose,Time of Vitals Measurement #3,822
Triplicate Orthostatic BP and HR - 2h Postdose,Were Vital Signs Collected?,823
Triplicate Orthostatic BP and HR - 2h Postdose,"If not collected, reason:",823
Triplicate Orthostatic BP and HR - 2h Postdose,Collection Date,823
Triplicate Orthostatic BP and HR - 2h Postdose,Planned Timepoint,823
Triplicate Orthostatic BP and HR - 2h Postdose,Time Placed in Position,824
Triplicate Orthostatic BP and HR - 2h Postdose,Time of Vitals Measurement #1,824
Triplicate Orthostatic BP and HR - 2h Postdose,Time of Vitals Measurement #2,824
Triplicate Orthostatic BP and HR - 2h Postdose,Time of Vitals Measurement #3,824
Triplicate Orthostatic BP and HR - 2h Postdose,Time of Vitals Measurement #1,825
Triplicate Orthostatic BP and HR - 2h Postdose,Time of Vitals Measurement #2,825
Triplicate Orthostatic BP and HR - 2h Postdose,Time of Vitals Measurement #3,825
Triplicate Orthostatic BP and HR - 2.5h Postdose,Were Vital Signs Collected?,826
Triplicate Orthostatic BP and HR - 2.5h Postdose,"If not collected, reason:",826
Triplicate Orthostatic BP and HR - 2.5h Postdose,Collection Date,826
Triplicate Orthostatic BP and HR - 2.5h Postdose,Planned Timepoint,826
Triplicate Orthostatic BP and HR - 2.5h Postdose,Time Placed in Position,827
Triplicate Orthostatic BP and HR - 2.5h Postdose,Time of Vitals Measurement #1,827
Triplicate Orthostatic BP and HR - 2.5h Postdose,Time of Vitals Measurement #2,827
Triplicate Orthostatic BP and HR - 2.5h Postdose,Time of Vitals Measurement #3,827
Triplicate Orthostatic BP and HR - 2.5h Postdose,Time of Vitals Measurement #1,828
Triplicate Orthostatic BP and HR - 2.5h Postdose,Time of Vitals Measurement #2,828
Triplicate Orthostatic BP and HR - 2.5h Postdose,Time of Vitals Measurement #3,828
Triplicate Orthostatic BP and HR - 3h Postdose,Were Vital Signs Collected?,829
Triplicate Orthostatic BP and HR - 3h Postdose,"If not collected, reason:",829
Triplicate Orthostatic BP and HR - 3h Postdose,Collection Date,829
Triplicate Orthostatic BP and HR - 3h Postdose,Planned Timepoint,829
Triplicate Orthostatic BP and HR - 3h Postdose,Time Placed in Position,830
Triplicate Orthostatic BP and HR - 3h Postdose,Time of Vitals Measurement #1,830
Triplicate Orthostatic BP and HR - 3h Postdose,Time of Vitals Measurement #2,830
Triplicate Orthostatic BP and HR - 3h Postdose,Time of Vitals Measurement #3,830
Triplicate Orthostatic BP and HR - 3h Postdose,Time of Vitals Measurement #1,831
Triplicate Orthostatic BP and HR - 3h Postdose,Time of Vitals Measurement #2,831
Triplicate Orthostatic BP and HR - 3h Postdose,Time of Vitals Measurement #3,831
Triplicate Orthostatic BP and HR - 4h Postdose,Were Vital Signs Collected?,832
Triplicate Orthostatic BP and HR - 4h Postdose,"If not collected, reason:",832
Triplicate Orthostatic BP and HR - 4h Postdose,Collection Date,832
Triplicate Orthostatic BP and HR - 4h Postdose,Planned Timepoint,832
Triplicate Orthostatic BP and HR - 4h Postdose,Time Placed in Position,833
Triplicate Orthostatic BP and HR - 4h Postdose,Time of Vitals Measurement #1,833
Triplicate Orthostatic BP and HR - 4h Postdose,Time of Vitals Measurement #2,833
Triplicate Orthostatic BP and HR - 4h Postdose,Time of Vitals Measurement #3,833
Triplicate Orthostatic BP and HR - 4h Postdose,Time of Vitals Measurement #1,834
Triplicate Orthostatic BP and HR - 4h Postdose,Time of Vitals Measurement #2,834
Triplicate Orthostatic BP and HR - 4h Postdose,Time of Vitals Measurement #3,834
Triplicate Orthostatic BP and HR - 6h Postdose,Were Vital Signs Collected?,835
Triplicate Orthostatic BP and HR - 6h Postdose,"If not collected, reason:",835
Triplicate Orthostatic BP and HR - 6h Postdose,Collection Date,835
Triplicate Orthostatic BP and HR - 6h Postdose,Planned Timepoint,835
Triplicate Orthostatic BP and HR - 6h Postdose,Time Placed in Position,836
Triplicate Orthostatic BP and HR - 6h Postdose,Time of Vitals Measurement #1,836
Triplicate Orthostatic BP and HR - 6h Postdose,Time of Vitals Measurement #2,836
Triplicate Orthostatic BP and HR - 6h Postdose,Time of Vitals Measurement #3,836
Triplicate Orthostatic BP and HR - 6h Postdose,Time of Vitals Measurement #1,837
Triplicate Orthostatic BP and HR - 6h Postdose,Time of Vitals Measurement #2,837
Triplicate Orthostatic BP and HR - 6h Postdose,Time of Vitals Measurement #3,837
Triplicate Orthostatic BP and HR - 8h Postdose,Were Vital Signs Collected?,838
Triplicate Orthostatic BP and HR - 8h Postdose,"If not collected, reason:",838
Triplicate Orthostatic BP and HR - 8h Postdose,Collection Date,838
Triplicate Orthostatic BP and HR - 8h Postdose,Planned Timepoint,838
Triplicate Orthostatic BP and HR - 8h Postdose,Time Placed in Position,839
Triplicate Orthostatic BP and HR - 8h Postdose,Time of Vitals Measurement #1,839
Triplicate Orthostatic BP and HR - 8h Postdose,Time of Vitals Measurement #2,839
Triplicate Orthostatic BP and HR - 8h Postdose,Time of Vitals Measurement #3,839
Triplicate Orthostatic BP and HR - 8h Postdose,Time of Vitals Measurement #1,840
Triplicate Orthostatic BP and HR - 8h Postdose,Time of Vitals Measurement #2,840
Triplicate Orthostatic BP and HR - 8h Postdose,Time of Vitals Measurement #3,840
End of Study,Did the Subject complete the Study?,841
End of Study,Date of Study Completion/Discontinuation,841
End of Study,Treatment Period Day 21,841
End of Study,Withdrawal by subject,842
End of Study,"Specify if: Adverse Event, Physician Decision, Protocol Deviation, Other",842
Body Temperature and Respiratory Rate,Were Vital Signs Collected?,845
Body Temperature and Respiratory Rate,"If not collected, reason:",845
Body Temperature and Respiratory Rate,Collection Date,845
Body Temperature and Respiratory Rate,Planned Timepoint,845
Body Temperature and Respiratory Rate,Respiratory Rate (breaths/min),846
Body Temperature and Respiratory Rate,Body Temperature (celsius),846
Triplicate Orthostatic BP and HR - Predose,Were Vital Signs Collected?,847
Triplicate Orthostatic BP and HR - Predose,"If not collected, reason:",847
Triplicate Orthostatic BP and HR - Predose,Collection Date,847
Triplicate Orthostatic BP and HR - Predose,Planned Timepoint,847
Triplicate Orthostatic BP and HR - Predose,Time Placed in Position,848
Triplicate Orthostatic BP and HR - Predose,Time of Vitals Measurement #1,848
Triplicate Orthostatic BP and HR - Predose,Time of Vitals Measurement #2,848
Triplicate Orthostatic BP and HR - Predose,Time of Vitals Measurement #3,848
Triplicate Orthostatic BP and HR - Predose,Time of Vitals Measurement #1,849
Triplicate Orthostatic BP and HR - Predose,Time of Vitals Measurement #2,849
Triplicate Orthostatic BP and HR - Predose,Time of Vitals Measurement #3,849
Physical Exam,Was the physical examination performed?,850
Physical Exam,Examination Date,850
Physical Exam,Examination Time,850
Physical Exam,Planned Timepoint,850
Physical Exam,HEENT - Abnormal Findings,851
Physical Exam,HEENT - Clinically Significant,851
Physical Exam,Thorax - Abnormal Findings,851
Physical Exam,Thorax - Clinically Significant,851
Physical Exam,Abdomen - Abnormal Findings,851
Physical Exam,Abdomen - Clinically Significant,851
Physical Exam,Skin and Mucosae - Abnormal Findings,851
Physical Exam,Skin and Mucosae - Clinically Significant,851
Physical Exam,Clinically Significant,851
Physical Exam,Region/Body System,851
Physical Exam,Abnormal Findings,851
Physical Exam,Neurological - Abnormal Findings,852
Physical Exam,Neurological - Clinically Significant,852
Physical Exam,Extremities - Abnormal Findings,852
Physical Exam,Extremities - Clinically Significant,852
Physical Exam,Urogenital - Abnormal Findings,852
Physical Exam,Urogenital - Clinically Significant,852
Physical Exam,Clinically Significant,852
Physical Exam,Region/Body System,852
Physical Exam,Normal,853
Physical Exam,Abnormal Findings,853
Physical Exam,Clinically Significant,853
12-lead ECG,Was 12 Lead ECG Performed?,854
12-lead ECG,"If no, Reason not done",854
12-lead ECG,Time subject became supine:,854
12-lead ECG,Time of ECG assessment,854
12-lead ECG,Not Evaluable,855
12-lead ECG,Abnormal Findings,855
12-lead ECG,Was the ECG abnormality clinically significant?,855
12-lead ECG,Are additional ECG assessments required?,855
Glycated Hemoglobin,Reason not done,856
Glycated Hemoglobin,Glycated Hemoglobin - Date of Collection,857
Glycated Hemoglobin,Glycated Hemoglobin - Time of Collection,857
Glycated Hemoglobin,Glycated Hemoglobin - Barcode Number,857
Glycated Hemoglobin,Date of Collection,857
Glycated Hemoglobin,Time of Collection,857
Glycated Hemoglobin,Barcode Number,857
Clinical Laboratory Assessments,Hematology - Status,859
Clinical Laboratory Assessments,Hematology - Reason not done,859
Clinical Laboratory Assessments,Hematology - Date of Collection,859
Clinical Laboratory Assessments,Hematology - Time of Collection,859
Clinical Laboratory Assessments,Hematology - Barcode Number,859
Clinical Laboratory Assessments,Chemistry - Status,859
Clinical Laboratory Assessments,Chemistry - Reason not done,859
Clinical Laboratory Assessments,Chemistry - Date of Collection,859
Clinical Laboratory Assessments,Chemistry - Time of Collection,859
Clinical Laboratory Assessments,Chemistry - Barcode Number,859
Clinical Laboratory Assessments,Reason not done,859
Clinical Laboratory Assessments,Date of Collection,859
Clinical Laboratory Assessments,Time of Collection,859
Clinical Laboratory Assessments,Barcode Number,859
Clinical Laboratory Assessments,Status,860
Clinical Laboratory Assessments,Reason not done,860
Clinical Laboratory Assessments,Date of Collection,860
Clinical Laboratory Assessments,Time of Collection,860
Clinical Laboratory Assessments,Barcode Number,860
Laboratory results review,Laboratory collection date,861
Laboratory results review,Laboratory results review date,861
Laboratory results review,Has the investigator reviewed all laboratory results from this visit and assessed abnormal results clinical significance?,861
Laboratory results review,Were there any clinically significant abnormal results?,861
Laboratory results review,Were there any clinically significant abnormal chemistry results?,861
Laboratory results review,Urea nitrogen,863
Laboratory results review,Chemistry abnormal assay # 1 Investigator comment,863
Laboratory results review,Urea nitrogen,864
Laboratory results review,Chemistry abnormal assay # 2 Investigator comment,864
Laboratory results review,Urea nitrogen,865
Laboratory results review,Urea nitrogen,867
Laboratory results review,Chemistry abnormal assay # 4 Investigator comment,867
Laboratory results review,Urea nitrogen,868
Laboratory results review,Chemistry abnormal assay # 5 Investigator comment,868
Laboratory results review,Are there any additional clinically significant abnormal chemistry results to be entered?,868
Laboratory results review,Were there any clinically significant abnormal hematology results?,869
Laboratory results review,Glycated Hemoglobin,869
Laboratory results review,Hematology abnormal assay # 1 Investigator comment,869
Laboratory results review,Glycated Hemoglobin,870
Laboratory results review,Hematology abnormal assay # 2 Investigator comment,870
Laboratory results review,Hematology abnormal assay # 3 Investigator comment,870
Laboratory results review,Glycated Hemoglobin,871
Laboratory results review,Hematology abnormal assay # 4 Investigator comment,871
Laboratory results review,Glycated Hemoglobin,872
Laboratory results review,Hematology abnormal assay # 5 Investigator comment,872
Laboratory results review,Are there any additional clinically significant abnormal hematology results to be entered?,872
Laboratory results review,Were there any clinically significant abnormal urinalysis results?,872
Laboratory results review,Urinalysis abnormal assay # 1 Investigator comment,873
Laboratory results review,Urinalysis abnormal assay # 2 Investigator comment,874
Laboratory results review,Urinalysis clinically significant abnormal assay # 3,874
Laboratory results review,Urinalysis abnormal assay # 3 Investigator comment,875
Laboratory results review,Urinalysis abnormal assay # 4 Investigator comment,875
Laboratory results review,Urinalysis abnormal assay # 5 Investigator comment,876
Laboratory results review,Are there additional urinalysis clinically significant abnormal results to be entered?,876
Laboratory results review,Investigator`s signature for Local Laboratory Results Review,877
PK Blood Draw - Brexpiprazole/Sertraline,Was PK Collection Performed?,878
PK Blood Draw - Brexpiprazole/Sertraline,"If not performed, Reason:",878
PK Blood Draw - Brexpiprazole/Sertraline,Date of Collection,878
PK Blood Draw - Brexpiprazole/Sertraline,Brexpiprazole/Sertraline PK - Sample Status,879
PK Blood Draw - Brexpiprazole/Sertraline,Brexpiprazole/Sertraline PK - Time of,879
PK Blood Draw - Brexpiprazole/Sertraline,Brexpiprazole/Sertraline PK - Collection,879
PK Blood Draw - Brexpiprazole/Sertraline,Brexpiprazole/Sertraline PK - Barcode,879
PK Blood Draw - Brexpiprazole/Sertraline,Brexpiprazole/Sertraline PK - Number,879
PK Blood Draw - Brexpiprazole/Sertraline,Brexpiprazole/Sertraline PK - Backup,879
PK Blood Draw - Brexpiprazole/Sertraline,"Sertraline PK, Sertraline PK, Propranolol PK, - Sample Status",879
PK Blood Draw - Brexpiprazole/Sertraline,"Sertraline PK, Sertraline PK, Propranolol PK, - Time of",879
PK Blood Draw - Brexpiprazole/Sertraline,"Sertraline PK, Sertraline PK, Propranolol PK, - Collection",879
PK Blood Draw - Brexpiprazole/Sertraline,"Sertraline PK, Sertraline PK, Propranolol PK, - Barcode",879
PK Blood Draw - Brexpiprazole/Sertraline,"Sertraline PK, Sertraline PK, Propranolol PK, - Number",879
PK Blood Draw - Brexpiprazole/Sertraline,"Sertraline PK, Sertraline PK, Propranolol PK, - Backup",879
PK Blood Draw - Brexpiprazole/Sertraline,Prazosin PK)] - Sample Status,879
PK Blood Draw - Brexpiprazole/Sertraline,Prazosin PK)] - Time of,879
PK Blood Draw - Brexpiprazole/Sertraline,Prazosin PK)] - Collection,879
PK Blood Draw - Brexpiprazole/Sertraline,Prazosin PK)] - Barcode,879
PK Blood Draw - Brexpiprazole/Sertraline,Prazosin PK)] - Number,879
PK Blood Draw - Brexpiprazole/Sertraline,Prazosin PK)] - Backup,879
PK Blood Draw - Brexpiprazole/Sertraline,Propranolol PK,879
PK Blood Draw - Propranolol,Was PK Collection Performed?,880
PK Blood Draw - Propranolol,"If not performed, Reason:",880
PK Blood Draw - Propranolol,Date of Collection,880
PK Blood Draw - Propranolol,Propranolol PK - Sample Status,881
PK Blood Draw - Propranolol,Propranolol PK - Time of,881
PK Blood Draw - Propranolol,Propranolol PK - Collection,881
PK Blood Draw - Propranolol,Propranolol PK - Barcode,881
PK Blood Draw - Propranolol,Propranolol PK - Number,881
PK Blood Draw - Propranolol,Propranolol PK - Backup,881
PK Blood Draw - Propranolol,"Sertraline PK, Sertraline PK, Propranolol PK, - Sample Status",881
PK Blood Draw - Propranolol,"Sertraline PK, Sertraline PK, Propranolol PK, - Time of",881
PK Blood Draw - Propranolol,"Sertraline PK, Sertraline PK, Propranolol PK, - Collection",881
PK Blood Draw - Propranolol,"Sertraline PK, Sertraline PK, Propranolol PK, - Barcode",881
PK Blood Draw - Propranolol,"Sertraline PK, Sertraline PK, Propranolol PK, - Number",881
PK Blood Draw - Propranolol,"Sertraline PK, Sertraline PK, Propranolol PK, - Backup",881
PK Blood Draw - Propranolol,Prazosin PK)] - Sample Status,881
PK Blood Draw - Propranolol,Prazosin PK)] - Time of,881
PK Blood Draw - Propranolol,Prazosin PK)] - Collection,881
PK Blood Draw - Propranolol,Prazosin PK)] - Barcode,881
PK Blood Draw - Propranolol,Prazosin PK)] - Number,881
PK Blood Draw - Propranolol,Prazosin PK)] - Backup,881
PK Blood Draw - Propranolol,Propranolol PK,881
Aicure Device - Return,Has the Aicure device been returned?,882
Aicure Device - Return,Date of return,882
C-SSRS since last visit - Page 1,Was the questionnaire administered?,886
C-SSRS since last visit - Page 1,Date of completion,886
C-SSRS since last visit - Page 1,Rater's initials,886
C-SSRS since last visit - Page 1,1. Wish to be dead - Row 1,887
C-SSRS since last visit - Page 1,1. Wish to be dead - Since Last Visit,887
C-SSRS since last visit - Page 1,"Subject endorses thoughts about a wish to be dead or not alive anymore, or wish to fall asleep and not wake up. - Row 1",887
C-SSRS since last visit - Page 1,"Subject endorses thoughts about a wish to be dead or not alive anymore, or wish to fall asleep and not wake up. - Since Last Visit",887
C-SSRS since last visit - Page 1,Have you wished you were dead or wished you could go to sleep and not wake up? - Row 1,887
C-SSRS since last visit - Page 1,Have you wished you were dead or wished you could go to sleep and not wake up? - Since Last Visit,887
C-SSRS since last visit - Page 1,"If Yes, describe - Row 1",887
C-SSRS since last visit - Page 1,"If Yes, describe - Since Last Visit",887
C-SSRS since last visit - Page 1,2. Non-specific active suicidal thoughts - Row 1,887
C-SSRS since last visit - Page 1,2. Non-specific active suicidal thoughts - Since Last Visit,887
C-SSRS since last visit - Page 1,"General non-specific thoughts of wanting to end one's life/commit suicide (e.g. ""I've thought about killing myself"") - Row 1",887
C-SSRS since last visit - Page 1,"General non-specific thoughts of wanting to end one's life/commit suicide (e.g. ""I've thought about killing myself"") - Since Last Visit",887
C-SSRS since last visit - Page 1,"without thoughts of way to kill oneself/associated methods,intent or plan during the assessment period. - Row 1",887
C-SSRS since last visit - Page 1,"without thoughts of way to kill oneself/associated methods,intent or plan during the assessment period. - Since Last Visit",887
C-SSRS since last visit - Page 1,Have you actually had any thoughts of killing yourself? - Row 1,887
C-SSRS since last visit - Page 1,Have you actually had any thoughts of killing yourself? - Since Last Visit,887
C-SSRS since last visit - Page 1,"Subject endorses thoughts about a wish to be dead or not alive anymore, or wish to fall asleep and not wake up.",887
C-SSRS since last visit - Page 1,"If Yes, describe",887
C-SSRS since last visit - Page 1,"General non-specific thoughts of wanting to end one's life/commit suicide (e.g. ""I've thought about killing myself"")",887
C-SSRS since last visit - Page 1,"If Yes, describe - Since Last Visit",888
C-SSRS since last visit - Page 1,3. Active suicidal ideation with any methods (not plan) without intent to act - Since Last Visit,888
C-SSRS since last visit - Page 1,Subject endorses thoughts of suicide and has thought of at least one method during the assessment period. This is - Since Last Visit,888
C-SSRS since last visit - Page 1,"different than a specific plan with a time, place or method details worked out (e.g. thought of method to kill self but - Since Last Visit",888
C-SSRS since last visit - Page 1,"not a specific plan). Includes a person who would say: ""I thought about taking an overdose but i never made a specific - Since Last Visit",888
C-SSRS since last visit - Page 1,"plan as to when, where or how I would actually do it. . . and I would never go through with it"" - Since Last Visit",888
C-SSRS since last visit - Page 1,Have you been thinking about how you might do this? - Since Last Visit,888
C-SSRS since last visit - Page 1,"4. Active suicidal ideation with some intent to act, without specific plan - Since Last Visit",888
C-SSRS since last visit - Page 1,"If Yes, describe",888
C-SSRS since last visit - Page 1,Subject endorses thoughts of suicide and has thought of at least one method during the assessment period. This is,888
C-SSRS since last visit - Page 1,"Active suicidal thoughts of killing oneself and subject reports having some intent to act on such thoughts, as opposed - Since Last Visit",889
C-SSRS since last visit - Page 1,"to ""I have thoughts but I definitely will not do anything about them"" - Since Last Visit",889
C-SSRS since last visit - Page 1,Have you had these thoughts and had some intention of acting on them? - Since Last Visit,889
C-SSRS since last visit - Page 1,"If Yes, describe - Since Last Visit",889
C-SSRS since last visit - Page 1,5. Active suicidal ideation with specific plan and intent - Since Last Visit,889
C-SSRS since last visit - Page 1,Thoughts of killing oneself with detail of plan fully or partially worked out and subject has some intent to carry it out. - Since Last Visit,889
C-SSRS since last visit - Page 1,Have you started to work out or worked out the details of how to kill yourself? Do you intend to carry out this plan? - Since Last Visit,889
C-SSRS since last visit - Page 1,"If Yes, describe",889
C-SSRS since last visit - Page 1,Thoughts of killing oneself with detail of plan fully or partially worked out and subject has some intent to carry it out.,889
C-SSRS since last visit - Page 2,"The following features should be rated with respect to the most severe type of ideation (i.e. 1-5 from above, with 1 - Row 1",891
C-SSRS since last visit - Page 2,"The following features should be rated with respect to the most severe type of ideation (i.e. 1-5 from above, with 1 - Since Last Visit",891
C-SSRS since last visit - Page 2,being the least severe and 5 being the most severe). Ask about time he/she was feeling the most suicidal. - Row 1,891
C-SSRS since last visit - Page 2,being the least severe and 5 being the most severe). Ask about time he/she was feeling the most suicidal. - Since Last Visit,891
C-SSRS since last visit - Page 2,Most severe ideation - Row 1,891
C-SSRS since last visit - Page 2,Most severe ideation - Since Last Visit,891
C-SSRS since last visit - Page 2,Description of Ideation - Row 1,891
C-SSRS since last visit - Page 2,Description of Ideation - Since Last Visit,891
C-SSRS since last visit - Page 2,(5) Active suicidal ideation w/ specific plan and intent,891
C-SSRS since last visit - Page 2,Description of Ideation,891
C-SSRS since last visit - Page 2,Frequency - Since Last Visit,892
C-SSRS since last visit - Page 2,How many times have you had these thoughts? - Since Last Visit,892
C-SSRS since last visit - Page 2,Duration - Since Last Visit,892
C-SSRS since last visit - Page 2,"When you have the thoughts, how long do they last? - Since Last Visit",892
C-SSRS since last visit - Page 2,Controllability - Since Last Visit,892
C-SSRS since last visit - Page 2,How many times have you had these thoughts?,892
C-SSRS since last visit - Page 2,"When you have the thoughts, how long do they last?",892
C-SSRS since last visit - Page 2,Could/can you stop thinking about killing yourself or wanting to die if you want to? - Since Last Visit,893
C-SSRS since last visit - Page 2,Could/can you stop thinking about killing yourself or wanting to die if you want to? - (1) Easily able to control thoughts,893
C-SSRS since last visit - Page 2,Deterrents - Since Last Visit,893
C-SSRS since last visit - Page 2,Deterrents - (1) Easily able to control thoughts,893
C-SSRS since last visit - Page 2,Are there things - anyone or anything - that stopped you from wanting to die or acting on thoughts of committing - Since Last Visit,893
C-SSRS since last visit - Page 2,Are there things - anyone or anything - that stopped you from wanting to die or acting on thoughts of committing - (1) Easily able to control thoughts,893
C-SSRS since last visit - Page 2,suicide? - Since Last Visit,893
C-SSRS since last visit - Page 2,suicide? - (1) Easily able to control thoughts,893
C-SSRS since last visit - Page 2,(0) Does not attempt to control thoughts,893
C-SSRS since last visit - Page 2,(0) Does not apply,893
C-SSRS since last visit - Page 2,Reasons for Ideation - Since Last Visit,894
C-SSRS since last visit - Page 2,What sort of reasons did you have for thinking about wanting to die or killing yourself? Was it to end the pain or - Since Last Visit,894
C-SSRS since last visit - Page 2,stop the way you were feeling (in other words you couldn't go on living with this pain or how you were feeling) or - Since Last Visit,894
C-SSRS since last visit - Page 2,"was it to get attention, revenge or a reaction from others? or both? - Since Last Visit",894
C-SSRS since last visit - Page 2,(0) Does not apply,894
C-SSRS since last visit - Page 2,Since Last Visit,895
C-SSRS since last visit - Page 3,Actual attempt: - Row 1,897
C-SSRS since last visit - Page 3,Actual attempt: - Since Last Visit,897
C-SSRS since last visit - Page 3,"A potentially self-injurious act committed with at least some wish to die, as a result of act. Behaviour was in part thought of as method to - Row 1",897
C-SSRS since last visit - Page 3,"A potentially self-injurious act committed with at least some wish to die, as a result of act. Behaviour was in part thought of as method to - Since Last Visit",897
C-SSRS since last visit - Page 3,"kill oneself. Intent does not have to be 100%. If there is any intent/desire to die associated with the act, then it can be considered an actual - Row 1",897
C-SSRS since last visit - Page 3,"kill oneself. Intent does not have to be 100%. If there is any intent/desire to die associated with the act, then it can be considered an actual - Since Last Visit",897
C-SSRS since last visit - Page 3,"suicide attempt. There does not have to be any injury or harm, just the potential for injury or harm. If a person pulls the trigger while gun - Row 1",897
C-SSRS since last visit - Page 3,"suicide attempt. There does not have to be any injury or harm, just the potential for injury or harm. If a person pulls the trigger while gun - Since Last Visit",897
C-SSRS since last visit - Page 3,"is in mouth but gun is broken so no injury results, this is considered an attempt. - Row 1",897
C-SSRS since last visit - Page 3,"is in mouth but gun is broken so no injury results, this is considered an attempt. - Since Last Visit",897
C-SSRS since last visit - Page 3,"Inferring Intent: even if an individual denies intent/wish to die, it may be inferred clinically from the behaviour or circumstances. For - Row 1",897
C-SSRS since last visit - Page 3,"Inferring Intent: even if an individual denies intent/wish to die, it may be inferred clinically from the behaviour or circumstances. For - Since Last Visit",897
C-SSRS since last visit - Page 3,"example, a highly lethal act that is clearly not an accident so no other intent but suicide can be inferred (e.g. gunshot to the head, jumping - Row 1",897
C-SSRS since last visit - Page 3,"example, a highly lethal act that is clearly not an accident so no other intent but suicide can be inferred (e.g. gunshot to the head, jumping - Since Last Visit",897
C-SSRS since last visit - Page 3,"from window of a high floor/story). Also, if someone denies intent to die, but they thought that what they did could be lethal, intent may - Row 1",897
C-SSRS since last visit - Page 3,"from window of a high floor/story). Also, if someone denies intent to die, but they thought that what they did could be lethal, intent may - Since Last Visit",897
C-SSRS since last visit - Page 3,be inferred. - Row 1,897
C-SSRS since last visit - Page 3,be inferred. - Since Last Visit,897
C-SSRS since last visit - Page 3,Have you made a suicide attempt? - Row 1,897
C-SSRS since last visit - Page 3,Have you made a suicide attempt? - Since Last Visit,897
C-SSRS since last visit - Page 3,Have you done anything to harm yourself? - Row 1,897
C-SSRS since last visit - Page 3,Have you done anything to harm yourself? - Since Last Visit,897
C-SSRS since last visit - Page 3,Have you done anything dangerous where you could have died? - Row 1,897
C-SSRS since last visit - Page 3,Have you done anything dangerous where you could have died? - Since Last Visit,897
C-SSRS since last visit - Page 3,What did you do? - Row 1,897
C-SSRS since last visit - Page 3,What did you do? - Since Last Visit,897
C-SSRS since last visit - Page 3,Did you ______ as a way to end your life? - Row 1,897
C-SSRS since last visit - Page 3,Did you ______ as a way to end your life? - Since Last Visit,897
C-SSRS since last visit - Page 3,Did you want to die (even a little) when you ____? - Row 1,897
C-SSRS since last visit - Page 3,Did you want to die (even a little) when you ____? - Since Last Visit,897
C-SSRS since last visit - Page 3,Were trying to end your life when you ____? - Row 1,897
C-SSRS since last visit - Page 3,Were trying to end your life when you ____? - Since Last Visit,897
C-SSRS since last visit - Page 3,Or did you think it was possible you could have died from ____? - Row 1,897
C-SSRS since last visit - Page 3,Or did you think it was possible you could have died from ____? - Since Last Visit,897
C-SSRS since last visit - Page 3,Actual attempt:,897
C-SSRS since last visit - Page 3,"Or did you do it purely for other reasons/without ANY intention of killing yourself (like to relieve stress, feel better, get sympathy, or - Since Last Visit",898
C-SSRS since last visit - Page 3,get something else to happen? (Self-Injurious Behavior without suicidal intent) - Since Last Visit,898
C-SSRS since last visit - Page 3,"If Yes, Total number of attempts - Since Last Visit",898
C-SSRS since last visit - Page 3,"If Yes, describe - Since Last Visit",898
C-SSRS since last visit - Page 3,Has subject engaged in Non-Suicidal self-injurious behavior? - Since Last Visit,898
C-SSRS since last visit - Page 3,"If Yes, Total number of attempts",898
C-SSRS since last visit - Page 3,"If Yes, describe",898
C-SSRS since last visit - Page 3,Has subject engaged in Non-Suicidal self-injurious behavior?,898
C-SSRS since last visit - Page 3,Interrupted attempt: - Since Last Visit,899
C-SSRS since last visit - Page 3,"When the person is interrupted (by an outside circumstance) from starting the potentially self-injurious act (if not for that, actual attempt - Since Last Visit",899
C-SSRS since last visit - Page 3,would have occurred). - Since Last Visit,899
C-SSRS since last visit - Page 3,Has there been a time when you started to do something to end your life but someone or something stopped you before you actually did - Since Last Visit,899
C-SSRS since last visit - Page 3,anything? - Since Last Visit,899
C-SSRS since last visit - Page 3,"If Yes, Total number of interrupted attempts - Since Last Visit",899
C-SSRS since last visit - Page 3,"If Yes, describe - Since Last Visit",899
C-SSRS since last visit - Page 3,Interrupted attempt:,899
C-SSRS since last visit - Page 3,"If Yes, Total number of interrupted attempts",899
C-SSRS since last visit - Page 3,"If Yes, describe",899
C-SSRS since last visit - Page 3,Aborted attempt: - Row 8,900
C-SSRS since last visit - Page 3,Aborted attempt: - Since Last Visit,900
C-SSRS since last visit - Page 3,"When person begins to take steps toward making a suicide attempt, but stops themselves before they actually have engaged in any self - Row 8",900
C-SSRS since last visit - Page 3,"When person begins to take steps toward making a suicide attempt, but stops themselves before they actually have engaged in any self - Since Last Visit",900
C-SSRS since last visit - Page 3,"destructive behaviour. Examples are similar to interrupted attempts, except that the individual stops him/herself, instead of being stopped - Row 8",900
C-SSRS since last visit - Page 3,"destructive behaviour. Examples are similar to interrupted attempts, except that the individual stops him/herself, instead of being stopped - Since Last Visit",900
C-SSRS since last visit - Page 3,by something else. - Row 8,900
C-SSRS since last visit - Page 3,by something else. - Since Last Visit,900
C-SSRS since last visit - Page 3,Has there been a time when you started to do something to try to end your life but you stopped yourself before you actually did - Row 8,900
C-SSRS since last visit - Page 3,Has there been a time when you started to do something to try to end your life but you stopped yourself before you actually did - Since Last Visit,900
C-SSRS since last visit - Page 3,anything? - Row 8,900
C-SSRS since last visit - Page 3,anything? - Since Last Visit,900
C-SSRS since last visit - Page 3,"If Yes, Total number of aborted attempts - Row 8",900
C-SSRS since last visit - Page 3,"If Yes, Total number of aborted attempts - Since Last Visit",900
C-SSRS since last visit - Page 3,"If Yes, describe - Row 8",900
C-SSRS since last visit - Page 3,"If Yes, describe - Since Last Visit",900
C-SSRS since last visit - Page 3,Aborted attempt:,900
C-SSRS since last visit - Page 3,"If Yes, Total number of aborted attempts",900
C-SSRS since last visit - Page 3,"If Yes, describe",900
C-SSRS since last visit - Page 3,Preparatory acts or behavior: - Since Last Visit,901
C-SSRS since last visit - Page 3,Acts or preparation towards imminently making a suicide attempt. This can include anything beyond a verbalization or thought such as - Since Last Visit,901
C-SSRS since last visit - Page 3,"assembling a specific method (e.g., buying pills, purchasing a gun) or preparing for one's death by suicide (e.g., giving things away, - Since Last Visit",901
C-SSRS since last visit - Page 3,writing a suicide note) - Since Last Visit,901
C-SSRS since last visit - Page 3,"Have you taken any step towards making a suicide attempt or preparing to kill yourself (such as collecting pills, getting a gun, giving - Since Last Visit",901
C-SSRS since last visit - Page 3,valuables away or writing a suicide note?) - Since Last Visit,901
C-SSRS since last visit - Page 3,"If Yes, describe - Since Last Visit",901
C-SSRS since last visit - Page 3,Suicidal behavior: - Since Last Visit,901
C-SSRS since last visit - Page 3,Suicidal behavior was present during the assessment period? - Since Last Visit,901
C-SSRS since last visit - Page 3,Suicide: - Since Last Visit,901
C-SSRS since last visit - Page 3,Preparatory acts or behavior:,901
C-SSRS since last visit - Page 3,"If Yes, describe",901
C-SSRS since last visit - Page 3,Suicidal behavior:,901
C-SSRS since last visit - Page 3,Suicide:,901
C-SSRS since last visit - Page 3,Since Last Visit,902
C-SSRS since last visit - Page 4,Date of Attempt - Row 1,904
C-SSRS since last visit - Page 4,Date of Attempt - Most Lethal Attempt,904
C-SSRS since last visit - Page 4,Actual Lethality/Medical Damage: - Row 1,904
C-SSRS since last visit - Page 4,Actual Lethality/Medical Damage: - Most Lethal Attempt,904
C-SSRS since last visit - Page 4,\0.\ No physical damage or very minor physical damage (e.g. surface scratches) \1.\ Minor physical damage (e.g. - Row 1,904
C-SSRS since last visit - Page 4,\0.\ No physical damage or very minor physical damage (e.g. surface scratches) \1.\ Minor physical damage (e.g. - Most Lethal Attempt,904
C-SSRS since last visit - Page 4,"lethargic speech, first-degree burns, mild bleeding, sprains) \2.\ Moderate physical damage; medical attention needed - Row 1",904
C-SSRS since last visit - Page 4,"lethargic speech, first-degree burns, mild bleeding, sprains) \2.\ Moderate physical damage; medical attention needed - Most Lethal Attempt",904
C-SSRS since last visit - Page 4,"(e.g. conscious but sleepy; somewhat responsive, second-degree burns; bleeding of major vessel \3.\ Moderately - Row 1",904
C-SSRS since last visit - Page 4,"(e.g. conscious but sleepy; somewhat responsive, second-degree burns; bleeding of major vessel \3.\ Moderately - Most Lethal Attempt",904
C-SSRS since last visit - Page 4,severe physical damage; medical hospitalization and likely intensive care required (e.g. comatose with reflexes intact; - Row 1,904
C-SSRS since last visit - Page 4,severe physical damage; medical hospitalization and likely intensive care required (e.g. comatose with reflexes intact; - Most Lethal Attempt,904
C-SSRS since last visit - Page 4,"third-degree burns less than 20% of body; extensive blood loss but can recover, major fractures) \4.\ Severe physical - Row 1",904
C-SSRS since last visit - Page 4,"third-degree burns less than 20% of body; extensive blood loss but can recover, major fractures) \4.\ Severe physical - Most Lethal Attempt",904
C-SSRS since last visit - Page 4,damage; medical hospitalization with intensive care required (e.g. comatose without reflexes; third-degree burns over - Row 1,904
C-SSRS since last visit - Page 4,damage; medical hospitalization with intensive care required (e.g. comatose without reflexes; third-degree burns over - Most Lethal Attempt,904
C-SSRS since last visit - Page 4,20% of the body; extensive blood loss with unstable vital signs; major damage to a vital area \5.\ Death - Row 1,904
C-SSRS since last visit - Page 4,20% of the body; extensive blood loss with unstable vital signs; major damage to a vital area \5.\ Death - Most Lethal Attempt,904
C-SSRS since last visit - Page 4,Potential Lethality: Only answer if Actual Lethality=0 - Row 1,904
C-SSRS since last visit - Page 4,Potential Lethality: Only answer if Actual Lethality=0 - Most Lethal Attempt,904
C-SSRS since last visit - Page 4,"Likely lethality of actual attempt if no medical damage (the following examples, while having no actual medical - Row 1",904
C-SSRS since last visit - Page 4,"Likely lethality of actual attempt if no medical damage (the following examples, while having no actual medical - Most Lethal Attempt",904
C-SSRS since last visit - Page 4,"damage, has potential for very serious lethality; put gun in mouth and pulled the trigger but gun fails to fire so no - Row 1",904
C-SSRS since last visit - Page 4,"damage, has potential for very serious lethality; put gun in mouth and pulled the trigger but gun fails to fire so no - Most Lethal Attempt",904
C-SSRS since last visit - Page 4,medical damage; laying on train tracks with oncoming train but pulled away before run over). - Row 1,904
C-SSRS since last visit - Page 4,medical damage; laying on train tracks with oncoming train but pulled away before run over). - Most Lethal Attempt,904
C-SSRS since last visit - Page 4,Date of Attempt,904
C-SSRS since last visit - Page 4,Actual Lethality/Medical Damage:,904
C-SSRS since last visit - Page 4,"Likely lethality of actual attempt if no medical damage (the following examples, while having no actual medical",904
C-SSRS since last visit - Page 4,\0.\ Behavior not likely to result in injury \1.\ Behavior like to result in injury but not likely to cause death \2.\ - Most Lethal Attempt,905
C-SSRS since last visit - Page 4,Behavior likely to result in death despite available medical care - Most Lethal Attempt,905
Water Restriction Start Prompt,Date subject started water restriction,906
Water Restriction Start Prompt,Time subject started water restriction,906
"IMP Administration - Sertraline,Brexpiprazole and Propranolol",Has subject been fasting (no food) for a minimum of 10 hours prior to the scheduled dosing?,908
"IMP Administration - Sertraline,Brexpiprazole and Propranolol",Was water restricted for 1 hour prior to dosing?,908
"IMP Administration - Sertraline,Brexpiprazole and Propranolol",Was Sertraline administered?,908
"IMP Administration - Sertraline,Brexpiprazole and Propranolol","If no, reason",908
"IMP Administration - Sertraline,Brexpiprazole and Propranolol",Date of Administration,909
"IMP Administration - Sertraline,Brexpiprazole and Propranolol",Time of Administration,909
"IMP Administration - Sertraline,Brexpiprazole and Propranolol",Physician decision,909
"IMP Administration - Sertraline,Brexpiprazole and Propranolol",Dosing Comments (optional),909
Brexpiprazole Dose,Was Brexpiprazole administered?,910
Brexpiprazole Dose,"If no, reason",910
Brexpiprazole Dose,Date of Administration,910
Brexpiprazole Dose,Time of Administration,910
Brexpiprazole Dose,Physician decision,911
Brexpiprazole Dose,Dosing Comments (optional),911
Brexpiprazole Dose,Was Propranolol administered?,911
Brexpiprazole Dose,"If no, reason",911
Brexpiprazole Dose,Date of Administration,912
Brexpiprazole Dose,Time of Administration,912
Brexpiprazole Dose,Physician decision,912
Brexpiprazole Dose,Was water restricted for 2 hours following dosing?,913
Brexpiprazole Dose,Dosing Comments (optional),913
Water Restriction End Prompt,Date subject ended water restriction,914
Water Restriction End Prompt,Time subject ended water restriction,914
Triplicate Orthostatic BP and HR - ET,Were Vital Signs Collected?,916
Triplicate Orthostatic BP and HR - ET,"If not collected, reason:",916
Triplicate Orthostatic BP and HR - ET,Collection Date,916
Triplicate Orthostatic BP and HR - ET,Planned Timepoint,916
Triplicate Orthostatic BP and HR - ET,Time Placed in Position,917
Triplicate Orthostatic BP and HR - ET,Time of Vitals Measurement #1,917
Triplicate Orthostatic BP and HR - ET,Time of Vitals Measurement #2,917
Triplicate Orthostatic BP and HR - ET,Time of Vitals Measurement #3,917
Triplicate Orthostatic BP and HR - ET,Time of Vitals Measurement #1,918
Triplicate Orthostatic BP and HR - ET,Time of Vitals Measurement #2,918
Triplicate Orthostatic BP and HR - ET,Time of Vitals Measurement #3,918
End of Study,Did the Subject complete the Study?,919
End of Study,Date of Study Completion/Discontinuation,919
End of Study,Treatment Period Day 21,919
End of Study,Withdrawal by subject,920
End of Study,"Specify if: Adverse Event, Physician Decision, Protocol Deviation, Other",920
Follow-Up Phone Call,Date of Contact/Attempt,924
Follow-Up Phone Call,Type of Contact,924
Follow-Up Phone Call,Method of Contact,924
Follow-Up Phone Call,Were you able to contact the Subject?,925
Follow-Up Phone Call,Date of Contact/Attempt,925
Follow-Up Phone Call,Third Failed Attempt,925
Follow-Up Phone Call,Method of Contact,925
Follow-Up Phone Call,Specify Contact if Other,925
Follow-Up Phone Call,Was the subject reminded of the birth control restrictions for 30 days postdose?,925
Follow-Up Phone Call,Has the subject had any adverse events since the last visit?,925
Follow-Up Phone Call,Has subject taken any ConMeds?,926
Adverse Events,Are There any Adverse Events to Report?,927
Adverse Events,Term,928
Adverse Events,Onset Date,928
Adverse Events,Onset Time,928
Adverse Events,Event Onset Date,929
Adverse Events,Event Onset Time,929
Adverse Events,Is the event serious?,929
Adverse Events,Date SAE Reported,929
Adverse Events,SAE Given to Regulatory for IRB Submission?,929
Adverse Events,"If no, Specify",929
Adverse Events,Life Threatening,930
Adverse Events,Requires or Prolongs Hospitalization,930
Adverse Events,Significant Disability,930
Adverse Events,Congenital Anomaly or Birth Defect,930
Adverse Events,Other Medically Important Serious Event,930
Adverse Events,Relationship to drugs,931
Adverse Events,Relationship to Brexpiprazole,931
Adverse Events,Relationship to Sertraline,931
Adverse Events,Relationship to Prazosin,931
Adverse Events,Relationship to Propranolol,931
Adverse Events,Is this AE an Event of Special Interest?,931
Adverse Events,Event Stop Date,931
Adverse Events,Event Stop Time,932
Adverse Events,Drug Withdrawn,932
Adverse Events,Did the adverse event cause study discontinuation?,933
Adverse Events,Investigator: By clicking - Confirm,933
Prior and Concomitant Medications,Are There any Prior/Concomitant Medications to Report?,934
Prior and Concomitant Medications,Medication,935
Prior and Concomitant Medications,Indication,935
Prior and Concomitant Medications,Start date,935
Prior and Concomitant Medications,Start time,935
Prior and Concomitant Medications,"Other Unit, specify",937
Prior and Concomitant Medications,Other Dose Form,939
Prior and Concomitant Medications,"Other Frequency, Specify",940
Prior and Concomitant Medications,"Other Route, Specify",942
Prior and Concomitant Medications,"If the medication is to treat adverse event, please provide the AE#",943
Prior and Concomitant Medications,"If the medication is to treat existing medical or psychiatric history, please provide the MH/PH#",943
Surgeries and medical procedures,"Are There any Surgeries, Non-Drug Procedures to Report?",944
Surgeries and medical procedures,Procedure/Surgery Name,945
Surgeries and medical procedures,Start Date,945
Surgeries and medical procedures,End Date,945
Surgeries and medical procedures,Procedure/Surgery Name,946
Withdrawal of Informed Consent,Consent Withdrawn?,947
Withdrawal of Informed Consent,Date Consent Withdrawn,947
Withdrawal of Informed Consent,Time consent Withdrawn,947
Withdrawal of Informed Consent,Standardized Disposition Term,948
IMP Missed Dose,Stop date,950
IMP Missed Dose,Trial Day,950
IMP Missed Dose,Total Number of Tab taken,950
IMP Missed Dose,Treatment Period Day 21,951
IMP Missed Dose,Non-Compliance reason other specify,952
IMP Missed Dose,Number of tablets of Sertraline taken,952
IMP Missed Dose,Number of tablets of Brexpiprazole taken,952
IMP Missed Dose,Number of tablets of Prazosin taken,952
IMP Missed Dose,Number of tablets of Propranolol taken,952
Protocol Deviation,Were there any protocol deviations?,953
Protocol Deviation,Description of Deviation,954
Protocol Deviation,Start Date,954
Protocol Deviation,End Date (if applicable),954
Protocol Deviation,Met withdrawal criteria but was not withdrawn,955
Protocol Deviation,Is this deviation due to COVID-19?,955
Protocol Deviation,Description of Deviation,955
Protocol Deviation,Start Time (if applicable),955
Protocol Deviation,End Date (if applicable),955
Protocol Deviation,End Time (if applicable),956
Admission to clinic,Time of Admission in clinic,958
Admission to clinic,Date of Admission in clinic,959
Admission to clinic,Time of Admission in clinic,959
Discharge from clinic,Time of Discharge,961
Discharge from clinic,Time of Discharge,962
Death,Date of Death,963
Death,Primary Cause of Death,963
Death,Autopsy Performed?,963
Death,Date of Autopsy,963
Death,Death Related to IMP?,963
Drug Accountability,Sertraline - 50 mg Dispensed,966
Drug Accountability,Brexpiprazole - 1 mg Dispensed,966
Drug Accountability,Brexpiprazole - 2 mg Dispensed,966
Drug Accountability,Date Bottles Dispensed,967
Drug Accountability,Bottle Number(s) Sertraline - 50 mg,967
Drug Accountability,Number of Sertraline - 50 mg bottles Dispensed,967
Drug Accountability,Number of Sertraline - 50 mg Capsules Dispensed (total),967
Drug Accountability,Bottle Number(s) Brexpiprazole - 1 mg,967
Drug Accountability,Number of Brexpiprazole - 1 mg bottles Dispensed,967
Drug Accountability,Number of Brexpiprazole - 1 mg Capsules Dispensed (total),967
Drug Accountability,Bottle Number(s) Brexpiprazole - 2 mg,968
Drug Accountability,Number of Brexpiprazole - 2 mg bottles Dispensed,968
Drug Accountability,Number of Brexpiprazole - 2 mg Capsules Dispensed (total),968
Drug Accountability,Bottle Number(s) Brexpiprazole - 3 mg,968
Drug Accountability,Number of Brexpiprazole - 3 mg bottles Dispensed,968
Drug Accountability,Number of Brexpiprazole - 3 mg Capsules Dispensed (total),968
Drug Accountability,Date Bottles Returned,968
Drug Accountability,Number of Sertraline - 50 mg Capsules Returned,969
Drug Accountability,Number of Brexpiprazole - 1 mg Capsules Returned,969
Drug Accountability,Number of Brexpiprazole - 2 mg Capsules Returned,969
Drug Accountability,Number of Brexpiprazole - 3 mg Capsules Returned,969
12-lead ECG - Repeat,Time subject became supine:,970
12-lead ECG - Repeat,Time of ECG assessment,970
12-lead ECG - Repeat,Not Evaluable,970
12-lead ECG - Repeat,Abnormal Findings,971
12-lead ECG - Repeat,Was the ECG abnormality clinically significant?,971
12-lead ECG - Repeat,Are additional ECG assessments required?,971
Urine drug screen - Repeat,Was Urine Drug Screen Performed?,972
Urine drug screen - Repeat,If not done reason,972
Urine drug screen - Repeat,Item #,972
Urine drug screen - Repeat,Expiration Date,972
Urine drug screen - Repeat,Date of Sample,972
Cotinine Screen - Repeat,Was Cotinine Screen Performed?,977
Cotinine Screen - Repeat,If not done reason,977
Cotinine Screen - Repeat,Item #,977
Cotinine Screen - Repeat,Expiration Date,977
Cotinine Screen - Repeat,Time of Sample,978
Clinical Laboratory Assessments - Repeat,Hematology - Status,981
Clinical Laboratory Assessments - Repeat,Hematology - Reason not done,981
Clinical Laboratory Assessments - Repeat,Hematology - Date of Collection,981
Clinical Laboratory Assessments - Repeat,Hematology - Time of Collection,981
Clinical Laboratory Assessments - Repeat,Hematology - Barcode Number,981
Clinical Laboratory Assessments - Repeat,Chemistry - Status,981
Clinical Laboratory Assessments - Repeat,Chemistry - Reason not done,981
Clinical Laboratory Assessments - Repeat,Chemistry - Date of Collection,981
Clinical Laboratory Assessments - Repeat,Chemistry - Time of Collection,981
Clinical Laboratory Assessments - Repeat,Chemistry - Barcode Number,981
Clinical Laboratory Assessments - Repeat,Reason not done,981
Clinical Laboratory Assessments - Repeat,Date of Collection,981
Clinical Laboratory Assessments - Repeat,Time of Collection,981
Clinical Laboratory Assessments - Repeat,Barcode Number,981
Clinical Laboratory Assessments - Repeat,Status,982
Clinical Laboratory Assessments - Repeat,Reason not done,982
Clinical Laboratory Assessments - Repeat,Date of Collection,982
Clinical Laboratory Assessments - Repeat,Time of Collection,982
Clinical Laboratory Assessments - Repeat,Barcode Number,982
Laboratory Results Review - Repeat,Laboratory collection date,983
Laboratory Results Review - Repeat,Laboratory results review date,983
Laboratory Results Review - Repeat,Has the investigator reviewed all laboratory results from this visit and assessed abnormal results clinical significance?,983
Laboratory Results Review - Repeat,Were there any clinically significant abnormal results?,983
Laboratory Results Review - Repeat,Were there any clinically significant abnormal chemistry results?,983
Laboratory Results Review - Repeat,Urea nitrogen,985
Laboratory Results Review - Repeat,Chemistry abnormal assay # 1 Investigator comment,985
Laboratory Results Review - Repeat,Urea nitrogen,986
Laboratory Results Review - Repeat,Chemistry abnormal assay # 2 Investigator comment,986
Laboratory Results Review - Repeat,Urea nitrogen,987
Laboratory Results Review - Repeat,Urea nitrogen,989
Laboratory Results Review - Repeat,Chemistry abnormal assay # 4 Investigator comment,989
Laboratory Results Review - Repeat,Urea nitrogen,990
Laboratory Results Review - Repeat,Chemistry abnormal assay # 5 Investigator comment,990
Laboratory Results Review - Repeat,Are there any additional clinically significant abnormal chemistry results to be entered?,990
Laboratory Results Review - Repeat,Were there any clinically significant abnormal hematology results?,991
Laboratory Results Review - Repeat,Glycated Hemoglobin,991
Laboratory Results Review - Repeat,Hematology abnormal assay # 1 Investigator comment,991
Laboratory Results Review - Repeat,Glycated Hemoglobin,992
Laboratory Results Review - Repeat,Hematology abnormal assay # 2 Investigator comment,992
Laboratory Results Review - Repeat,Hematology abnormal assay # 3 Investigator comment,992
Laboratory Results Review - Repeat,Glycated Hemoglobin,993
Laboratory Results Review - Repeat,Hematology abnormal assay # 4 Investigator comment,993
Laboratory Results Review - Repeat,Glycated Hemoglobin,994
Laboratory Results Review - Repeat,Hematology abnormal assay # 5 Investigator comment,994
Laboratory Results Review - Repeat,Are there any additional clinically significant abnormal hematology results to be entered?,994
Laboratory Results Review - Repeat,Were there any clinically significant abnormal urinalysis results?,994
Laboratory Results Review - Repeat,Urinalysis abnormal assay # 1 Investigator comment,995
Laboratory Results Review - Repeat,Urinalysis abnormal assay # 2 Investigator comment,996
Laboratory Results Review - Repeat,Urinalysis clinically significant abnormal assay # 3,996
Laboratory Results Review - Repeat,Urinalysis abnormal assay # 3 Investigator comment,997
Laboratory Results Review - Repeat,Urinalysis abnormal assay # 4 Investigator comment,997
Laboratory Results Review - Repeat,Urinalysis abnormal assay # 5 Investigator comment,998
Laboratory Results Review - Repeat,Are there additional urinalysis clinically significant abnormal results to be entered?,998
Laboratory Results Review - Repeat,Investigator`s signature for Local Laboratory Results Review,999
Triplicate Orthostatic BP and HR - Repeat,Were Vital Signs Collected?,1000
Triplicate Orthostatic BP and HR - Repeat,"If not collected, reason:",1000
Triplicate Orthostatic BP and HR - Repeat,Collection Date,1000
Triplicate Orthostatic BP and HR - Repeat,Planned Timepoint,1000
Triplicate Orthostatic BP and HR - Repeat,Time Placed in Position,1001
Triplicate Orthostatic BP and HR - Repeat,Time of Vitals Measurement #1,1001
Triplicate Orthostatic BP and HR - Repeat,Time of Vitals Measurement #2,1001
Triplicate Orthostatic BP and HR - Repeat,Time of Vitals Measurement #3,1001
Triplicate Orthostatic BP and HR - Repeat,Time of Vitals Measurement #1,1002
Triplicate Orthostatic BP and HR - Repeat,Time of Vitals Measurement #2,1002
Triplicate Orthostatic BP and HR - Repeat,Time of Vitals Measurement #3,1002
Glycated Hemoglobin - Repeat,Reason not done,1003
Glycated Hemoglobin - Repeat,Glycated Hemoglobin - Date of Collection,1004
Glycated Hemoglobin - Repeat,Glycated Hemoglobin - Time of Collection,1004
Glycated Hemoglobin - Repeat,Glycated Hemoglobin - Barcode Number,1004
Glycated Hemoglobin - Repeat,Date of Collection,1004
Glycated Hemoglobin - Repeat,Time of Collection,1004
Glycated Hemoglobin - Repeat,Barcode Number,1004
Alcohol Screen - Urine or Breath - Repeat,Was Test Performed?,1005
Alcohol Screen - Urine or Breath - Repeat,"If no, Reason Not Done",1005
Alcohol Screen - Urine or Breath - Repeat,Was a Repeat test performed?,1006
Alcohol Screen - Urine or Breath - Repeat,Time of Repeat Test,1006
Alcohol Screen - Urine or Breath - Repeat,Result of Repeat Test,1006
12-lead ECG - Unscheduled,Was 12 Lead ECG Performed?,1007
12-lead ECG - Unscheduled,"If no, Reason not done",1007
12-lead ECG - Unscheduled,Time subject became supine:,1007
12-lead ECG - Unscheduled,Time of ECG assessment,1007
12-lead ECG - Unscheduled,Not Evaluable,1008
12-lead ECG - Unscheduled,Abnormal Findings,1008
12-lead ECG - Unscheduled,Was the ECG abnormality clinically significant?,1008
12-lead ECG - Unscheduled,Are additional ECG assessments required?,1008
Pregnancy test - Unscheduled,Was a Pregnancy Test Performed?,1009
Pregnancy test - Unscheduled,If not done reason,1009
Pregnancy test - Unscheduled,Type of pregnancy test,1009
Pregnancy test - Unscheduled,Barcode Number,1009
Pregnancy test - Unscheduled,Kit Expiration Date,1009
Pregnancy test - Unscheduled,Kit Batch Number,1009
Pregnancy test - Unscheduled,Date of Sample,1009
Physical examination - Unscheduled,Was the physical examination performed?,1011
Physical examination - Unscheduled,Examination Date,1011
Physical examination - Unscheduled,Examination Time,1011
Physical examination - Unscheduled,Planned Timepoint,1011
Physical examination - Unscheduled,HEENT - Abnormal Findings,1012
Physical examination - Unscheduled,HEENT - Clinically Significant,1012
Physical examination - Unscheduled,Thorax - Abnormal Findings,1012
Physical examination - Unscheduled,Thorax - Clinically Significant,1012
Physical examination - Unscheduled,Abdomen - Abnormal Findings,1012
Physical examination - Unscheduled,Abdomen - Clinically Significant,1012
Physical examination - Unscheduled,Skin and Mucosae - Abnormal Findings,1012
Physical examination - Unscheduled,Skin and Mucosae - Clinically Significant,1012
Physical examination - Unscheduled,Clinically Significant,1012
Physical examination - Unscheduled,Region/Body System,1012
Physical examination - Unscheduled,Abnormal Findings,1012
Physical examination - Unscheduled,Neurological - Abnormal Findings,1013
Physical examination - Unscheduled,Neurological - Clinically Significant,1013
Physical examination - Unscheduled,Extremities - Abnormal Findings,1013
Physical examination - Unscheduled,Extremities - Clinically Significant,1013
Physical examination - Unscheduled,Urogenital - Abnormal Findings,1013
Physical examination - Unscheduled,Urogenital - Clinically Significant,1013
Physical examination - Unscheduled,Clinically Significant,1013
Physical examination - Unscheduled,Region/Body System,1013
Physical examination - Unscheduled,Normal,1014
Physical examination - Unscheduled,Abnormal Findings,1014
Physical examination - Unscheduled,Clinically Significant,1014
Urine drug screen - Unscheduled,Was Urine Drug Screen Performed?,1015
Urine drug screen - Unscheduled,If not done reason,1015
Urine drug screen - Unscheduled,Item #,1015
Urine drug screen - Unscheduled,Expiration Date,1015
Urine drug screen - Unscheduled,Date of Sample,1015
Reconsent - Unscheduled,Consent Obtained?,1020
Reconsent - Unscheduled,Date of Consent,1020
Reconsent - Unscheduled,Subject given a copy of the fully executed ICF form(s),1021
Reconsent - Unscheduled,ICF was reviewed and verified and the original ICF has been filed in with subject's source documents,1021
Cotinine Screen - Unscheduled,Was Cotinine Screen Performed?,1022
Cotinine Screen - Unscheduled,If not done reason,1022
Cotinine Screen - Unscheduled,Item #,1022
Cotinine Screen - Unscheduled,Expiration Date,1022
Cotinine Screen - Unscheduled,Time of Sample,1023
FSH Blood Sample- Unscheduled,FSH Blood Sample - Status,1026
FSH Blood Sample- Unscheduled,FSH Blood Sample - Reason not done,1026
FSH Blood Sample- Unscheduled,FSH Blood Sample - Date of Collection,1026
FSH Blood Sample- Unscheduled,FSH Blood Sample - Time of Collection,1026
FSH Blood Sample- Unscheduled,FSH Blood Sample - Barcode Number,1026
FSH Blood Sample- Unscheduled,Reason not done,1026
FSH Blood Sample- Unscheduled,Date of Collection,1026
FSH Blood Sample- Unscheduled,Time of Collection,1026
FSH Blood Sample- Unscheduled,Barcode Number,1026
Clinical Laboratory Assessments - Unscheduled,Hematology - Status,1028
Clinical Laboratory Assessments - Unscheduled,Hematology - Reason not done,1028
Clinical Laboratory Assessments - Unscheduled,Hematology - Date of Collection,1028
Clinical Laboratory Assessments - Unscheduled,Hematology - Time of Collection,1028
Clinical Laboratory Assessments - Unscheduled,Hematology - Barcode Number,1028
Clinical Laboratory Assessments - Unscheduled,Chemistry - Status,1028
Clinical Laboratory Assessments - Unscheduled,Chemistry - Reason not done,1028
Clinical Laboratory Assessments - Unscheduled,Chemistry - Date of Collection,1028
Clinical Laboratory Assessments - Unscheduled,Chemistry - Time of Collection,1028
Clinical Laboratory Assessments - Unscheduled,Chemistry - Barcode Number,1028
Clinical Laboratory Assessments - Unscheduled,Reason not done,1028
Clinical Laboratory Assessments - Unscheduled,Date of Collection,1028
Clinical Laboratory Assessments - Unscheduled,Time of Collection,1028
Clinical Laboratory Assessments - Unscheduled,Barcode Number,1028
Clinical Laboratory Assessments - Unscheduled,Status,1029
Clinical Laboratory Assessments - Unscheduled,Reason not done,1029
Clinical Laboratory Assessments - Unscheduled,Date of Collection,1029
Clinical Laboratory Assessments - Unscheduled,Time of Collection,1029
Clinical Laboratory Assessments - Unscheduled,Barcode Number,1029
Laboratory Results Review - Unscheduled,Laboratory collection date,1030
Laboratory Results Review - Unscheduled,Laboratory results review date,1030
Laboratory Results Review - Unscheduled,Has the investigator reviewed all laboratory results from this visit and assessed abnormal results clinical significance?,1030
Laboratory Results Review - Unscheduled,Were there any clinically significant abnormal results?,1030
Laboratory Results Review - Unscheduled,Were there any clinically significant abnormal chemistry results?,1030
Laboratory Results Review - Unscheduled,Urea nitrogen,1032
Laboratory Results Review - Unscheduled,Chemistry abnormal assay # 1 Investigator comment,1032
Laboratory Results Review - Unscheduled,Urea nitrogen,1033
Laboratory Results Review - Unscheduled,Chemistry abnormal assay # 2 Investigator comment,1033
Laboratory Results Review - Unscheduled,Urea nitrogen,1034
Laboratory Results Review - Unscheduled,Urea nitrogen,1036
Laboratory Results Review - Unscheduled,Chemistry abnormal assay # 4 Investigator comment,1036
Laboratory Results Review - Unscheduled,Urea nitrogen,1037
Laboratory Results Review - Unscheduled,Chemistry abnormal assay # 5 Investigator comment,1037
Laboratory Results Review - Unscheduled,Are there any additional clinically significant abnormal chemistry results to be entered?,1037
Laboratory Results Review - Unscheduled,Were there any clinically significant abnormal hematology results?,1038
Laboratory Results Review - Unscheduled,Glycated Hemoglobin,1038
Laboratory Results Review - Unscheduled,Hematology abnormal assay # 1 Investigator comment,1038
Laboratory Results Review - Unscheduled,Glycated Hemoglobin,1039
Laboratory Results Review - Unscheduled,Hematology abnormal assay # 2 Investigator comment,1039
Laboratory Results Review - Unscheduled,Hematology abnormal assay # 3 Investigator comment,1039
Laboratory Results Review - Unscheduled,Glycated Hemoglobin,1040
Laboratory Results Review - Unscheduled,Hematology abnormal assay # 4 Investigator comment,1040
Laboratory Results Review - Unscheduled,Glycated Hemoglobin,1041
Laboratory Results Review - Unscheduled,Hematology abnormal assay # 5 Investigator comment,1041
Laboratory Results Review - Unscheduled,Are there any additional clinically significant abnormal hematology results to be entered?,1041
Laboratory Results Review - Unscheduled,Were there any clinically significant abnormal urinalysis results?,1041
Laboratory Results Review - Unscheduled,Urinalysis abnormal assay # 1 Investigator comment,1042
Laboratory Results Review - Unscheduled,Urinalysis abnormal assay # 2 Investigator comment,1043
Laboratory Results Review - Unscheduled,Urinalysis clinically significant abnormal assay # 3,1043
Laboratory Results Review - Unscheduled,Urinalysis abnormal assay # 3 Investigator comment,1044
Laboratory Results Review - Unscheduled,Urinalysis abnormal assay # 4 Investigator comment,1044
Laboratory Results Review - Unscheduled,Urinalysis abnormal assay # 5 Investigator comment,1045
Laboratory Results Review - Unscheduled,Are there additional urinalysis clinically significant abnormal results to be entered?,1045
Laboratory Results Review - Unscheduled,Investigator`s signature for Local Laboratory Results Review,1046
CSSRS - Since Last Visit part 1 - Unscheduled,Was the questionnaire administered?,1049
CSSRS - Since Last Visit part 1 - Unscheduled,Date of completion,1049
CSSRS - Since Last Visit part 1 - Unscheduled,Rater's initials,1049
CSSRS - Since Last Visit part 1 - Unscheduled,1. Wish to be dead - Row 1,1050
CSSRS - Since Last Visit part 1 - Unscheduled,1. Wish to be dead - Since Last Visit,1050
CSSRS - Since Last Visit part 1 - Unscheduled,"Subject endorses thoughts about a wish to be dead or not alive anymore, or wish to fall asleep and not wake up. - Row 1",1050
CSSRS - Since Last Visit part 1 - Unscheduled,"Subject endorses thoughts about a wish to be dead or not alive anymore, or wish to fall asleep and not wake up. - Since Last Visit",1050
CSSRS - Since Last Visit part 1 - Unscheduled,Have you wished you were dead or wished you could go to sleep and not wake up? - Row 1,1050
CSSRS - Since Last Visit part 1 - Unscheduled,Have you wished you were dead or wished you could go to sleep and not wake up? - Since Last Visit,1050
CSSRS - Since Last Visit part 1 - Unscheduled,"If Yes, describe - Row 1",1050
CSSRS - Since Last Visit part 1 - Unscheduled,"If Yes, describe - Since Last Visit",1050
CSSRS - Since Last Visit part 1 - Unscheduled,2. Non-specific active suicidal thoughts - Row 1,1050
CSSRS - Since Last Visit part 1 - Unscheduled,2. Non-specific active suicidal thoughts - Since Last Visit,1050
CSSRS - Since Last Visit part 1 - Unscheduled,"General non-specific thoughts of wanting to end one's life/commit suicide (e.g. ""I've thought about killing myself"") - Row 1",1050
CSSRS - Since Last Visit part 1 - Unscheduled,"General non-specific thoughts of wanting to end one's life/commit suicide (e.g. ""I've thought about killing myself"") - Since Last Visit",1050
CSSRS - Since Last Visit part 1 - Unscheduled,"without thoughts of way to kill oneself/associated methods,intent or plan during the assessment period. - Row 1",1050
CSSRS - Since Last Visit part 1 - Unscheduled,"without thoughts of way to kill oneself/associated methods,intent or plan during the assessment period. - Since Last Visit",1050
CSSRS - Since Last Visit part 1 - Unscheduled,Have you actually had any thoughts of killing yourself? - Row 1,1050
CSSRS - Since Last Visit part 1 - Unscheduled,Have you actually had any thoughts of killing yourself? - Since Last Visit,1050
CSSRS - Since Last Visit part 1 - Unscheduled,"Subject endorses thoughts about a wish to be dead or not alive anymore, or wish to fall asleep and not wake up.",1050
CSSRS - Since Last Visit part 1 - Unscheduled,"If Yes, describe",1050
CSSRS - Since Last Visit part 1 - Unscheduled,"General non-specific thoughts of wanting to end one's life/commit suicide (e.g. ""I've thought about killing myself"")",1050
CSSRS - Since Last Visit part 1 - Unscheduled,"If Yes, describe - Since Last Visit",1051
CSSRS - Since Last Visit part 1 - Unscheduled,3. Active suicidal ideation with any methods (not plan) without intent to act - Since Last Visit,1051
CSSRS - Since Last Visit part 1 - Unscheduled,Subject endorses thoughts of suicide and has thought of at least one method during the assessment period. This is - Since Last Visit,1051
CSSRS - Since Last Visit part 1 - Unscheduled,"different than a specific plan with a time, place or method details worked out (e.g. thought of method to kill self but - Since Last Visit",1051
CSSRS - Since Last Visit part 1 - Unscheduled,"not a specific plan). Includes a person who would say: ""I thought about taking an overdose but i never made a specific - Since Last Visit",1051
CSSRS - Since Last Visit part 1 - Unscheduled,"plan as to when, where or how I would actually do it. . . and I would never go through with it"" - Since Last Visit",1051
CSSRS - Since Last Visit part 1 - Unscheduled,Have you been thinking about how you might do this? - Since Last Visit,1051
CSSRS - Since Last Visit part 1 - Unscheduled,"4. Active suicidal ideation with some intent to act, without specific plan - Since Last Visit",1051
CSSRS - Since Last Visit part 1 - Unscheduled,"If Yes, describe",1051
CSSRS - Since Last Visit part 1 - Unscheduled,Subject endorses thoughts of suicide and has thought of at least one method during the assessment period. This is,1051
CSSRS - Since Last Visit part 1 - Unscheduled,"Active suicidal thoughts of killing oneself and subject reports having some intent to act on such thoughts, as opposed - Since Last Visit",1052
CSSRS - Since Last Visit part 1 - Unscheduled,"to ""I have thoughts but I definitely will not do anything about them"" - Since Last Visit",1052
CSSRS - Since Last Visit part 1 - Unscheduled,Have you had these thoughts and had some intention of acting on them? - Since Last Visit,1052
CSSRS - Since Last Visit part 1 - Unscheduled,"If Yes, describe - Since Last Visit",1052
CSSRS - Since Last Visit part 1 - Unscheduled,5. Active suicidal ideation with specific plan and intent - Since Last Visit,1052
CSSRS - Since Last Visit part 1 - Unscheduled,Thoughts of killing oneself with detail of plan fully or partially worked out and subject has some intent to carry it out. - Since Last Visit,1052
CSSRS - Since Last Visit part 1 - Unscheduled,Have you started to work out or worked out the details of how to kill yourself? Do you intend to carry out this plan? - Since Last Visit,1052
CSSRS - Since Last Visit part 1 - Unscheduled,"If Yes, describe",1052
CSSRS - Since Last Visit part 1 - Unscheduled,Thoughts of killing oneself with detail of plan fully or partially worked out and subject has some intent to carry it out.,1052
CSSRS - Since Last Visit part 2 - Unscheduled,"The following features should be rated with respect to the most severe type of ideation (i.e. 1-5 from above, with 1 - Row 1",1054
CSSRS - Since Last Visit part 2 - Unscheduled,"The following features should be rated with respect to the most severe type of ideation (i.e. 1-5 from above, with 1 - Since Last Visit",1054
CSSRS - Since Last Visit part 2 - Unscheduled,being the least severe and 5 being the most severe). Ask about time he/she was feeling the most suicidal. - Row 1,1054
CSSRS - Since Last Visit part 2 - Unscheduled,being the least severe and 5 being the most severe). Ask about time he/she was feeling the most suicidal. - Since Last Visit,1054
CSSRS - Since Last Visit part 2 - Unscheduled,Most severe ideation - Row 1,1054
CSSRS - Since Last Visit part 2 - Unscheduled,Most severe ideation - Since Last Visit,1054
CSSRS - Since Last Visit part 2 - Unscheduled,Description of Ideation - Row 1,1054
CSSRS - Since Last Visit part 2 - Unscheduled,Description of Ideation - Since Last Visit,1054
CSSRS - Since Last Visit part 2 - Unscheduled,(5) Active suicidal ideation w/ specific plan and intent,1054
CSSRS - Since Last Visit part 2 - Unscheduled,Description of Ideation,1054
CSSRS - Since Last Visit part 2 - Unscheduled,Frequency - Since Last Visit,1055
CSSRS - Since Last Visit part 2 - Unscheduled,How many times have you had these thoughts? - Since Last Visit,1055
CSSRS - Since Last Visit part 2 - Unscheduled,Duration - Since Last Visit,1055
CSSRS - Since Last Visit part 2 - Unscheduled,"When you have the thoughts, how long do they last? - Since Last Visit",1055
CSSRS - Since Last Visit part 2 - Unscheduled,Controllability - Since Last Visit,1055
CSSRS - Since Last Visit part 2 - Unscheduled,How many times have you had these thoughts?,1055
CSSRS - Since Last Visit part 2 - Unscheduled,"When you have the thoughts, how long do they last?",1055
CSSRS - Since Last Visit part 2 - Unscheduled,Could/can you stop thinking about killing yourself or wanting to die if you want to? - Since Last Visit,1056
CSSRS - Since Last Visit part 2 - Unscheduled,Could/can you stop thinking about killing yourself or wanting to die if you want to? - (1) Easily able to control thoughts,1056
CSSRS - Since Last Visit part 2 - Unscheduled,Deterrents - Since Last Visit,1056
CSSRS - Since Last Visit part 2 - Unscheduled,Deterrents - (1) Easily able to control thoughts,1056
CSSRS - Since Last Visit part 2 - Unscheduled,Are there things - anyone or anything - that stopped you from wanting to die or acting on thoughts of committing - Since Last Visit,1056
CSSRS - Since Last Visit part 2 - Unscheduled,Are there things - anyone or anything - that stopped you from wanting to die or acting on thoughts of committing - (1) Easily able to control thoughts,1056
CSSRS - Since Last Visit part 2 - Unscheduled,suicide? - Since Last Visit,1056
CSSRS - Since Last Visit part 2 - Unscheduled,suicide? - (1) Easily able to control thoughts,1056
CSSRS - Since Last Visit part 2 - Unscheduled,(0) Does not attempt to control thoughts,1056
CSSRS - Since Last Visit part 2 - Unscheduled,(0) Does not apply,1056
CSSRS - Since Last Visit part 2 - Unscheduled,Reasons for Ideation - Since Last Visit,1057
CSSRS - Since Last Visit part 2 - Unscheduled,What sort of reasons did you have for thinking about wanting to die or killing yourself? Was it to end the pain or - Since Last Visit,1057
CSSRS - Since Last Visit part 2 - Unscheduled,stop the way you were feeling (in other words you couldn't go on living with this pain or how you were feeling) or - Since Last Visit,1057
CSSRS - Since Last Visit part 2 - Unscheduled,"was it to get attention, revenge or a reaction from others? or both? - Since Last Visit",1057
CSSRS - Since Last Visit part 2 - Unscheduled,(0) Does not apply,1057
CSSRS - Since Last Visit part 2 - Unscheduled,Since Last Visit,1058
CSSRS - Since Last Visit part 3 - Unscheduled,Actual attempt: - Row 1,1060
CSSRS - Since Last Visit part 3 - Unscheduled,Actual attempt: - Since Last Visit,1060
CSSRS - Since Last Visit part 3 - Unscheduled,"A potentially self-injurious act committed with at least some wish to die, as a result of act. Behaviour was in part thought of as method to - Row 1",1060
CSSRS - Since Last Visit part 3 - Unscheduled,"A potentially self-injurious act committed with at least some wish to die, as a result of act. Behaviour was in part thought of as method to - Since Last Visit",1060
CSSRS - Since Last Visit part 3 - Unscheduled,"kill oneself. Intent does not have to be 100%. If there is any intent/desire to die associated with the act, then it can be considered an actual - Row 1",1060
CSSRS - Since Last Visit part 3 - Unscheduled,"kill oneself. Intent does not have to be 100%. If there is any intent/desire to die associated with the act, then it can be considered an actual - Since Last Visit",1060
CSSRS - Since Last Visit part 3 - Unscheduled,"suicide attempt. There does not have to be any injury or harm, just the potential for injury or harm. If a person pulls the trigger while gun - Row 1",1060
CSSRS - Since Last Visit part 3 - Unscheduled,"suicide attempt. There does not have to be any injury or harm, just the potential for injury or harm. If a person pulls the trigger while gun - Since Last Visit",1060
CSSRS - Since Last Visit part 3 - Unscheduled,"is in mouth but gun is broken so no injury results, this is considered an attempt. - Row 1",1060
CSSRS - Since Last Visit part 3 - Unscheduled,"is in mouth but gun is broken so no injury results, this is considered an attempt. - Since Last Visit",1060
CSSRS - Since Last Visit part 3 - Unscheduled,"Inferring Intent: even if an individual denies intent/wish to die, it may be inferred clinically from the behaviour or circumstances. For - Row 1",1060
CSSRS - Since Last Visit part 3 - Unscheduled,"Inferring Intent: even if an individual denies intent/wish to die, it may be inferred clinically from the behaviour or circumstances. For - Since Last Visit",1060
CSSRS - Since Last Visit part 3 - Unscheduled,"example, a highly lethal act that is clearly not an accident so no other intent but suicide can be inferred (e.g. gunshot to the head, jumping - Row 1",1060
CSSRS - Since Last Visit part 3 - Unscheduled,"example, a highly lethal act that is clearly not an accident so no other intent but suicide can be inferred (e.g. gunshot to the head, jumping - Since Last Visit",1060
CSSRS - Since Last Visit part 3 - Unscheduled,"from window of a high floor/story). Also, if someone denies intent to die, but they thought that what they did could be lethal, intent may - Row 1",1060
CSSRS - Since Last Visit part 3 - Unscheduled,"from window of a high floor/story). Also, if someone denies intent to die, but they thought that what they did could be lethal, intent may - Since Last Visit",1060
CSSRS - Since Last Visit part 3 - Unscheduled,be inferred. - Row 1,1060
CSSRS - Since Last Visit part 3 - Unscheduled,be inferred. - Since Last Visit,1060
CSSRS - Since Last Visit part 3 - Unscheduled,Have you made a suicide attempt? - Row 1,1060
CSSRS - Since Last Visit part 3 - Unscheduled,Have you made a suicide attempt? - Since Last Visit,1060
CSSRS - Since Last Visit part 3 - Unscheduled,Have you done anything to harm yourself? - Row 1,1060
CSSRS - Since Last Visit part 3 - Unscheduled,Have you done anything to harm yourself? - Since Last Visit,1060
CSSRS - Since Last Visit part 3 - Unscheduled,Have you done anything dangerous where you could have died? - Row 1,1060
CSSRS - Since Last Visit part 3 - Unscheduled,Have you done anything dangerous where you could have died? - Since Last Visit,1060
CSSRS - Since Last Visit part 3 - Unscheduled,What did you do? - Row 1,1060
CSSRS - Since Last Visit part 3 - Unscheduled,What did you do? - Since Last Visit,1060
CSSRS - Since Last Visit part 3 - Unscheduled,Did you ______ as a way to end your life? - Row 1,1060
CSSRS - Since Last Visit part 3 - Unscheduled,Did you ______ as a way to end your life? - Since Last Visit,1060
CSSRS - Since Last Visit part 3 - Unscheduled,Did you want to die (even a little) when you ____? - Row 1,1060
CSSRS - Since Last Visit part 3 - Unscheduled,Did you want to die (even a little) when you ____? - Since Last Visit,1060
CSSRS - Since Last Visit part 3 - Unscheduled,Were trying to end your life when you ____? - Row 1,1060
CSSRS - Since Last Visit part 3 - Unscheduled,Were trying to end your life when you ____? - Since Last Visit,1060
CSSRS - Since Last Visit part 3 - Unscheduled,Or did you think it was possible you could have died from ____? - Row 1,1060
CSSRS - Since Last Visit part 3 - Unscheduled,Or did you think it was possible you could have died from ____? - Since Last Visit,1060
CSSRS - Since Last Visit part 3 - Unscheduled,Actual attempt:,1060
CSSRS - Since Last Visit part 3 - Unscheduled,"Or did you do it purely for other reasons/without ANY intention of killing yourself (like to relieve stress, feel better, get sympathy, or - Since Last Visit",1061
CSSRS - Since Last Visit part 3 - Unscheduled,get something else to happen? (Self-Injurious Behavior without suicidal intent) - Since Last Visit,1061
CSSRS - Since Last Visit part 3 - Unscheduled,"If Yes, Total number of attempts - Since Last Visit",1061
CSSRS - Since Last Visit part 3 - Unscheduled,"If Yes, describe - Since Last Visit",1061
CSSRS - Since Last Visit part 3 - Unscheduled,Has subject engaged in Non-Suicidal self-injurious behavior? - Since Last Visit,1061
CSSRS - Since Last Visit part 3 - Unscheduled,"If Yes, Total number of attempts",1061
CSSRS - Since Last Visit part 3 - Unscheduled,"If Yes, describe",1061
CSSRS - Since Last Visit part 3 - Unscheduled,Has subject engaged in Non-Suicidal self-injurious behavior?,1061
CSSRS - Since Last Visit part 3 - Unscheduled,Interrupted attempt: - Since Last Visit,1062
CSSRS - Since Last Visit part 3 - Unscheduled,"When the person is interrupted (by an outside circumstance) from starting the potentially self-injurious act (if not for that, actual attempt - Since Last Visit",1062
CSSRS - Since Last Visit part 3 - Unscheduled,would have occurred). - Since Last Visit,1062
CSSRS - Since Last Visit part 3 - Unscheduled,Has there been a time when you started to do something to end your life but someone or something stopped you before you actually did - Since Last Visit,1062
CSSRS - Since Last Visit part 3 - Unscheduled,anything? - Since Last Visit,1062
CSSRS - Since Last Visit part 3 - Unscheduled,"If Yes, Total number of interrupted attempts - Since Last Visit",1062
CSSRS - Since Last Visit part 3 - Unscheduled,"If Yes, describe - Since Last Visit",1062
CSSRS - Since Last Visit part 3 - Unscheduled,Interrupted attempt:,1062
CSSRS - Since Last Visit part 3 - Unscheduled,"If Yes, Total number of interrupted attempts",1062
CSSRS - Since Last Visit part 3 - Unscheduled,"If Yes, describe",1062
CSSRS - Since Last Visit part 3 - Unscheduled,Aborted attempt: - Row 8,1063
CSSRS - Since Last Visit part 3 - Unscheduled,Aborted attempt: - Since Last Visit,1063
CSSRS - Since Last Visit part 3 - Unscheduled,"When person begins to take steps toward making a suicide attempt, but stops themselves before they actually have engaged in any self - Row 8",1063
CSSRS - Since Last Visit part 3 - Unscheduled,"When person begins to take steps toward making a suicide attempt, but stops themselves before they actually have engaged in any self - Since Last Visit",1063
CSSRS - Since Last Visit part 3 - Unscheduled,"destructive behaviour. Examples are similar to interrupted attempts, except that the individual stops him/herself, instead of being stopped - Row 8",1063
CSSRS - Since Last Visit part 3 - Unscheduled,"destructive behaviour. Examples are similar to interrupted attempts, except that the individual stops him/herself, instead of being stopped - Since Last Visit",1063
CSSRS - Since Last Visit part 3 - Unscheduled,by something else. - Row 8,1063
CSSRS - Since Last Visit part 3 - Unscheduled,by something else. - Since Last Visit,1063
CSSRS - Since Last Visit part 3 - Unscheduled,Has there been a time when you started to do something to try to end your life but you stopped yourself before you actually did - Row 8,1063
CSSRS - Since Last Visit part 3 - Unscheduled,Has there been a time when you started to do something to try to end your life but you stopped yourself before you actually did - Since Last Visit,1063
CSSRS - Since Last Visit part 3 - Unscheduled,anything? - Row 8,1063
CSSRS - Since Last Visit part 3 - Unscheduled,anything? - Since Last Visit,1063
CSSRS - Since Last Visit part 3 - Unscheduled,"If Yes, Total number of aborted attempts - Row 8",1063
CSSRS - Since Last Visit part 3 - Unscheduled,"If Yes, Total number of aborted attempts - Since Last Visit",1063
CSSRS - Since Last Visit part 3 - Unscheduled,"If Yes, describe - Row 8",1063
CSSRS - Since Last Visit part 3 - Unscheduled,"If Yes, describe - Since Last Visit",1063
CSSRS - Since Last Visit part 3 - Unscheduled,Aborted attempt:,1063
CSSRS - Since Last Visit part 3 - Unscheduled,"If Yes, Total number of aborted attempts",1063
CSSRS - Since Last Visit part 3 - Unscheduled,"If Yes, describe",1063
CSSRS - Since Last Visit part 3 - Unscheduled,Preparatory acts or behavior: - Since Last Visit,1064
CSSRS - Since Last Visit part 3 - Unscheduled,Acts or preparation towards imminently making a suicide attempt. This can include anything beyond a verbalization or thought such as - Since Last Visit,1064
CSSRS - Since Last Visit part 3 - Unscheduled,"assembling a specific method (e.g., buying pills, purchasing a gun) or preparing for one's death by suicide (e.g., giving things away, - Since Last Visit",1064
CSSRS - Since Last Visit part 3 - Unscheduled,writing a suicide note) - Since Last Visit,1064
CSSRS - Since Last Visit part 3 - Unscheduled,"Have you taken any step towards making a suicide attempt or preparing to kill yourself (such as collecting pills, getting a gun, giving - Since Last Visit",1064
CSSRS - Since Last Visit part 3 - Unscheduled,valuables away or writing a suicide note?) - Since Last Visit,1064
CSSRS - Since Last Visit part 3 - Unscheduled,"If Yes, describe - Since Last Visit",1064
CSSRS - Since Last Visit part 3 - Unscheduled,Suicidal behavior: - Since Last Visit,1064
CSSRS - Since Last Visit part 3 - Unscheduled,Suicidal behavior was present during the assessment period? - Since Last Visit,1064
CSSRS - Since Last Visit part 3 - Unscheduled,Suicide: - Since Last Visit,1064
CSSRS - Since Last Visit part 3 - Unscheduled,Preparatory acts or behavior:,1064
CSSRS - Since Last Visit part 3 - Unscheduled,"If Yes, describe",1064
CSSRS - Since Last Visit part 3 - Unscheduled,Suicidal behavior:,1064
CSSRS - Since Last Visit part 3 - Unscheduled,Suicide:,1064
CSSRS - Since Last Visit part 3 - Unscheduled,Since Last Visit,1065
CSSRS - Since Last Visit part 4 - Unscheduled,Date of Attempt - Row 1,1067
CSSRS - Since Last Visit part 4 - Unscheduled,Date of Attempt - Most Lethal Attempt,1067
CSSRS - Since Last Visit part 4 - Unscheduled,Actual Lethality/Medical Damage: - Row 1,1067
CSSRS - Since Last Visit part 4 - Unscheduled,Actual Lethality/Medical Damage: - Most Lethal Attempt,1067
CSSRS - Since Last Visit part 4 - Unscheduled,\0.\ No physical damage or very minor physical damage (e.g. surface scratches) \1.\ Minor physical damage (e.g. - Row 1,1067
CSSRS - Since Last Visit part 4 - Unscheduled,\0.\ No physical damage or very minor physical damage (e.g. surface scratches) \1.\ Minor physical damage (e.g. - Most Lethal Attempt,1067
CSSRS - Since Last Visit part 4 - Unscheduled,"lethargic speech, first-degree burns, mild bleeding, sprains) \2.\ Moderate physical damage; medical attention needed - Row 1",1067
CSSRS - Since Last Visit part 4 - Unscheduled,"lethargic speech, first-degree burns, mild bleeding, sprains) \2.\ Moderate physical damage; medical attention needed - Most Lethal Attempt",1067
CSSRS - Since Last Visit part 4 - Unscheduled,"(e.g. conscious but sleepy; somewhat responsive, second-degree burns; bleeding of major vessel \3.\ Moderately - Row 1",1067
CSSRS - Since Last Visit part 4 - Unscheduled,"(e.g. conscious but sleepy; somewhat responsive, second-degree burns; bleeding of major vessel \3.\ Moderately - Most Lethal Attempt",1067
CSSRS - Since Last Visit part 4 - Unscheduled,severe physical damage; medical hospitalization and likely intensive care required (e.g. comatose with reflexes intact; - Row 1,1067
CSSRS - Since Last Visit part 4 - Unscheduled,severe physical damage; medical hospitalization and likely intensive care required (e.g. comatose with reflexes intact; - Most Lethal Attempt,1067
CSSRS - Since Last Visit part 4 - Unscheduled,"third-degree burns less than 20% of body; extensive blood loss but can recover, major fractures) \4.\ Severe physical - Row 1",1067
CSSRS - Since Last Visit part 4 - Unscheduled,"third-degree burns less than 20% of body; extensive blood loss but can recover, major fractures) \4.\ Severe physical - Most Lethal Attempt",1067
CSSRS - Since Last Visit part 4 - Unscheduled,damage; medical hospitalization with intensive care required (e.g. comatose without reflexes; third-degree burns over - Row 1,1067
CSSRS - Since Last Visit part 4 - Unscheduled,damage; medical hospitalization with intensive care required (e.g. comatose without reflexes; third-degree burns over - Most Lethal Attempt,1067
CSSRS - Since Last Visit part 4 - Unscheduled,20% of the body; extensive blood loss with unstable vital signs; major damage to a vital area \5.\ Death - Row 1,1067
CSSRS - Since Last Visit part 4 - Unscheduled,20% of the body; extensive blood loss with unstable vital signs; major damage to a vital area \5.\ Death - Most Lethal Attempt,1067
CSSRS - Since Last Visit part 4 - Unscheduled,Potential Lethality: Only answer if Actual Lethality=0 - Row 1,1067
CSSRS - Since Last Visit part 4 - Unscheduled,Potential Lethality: Only answer if Actual Lethality=0 - Most Lethal Attempt,1067
CSSRS - Since Last Visit part 4 - Unscheduled,"Likely lethality of actual attempt if no medical damage (the following examples, while having no actual medical - Row 1",1067
CSSRS - Since Last Visit part 4 - Unscheduled,"Likely lethality of actual attempt if no medical damage (the following examples, while having no actual medical - Most Lethal Attempt",1067
CSSRS - Since Last Visit part 4 - Unscheduled,"damage, has potential for very serious lethality; put gun in mouth and pulled the trigger but gun fails to fire so no - Row 1",1067
CSSRS - Since Last Visit part 4 - Unscheduled,"damage, has potential for very serious lethality; put gun in mouth and pulled the trigger but gun fails to fire so no - Most Lethal Attempt",1067
CSSRS - Since Last Visit part 4 - Unscheduled,medical damage; laying on train tracks with oncoming train but pulled away before run over). - Row 1,1067
CSSRS - Since Last Visit part 4 - Unscheduled,medical damage; laying on train tracks with oncoming train but pulled away before run over). - Most Lethal Attempt,1067
CSSRS - Since Last Visit part 4 - Unscheduled,Date of Attempt,1067
CSSRS - Since Last Visit part 4 - Unscheduled,Actual Lethality/Medical Damage:,1067
CSSRS - Since Last Visit part 4 - Unscheduled,"Likely lethality of actual attempt if no medical damage (the following examples, while having no actual medical",1067
CSSRS - Since Last Visit part 4 - Unscheduled,\0.\ Behavior not likely to result in injury \1.\ Behavior like to result in injury but not likely to cause death \2.\ - Most Lethal Attempt,1068
CSSRS - Since Last Visit part 4 - Unscheduled,Behavior likely to result in death despite available medical care - Most Lethal Attempt,1068
Pgx Blood draw - Unscheduled,Date of Collection,1069
Pgx Blood draw - Unscheduled,PGx - Row 1,1070
Pgx Blood draw - Unscheduled,PGx - Sample Status,1070
Pgx Blood draw - Unscheduled,PGx - Time of Collection,1070
Pgx Blood draw - Unscheduled,PGx - Barcode Number,1070
PK Blood draw - Unscheduled,Date of Collection,1071
PK Blood draw - Unscheduled,(values: Brexpiprazole/ - Sample Status,1072
PK Blood draw - Unscheduled,(values: Brexpiprazole/ - Time of,1072
PK Blood draw - Unscheduled,(values: Brexpiprazole/ - Collection,1072
PK Blood draw - Unscheduled,(values: Brexpiprazole/ - Barcode,1072
PK Blood draw - Unscheduled,(values: Brexpiprazole/ - Number,1072
PK Blood draw - Unscheduled,(values: Brexpiprazole/ - Backup,1072
PK Blood draw - Unscheduled,"Sertraline PK, Sertraline - Sample Status",1072
PK Blood draw - Unscheduled,"Sertraline PK, Sertraline - Time of",1072
PK Blood draw - Unscheduled,"Sertraline PK, Sertraline - Collection",1072
PK Blood draw - Unscheduled,"Sertraline PK, Sertraline - Barcode",1072
PK Blood draw - Unscheduled,"Sertraline PK, Sertraline - Number",1072
PK Blood draw - Unscheduled,"Sertraline PK, Sertraline - Backup",1072
PK Blood draw - Unscheduled,"PK, Propranolol PK, - Sample Status",1072
PK Blood draw - Unscheduled,"PK, Propranolol PK, - Time of",1072
PK Blood draw - Unscheduled,"PK, Propranolol PK, - Collection",1072
PK Blood draw - Unscheduled,"PK, Propranolol PK, - Barcode",1072
PK Blood draw - Unscheduled,"PK, Propranolol PK, - Number",1072
PK Blood draw - Unscheduled,"PK, Propranolol PK, - Backup",1072
PK Blood draw - Unscheduled,Prazosin PK)] - Sample Status,1072
PK Blood draw - Unscheduled,Prazosin PK)] - Time of,1072
PK Blood draw - Unscheduled,Prazosin PK)] - Collection,1072
PK Blood draw - Unscheduled,Prazosin PK)] - Barcode,1072
PK Blood draw - Unscheduled,Prazosin PK)] - Number,1072
PK Blood draw - Unscheduled,Prazosin PK)] - Backup,1072
PK Blood draw - Unscheduled,Propranolol PK,1072
FBR Blood draw - Unscheduled,Was FBR Blood Collection Performed?,1073
FBR Blood draw - Unscheduled,"If not performed, Reason:",1073
FBR Blood draw - Unscheduled,Date of Collection,1073
FBR Blood draw - Unscheduled,FBR Sample - Sample Status,1074
FBR Blood draw - Unscheduled,FBR Sample - Time of Collection,1074
FBR Blood draw - Unscheduled,FBR Sample - Barcode Number,1074
FBR Blood draw - Unscheduled,Sample Status,1074
FBR Blood draw - Unscheduled,Time of Collection,1074
FBR Blood draw - Unscheduled,Barcode Number,1074
Triplicate Orthostatic BP and HR - Unscheduled,Were Vital Signs Collected?,1075
Triplicate Orthostatic BP and HR - Unscheduled,"If not collected, reason:",1075
Triplicate Orthostatic BP and HR - Unscheduled,Collection Date,1075
Triplicate Orthostatic BP and HR - Unscheduled,Planned Timepoint,1075
Triplicate Orthostatic BP and HR - Unscheduled,Time Placed in Position,1076
Triplicate Orthostatic BP and HR - Unscheduled,Time of Vitals Measurement #1,1076
Triplicate Orthostatic BP and HR - Unscheduled,Time of Vitals Measurement #2,1076
Triplicate Orthostatic BP and HR - Unscheduled,Time of Vitals Measurement #3,1076
Triplicate Orthostatic BP and HR - Unscheduled,Time of Vitals Measurement #1,1077
Triplicate Orthostatic BP and HR - Unscheduled,Time of Vitals Measurement #2,1077
Triplicate Orthostatic BP and HR - Unscheduled,Time of Vitals Measurement #3,1077
Lost to Follow-up Details - Unscheduled,- date,1079
Lost to Follow-up Details - Unscheduled,Initial contact,1079
Lost to Follow-up Details - Unscheduled,Second,1079
Lost to Follow-up Details - Unscheduled,contact - date,1079
Lost to Follow-up Details - Unscheduled,Second contact,1079
Lost to Follow-up Details - Unscheduled,attempt,1079
Lost to Follow-up Details - Unscheduled,Third contact -,1079
Lost to Follow-up Details - Unscheduled,date,1079
Lost to Follow-up Details - Unscheduled,Third contact,1079
Lost to Follow-up Details - Unscheduled,Certified letter,1079
Lost to Follow-up Details - Unscheduled,sent - date,1079
Lost to Follow-up Details - Unscheduled,sent,1079
Lost to Follow-up Details - Unscheduled,confirmation,1079
Lost to Follow-up Details - Unscheduled,Initial contact attempt - date,1080
Lost to Follow-up Details - Unscheduled,Initial contact attempt notes (outcome):,1080
Lost to Follow-up Details - Unscheduled,Second contact attempt - date,1080
Lost to Follow-up Details - Unscheduled,Second contact attempt notes:,1080
Lost to Follow-up Details - Unscheduled,Third contact attempt - date,1080
Lost to Follow-up Details - Unscheduled,Third contact attempt notes:,1080
Lost to Follow-up Details - Unscheduled,Certified letter sent date:,1080
Lost to Follow-up Details - Unscheduled,Certified letter sent notes:,1080
Lost to Follow-up Details - Unscheduled,Certified letter confirmation return notes (including date):,1081
Glycated Hemoglobin - Unscheduled,Reason not done,1082
Glycated Hemoglobin - Unscheduled,Glycated Hemoglobin - Date of Collection,1083
Glycated Hemoglobin - Unscheduled,Glycated Hemoglobin - Time of Collection,1083
Glycated Hemoglobin - Unscheduled,Glycated Hemoglobin - Barcode Number,1083
Glycated Hemoglobin - Unscheduled,Date of Collection,1083
Glycated Hemoglobin - Unscheduled,Time of Collection,1083
Glycated Hemoglobin - Unscheduled,Barcode Number,1083
Alcohol Screen - Urine or Breath - Unscheduled,Was Test Performed?,1084
Alcohol Screen - Urine or Breath - Unscheduled,"If no, Reason Not Done",1084
Alcohol Screen - Urine or Breath - Unscheduled,Was a Repeat test performed?,1085
Alcohol Screen - Urine or Breath - Unscheduled,Time of Repeat Test,1085
Alcohol Screen - Urine or Breath - Unscheduled,Result of Repeat Test,1085
